timestamp, power.draw [W]
2025/02/16 21:27:13.781, 62.82 W
2025/02/16 21:27:13.793, 62.82 W
2025/02/16 21:27:13.803, 62.82 W
2025/02/16 21:27:13.813, 62.82 W
2025/02/16 21:27:13.823, 62.82 W
2025/02/16 21:27:13.833, 62.82 W
2025/02/16 21:27:13.843, 62.82 W
2025/02/16 21:27:13.853, 62.82 W
2025/02/16 21:27:13.863, 62.82 W
2025/02/16 21:27:13.873, 62.82 W
2025/02/16 21:27:13.883, 62.82 W
2025/02/16 21:27:13.894, 62.82 W
2025/02/16 21:27:13.904, 62.82 W
2025/02/16 21:27:13.914, 62.82 W
2025/02/16 21:27:13.924, 62.82 W
2025/02/16 21:27:13.934, 62.82 W
2025/02/16 21:27:13.944, 62.82 W
2025/02/16 21:27:13.954, 62.82 W
2025/02/16 21:27:13.964, 62.82 W
2025/02/16 21:27:13.974, 62.82 W
2025/02/16 21:27:13.984, 62.82 W
2025/02/16 21:27:13.994, 62.82 W
2025/02/16 21:27:14.004, 62.82 W
2025/02/16 21:27:14.014, 62.82 W
2025/02/16 21:27:14.024, 62.82 W
2025/02/16 21:27:14.035, 62.82 W
2025/02/16 21:27:14.045, 62.82 W
2025/02/16 21:27:14.055, 62.82 W
2025/02/16 21:27:14.065, 62.82 W
2025/02/16 21:27:14.075, 62.82 W
2025/02/16 21:27:14.085, 62.82 W
2025/02/16 21:27:14.095, 62.82 W
2025/02/16 21:27:14.105, 62.82 W
2025/02/16 21:27:14.115, 62.82 W
2025/02/16 21:27:14.125, 62.82 W
2025/02/16 21:27:14.135, 62.82 W
2025/02/16 21:27:14.145, 62.82 W
2025/02/16 21:27:14.155, 62.82 W
2025/02/16 21:27:14.166, 62.82 W
2025/02/16 21:27:14.176, 62.82 W
2025/02/16 21:27:14.186, 62.82 W
2025/02/16 21:27:14.196, 62.82 W
2025/02/16 21:27:14.206, 62.53 W
2025/02/16 21:27:14.216, 62.53 W
2025/02/16 21:27:14.226, 62.53 W
2025/02/16 21:27:14.236, 62.53 W
2025/02/16 21:27:14.246, 62.53 W
2025/02/16 21:27:14.256, 62.53 W
2025/02/16 21:27:14.266, 62.53 W
2025/02/16 21:27:14.276, 62.53 W
2025/02/16 21:27:14.286, 62.53 W
2025/02/16 21:27:14.297, 62.82 W
2025/02/16 21:27:14.307, 62.82 W
2025/02/16 21:27:14.317, 62.82 W
2025/02/16 21:27:14.327, 62.82 W
2025/02/16 21:27:14.337, 62.82 W
2025/02/16 21:27:14.347, 62.82 W
2025/02/16 21:27:14.357, 62.82 W
2025/02/16 21:27:14.367, 62.82 W
2025/02/16 21:27:14.377, 62.82 W
2025/02/16 21:27:14.387, 62.82 W
2025/02/16 21:27:14.397, 62.82 W
2025/02/16 21:27:14.407, 62.82 W
2025/02/16 21:27:14.418, 62.53 W
2025/02/16 21:27:14.428, 62.53 W
2025/02/16 21:27:14.438, 62.53 W
2025/02/16 21:27:14.448, 62.53 W
2025/02/16 21:27:14.458, 62.53 W
2025/02/16 21:27:14.468, 62.53 W
2025/02/16 21:27:14.478, 62.53 W
2025/02/16 21:27:14.488, 62.53 W
2025/02/16 21:27:14.498, 62.53 W
2025/02/16 21:27:14.508, 62.53 W
2025/02/16 21:27:14.518, 62.82 W
2025/02/16 21:27:14.528, 62.82 W
2025/02/16 21:27:14.539, 62.82 W
2025/02/16 21:27:14.549, 62.82 W
2025/02/16 21:27:14.559, 62.82 W
2025/02/16 21:27:14.569, 62.82 W
2025/02/16 21:27:14.579, 62.82 W
2025/02/16 21:27:14.589, 62.82 W
2025/02/16 21:27:14.599, 62.82 W
2025/02/16 21:27:14.609, 62.82 W
2025/02/16 21:27:14.619, 62.82 W
2025/02/16 21:27:14.629, 62.82 W
2025/02/16 21:27:14.639, 62.82 W
2025/02/16 21:27:14.649, 62.82 W
2025/02/16 21:27:14.660, 62.82 W
2025/02/16 21:27:14.670, 62.82 W
2025/02/16 21:27:14.680, 62.82 W
2025/02/16 21:27:14.690, 62.82 W
2025/02/16 21:27:14.700, 62.82 W
2025/02/16 21:27:14.710, 62.82 W
2025/02/16 21:27:14.720, 62.82 W
2025/02/16 21:27:14.730, 62.82 W
2025/02/16 21:27:14.740, 62.82 W
2025/02/16 21:27:14.750, 62.82 W
2025/02/16 21:27:14.760, 62.82 W
2025/02/16 21:27:14.770, 62.82 W
2025/02/16 21:27:14.780, 62.82 W
2025/02/16 21:27:14.791, 62.82 W
2025/02/16 21:27:14.801, 62.82 W
2025/02/16 21:27:14.811, 62.82 W
2025/02/16 21:27:14.821, 62.82 W
2025/02/16 21:27:14.831, 62.82 W
2025/02/16 21:27:14.841, 62.82 W
2025/02/16 21:27:14.851, 62.82 W
2025/02/16 21:27:14.861, 62.82 W
2025/02/16 21:27:14.871, 62.82 W
2025/02/16 21:27:14.881, 62.82 W
2025/02/16 21:27:14.891, 62.82 W
2025/02/16 21:27:14.901, 62.82 W
2025/02/16 21:27:14.912, 62.82 W
2025/02/16 21:27:14.922, 62.82 W
2025/02/16 21:27:14.932, 62.82 W
2025/02/16 21:27:14.942, 62.82 W
2025/02/16 21:27:14.952, 62.82 W
2025/02/16 21:27:14.962, 62.82 W
2025/02/16 21:27:14.972, 62.82 W
2025/02/16 21:27:14.982, 62.82 W
2025/02/16 21:27:14.992, 62.82 W
2025/02/16 21:27:15.002, 62.82 W
2025/02/16 21:27:15.012, 62.82 W
2025/02/16 21:27:15.022, 62.82 W
2025/02/16 21:27:15.033, 62.82 W
2025/02/16 21:27:15.043, 62.82 W
2025/02/16 21:27:15.053, 62.82 W
2025/02/16 21:27:15.063, 62.82 W
2025/02/16 21:27:15.073, 62.82 W
2025/02/16 21:27:15.083, 62.82 W
2025/02/16 21:27:15.093, 62.82 W
2025/02/16 21:27:15.103, 62.82 W
2025/02/16 21:27:15.113, 62.82 W
2025/02/16 21:27:15.123, 62.82 W
2025/02/16 21:27:15.133, 62.82 W
2025/02/16 21:27:15.143, 62.82 W
2025/02/16 21:27:15.154, 62.82 W
2025/02/16 21:27:15.164, 62.82 W
2025/02/16 21:27:15.174, 62.82 W
2025/02/16 21:27:15.184, 62.82 W
2025/02/16 21:27:15.194, 62.82 W
2025/02/16 21:27:15.204, 62.82 W
2025/02/16 21:27:15.214, 62.82 W
2025/02/16 21:27:15.224, 62.82 W
2025/02/16 21:27:15.234, 62.82 W
2025/02/16 21:27:15.244, 62.53 W
2025/02/16 21:27:15.254, 62.53 W
2025/02/16 21:27:15.264, 62.53 W
2025/02/16 21:27:15.275, 62.53 W
2025/02/16 21:27:15.285, 62.53 W
2025/02/16 21:27:15.295, 62.53 W
2025/02/16 21:27:15.305, 62.53 W
2025/02/16 21:27:15.315, 62.53 W
2025/02/16 21:27:15.325, 62.53 W
2025/02/16 21:27:15.335, 62.82 W
2025/02/16 21:27:15.345, 62.82 W
2025/02/16 21:27:15.355, 62.82 W
2025/02/16 21:27:15.365, 62.82 W
2025/02/16 21:27:15.375, 62.82 W
2025/02/16 21:27:15.385, 62.82 W
2025/02/16 21:27:15.396, 62.82 W
2025/02/16 21:27:15.406, 62.82 W
2025/02/16 21:27:15.416, 62.82 W
2025/02/16 21:27:15.426, 62.82 W
2025/02/16 21:27:15.436, 62.82 W
2025/02/16 21:27:15.446, 62.82 W
2025/02/16 21:27:15.456, 62.82 W
2025/02/16 21:27:15.466, 62.82 W
2025/02/16 21:27:15.476, 62.82 W
2025/02/16 21:27:15.486, 62.82 W
2025/02/16 21:27:15.496, 62.82 W
2025/02/16 21:27:15.506, 62.82 W
2025/02/16 21:27:15.517, 62.82 W
2025/02/16 21:27:15.527, 62.82 W
2025/02/16 21:27:15.537, 62.82 W
2025/02/16 21:27:15.547, 62.82 W
2025/02/16 21:27:15.557, 62.82 W
2025/02/16 21:27:15.567, 62.82 W
2025/02/16 21:27:15.577, 62.82 W
2025/02/16 21:27:15.587, 62.82 W
2025/02/16 21:27:15.597, 62.82 W
2025/02/16 21:27:15.607, 62.82 W
2025/02/16 21:27:15.617, 62.82 W
2025/02/16 21:27:15.627, 62.82 W
2025/02/16 21:27:15.638, 62.82 W
2025/02/16 21:27:15.648, 62.82 W
2025/02/16 21:27:15.658, 62.82 W
2025/02/16 21:27:15.668, 62.82 W
2025/02/16 21:27:15.678, 62.82 W
2025/02/16 21:27:15.688, 62.82 W
2025/02/16 21:27:15.698, 62.82 W
2025/02/16 21:27:15.708, 62.82 W
2025/02/16 21:27:15.718, 62.82 W
2025/02/16 21:27:15.728, 62.82 W
2025/02/16 21:27:15.738, 62.82 W
2025/02/16 21:27:15.748, 62.82 W
2025/02/16 21:27:15.759, 62.82 W
2025/02/16 21:27:15.769, 62.82 W
2025/02/16 21:27:15.779, 62.82 W
2025/02/16 21:27:15.789, 62.82 W
2025/02/16 21:27:15.799, 62.82 W
2025/02/16 21:27:15.809, 62.82 W
2025/02/16 21:27:15.819, 62.82 W
2025/02/16 21:27:15.829, 62.82 W
2025/02/16 21:27:15.839, 62.82 W
2025/02/16 21:27:15.849, 62.82 W
2025/02/16 21:27:15.859, 62.82 W
2025/02/16 21:27:15.869, 62.82 W
2025/02/16 21:27:15.880, 62.82 W
2025/02/16 21:27:15.890, 62.82 W
2025/02/16 21:27:15.900, 62.82 W
2025/02/16 21:27:15.910, 62.82 W
2025/02/16 21:27:15.920, 62.82 W
2025/02/16 21:27:15.930, 62.82 W
2025/02/16 21:27:15.940, 62.82 W
2025/02/16 21:27:15.950, 62.82 W
2025/02/16 21:27:15.960, 62.82 W
2025/02/16 21:27:15.970, 62.82 W
2025/02/16 21:27:15.980, 62.82 W
2025/02/16 21:27:15.990, 62.82 W
2025/02/16 21:27:16.000, 62.82 W
2025/02/16 21:27:16.011, 62.82 W
2025/02/16 21:27:16.021, 62.82 W
2025/02/16 21:27:16.031, 62.82 W
2025/02/16 21:27:16.041, 62.82 W
2025/02/16 21:27:16.051, 62.82 W
2025/02/16 21:27:16.061, 62.82 W
2025/02/16 21:27:16.071, 62.82 W
2025/02/16 21:27:16.081, 62.82 W
2025/02/16 21:27:16.091, 62.82 W
2025/02/16 21:27:16.101, 62.82 W
2025/02/16 21:27:16.111, 62.82 W
2025/02/16 21:27:16.121, 62.82 W
2025/02/16 21:27:16.132, 62.82 W
2025/02/16 21:27:16.142, 62.82 W
2025/02/16 21:27:16.152, 62.82 W
2025/02/16 21:27:16.162, 62.82 W
2025/02/16 21:27:16.172, 62.82 W
2025/02/16 21:27:16.182, 62.82 W
2025/02/16 21:27:16.192, 62.82 W
2025/02/16 21:27:16.202, 62.82 W
2025/02/16 21:27:16.212, 62.82 W
2025/02/16 21:27:16.222, 62.82 W
2025/02/16 21:27:16.232, 62.82 W
2025/02/16 21:27:16.242, 62.82 W
2025/02/16 21:27:16.252, 62.82 W
2025/02/16 21:27:16.263, 62.82 W
2025/02/16 21:27:16.273, 62.82 W
2025/02/16 21:27:16.283, 62.82 W
2025/02/16 21:27:16.293, 62.82 W
2025/02/16 21:27:16.303, 62.82 W
2025/02/16 21:27:16.313, 62.82 W
2025/02/16 21:27:16.323, 62.82 W
2025/02/16 21:27:16.333, 62.82 W
2025/02/16 21:27:16.343, 62.82 W
2025/02/16 21:27:16.353, 62.82 W
2025/02/16 21:27:16.363, 62.82 W
2025/02/16 21:27:16.373, 62.82 W
2025/02/16 21:27:16.384, 62.82 W
2025/02/16 21:27:16.394, 62.82 W
2025/02/16 21:27:16.404, 62.82 W
2025/02/16 21:27:16.414, 62.82 W
2025/02/16 21:27:16.424, 62.82 W
2025/02/16 21:27:16.434, 62.82 W
2025/02/16 21:27:16.444, 62.82 W
2025/02/16 21:27:16.454, 62.82 W
2025/02/16 21:27:16.464, 62.82 W
2025/02/16 21:27:16.474, 62.82 W
2025/02/16 21:27:16.484, 62.82 W
2025/02/16 21:27:16.494, 62.82 W
2025/02/16 21:27:16.505, 62.82 W
2025/02/16 21:27:16.515, 62.82 W
2025/02/16 21:27:16.525, 62.82 W
2025/02/16 21:27:16.535, 62.82 W
2025/02/16 21:27:16.545, 62.82 W
2025/02/16 21:27:16.555, 62.82 W
2025/02/16 21:27:16.565, 62.82 W
2025/02/16 21:27:16.575, 62.82 W
2025/02/16 21:27:16.585, 62.82 W
2025/02/16 21:27:16.595, 62.82 W
2025/02/16 21:27:16.605, 62.82 W
2025/02/16 21:27:16.615, 62.82 W
2025/02/16 21:27:16.626, 62.82 W
2025/02/16 21:27:16.636, 62.82 W
2025/02/16 21:27:16.646, 62.82 W
2025/02/16 21:27:16.656, 62.82 W
2025/02/16 21:27:16.666, 62.82 W
2025/02/16 21:27:16.676, 62.82 W
2025/02/16 21:27:16.686, 62.82 W
2025/02/16 21:27:16.696, 62.82 W
2025/02/16 21:27:16.706, 62.82 W
2025/02/16 21:27:16.716, 62.82 W
2025/02/16 21:27:16.726, 62.82 W
2025/02/16 21:27:16.736, 62.82 W
2025/02/16 21:27:16.746, 62.82 W
2025/02/16 21:27:16.757, 62.82 W
2025/02/16 21:27:16.767, 62.82 W
2025/02/16 21:27:16.777, 62.82 W
2025/02/16 21:27:16.787, 62.82 W
2025/02/16 21:27:16.797, 62.82 W
2025/02/16 21:27:16.807, 62.82 W
2025/02/16 21:27:16.817, 62.82 W
2025/02/16 21:27:16.827, 62.82 W
2025/02/16 21:27:16.837, 62.82 W
2025/02/16 21:27:16.847, 62.82 W
2025/02/16 21:27:16.857, 62.82 W
2025/02/16 21:27:16.867, 62.82 W
2025/02/16 21:27:16.878, 62.82 W
2025/02/16 21:27:16.888, 62.82 W
2025/02/16 21:27:16.898, 62.82 W
2025/02/16 21:27:16.908, 62.82 W
2025/02/16 21:27:16.918, 62.82 W
2025/02/16 21:27:16.928, 62.82 W
2025/02/16 21:27:16.938, 62.82 W
2025/02/16 21:27:16.948, 62.82 W
2025/02/16 21:27:16.958, 62.82 W
2025/02/16 21:27:16.968, 62.82 W
2025/02/16 21:27:16.978, 62.82 W
2025/02/16 21:27:16.988, 62.82 W
2025/02/16 21:27:16.999, 62.82 W
2025/02/16 21:27:17.009, 62.82 W
2025/02/16 21:27:17.019, 62.82 W
2025/02/16 21:27:17.029, 62.82 W
2025/02/16 21:27:17.039, 62.82 W
2025/02/16 21:27:17.049, 62.82 W
2025/02/16 21:27:17.059, 62.82 W
2025/02/16 21:27:17.069, 62.82 W
2025/02/16 21:27:17.079, 62.82 W
2025/02/16 21:27:17.089, 62.82 W
2025/02/16 21:27:17.099, 62.82 W
2025/02/16 21:27:17.109, 62.82 W
2025/02/16 21:27:17.120, 62.82 W
2025/02/16 21:27:17.130, 62.82 W
2025/02/16 21:27:17.140, 62.82 W
2025/02/16 21:27:17.150, 62.82 W
2025/02/16 21:27:17.160, 62.82 W
2025/02/16 21:27:17.170, 62.82 W
2025/02/16 21:27:17.180, 62.82 W
2025/02/16 21:27:17.190, 62.82 W
2025/02/16 21:27:17.200, 62.82 W
2025/02/16 21:27:17.210, 62.82 W
2025/02/16 21:27:17.220, 62.82 W
2025/02/16 21:27:17.230, 62.82 W
2025/02/16 21:27:17.241, 62.82 W
2025/02/16 21:27:17.251, 62.82 W
2025/02/16 21:27:17.261, 62.82 W
2025/02/16 21:27:17.271, 62.82 W
2025/02/16 21:27:17.281, 62.82 W
2025/02/16 21:27:17.291, 62.82 W
2025/02/16 21:27:17.301, 62.82 W
2025/02/16 21:27:17.311, 62.82 W
2025/02/16 21:27:17.321, 62.53 W
2025/02/16 21:27:17.331, 62.53 W
2025/02/16 21:27:17.341, 62.53 W
2025/02/16 21:27:17.351, 62.53 W
2025/02/16 21:27:17.362, 62.53 W
2025/02/16 21:27:17.372, 62.53 W
2025/02/16 21:27:17.382, 62.53 W
2025/02/16 21:27:17.392, 62.53 W
2025/02/16 21:27:17.402, 62.53 W
2025/02/16 21:27:17.412, 62.82 W
2025/02/16 21:27:17.422, 62.82 W
2025/02/16 21:27:17.432, 62.82 W
2025/02/16 21:27:17.442, 62.82 W
2025/02/16 21:27:17.452, 62.82 W
2025/02/16 21:27:17.462, 62.82 W
2025/02/16 21:27:17.472, 62.82 W
2025/02/16 21:27:17.483, 62.82 W
2025/02/16 21:27:17.493, 62.82 W
2025/02/16 21:27:17.503, 62.82 W
2025/02/16 21:27:17.513, 62.82 W
2025/02/16 21:27:17.523, 62.82 W
2025/02/16 21:27:17.533, 62.82 W
2025/02/16 21:27:17.543, 62.82 W
2025/02/16 21:27:17.553, 62.82 W
2025/02/16 21:27:17.563, 62.82 W
2025/02/16 21:27:17.573, 62.82 W
2025/02/16 21:27:17.583, 62.82 W
2025/02/16 21:27:17.593, 62.82 W
2025/02/16 21:27:17.603, 62.82 W
2025/02/16 21:27:17.614, 62.60 W
2025/02/16 21:27:17.624, 62.60 W
2025/02/16 21:27:17.634, 62.60 W
2025/02/16 21:27:17.644, 62.60 W
2025/02/16 21:27:17.654, 62.60 W
2025/02/16 21:27:17.664, 62.60 W
2025/02/16 21:27:17.674, 62.60 W
2025/02/16 21:27:17.684, 62.60 W
2025/02/16 21:27:17.694, 62.60 W
2025/02/16 21:27:17.704, 62.60 W
2025/02/16 21:27:17.714, 62.60 W
2025/02/16 21:27:17.724, 62.60 W
2025/02/16 21:27:17.735, 62.60 W
2025/02/16 21:27:17.745, 62.82 W
2025/02/16 21:27:17.755, 62.82 W
2025/02/16 21:27:17.765, 62.82 W
2025/02/16 21:27:17.775, 62.82 W
2025/02/16 21:27:17.785, 62.82 W
2025/02/16 21:27:17.795, 62.82 W
2025/02/16 21:27:17.805, 62.82 W
2025/02/16 21:27:17.815, 62.82 W
2025/02/16 21:27:17.825, 62.82 W
2025/02/16 21:27:17.835, 62.82 W
2025/02/16 21:27:17.845, 62.82 W
2025/02/16 21:27:17.856, 62.82 W
2025/02/16 21:27:17.866, 62.82 W
2025/02/16 21:27:17.876, 62.82 W
2025/02/16 21:27:17.886, 62.82 W
2025/02/16 21:27:17.896, 62.82 W
2025/02/16 21:27:17.906, 62.82 W
2025/02/16 21:27:17.916, 62.82 W
2025/02/16 21:27:17.926, 62.82 W
2025/02/16 21:27:17.936, 62.82 W
2025/02/16 21:27:17.946, 62.53 W
2025/02/16 21:27:17.956, 62.53 W
2025/02/16 21:27:17.966, 62.53 W
2025/02/16 21:27:17.977, 62.53 W
2025/02/16 21:27:17.987, 62.53 W
2025/02/16 21:27:17.997, 62.53 W
2025/02/16 21:27:18.007, 62.53 W
2025/02/16 21:27:18.017, 62.53 W
2025/02/16 21:27:18.027, 62.53 W
2025/02/16 21:27:18.037, 62.53 W
2025/02/16 21:27:18.047, 62.53 W
2025/02/16 21:27:18.057, 62.53 W
2025/02/16 21:27:18.067, 62.53 W
2025/02/16 21:27:18.077, 62.53 W
2025/02/16 21:27:18.087, 62.53 W
2025/02/16 21:27:18.097, 62.53 W
2025/02/16 21:27:18.108, 62.53 W
2025/02/16 21:27:18.118, 62.53 W
2025/02/16 21:27:18.128, 62.53 W
2025/02/16 21:27:18.138, 62.53 W
2025/02/16 21:27:18.148, 62.53 W
2025/02/16 21:27:18.158, 62.82 W
2025/02/16 21:27:18.168, 62.82 W
2025/02/16 21:27:18.178, 62.82 W
2025/02/16 21:27:18.188, 62.82 W
2025/02/16 21:27:18.198, 62.82 W
2025/02/16 21:27:18.208, 62.82 W
2025/02/16 21:27:18.218, 62.82 W
2025/02/16 21:27:18.229, 62.82 W
2025/02/16 21:27:18.239, 62.82 W
2025/02/16 21:27:18.249, 62.82 W
2025/02/16 21:27:18.259, 62.82 W
2025/02/16 21:27:18.269, 62.82 W
2025/02/16 21:27:18.279, 62.82 W
2025/02/16 21:27:18.289, 62.82 W
2025/02/16 21:27:18.299, 62.82 W
2025/02/16 21:27:18.309, 62.82 W
2025/02/16 21:27:18.319, 62.82 W
2025/02/16 21:27:18.329, 62.82 W
2025/02/16 21:27:18.339, 62.82 W
2025/02/16 21:27:18.350, 62.82 W
2025/02/16 21:27:18.360, 62.82 W
2025/02/16 21:27:18.370, 62.82 W
2025/02/16 21:27:18.380, 62.82 W
2025/02/16 21:27:18.390, 62.82 W
2025/02/16 21:27:18.400, 62.82 W
2025/02/16 21:27:18.410, 62.82 W
2025/02/16 21:27:18.420, 62.82 W
2025/02/16 21:27:18.430, 62.82 W
2025/02/16 21:27:18.440, 62.82 W
2025/02/16 21:27:18.450, 62.82 W
2025/02/16 21:27:18.460, 62.82 W
2025/02/16 21:27:18.470, 62.82 W
2025/02/16 21:27:18.481, 62.82 W
2025/02/16 21:27:18.491, 62.82 W
2025/02/16 21:27:18.501, 62.82 W
2025/02/16 21:27:18.511, 62.82 W
2025/02/16 21:27:18.521, 62.82 W
2025/02/16 21:27:18.531, 62.82 W
2025/02/16 21:27:18.541, 62.82 W
2025/02/16 21:27:18.551, 62.60 W
2025/02/16 21:27:18.561, 62.60 W
2025/02/16 21:27:18.571, 62.60 W
2025/02/16 21:27:18.581, 62.60 W
2025/02/16 21:27:18.591, 62.60 W
2025/02/16 21:27:18.602, 62.60 W
2025/02/16 21:27:18.612, 62.60 W
2025/02/16 21:27:18.622, 62.60 W
2025/02/16 21:27:18.632, 62.60 W
2025/02/16 21:27:18.642, 62.60 W
2025/02/16 21:27:18.652, 62.82 W
2025/02/16 21:27:18.662, 62.82 W
2025/02/16 21:27:18.672, 62.82 W
2025/02/16 21:27:18.682, 62.82 W
2025/02/16 21:27:18.692, 62.82 W
2025/02/16 21:27:18.702, 62.82 W
2025/02/16 21:27:18.712, 62.82 W
2025/02/16 21:27:18.722, 62.82 W
2025/02/16 21:27:18.732, 62.82 W
2025/02/16 21:27:18.743, 62.82 W
2025/02/16 21:27:18.753, 62.82 W
2025/02/16 21:27:18.763, 62.82 W
2025/02/16 21:27:18.773, 62.82 W
2025/02/16 21:27:18.783, 62.82 W
2025/02/16 21:27:18.793, 62.82 W
2025/02/16 21:27:18.803, 62.82 W
2025/02/16 21:27:18.813, 62.82 W
2025/02/16 21:27:18.823, 62.82 W
2025/02/16 21:27:18.833, 62.82 W
2025/02/16 21:27:18.843, 62.82 W
2025/02/16 21:27:18.853, 62.82 W
2025/02/16 21:27:18.863, 62.53 W
2025/02/16 21:27:18.874, 62.53 W
2025/02/16 21:27:18.884, 62.53 W
2025/02/16 21:27:18.894, 62.53 W
2025/02/16 21:27:18.904, 62.53 W
2025/02/16 21:27:18.914, 62.53 W
2025/02/16 21:27:18.924, 62.53 W
2025/02/16 21:27:18.934, 62.53 W
2025/02/16 21:27:18.944, 62.53 W
2025/02/16 21:27:18.954, 62.53 W
2025/02/16 21:27:18.964, 62.53 W
2025/02/16 21:27:18.974, 62.53 W
2025/02/16 21:27:18.984, 62.82 W
2025/02/16 21:27:18.994, 62.82 W
2025/02/16 21:27:19.004, 62.82 W
2025/02/16 21:27:19.015, 62.82 W
2025/02/16 21:27:19.025, 62.82 W
2025/02/16 21:27:19.035, 62.82 W
2025/02/16 21:27:19.045, 62.82 W
2025/02/16 21:27:19.055, 62.82 W
2025/02/16 21:27:19.065, 62.82 W
2025/02/16 21:27:19.075, 62.53 W
2025/02/16 21:27:19.085, 62.53 W
2025/02/16 21:27:19.095, 62.53 W
2025/02/16 21:27:19.105, 62.53 W
2025/02/16 21:27:19.115, 62.53 W
2025/02/16 21:27:19.125, 62.53 W
2025/02/16 21:27:19.136, 62.53 W
2025/02/16 21:27:19.146, 62.53 W
2025/02/16 21:27:19.156, 62.53 W
2025/02/16 21:27:19.166, 62.53 W
2025/02/16 21:27:19.176, 62.53 W
2025/02/16 21:27:19.186, 62.53 W
2025/02/16 21:27:19.196, 62.82 W
2025/02/16 21:27:19.206, 62.82 W
2025/02/16 21:27:19.216, 62.82 W
2025/02/16 21:27:19.226, 62.82 W
2025/02/16 21:27:19.236, 62.82 W
2025/02/16 21:27:19.246, 62.82 W
2025/02/16 21:27:19.257, 62.82 W
2025/02/16 21:27:19.267, 62.82 W
2025/02/16 21:27:19.277, 62.53 W
2025/02/16 21:27:19.287, 62.53 W
2025/02/16 21:27:19.297, 62.53 W
2025/02/16 21:27:19.307, 62.53 W
2025/02/16 21:27:19.317, 62.53 W
2025/02/16 21:27:19.327, 62.53 W
2025/02/16 21:27:19.337, 62.53 W
2025/02/16 21:27:19.347, 62.53 W
2025/02/16 21:27:19.357, 62.53 W
2025/02/16 21:27:19.367, 62.53 W
2025/02/16 21:27:19.377, 62.53 W
2025/02/16 21:27:19.388, 62.53 W
2025/02/16 21:27:19.398, 62.53 W
2025/02/16 21:27:19.408, 62.82 W
2025/02/16 21:27:19.418, 62.82 W
2025/02/16 21:27:19.428, 62.82 W
2025/02/16 21:27:19.438, 62.82 W
2025/02/16 21:27:19.448, 62.82 W
2025/02/16 21:27:19.458, 62.82 W
2025/02/16 21:27:19.468, 62.82 W
2025/02/16 21:27:19.478, 62.82 W
2025/02/16 21:27:19.488, 62.82 W
2025/02/16 21:27:19.498, 62.82 W
2025/02/16 21:27:19.509, 62.82 W
2025/02/16 21:27:19.519, 62.82 W
2025/02/16 21:27:19.529, 62.82 W
2025/02/16 21:27:19.539, 62.82 W
2025/02/16 21:27:19.549, 62.82 W
2025/02/16 21:27:19.559, 62.82 W
2025/02/16 21:27:19.569, 62.82 W
2025/02/16 21:27:19.579, 62.82 W
2025/02/16 21:27:19.589, 62.82 W
2025/02/16 21:27:19.599, 62.60 W
2025/02/16 21:27:19.609, 62.60 W
2025/02/16 21:27:19.619, 62.60 W
2025/02/16 21:27:19.629, 62.60 W
2025/02/16 21:27:19.640, 62.60 W
2025/02/16 21:27:19.650, 62.60 W
2025/02/16 21:27:19.660, 62.60 W
2025/02/16 21:27:19.670, 62.60 W
2025/02/16 21:27:19.680, 62.60 W
2025/02/16 21:27:19.690, 62.60 W
2025/02/16 21:27:19.700, 62.53 W
2025/02/16 21:27:19.710, 62.53 W
2025/02/16 21:27:19.720, 62.53 W
2025/02/16 21:27:19.730, 62.53 W
2025/02/16 21:27:19.740, 62.53 W
2025/02/16 21:27:19.750, 62.53 W
2025/02/16 21:27:19.761, 62.53 W
2025/02/16 21:27:19.771, 62.53 W
2025/02/16 21:27:19.781, 62.53 W
2025/02/16 21:27:19.791, 62.53 W
2025/02/16 21:27:19.801, 63.35 W
2025/02/16 21:27:19.811, 63.35 W
2025/02/16 21:27:19.821, 63.35 W
2025/02/16 21:27:19.831, 63.35 W
2025/02/16 21:27:19.841, 63.35 W
2025/02/16 21:27:19.851, 63.35 W
2025/02/16 21:27:19.861, 63.35 W
2025/02/16 21:27:19.871, 63.35 W
2025/02/16 21:27:19.882, 63.35 W
2025/02/16 21:27:19.892, 63.35 W
2025/02/16 21:27:19.902, 63.35 W
2025/02/16 21:27:19.912, 63.06 W
2025/02/16 21:27:19.922, 63.06 W
2025/02/16 21:27:19.932, 63.06 W
2025/02/16 21:27:19.942, 63.06 W
2025/02/16 21:27:19.952, 63.06 W
2025/02/16 21:27:19.962, 63.06 W
2025/02/16 21:27:19.972, 63.06 W
2025/02/16 21:27:19.982, 63.06 W
2025/02/16 21:27:19.992, 63.06 W
2025/02/16 21:27:20.002, 63.06 W
2025/02/16 21:27:20.013, 63.06 W
2025/02/16 21:27:20.023, 63.06 W
2025/02/16 21:27:20.033, 63.06 W
2025/02/16 21:27:20.043, 63.06 W
2025/02/16 21:27:20.053, 63.06 W
2025/02/16 21:27:20.063, 63.06 W
2025/02/16 21:27:20.073, 63.06 W
2025/02/16 21:27:20.083, 63.06 W
2025/02/16 21:27:20.093, 63.06 W
2025/02/16 21:27:20.103, 63.06 W
2025/02/16 21:27:20.113, 63.06 W
2025/02/16 21:27:20.123, 76.82 W
2025/02/16 21:27:20.134, 76.82 W
2025/02/16 21:27:20.144, 76.82 W
2025/02/16 21:27:20.154, 76.82 W
2025/02/16 21:27:20.164, 76.82 W
2025/02/16 21:27:20.174, 76.82 W
2025/02/16 21:27:20.184, 76.82 W
2025/02/16 21:27:20.194, 76.82 W
2025/02/16 21:27:20.204, 76.82 W
2025/02/16 21:27:20.214, 76.82 W
2025/02/16 21:27:20.224, 76.82 W
2025/02/16 21:27:20.234, 74.93 W
2025/02/16 21:27:20.244, 74.93 W
2025/02/16 21:27:20.255, 74.93 W
2025/02/16 21:27:20.265, 74.93 W
2025/02/16 21:27:20.275, 74.93 W
2025/02/16 21:27:20.285, 74.93 W
2025/02/16 21:27:20.295, 74.93 W
2025/02/16 21:27:20.305, 74.93 W
2025/02/16 21:27:20.315, 74.93 W
2025/02/16 21:27:20.325, 74.93 W
2025/02/16 21:27:20.338, 74.93 W
2025/02/16 21:27:20.348, 74.93 W
2025/02/16 21:27:20.358, 74.93 W
2025/02/16 21:27:20.368, 74.93 W
2025/02/16 21:27:20.378, 74.93 W
2025/02/16 21:27:20.388, 74.93 W
2025/02/16 21:27:20.398, 74.93 W
2025/02/16 21:27:20.408, 74.93 W
2025/02/16 21:27:20.419, 74.93 W
2025/02/16 21:27:20.429, 75.22 W
2025/02/16 21:27:20.439, 75.22 W
2025/02/16 21:27:20.449, 75.22 W
2025/02/16 21:27:20.459, 75.22 W
2025/02/16 21:27:20.469, 75.22 W
2025/02/16 21:27:20.479, 75.22 W
2025/02/16 21:27:20.489, 75.22 W
2025/02/16 21:27:20.499, 75.22 W
2025/02/16 21:27:20.509, 75.22 W
2025/02/16 21:27:20.519, 75.22 W
2025/02/16 21:27:20.529, 75.02 W
2025/02/16 21:27:20.539, 75.02 W
2025/02/16 21:27:20.550, 75.02 W
2025/02/16 21:27:20.560, 75.02 W
2025/02/16 21:27:20.570, 75.02 W
2025/02/16 21:27:20.580, 75.02 W
2025/02/16 21:27:20.590, 75.02 W
2025/02/16 21:27:20.600, 75.02 W
2025/02/16 21:27:20.610, 75.02 W
2025/02/16 21:27:20.620, 75.02 W
2025/02/16 21:27:20.630, 75.02 W
2025/02/16 21:27:20.640, 74.93 W
2025/02/16 21:27:20.650, 74.93 W
2025/02/16 21:27:20.660, 74.93 W
2025/02/16 21:27:20.671, 74.93 W
2025/02/16 21:27:20.681, 74.93 W
2025/02/16 21:27:20.691, 74.93 W
2025/02/16 21:27:20.701, 74.93 W
2025/02/16 21:27:20.711, 74.93 W
2025/02/16 21:27:20.721, 74.93 W
2025/02/16 21:27:20.731, 74.84 W
2025/02/16 21:27:20.741, 74.84 W
2025/02/16 21:27:20.751, 74.84 W
2025/02/16 21:27:20.761, 74.84 W
2025/02/16 21:27:20.771, 74.84 W
2025/02/16 21:27:20.781, 74.84 W
2025/02/16 21:27:20.792, 74.84 W
2025/02/16 21:27:20.802, 74.84 W
2025/02/16 21:27:20.812, 74.84 W
2025/02/16 21:27:20.822, 74.84 W
2025/02/16 21:27:20.832, 74.84 W
2025/02/16 21:27:20.842, 74.84 W
2025/02/16 21:27:20.852, 74.93 W
2025/02/16 21:27:20.862, 74.93 W
2025/02/16 21:27:20.872, 74.93 W
2025/02/16 21:27:20.882, 74.93 W
2025/02/16 21:27:20.892, 74.93 W
2025/02/16 21:27:20.902, 74.93 W
2025/02/16 21:27:20.912, 74.93 W
2025/02/16 21:27:20.923, 74.93 W
2025/02/16 21:27:20.933, 74.93 W
2025/02/16 21:27:20.943, 74.93 W
2025/02/16 21:27:20.953, 74.93 W
2025/02/16 21:27:20.963, 74.93 W
2025/02/16 21:27:20.973, 74.93 W
2025/02/16 21:27:20.983, 74.93 W
2025/02/16 21:27:20.993, 74.93 W
2025/02/16 21:27:21.003, 74.93 W
2025/02/16 21:27:21.013, 74.93 W
2025/02/16 21:27:21.023, 74.93 W
2025/02/16 21:27:21.033, 74.93 W
2025/02/16 21:27:21.044, 74.93 W
2025/02/16 21:27:21.054, 74.93 W
2025/02/16 21:27:21.064, 74.93 W
2025/02/16 21:27:21.074, 74.93 W
2025/02/16 21:27:21.084, 74.93 W
2025/02/16 21:27:21.094, 74.93 W
2025/02/16 21:27:21.104, 74.93 W
2025/02/16 21:27:21.114, 74.93 W
2025/02/16 21:27:21.124, 74.93 W
2025/02/16 21:27:21.134, 74.93 W
2025/02/16 21:27:21.144, 74.93 W
2025/02/16 21:27:21.154, 74.93 W
2025/02/16 21:27:21.165, 74.93 W
2025/02/16 21:27:21.175, 74.93 W
2025/02/16 21:27:21.185, 74.93 W
2025/02/16 21:27:21.195, 74.93 W
2025/02/16 21:27:21.205, 74.93 W
2025/02/16 21:27:21.215, 74.93 W
2025/02/16 21:27:21.225, 74.93 W
2025/02/16 21:27:21.235, 74.93 W
2025/02/16 21:27:21.245, 74.93 W
2025/02/16 21:27:21.255, 74.93 W
2025/02/16 21:27:21.265, 74.93 W
2025/02/16 21:27:21.275, 74.93 W
2025/02/16 21:27:21.286, 74.93 W
2025/02/16 21:27:21.296, 74.93 W
2025/02/16 21:27:21.306, 74.93 W
2025/02/16 21:27:21.316, 74.93 W
2025/02/16 21:27:21.326, 74.93 W
2025/02/16 21:27:21.336, 74.93 W
2025/02/16 21:27:21.346, 74.93 W
2025/02/16 21:27:21.356, 74.93 W
2025/02/16 21:27:21.366, 74.93 W
2025/02/16 21:27:21.376, 74.93 W
2025/02/16 21:27:21.386, 74.93 W
2025/02/16 21:27:21.396, 74.93 W
2025/02/16 21:27:21.407, 74.93 W
2025/02/16 21:27:21.417, 74.93 W
2025/02/16 21:27:21.427, 74.93 W
2025/02/16 21:27:21.437, 74.93 W
2025/02/16 21:27:21.447, 75.51 W
2025/02/16 21:27:21.457, 75.51 W
2025/02/16 21:27:21.467, 75.51 W
2025/02/16 21:27:21.477, 75.51 W
2025/02/16 21:27:21.487, 75.51 W
2025/02/16 21:27:21.497, 75.51 W
2025/02/16 21:27:21.507, 75.51 W
2025/02/16 21:27:21.517, 75.51 W
2025/02/16 21:27:21.527, 75.51 W
2025/02/16 21:27:21.538, 75.51 W
2025/02/16 21:27:21.548, 74.93 W
2025/02/16 21:27:21.558, 74.93 W
2025/02/16 21:27:21.568, 74.93 W
2025/02/16 21:27:21.578, 74.93 W
2025/02/16 21:27:21.588, 74.93 W
2025/02/16 21:27:21.598, 74.93 W
2025/02/16 21:27:21.608, 74.93 W
2025/02/16 21:27:21.618, 74.93 W
2025/02/16 21:27:21.628, 74.93 W
2025/02/16 21:27:21.638, 74.93 W
2025/02/16 21:27:21.648, 74.93 W
2025/02/16 21:27:21.659, 74.93 W
2025/02/16 21:27:21.669, 74.93 W
2025/02/16 21:27:21.679, 74.93 W
2025/02/16 21:27:21.689, 74.93 W
2025/02/16 21:27:21.699, 74.93 W
2025/02/16 21:27:21.709, 74.93 W
2025/02/16 21:27:21.719, 74.93 W
2025/02/16 21:27:21.729, 74.93 W
2025/02/16 21:27:21.739, 74.93 W
2025/02/16 21:27:21.749, 74.93 W
2025/02/16 21:27:21.759, 74.93 W
2025/02/16 21:27:21.769, 74.93 W
2025/02/16 21:27:21.779, 74.93 W
2025/02/16 21:27:21.790, 74.93 W
2025/02/16 21:27:21.800, 74.93 W
2025/02/16 21:27:21.810, 74.93 W
2025/02/16 21:27:21.820, 74.93 W
2025/02/16 21:27:21.830, 74.93 W
2025/02/16 21:27:21.840, 74.93 W
2025/02/16 21:27:21.850, 74.93 W
2025/02/16 21:27:21.860, 74.93 W
2025/02/16 21:27:21.870, 74.93 W
2025/02/16 21:27:21.880, 74.93 W
2025/02/16 21:27:21.890, 74.93 W
2025/02/16 21:27:21.900, 74.93 W
2025/02/16 21:27:21.911, 74.93 W
2025/02/16 21:27:21.921, 74.93 W
2025/02/16 21:27:21.931, 74.93 W
2025/02/16 21:27:21.941, 74.93 W
2025/02/16 21:27:21.951, 75.22 W
2025/02/16 21:27:21.961, 75.22 W
2025/02/16 21:27:21.971, 75.22 W
2025/02/16 21:27:21.981, 75.22 W
2025/02/16 21:27:21.991, 75.22 W
2025/02/16 21:27:22.001, 75.22 W
2025/02/16 21:27:22.011, 75.22 W
2025/02/16 21:27:22.021, 75.22 W
2025/02/16 21:27:22.032, 75.22 W
2025/02/16 21:27:22.042, 75.22 W
2025/02/16 21:27:22.052, 75.22 W
2025/02/16 21:27:22.062, 75.22 W
2025/02/16 21:27:22.072, 75.22 W
2025/02/16 21:27:22.082, 75.22 W
2025/02/16 21:27:22.092, 75.22 W
2025/02/16 21:27:22.102, 75.22 W
2025/02/16 21:27:22.112, 75.22 W
2025/02/16 21:27:22.122, 75.22 W
2025/02/16 21:27:22.132, 75.22 W
2025/02/16 21:27:22.142, 75.22 W
2025/02/16 21:27:22.152, 75.22 W
2025/02/16 21:27:22.163, 75.22 W
2025/02/16 21:27:22.173, 75.22 W
2025/02/16 21:27:22.183, 75.22 W
2025/02/16 21:27:22.193, 75.22 W
2025/02/16 21:27:22.203, 75.22 W
2025/02/16 21:27:22.213, 75.22 W
2025/02/16 21:27:22.223, 75.22 W
2025/02/16 21:27:22.233, 75.22 W
2025/02/16 21:27:22.243, 75.22 W
2025/02/16 21:27:22.253, 75.22 W
2025/02/16 21:27:22.263, 75.22 W
2025/02/16 21:27:22.273, 75.22 W
2025/02/16 21:27:22.284, 75.31 W
2025/02/16 21:27:22.294, 75.31 W
2025/02/16 21:27:22.304, 75.31 W
2025/02/16 21:27:22.314, 75.31 W
2025/02/16 21:27:22.324, 75.31 W
2025/02/16 21:27:22.334, 75.31 W
2025/02/16 21:27:22.344, 75.31 W
2025/02/16 21:27:22.354, 75.31 W
2025/02/16 21:27:22.364, 75.22 W
2025/02/16 21:27:22.374, 75.22 W
2025/02/16 21:27:22.384, 75.22 W
2025/02/16 21:27:22.394, 75.22 W
2025/02/16 21:27:22.405, 75.22 W
2025/02/16 21:27:22.415, 75.22 W
2025/02/16 21:27:22.425, 75.22 W
2025/02/16 21:27:22.435, 75.22 W
2025/02/16 21:27:22.445, 75.22 W
2025/02/16 21:27:22.455, 75.22 W
2025/02/16 21:27:22.465, 75.22 W
2025/02/16 21:27:22.475, 75.22 W
2025/02/16 21:27:22.485, 75.22 W
2025/02/16 21:27:22.495, 75.22 W
2025/02/16 21:27:22.505, 75.22 W
2025/02/16 21:27:22.515, 75.22 W
2025/02/16 21:27:22.525, 75.22 W
2025/02/16 21:27:22.536, 75.22 W
2025/02/16 21:27:22.546, 75.22 W
2025/02/16 21:27:22.556, 75.22 W
2025/02/16 21:27:22.566, 75.76 W
2025/02/16 21:27:22.576, 75.76 W
2025/02/16 21:27:22.586, 75.76 W
2025/02/16 21:27:22.596, 75.76 W
2025/02/16 21:27:22.606, 75.76 W
2025/02/16 21:27:22.616, 75.76 W
2025/02/16 21:27:22.626, 75.76 W
2025/02/16 21:27:22.636, 75.76 W
2025/02/16 21:27:22.646, 75.76 W
2025/02/16 21:27:22.657, 75.76 W
2025/02/16 21:27:22.667, 75.76 W
2025/02/16 21:27:22.677, 75.76 W
2025/02/16 21:27:22.687, 75.76 W
2025/02/16 21:27:22.697, 75.76 W
2025/02/16 21:27:22.707, 75.76 W
2025/02/16 21:27:22.717, 75.76 W
2025/02/16 21:27:22.727, 75.76 W
2025/02/16 21:27:22.737, 75.76 W
2025/02/16 21:27:22.747, 75.76 W
2025/02/16 21:27:22.757, 75.76 W
2025/02/16 21:27:22.767, 75.51 W
2025/02/16 21:27:22.777, 75.51 W
2025/02/16 21:27:22.788, 75.51 W
2025/02/16 21:27:22.798, 75.51 W
2025/02/16 21:27:22.808, 75.51 W
2025/02/16 21:27:22.818, 75.51 W
2025/02/16 21:27:22.828, 75.51 W
2025/02/16 21:27:22.838, 75.51 W
2025/02/16 21:27:22.848, 75.51 W
2025/02/16 21:27:22.858, 75.51 W
2025/02/16 21:27:22.868, 75.51 W
2025/02/16 21:27:22.878, 75.51 W
2025/02/16 21:27:22.888, 75.51 W
2025/02/16 21:27:22.898, 75.51 W
2025/02/16 21:27:22.909, 75.51 W
2025/02/16 21:27:22.919, 75.51 W
2025/02/16 21:27:22.929, 75.51 W
2025/02/16 21:27:22.939, 75.51 W
2025/02/16 21:27:22.949, 75.51 W
2025/02/16 21:27:22.959, 75.51 W
2025/02/16 21:27:22.969, 75.51 W
2025/02/16 21:27:22.979, 75.76 W
2025/02/16 21:27:22.989, 75.76 W
2025/02/16 21:27:22.999, 75.76 W
2025/02/16 21:27:23.009, 75.76 W
2025/02/16 21:27:23.019, 75.76 W
2025/02/16 21:27:23.030, 75.76 W
2025/02/16 21:27:23.040, 75.76 W
2025/02/16 21:27:23.050, 75.76 W
2025/02/16 21:27:23.060, 75.76 W
2025/02/16 21:27:23.070, 75.76 W
2025/02/16 21:27:23.080, 75.76 W
2025/02/16 21:27:23.090, 75.76 W
2025/02/16 21:27:23.100, 75.51 W
2025/02/16 21:27:23.110, 75.51 W
2025/02/16 21:27:23.120, 75.51 W
2025/02/16 21:27:23.130, 75.51 W
2025/02/16 21:27:23.140, 75.51 W
2025/02/16 21:27:23.150, 75.51 W
2025/02/16 21:27:23.161, 75.51 W
2025/02/16 21:27:23.171, 75.51 W
2025/02/16 21:27:23.181, 75.76 W
2025/02/16 21:27:23.191, 75.76 W
2025/02/16 21:27:23.201, 75.76 W
2025/02/16 21:27:23.211, 75.76 W
2025/02/16 21:27:23.221, 75.76 W
2025/02/16 21:27:23.231, 75.76 W
2025/02/16 21:27:23.241, 75.76 W
2025/02/16 21:27:23.251, 75.76 W
2025/02/16 21:27:23.261, 75.76 W
2025/02/16 21:27:23.271, 75.76 W
2025/02/16 21:27:23.282, 75.76 W
2025/02/16 21:27:23.292, 75.76 W
2025/02/16 21:27:23.302, 75.51 W
2025/02/16 21:27:23.312, 75.51 W
2025/02/16 21:27:23.322, 75.51 W
2025/02/16 21:27:23.332, 75.51 W
2025/02/16 21:27:23.342, 75.51 W
2025/02/16 21:27:23.352, 75.51 W
2025/02/16 21:27:23.362, 75.51 W
2025/02/16 21:27:23.372, 75.51 W
2025/02/16 21:27:23.382, 75.51 W
2025/02/16 21:27:23.392, 75.42 W
2025/02/16 21:27:23.402, 75.42 W
2025/02/16 21:27:23.413, 75.42 W
2025/02/16 21:27:23.423, 75.42 W
2025/02/16 21:27:23.433, 75.42 W
2025/02/16 21:27:23.443, 75.42 W
2025/02/16 21:27:23.453, 75.42 W
2025/02/16 21:27:23.463, 75.42 W
2025/02/16 21:27:23.473, 75.42 W
2025/02/16 21:27:23.483, 75.42 W
2025/02/16 21:27:23.493, 75.42 W
2025/02/16 21:27:23.503, 75.42 W
2025/02/16 21:27:23.513, 75.93 W
2025/02/16 21:27:23.523, 75.93 W
2025/02/16 21:27:23.534, 75.93 W
2025/02/16 21:27:23.544, 75.93 W
2025/02/16 21:27:23.554, 75.93 W
2025/02/16 21:27:23.564, 75.93 W
2025/02/16 21:27:23.574, 75.93 W
2025/02/16 21:27:23.584, 75.93 W
2025/02/16 21:27:23.594, 75.39 W
2025/02/16 21:27:23.604, 75.39 W
2025/02/16 21:27:23.614, 75.39 W
2025/02/16 21:27:23.624, 75.39 W
2025/02/16 21:27:23.634, 75.39 W
2025/02/16 21:27:23.644, 75.39 W
2025/02/16 21:27:23.654, 75.39 W
2025/02/16 21:27:23.665, 75.39 W
2025/02/16 21:27:23.675, 75.39 W
2025/02/16 21:27:23.685, 75.39 W
2025/02/16 21:27:23.695, 75.39 W
2025/02/16 21:27:23.705, 75.39 W
2025/02/16 21:27:23.715, 75.93 W
2025/02/16 21:27:23.725, 75.93 W
2025/02/16 21:27:23.735, 75.93 W
2025/02/16 21:27:23.745, 75.93 W
2025/02/16 21:27:23.755, 75.93 W
2025/02/16 21:27:23.765, 75.93 W
2025/02/16 21:27:23.775, 75.93 W
2025/02/16 21:27:23.786, 75.93 W
2025/02/16 21:27:23.796, 75.39 W
2025/02/16 21:27:23.806, 75.39 W
2025/02/16 21:27:23.816, 75.39 W
2025/02/16 21:27:23.826, 75.39 W
2025/02/16 21:27:23.836, 75.39 W
2025/02/16 21:27:23.846, 75.39 W
2025/02/16 21:27:23.856, 75.39 W
2025/02/16 21:27:23.866, 75.39 W
2025/02/16 21:27:23.876, 75.39 W
2025/02/16 21:27:23.886, 75.39 W
2025/02/16 21:27:23.896, 75.39 W
2025/02/16 21:27:23.906, 75.39 W
2025/02/16 21:27:23.917, 75.68 W
2025/02/16 21:27:23.927, 75.68 W
2025/02/16 21:27:23.937, 75.68 W
2025/02/16 21:27:23.947, 75.68 W
2025/02/16 21:27:23.957, 75.68 W
2025/02/16 21:27:23.967, 75.68 W
2025/02/16 21:27:23.977, 75.68 W
2025/02/16 21:27:23.987, 75.68 W
2025/02/16 21:27:23.997, 75.68 W
2025/02/16 21:27:24.007, 75.68 W
2025/02/16 21:27:24.017, 75.68 W
2025/02/16 21:27:24.027, 75.68 W
2025/02/16 21:27:24.038, 75.68 W
2025/02/16 21:27:24.048, 75.68 W
2025/02/16 21:27:24.058, 75.68 W
2025/02/16 21:27:24.068, 75.68 W
2025/02/16 21:27:24.078, 75.68 W
2025/02/16 21:27:24.088, 75.68 W
2025/02/16 21:27:24.098, 75.68 W
2025/02/16 21:27:24.108, 75.68 W
2025/02/16 21:27:24.118, 75.68 W
2025/02/16 21:27:24.128, 75.68 W
2025/02/16 21:27:24.138, 75.68 W
2025/02/16 21:27:24.148, 75.68 W
2025/02/16 21:27:24.159, 75.68 W
2025/02/16 21:27:24.169, 75.68 W
2025/02/16 21:27:24.179, 75.68 W
2025/02/16 21:27:24.189, 75.68 W
2025/02/16 21:27:24.199, 75.68 W
2025/02/16 21:27:24.209, 75.93 W
2025/02/16 21:27:24.219, 75.93 W
2025/02/16 21:27:24.229, 75.93 W
2025/02/16 21:27:24.239, 75.93 W
2025/02/16 21:27:24.249, 75.93 W
2025/02/16 21:27:24.259, 75.93 W
2025/02/16 21:27:24.269, 75.93 W
2025/02/16 21:27:24.279, 75.93 W
2025/02/16 21:27:24.290, 75.93 W
2025/02/16 21:27:24.300, 75.93 W
2025/02/16 21:27:24.310, 75.93 W
2025/02/16 21:27:24.320, 75.93 W
2025/02/16 21:27:24.330, 75.68 W
2025/02/16 21:27:24.340, 75.68 W
2025/02/16 21:27:24.350, 75.68 W
2025/02/16 21:27:24.360, 75.68 W
2025/02/16 21:27:24.370, 75.68 W
2025/02/16 21:27:24.380, 75.68 W
2025/02/16 21:27:24.390, 75.68 W
2025/02/16 21:27:24.400, 75.68 W
2025/02/16 21:27:24.411, 75.68 W
2025/02/16 21:27:24.421, 75.68 W
2025/02/16 21:27:24.431, 75.68 W
2025/02/16 21:27:24.441, 75.68 W
2025/02/16 21:27:24.451, 75.68 W
2025/02/16 21:27:24.461, 75.68 W
2025/02/16 21:27:24.471, 75.68 W
2025/02/16 21:27:24.481, 75.68 W
2025/02/16 21:27:24.491, 75.68 W
2025/02/16 21:27:24.501, 75.68 W
2025/02/16 21:27:24.511, 75.93 W
2025/02/16 21:27:24.521, 75.93 W
2025/02/16 21:27:24.532, 75.93 W
2025/02/16 21:27:24.542, 75.93 W
2025/02/16 21:27:24.552, 75.93 W
2025/02/16 21:27:24.562, 75.93 W
2025/02/16 21:27:24.572, 75.93 W
2025/02/16 21:27:24.582, 75.93 W
2025/02/16 21:27:24.592, 75.93 W
2025/02/16 21:27:24.602, 75.93 W
2025/02/16 21:27:24.612, 75.93 W
2025/02/16 21:27:24.622, 75.68 W
2025/02/16 21:27:24.632, 75.68 W
2025/02/16 21:27:24.642, 75.68 W
2025/02/16 21:27:24.652, 75.68 W
2025/02/16 21:27:24.663, 75.68 W
2025/02/16 21:27:24.673, 75.68 W
2025/02/16 21:27:24.683, 75.68 W
2025/02/16 21:27:24.693, 75.68 W
2025/02/16 21:27:24.703, 75.68 W
2025/02/16 21:27:24.713, 75.68 W
2025/02/16 21:27:24.723, 75.68 W
2025/02/16 21:27:24.733, 75.68 W
2025/02/16 21:27:24.743, 75.93 W
2025/02/16 21:27:24.753, 75.93 W
2025/02/16 21:27:24.763, 75.93 W
2025/02/16 21:27:24.773, 75.93 W
2025/02/16 21:27:24.784, 75.93 W
2025/02/16 21:27:24.794, 75.93 W
2025/02/16 21:27:24.804, 75.93 W
2025/02/16 21:27:24.814, 75.93 W
2025/02/16 21:27:24.824, 75.68 W
2025/02/16 21:27:24.834, 75.68 W
2025/02/16 21:27:24.844, 75.68 W
2025/02/16 21:27:24.854, 75.68 W
2025/02/16 21:27:24.864, 75.68 W
2025/02/16 21:27:24.874, 75.68 W
2025/02/16 21:27:24.884, 75.68 W
2025/02/16 21:27:24.894, 75.68 W
2025/02/16 21:27:24.905, 75.68 W
2025/02/16 21:27:24.915, 75.68 W
2025/02/16 21:27:24.925, 75.68 W
2025/02/16 21:27:24.935, 75.68 W
2025/02/16 21:27:24.945, 75.68 W
2025/02/16 21:27:24.955, 75.68 W
2025/02/16 21:27:24.965, 75.68 W
2025/02/16 21:27:24.975, 75.68 W
2025/02/16 21:27:24.985, 75.68 W
2025/02/16 21:27:24.995, 75.68 W
2025/02/16 21:27:25.005, 75.68 W
2025/02/16 21:27:25.015, 75.68 W
2025/02/16 21:27:25.025, 75.68 W
2025/02/16 21:27:25.036, 75.68 W
2025/02/16 21:27:25.046, 75.68 W
2025/02/16 21:27:25.056, 75.68 W
2025/02/16 21:27:25.066, 75.68 W
2025/02/16 21:27:25.076, 75.68 W
2025/02/16 21:27:25.086, 75.68 W
2025/02/16 21:27:25.096, 75.68 W
2025/02/16 21:27:25.106, 75.68 W
2025/02/16 21:27:25.116, 75.68 W
2025/02/16 21:27:25.126, 75.68 W
2025/02/16 21:27:25.136, 75.68 W
2025/02/16 21:27:25.146, 75.68 W
2025/02/16 21:27:25.157, 75.68 W
2025/02/16 21:27:25.167, 75.68 W
2025/02/16 21:27:25.177, 75.68 W
2025/02/16 21:27:25.187, 75.68 W
2025/02/16 21:27:25.197, 75.68 W
2025/02/16 21:27:25.207, 75.68 W
2025/02/16 21:27:25.217, 75.68 W
2025/02/16 21:27:25.227, 75.68 W
2025/02/16 21:27:25.237, 75.68 W
2025/02/16 21:27:25.247, 75.68 W
2025/02/16 21:27:25.257, 75.68 W
2025/02/16 21:27:25.267, 75.68 W
2025/02/16 21:27:25.277, 75.68 W
2025/02/16 21:27:25.288, 75.68 W
2025/02/16 21:27:25.298, 75.68 W
2025/02/16 21:27:25.308, 75.68 W
2025/02/16 21:27:25.318, 75.68 W
2025/02/16 21:27:25.328, 75.68 W
2025/02/16 21:27:25.338, 75.68 W
2025/02/16 21:27:25.348, 75.68 W
2025/02/16 21:27:25.358, 75.93 W
2025/02/16 21:27:25.368, 75.93 W
2025/02/16 21:27:25.378, 75.93 W
2025/02/16 21:27:25.388, 75.93 W
2025/02/16 21:27:25.398, 75.93 W
2025/02/16 21:27:25.409, 75.93 W
2025/02/16 21:27:25.419, 75.93 W
2025/02/16 21:27:25.429, 75.93 W
2025/02/16 21:27:25.439, 75.93 W
2025/02/16 21:27:25.449, 75.93 W
2025/02/16 21:27:25.459, 75.68 W
2025/02/16 21:27:25.469, 75.68 W
2025/02/16 21:27:25.479, 75.68 W
2025/02/16 21:27:25.489, 75.68 W
2025/02/16 21:27:25.499, 75.68 W
2025/02/16 21:27:25.509, 75.68 W
2025/02/16 21:27:25.519, 75.68 W
2025/02/16 21:27:25.529, 75.68 W
2025/02/16 21:27:25.540, 75.68 W
2025/02/16 21:27:25.550, 75.68 W
2025/02/16 21:27:25.560, 75.68 W
2025/02/16 21:27:25.570, 75.68 W
2025/02/16 21:27:25.580, 75.68 W
2025/02/16 21:27:25.590, 75.68 W
2025/02/16 21:27:25.600, 75.68 W
2025/02/16 21:27:25.610, 75.68 W
2025/02/16 21:27:25.620, 75.68 W
2025/02/16 21:27:25.630, 75.68 W
2025/02/16 21:27:25.640, 75.93 W
2025/02/16 21:27:25.650, 75.93 W
2025/02/16 21:27:25.661, 75.93 W
2025/02/16 21:27:25.671, 75.93 W
2025/02/16 21:27:25.681, 75.93 W
2025/02/16 21:27:25.691, 75.93 W
2025/02/16 21:27:25.701, 75.93 W
2025/02/16 21:27:25.711, 75.93 W
2025/02/16 21:27:25.721, 75.93 W
2025/02/16 21:27:25.731, 75.93 W
2025/02/16 21:27:25.741, 75.93 W
2025/02/16 21:27:25.751, 75.93 W
2025/02/16 21:27:25.761, 75.68 W
2025/02/16 21:27:25.771, 75.68 W
2025/02/16 21:27:25.782, 75.68 W
2025/02/16 21:27:25.792, 75.68 W
2025/02/16 21:27:25.802, 75.68 W
2025/02/16 21:27:25.812, 75.68 W
2025/02/16 21:27:25.822, 75.68 W
2025/02/16 21:27:25.832, 75.68 W
2025/02/16 21:27:25.842, 75.68 W
2025/02/16 21:27:25.852, 75.68 W
2025/02/16 21:27:25.862, 75.68 W
2025/02/16 21:27:25.872, 75.68 W
2025/02/16 21:27:25.882, 75.68 W
2025/02/16 21:27:25.892, 75.68 W
2025/02/16 21:27:25.902, 75.68 W
2025/02/16 21:27:25.913, 75.68 W
2025/02/16 21:27:25.923, 75.68 W
2025/02/16 21:27:25.933, 75.68 W
2025/02/16 21:27:25.943, 75.68 W
2025/02/16 21:27:25.953, 75.68 W
2025/02/16 21:27:25.963, 75.68 W
2025/02/16 21:27:25.973, 75.68 W
2025/02/16 21:27:25.983, 75.68 W
2025/02/16 21:27:25.993, 75.68 W
2025/02/16 21:27:26.003, 75.68 W
2025/02/16 21:27:26.013, 75.68 W
2025/02/16 21:27:26.023, 75.68 W
2025/02/16 21:27:26.034, 75.68 W
2025/02/16 21:27:26.044, 75.68 W
2025/02/16 21:27:26.054, 75.93 W
2025/02/16 21:27:26.064, 75.93 W
2025/02/16 21:27:26.074, 75.93 W
2025/02/16 21:27:26.084, 75.93 W
2025/02/16 21:27:26.094, 75.93 W
2025/02/16 21:27:26.104, 75.93 W
2025/02/16 21:27:26.114, 75.93 W
2025/02/16 21:27:26.124, 75.93 W
2025/02/16 21:27:26.134, 75.93 W
2025/02/16 21:27:26.144, 75.93 W
2025/02/16 21:27:26.155, 75.93 W
2025/02/16 21:27:26.165, 75.93 W
2025/02/16 21:27:26.175, 75.68 W
2025/02/16 21:27:26.185, 75.68 W
2025/02/16 21:27:26.195, 75.68 W
2025/02/16 21:27:26.205, 75.68 W
2025/02/16 21:27:26.215, 75.68 W
2025/02/16 21:27:26.225, 75.68 W
2025/02/16 21:27:26.235, 75.68 W
2025/02/16 21:27:26.245, 75.68 W
2025/02/16 21:27:26.255, 75.68 W
2025/02/16 21:27:26.265, 75.68 W
2025/02/16 21:27:26.275, 75.68 W
2025/02/16 21:27:26.286, 75.68 W
2025/02/16 21:27:26.296, 75.68 W
2025/02/16 21:27:26.306, 75.68 W
2025/02/16 21:27:26.316, 75.68 W
2025/02/16 21:27:26.326, 75.68 W
2025/02/16 21:27:26.336, 75.68 W
2025/02/16 21:27:26.346, 75.68 W
2025/02/16 21:27:26.356, 75.68 W
2025/02/16 21:27:26.366, 75.68 W
2025/02/16 21:27:26.376, 75.68 W
2025/02/16 21:27:26.386, 75.68 W
2025/02/16 21:27:26.396, 75.68 W
2025/02/16 21:27:26.406, 75.68 W
2025/02/16 21:27:26.417, 75.68 W
2025/02/16 21:27:26.427, 75.68 W
2025/02/16 21:27:26.437, 75.68 W
2025/02/16 21:27:26.447, 75.68 W
2025/02/16 21:27:26.457, 75.68 W
2025/02/16 21:27:26.467, 75.68 W
2025/02/16 21:27:26.477, 75.68 W
2025/02/16 21:27:26.487, 75.93 W
2025/02/16 21:27:26.497, 75.93 W
2025/02/16 21:27:26.507, 75.93 W
2025/02/16 21:27:26.517, 75.93 W
2025/02/16 21:27:26.527, 75.93 W
2025/02/16 21:27:26.537, 75.93 W
2025/02/16 21:27:26.547, 75.93 W
2025/02/16 21:27:26.558, 75.93 W
2025/02/16 21:27:26.568, 75.93 W
2025/02/16 21:27:26.578, 75.93 W
2025/02/16 21:27:26.588, 75.93 W
2025/02/16 21:27:26.598, 75.93 W
2025/02/16 21:27:26.608, 75.93 W
2025/02/16 21:27:26.618, 75.93 W
2025/02/16 21:27:26.628, 75.93 W
2025/02/16 21:27:26.638, 75.93 W
2025/02/16 21:27:26.648, 75.93 W
2025/02/16 21:27:26.658, 75.93 W
2025/02/16 21:27:26.668, 75.68 W
2025/02/16 21:27:26.678, 75.68 W
2025/02/16 21:27:26.689, 75.68 W
2025/02/16 21:27:26.699, 75.68 W
2025/02/16 21:27:26.709, 75.68 W
2025/02/16 21:27:26.719, 75.68 W
2025/02/16 21:27:26.729, 75.68 W
2025/02/16 21:27:26.739, 75.68 W
2025/02/16 21:27:26.749, 75.68 W
2025/02/16 21:27:26.759, 75.68 W
2025/02/16 21:27:26.769, 75.68 W
2025/02/16 21:27:26.779, 75.68 W
2025/02/16 21:27:26.789, 75.76 W
2025/02/16 21:27:26.799, 75.76 W
2025/02/16 21:27:26.809, 75.76 W
2025/02/16 21:27:26.820, 75.76 W
2025/02/16 21:27:26.830, 75.76 W
2025/02/16 21:27:26.840, 75.76 W
2025/02/16 21:27:26.850, 75.76 W
2025/02/16 21:27:26.860, 75.76 W
2025/02/16 21:27:26.870, 75.84 W
2025/02/16 21:27:26.880, 75.84 W
2025/02/16 21:27:26.890, 75.84 W
2025/02/16 21:27:26.900, 75.84 W
2025/02/16 21:27:26.910, 75.84 W
2025/02/16 21:27:26.920, 75.84 W
2025/02/16 21:27:26.930, 75.84 W
2025/02/16 21:27:26.941, 75.84 W
2025/02/16 21:27:26.951, 75.84 W
2025/02/16 21:27:26.961, 75.84 W
2025/02/16 21:27:26.971, 75.84 W
2025/02/16 21:27:26.981, 75.84 W
2025/02/16 21:27:26.991, 75.76 W
2025/02/16 21:27:27.001, 75.76 W
2025/02/16 21:27:27.011, 75.76 W
2025/02/16 21:27:27.021, 75.76 W
2025/02/16 21:27:27.031, 75.76 W
2025/02/16 21:27:27.041, 75.76 W
2025/02/16 21:27:27.051, 75.76 W
2025/02/16 21:27:27.061, 75.76 W
2025/02/16 21:27:27.072, 75.76 W
2025/02/16 21:27:27.082, 75.51 W
2025/02/16 21:27:27.092, 75.51 W
2025/02/16 21:27:27.102, 75.51 W
2025/02/16 21:27:27.112, 75.51 W
2025/02/16 21:27:27.122, 75.51 W
2025/02/16 21:27:27.132, 75.51 W
2025/02/16 21:27:27.142, 75.51 W
2025/02/16 21:27:27.152, 75.51 W
2025/02/16 21:27:27.162, 75.51 W
2025/02/16 21:27:27.172, 75.51 W
2025/02/16 21:27:27.182, 75.51 W
2025/02/16 21:27:27.193, 75.51 W
2025/02/16 21:27:27.203, 75.76 W
2025/02/16 21:27:27.213, 75.76 W
2025/02/16 21:27:27.223, 75.76 W
2025/02/16 21:27:27.233, 75.76 W
2025/02/16 21:27:27.243, 75.76 W
2025/02/16 21:27:27.253, 75.76 W
2025/02/16 21:27:27.263, 75.76 W
2025/02/16 21:27:27.273, 75.76 W
2025/02/16 21:27:27.283, 75.76 W
2025/02/16 21:27:27.293, 75.76 W
2025/02/16 21:27:27.303, 75.76 W
2025/02/16 21:27:27.313, 75.76 W
2025/02/16 21:27:27.324, 75.76 W
2025/02/16 21:27:27.334, 75.76 W
2025/02/16 21:27:27.344, 75.76 W
2025/02/16 21:27:27.354, 75.76 W
2025/02/16 21:27:27.364, 75.76 W
2025/02/16 21:27:27.374, 75.76 W
2025/02/16 21:27:27.384, 75.76 W
2025/02/16 21:27:27.394, 75.76 W
2025/02/16 21:27:27.404, 75.76 W
2025/02/16 21:27:27.414, 75.76 W
2025/02/16 21:27:27.424, 75.76 W
2025/02/16 21:27:27.434, 75.76 W
2025/02/16 21:27:27.445, 75.76 W
2025/02/16 21:27:27.455, 75.76 W
2025/02/16 21:27:27.465, 75.76 W
2025/02/16 21:27:27.475, 75.76 W
2025/02/16 21:27:27.485, 75.76 W
2025/02/16 21:27:27.495, 75.76 W
2025/02/16 21:27:27.505, 75.76 W
2025/02/16 21:27:27.515, 75.76 W
2025/02/16 21:27:27.525, 75.76 W
2025/02/16 21:27:27.535, 75.76 W
2025/02/16 21:27:27.545, 75.76 W
2025/02/16 21:27:27.555, 75.76 W
2025/02/16 21:27:27.566, 75.76 W
2025/02/16 21:27:27.576, 75.76 W
2025/02/16 21:27:27.586, 75.51 W
2025/02/16 21:27:27.596, 75.51 W
2025/02/16 21:27:27.606, 75.51 W
2025/02/16 21:27:27.616, 75.51 W
2025/02/16 21:27:27.626, 75.51 W
2025/02/16 21:27:27.636, 75.51 W
2025/02/16 21:27:27.646, 75.51 W
2025/02/16 21:27:27.656, 75.51 W
2025/02/16 21:27:27.666, 75.51 W
2025/02/16 21:27:27.676, 75.51 W
2025/02/16 21:27:27.686, 75.76 W
2025/02/16 21:27:27.697, 75.76 W
2025/02/16 21:27:27.707, 75.76 W
2025/02/16 21:27:27.717, 75.76 W
2025/02/16 21:27:27.727, 75.76 W
2025/02/16 21:27:27.737, 75.76 W
2025/02/16 21:27:27.747, 75.76 W
2025/02/16 21:27:27.757, 75.76 W
2025/02/16 21:27:27.767, 75.76 W
2025/02/16 21:27:27.777, 75.76 W
2025/02/16 21:27:27.787, 75.76 W
2025/02/16 21:27:27.797, 75.76 W
2025/02/16 21:27:27.807, 75.76 W
2025/02/16 21:27:27.817, 76.04 W
2025/02/16 21:27:27.828, 76.04 W
2025/02/16 21:27:27.838, 76.04 W
2025/02/16 21:27:27.848, 76.04 W
2025/02/16 21:27:27.858, 76.04 W
2025/02/16 21:27:27.868, 76.04 W
2025/02/16 21:27:27.878, 76.04 W
2025/02/16 21:27:27.888, 76.04 W
2025/02/16 21:27:27.898, 75.51 W
2025/02/16 21:27:27.908, 75.51 W
2025/02/16 21:27:27.918, 75.51 W
2025/02/16 21:27:27.928, 75.51 W
2025/02/16 21:27:27.938, 75.51 W
2025/02/16 21:27:27.949, 75.51 W
2025/02/16 21:27:27.959, 75.51 W
2025/02/16 21:27:27.969, 75.51 W
2025/02/16 21:27:27.979, 75.51 W
2025/02/16 21:27:27.989, 75.51 W
2025/02/16 21:27:27.999, 75.51 W
2025/02/16 21:27:28.009, 75.51 W
2025/02/16 21:27:28.019, 75.51 W
2025/02/16 21:27:28.029, 75.51 W
2025/02/16 21:27:28.039, 75.51 W
2025/02/16 21:27:28.049, 75.51 W
2025/02/16 21:27:28.059, 75.51 W
2025/02/16 21:27:28.070, 75.51 W
2025/02/16 21:27:28.080, 75.51 W
2025/02/16 21:27:28.090, 75.51 W
2025/02/16 21:27:28.100, 75.76 W
2025/02/16 21:27:28.110, 75.76 W
2025/02/16 21:27:28.120, 75.76 W
2025/02/16 21:27:28.130, 75.76 W
2025/02/16 21:27:28.140, 75.76 W
2025/02/16 21:27:28.150, 75.76 W
2025/02/16 21:27:28.160, 75.76 W
2025/02/16 21:27:28.170, 75.76 W
2025/02/16 21:27:28.180, 75.76 W
2025/02/16 21:27:28.191, 75.76 W
2025/02/16 21:27:28.201, 75.76 W
2025/02/16 21:27:28.211, 75.76 W
2025/02/16 21:27:28.221, 75.76 W
2025/02/16 21:27:28.231, 75.76 W
2025/02/16 21:27:28.241, 75.76 W
2025/02/16 21:27:28.251, 75.76 W
2025/02/16 21:27:28.261, 75.76 W
2025/02/16 21:27:28.271, 75.76 W
2025/02/16 21:27:28.281, 75.76 W
2025/02/16 21:27:28.291, 75.76 W
2025/02/16 21:27:28.301, 75.76 W
2025/02/16 21:27:28.311, 75.51 W
2025/02/16 21:27:28.322, 75.51 W
2025/02/16 21:27:28.332, 75.51 W
2025/02/16 21:27:28.342, 75.51 W
2025/02/16 21:27:28.352, 75.51 W
2025/02/16 21:27:28.362, 75.51 W
2025/02/16 21:27:28.372, 75.51 W
2025/02/16 21:27:28.382, 75.51 W
2025/02/16 21:27:28.392, 75.51 W
2025/02/16 21:27:28.402, 75.51 W
2025/02/16 21:27:28.412, 75.51 W
2025/02/16 21:27:28.422, 75.51 W
2025/02/16 21:27:28.432, 75.76 W
2025/02/16 21:27:28.443, 75.76 W
2025/02/16 21:27:28.453, 75.76 W
2025/02/16 21:27:28.463, 75.76 W
2025/02/16 21:27:28.473, 75.76 W
2025/02/16 21:27:28.483, 75.76 W
2025/02/16 21:27:28.493, 75.76 W
2025/02/16 21:27:28.503, 75.76 W
2025/02/16 21:27:28.513, 75.76 W
2025/02/16 21:27:28.523, 75.76 W
2025/02/16 21:27:28.533, 75.76 W
2025/02/16 21:27:28.543, 75.76 W
2025/02/16 21:27:28.553, 75.76 W
2025/02/16 21:27:28.563, 75.76 W
2025/02/16 21:27:28.574, 75.76 W
2025/02/16 21:27:28.584, 75.76 W
2025/02/16 21:27:28.594, 75.76 W
2025/02/16 21:27:28.604, 75.76 W
2025/02/16 21:27:28.614, 75.76 W
2025/02/16 21:27:28.624, 75.76 W
2025/02/16 21:27:28.634, 75.84 W
2025/02/16 21:27:28.644, 75.84 W
2025/02/16 21:27:28.654, 75.84 W
2025/02/16 21:27:28.664, 75.84 W
2025/02/16 21:27:28.674, 75.84 W
2025/02/16 21:27:28.684, 75.84 W
2025/02/16 21:27:28.694, 75.84 W
2025/02/16 21:27:28.705, 75.84 W
2025/02/16 21:27:28.715, 75.76 W
2025/02/16 21:27:28.725, 75.76 W
2025/02/16 21:27:28.735, 75.76 W
2025/02/16 21:27:28.745, 75.76 W
2025/02/16 21:27:28.755, 75.76 W
2025/02/16 21:27:28.765, 75.76 W
2025/02/16 21:27:28.775, 75.76 W
2025/02/16 21:27:28.785, 75.76 W
2025/02/16 21:27:28.795, 75.76 W
2025/02/16 21:27:28.805, 75.76 W
2025/02/16 21:27:28.815, 75.76 W
2025/02/16 21:27:28.825, 75.76 W
2025/02/16 21:27:28.836, 75.76 W
2025/02/16 21:27:28.846, 75.76 W
2025/02/16 21:27:28.856, 75.76 W
2025/02/16 21:27:28.866, 75.76 W
2025/02/16 21:27:28.876, 75.76 W
2025/02/16 21:27:28.886, 75.76 W
2025/02/16 21:27:28.896, 75.76 W
2025/02/16 21:27:28.906, 75.76 W
2025/02/16 21:27:28.916, 75.76 W
2025/02/16 21:27:28.926, 75.76 W
2025/02/16 21:27:28.936, 75.76 W
2025/02/16 21:27:28.946, 75.76 W
2025/02/16 21:27:28.956, 75.76 W
2025/02/16 21:27:28.967, 75.76 W
2025/02/16 21:27:28.977, 75.76 W
2025/02/16 21:27:28.987, 75.76 W
2025/02/16 21:27:28.997, 75.76 W
2025/02/16 21:27:29.007, 75.76 W
2025/02/16 21:27:29.017, 75.76 W
2025/02/16 21:27:29.027, 75.76 W
2025/02/16 21:27:29.037, 75.76 W
2025/02/16 21:27:29.047, 76.04 W
2025/02/16 21:27:29.057, 76.04 W
2025/02/16 21:27:29.067, 76.04 W
2025/02/16 21:27:29.077, 76.04 W
2025/02/16 21:27:29.087, 76.04 W
2025/02/16 21:27:29.097, 76.04 W
2025/02/16 21:27:29.108, 76.04 W
2025/02/16 21:27:29.118, 76.04 W
2025/02/16 21:27:29.128, 75.76 W
2025/02/16 21:27:29.138, 75.76 W
2025/02/16 21:27:29.148, 75.76 W
2025/02/16 21:27:29.158, 75.76 W
2025/02/16 21:27:29.168, 75.76 W
2025/02/16 21:27:29.178, 75.76 W
2025/02/16 21:27:29.188, 75.76 W
2025/02/16 21:27:29.198, 75.76 W
2025/02/16 21:27:29.208, 75.76 W
2025/02/16 21:27:29.218, 75.76 W
2025/02/16 21:27:29.228, 75.76 W
2025/02/16 21:27:29.239, 75.76 W
2025/02/16 21:27:29.249, 75.76 W
2025/02/16 21:27:29.259, 75.76 W
2025/02/16 21:27:29.269, 75.76 W
2025/02/16 21:27:29.279, 75.76 W
2025/02/16 21:27:29.289, 75.76 W
2025/02/16 21:27:29.299, 75.76 W
2025/02/16 21:27:29.309, 75.76 W
2025/02/16 21:27:29.319, 75.76 W
2025/02/16 21:27:29.329, 75.84 W
2025/02/16 21:27:29.339, 75.84 W
2025/02/16 21:27:29.349, 75.84 W
2025/02/16 21:27:29.359, 75.84 W
2025/02/16 21:27:29.370, 75.84 W
2025/02/16 21:27:29.380, 75.84 W
2025/02/16 21:27:29.390, 75.84 W
2025/02/16 21:27:29.400, 75.84 W
2025/02/16 21:27:29.410, 75.84 W
2025/02/16 21:27:29.420, 75.84 W
2025/02/16 21:27:29.430, 75.84 W
2025/02/16 21:27:29.440, 75.76 W
2025/02/16 21:27:29.450, 75.76 W
2025/02/16 21:27:29.460, 75.76 W
2025/02/16 21:27:29.470, 75.76 W
2025/02/16 21:27:29.480, 75.76 W
2025/02/16 21:27:29.490, 75.76 W
2025/02/16 21:27:29.501, 75.76 W
2025/02/16 21:27:29.511, 75.76 W
2025/02/16 21:27:29.521, 75.76 W
2025/02/16 21:27:29.531, 75.76 W
2025/02/16 21:27:29.541, 76.04 W
2025/02/16 21:27:29.551, 76.04 W
2025/02/16 21:27:29.561, 76.04 W
2025/02/16 21:27:29.571, 76.04 W
2025/02/16 21:27:29.581, 76.04 W
2025/02/16 21:27:29.591, 76.04 W
2025/02/16 21:27:29.601, 76.04 W
2025/02/16 21:27:29.611, 76.04 W
2025/02/16 21:27:29.622, 76.04 W
2025/02/16 21:27:29.632, 76.04 W
2025/02/16 21:27:29.642, 76.04 W
2025/02/16 21:27:29.652, 76.04 W
2025/02/16 21:27:29.662, 75.76 W
2025/02/16 21:27:29.672, 75.76 W
2025/02/16 21:27:29.682, 75.76 W
2025/02/16 21:27:29.692, 75.76 W
2025/02/16 21:27:29.702, 75.76 W
2025/02/16 21:27:29.712, 75.76 W
2025/02/16 21:27:29.722, 75.76 W
2025/02/16 21:27:29.732, 75.76 W
2025/02/16 21:27:29.742, 76.04 W
2025/02/16 21:27:29.753, 76.04 W
2025/02/16 21:27:29.763, 76.04 W
2025/02/16 21:27:29.773, 76.04 W
2025/02/16 21:27:29.783, 76.04 W
2025/02/16 21:27:29.793, 76.04 W
2025/02/16 21:27:29.803, 76.04 W
2025/02/16 21:27:29.813, 76.04 W
2025/02/16 21:27:29.823, 76.04 W
2025/02/16 21:27:29.833, 76.04 W
2025/02/16 21:27:29.843, 76.04 W
2025/02/16 21:27:29.853, 76.04 W
2025/02/16 21:27:29.863, 75.76 W
2025/02/16 21:27:29.874, 75.76 W
2025/02/16 21:27:29.884, 75.76 W
2025/02/16 21:27:29.894, 75.76 W
2025/02/16 21:27:29.904, 75.76 W
2025/02/16 21:27:29.914, 75.76 W
2025/02/16 21:27:29.924, 75.76 W
2025/02/16 21:27:29.934, 75.76 W
2025/02/16 21:27:29.944, 75.76 W
2025/02/16 21:27:29.954, 75.76 W
2025/02/16 21:27:29.964, 75.76 W
2025/02/16 21:27:29.974, 75.76 W
2025/02/16 21:27:29.984, 75.76 W
2025/02/16 21:27:29.994, 75.76 W
2025/02/16 21:27:30.005, 75.76 W
2025/02/16 21:27:30.015, 75.76 W
2025/02/16 21:27:30.025, 75.76 W
2025/02/16 21:27:30.035, 75.76 W
2025/02/16 21:27:30.045, 75.76 W
2025/02/16 21:27:30.055, 75.76 W
2025/02/16 21:27:30.065, 75.76 W
2025/02/16 21:27:30.075, 75.76 W
2025/02/16 21:27:30.085, 75.76 W
2025/02/16 21:27:30.095, 75.76 W
2025/02/16 21:27:30.105, 75.76 W
2025/02/16 21:27:30.115, 75.76 W
2025/02/16 21:27:30.125, 75.76 W
2025/02/16 21:27:30.136, 75.76 W
2025/02/16 21:27:30.146, 75.76 W
2025/02/16 21:27:30.156, 75.76 W
2025/02/16 21:27:30.166, 75.76 W
2025/02/16 21:27:30.176, 75.76 W
2025/02/16 21:27:30.186, 75.76 W
2025/02/16 21:27:30.196, 75.76 W
2025/02/16 21:27:30.206, 75.76 W
2025/02/16 21:27:30.216, 75.76 W
2025/02/16 21:27:30.226, 75.76 W
2025/02/16 21:27:30.236, 75.76 W
2025/02/16 21:27:30.246, 75.76 W
2025/02/16 21:27:30.257, 75.76 W
2025/02/16 21:27:30.267, 75.76 W
2025/02/16 21:27:30.277, 75.51 W
2025/02/16 21:27:30.287, 75.51 W
2025/02/16 21:27:30.297, 75.51 W
2025/02/16 21:27:30.307, 75.51 W
2025/02/16 21:27:30.317, 75.51 W
2025/02/16 21:27:30.327, 75.51 W
2025/02/16 21:27:30.337, 75.51 W
2025/02/16 21:27:30.347, 75.51 W
2025/02/16 21:27:30.357, 75.51 W
2025/02/16 21:27:30.367, 75.51 W
2025/02/16 21:27:30.377, 75.51 W
2025/02/16 21:27:30.388, 75.51 W
2025/02/16 21:27:30.398, 75.51 W
2025/02/16 21:27:30.408, 75.51 W
2025/02/16 21:27:30.418, 75.51 W
2025/02/16 21:27:30.428, 75.51 W
2025/02/16 21:27:30.438, 75.51 W
2025/02/16 21:27:30.448, 75.51 W
2025/02/16 21:27:30.458, 76.04 W
2025/02/16 21:27:30.468, 76.04 W
2025/02/16 21:27:30.478, 76.04 W
2025/02/16 21:27:30.488, 76.04 W
2025/02/16 21:27:30.498, 76.04 W
2025/02/16 21:27:30.513, 76.04 W
2025/02/16 21:27:30.523, 76.04 W
2025/02/16 21:27:30.533, 76.04 W
2025/02/16 21:27:30.544, 76.04 W
2025/02/16 21:27:30.554, 76.04 W
2025/02/16 21:27:30.564, 75.76 W
2025/02/16 21:27:30.574, 75.76 W
2025/02/16 21:27:30.584, 75.76 W
2025/02/16 21:27:30.594, 75.76 W
2025/02/16 21:27:30.604, 75.76 W
2025/02/16 21:27:30.614, 75.76 W
2025/02/16 21:27:30.624, 75.76 W
2025/02/16 21:27:30.634, 75.76 W
2025/02/16 21:27:30.645, 75.76 W
2025/02/16 21:27:30.655, 75.76 W
2025/02/16 21:27:30.665, 75.76 W
2025/02/16 21:27:30.675, 75.76 W
2025/02/16 21:27:30.685, 75.22 W
2025/02/16 21:27:30.695, 75.22 W
2025/02/16 21:27:30.705, 75.22 W
2025/02/16 21:27:30.715, 75.22 W
2025/02/16 21:27:30.725, 75.22 W
2025/02/16 21:27:30.735, 75.22 W
2025/02/16 21:27:30.745, 75.22 W
2025/02/16 21:27:30.755, 75.22 W
2025/02/16 21:27:30.765, 75.22 W
2025/02/16 21:27:30.775, 75.22 W
2025/02/16 21:27:30.786, 75.22 W
2025/02/16 21:27:30.796, 75.22 W
2025/02/16 21:27:30.806, 75.22 W
2025/02/16 21:27:30.816, 75.22 W
2025/02/16 21:27:30.826, 75.22 W
2025/02/16 21:27:30.836, 75.22 W
2025/02/16 21:27:30.846, 75.22 W
2025/02/16 21:27:30.856, 75.22 W
2025/02/16 21:27:30.866, 75.22 W
2025/02/16 21:27:30.876, 75.22 W
2025/02/16 21:27:30.886, 75.51 W
2025/02/16 21:27:30.896, 75.51 W
2025/02/16 21:27:30.906, 75.51 W
2025/02/16 21:27:30.916, 75.51 W
2025/02/16 21:27:30.927, 75.51 W
2025/02/16 21:27:30.937, 75.51 W
2025/02/16 21:27:30.947, 75.51 W
2025/02/16 21:27:30.957, 75.51 W
2025/02/16 21:27:30.967, 75.60 W
2025/02/16 21:27:30.977, 75.60 W
2025/02/16 21:27:30.987, 75.60 W
2025/02/16 21:27:30.997, 75.60 W
2025/02/16 21:27:31.007, 75.60 W
2025/02/16 21:27:31.017, 75.60 W
2025/02/16 21:27:31.027, 75.60 W
2025/02/16 21:27:31.037, 75.60 W
2025/02/16 21:27:31.047, 75.60 W
2025/02/16 21:27:31.058, 75.60 W
2025/02/16 21:27:31.068, 75.60 W
2025/02/16 21:27:31.078, 75.60 W
2025/02/16 21:27:31.088, 75.51 W
2025/02/16 21:27:31.098, 75.51 W
2025/02/16 21:27:31.108, 75.51 W
2025/02/16 21:27:31.118, 75.51 W
2025/02/16 21:27:31.128, 75.51 W
2025/02/16 21:27:31.138, 75.51 W
2025/02/16 21:27:31.148, 75.51 W
2025/02/16 21:27:31.158, 75.51 W
2025/02/16 21:27:31.168, 75.51 W
2025/02/16 21:27:31.178, 75.51 W
2025/02/16 21:27:31.188, 75.51 W
2025/02/16 21:27:31.199, 75.51 W
2025/02/16 21:27:31.209, 75.51 W
2025/02/16 21:27:31.219, 75.51 W
2025/02/16 21:27:31.229, 75.51 W
2025/02/16 21:27:31.239, 75.51 W
2025/02/16 21:27:31.249, 75.51 W
2025/02/16 21:27:31.259, 75.51 W
2025/02/16 21:27:31.269, 75.51 W
2025/02/16 21:27:31.279, 75.51 W
2025/02/16 21:27:31.289, 75.51 W
2025/02/16 21:27:31.299, 75.51 W
2025/02/16 21:27:31.309, 75.51 W
2025/02/16 21:27:31.319, 75.51 W
2025/02/16 21:27:31.329, 75.51 W
2025/02/16 21:27:31.340, 75.51 W
2025/02/16 21:27:31.350, 75.51 W
2025/02/16 21:27:31.360, 75.51 W
2025/02/16 21:27:31.370, 75.51 W
2025/02/16 21:27:31.380, 75.51 W
2025/02/16 21:27:31.390, 75.51 W
2025/02/16 21:27:31.400, 75.51 W
2025/02/16 21:27:31.410, 75.51 W
2025/02/16 21:27:31.420, 75.51 W
2025/02/16 21:27:31.430, 75.51 W
2025/02/16 21:27:31.440, 75.51 W
2025/02/16 21:27:31.450, 75.51 W
2025/02/16 21:27:31.460, 75.51 W
2025/02/16 21:27:31.470, 75.51 W
2025/02/16 21:27:31.481, 75.51 W
2025/02/16 21:27:31.491, 75.51 W
2025/02/16 21:27:31.501, 75.51 W
2025/02/16 21:27:31.511, 75.51 W
2025/02/16 21:27:31.521, 75.51 W
2025/02/16 21:27:31.531, 75.51 W
2025/02/16 21:27:31.541, 75.51 W
2025/02/16 21:27:31.551, 75.51 W
2025/02/16 21:27:31.561, 75.51 W
2025/02/16 21:27:31.571, 75.51 W
2025/02/16 21:27:31.581, 75.51 W
2025/02/16 21:27:31.591, 75.51 W
2025/02/16 21:27:31.601, 75.51 W
2025/02/16 21:27:31.611, 75.51 W
2025/02/16 21:27:31.622, 75.51 W
2025/02/16 21:27:31.632, 75.51 W
2025/02/16 21:27:31.642, 75.51 W
2025/02/16 21:27:31.652, 75.51 W
2025/02/16 21:27:31.662, 75.51 W
2025/02/16 21:27:31.672, 75.51 W
2025/02/16 21:27:31.682, 75.51 W
2025/02/16 21:27:31.692, 75.51 W
2025/02/16 21:27:31.702, 75.51 W
2025/02/16 21:27:31.712, 75.51 W
2025/02/16 21:27:31.722, 75.51 W
2025/02/16 21:27:31.732, 75.51 W
2025/02/16 21:27:31.742, 75.51 W
2025/02/16 21:27:31.752, 75.51 W
2025/02/16 21:27:31.763, 75.51 W
2025/02/16 21:27:31.773, 75.51 W
2025/02/16 21:27:31.783, 75.51 W
2025/02/16 21:27:31.793, 75.51 W
2025/02/16 21:27:31.803, 75.51 W
2025/02/16 21:27:31.813, 75.51 W
2025/02/16 21:27:31.823, 75.51 W
2025/02/16 21:27:31.833, 75.51 W
2025/02/16 21:27:31.843, 75.51 W
2025/02/16 21:27:31.853, 75.51 W
2025/02/16 21:27:31.863, 75.51 W
2025/02/16 21:27:31.873, 75.51 W
2025/02/16 21:27:31.883, 75.51 W
2025/02/16 21:27:31.894, 75.51 W
2025/02/16 21:27:31.904, 75.51 W
2025/02/16 21:27:31.914, 75.51 W
2025/02/16 21:27:31.924, 75.51 W
2025/02/16 21:27:31.934, 75.51 W
2025/02/16 21:27:31.944, 75.51 W
2025/02/16 21:27:31.954, 75.51 W
2025/02/16 21:27:31.964, 75.51 W
2025/02/16 21:27:31.974, 75.51 W
2025/02/16 21:27:31.984, 75.51 W
2025/02/16 21:27:31.994, 75.22 W
2025/02/16 21:27:32.004, 75.22 W
2025/02/16 21:27:32.014, 75.22 W
2025/02/16 21:27:32.025, 75.22 W
2025/02/16 21:27:32.035, 75.22 W
2025/02/16 21:27:32.045, 75.22 W
2025/02/16 21:27:32.055, 75.22 W
2025/02/16 21:27:32.065, 75.22 W
2025/02/16 21:27:32.075, 75.22 W
2025/02/16 21:27:32.085, 75.22 W
2025/02/16 21:27:32.095, 75.22 W
2025/02/16 21:27:32.105, 75.22 W
2025/02/16 21:27:32.115, 75.22 W
2025/02/16 21:27:32.125, 75.22 W
2025/02/16 21:27:32.135, 75.22 W
2025/02/16 21:27:32.147, 75.22 W
2025/02/16 21:27:32.158, 75.22 W
2025/02/16 21:27:32.168, 75.22 W
2025/02/16 21:27:32.178, 75.22 W
2025/02/16 21:27:32.188, 75.22 W
2025/02/16 21:27:32.198, 75.51 W
2025/02/16 21:27:32.208, 75.51 W
2025/02/16 21:27:32.218, 75.51 W
2025/02/16 21:27:32.228, 75.51 W
2025/02/16 21:27:32.238, 75.51 W
2025/02/16 21:27:32.248, 75.51 W
2025/02/16 21:27:32.258, 75.51 W
2025/02/16 21:27:32.268, 75.51 W
2025/02/16 21:27:32.279, 75.51 W
2025/02/16 21:27:32.289, 75.51 W
2025/02/16 21:27:32.299, 75.51 W
2025/02/16 21:27:32.309, 75.51 W
2025/02/16 21:27:32.319, 75.76 W
2025/02/16 21:27:32.329, 75.76 W
2025/02/16 21:27:32.339, 75.76 W
2025/02/16 21:27:32.349, 75.76 W
2025/02/16 21:27:32.359, 75.76 W
2025/02/16 21:27:32.369, 75.76 W
2025/02/16 21:27:32.379, 75.76 W
2025/02/16 21:27:32.389, 75.76 W
2025/02/16 21:27:32.400, 75.76 W
2025/02/16 21:27:32.410, 75.76 W
2025/02/16 21:27:32.420, 75.76 W
2025/02/16 21:27:32.430, 75.76 W
2025/02/16 21:27:32.440, 75.76 W
2025/02/16 21:27:32.450, 75.76 W
2025/02/16 21:27:32.460, 75.76 W
2025/02/16 21:27:32.470, 75.76 W
2025/02/16 21:27:32.480, 75.76 W
2025/02/16 21:27:32.490, 75.76 W
2025/02/16 21:27:32.500, 75.76 W
2025/02/16 21:27:32.510, 76.04 W
2025/02/16 21:27:32.521, 76.04 W
2025/02/16 21:27:32.531, 76.04 W
2025/02/16 21:27:32.541, 76.04 W
2025/02/16 21:27:32.551, 76.04 W
2025/02/16 21:27:32.561, 76.04 W
2025/02/16 21:27:32.571, 76.04 W
2025/02/16 21:27:32.581, 76.04 W
2025/02/16 21:27:32.591, 76.04 W
2025/02/16 21:27:32.601, 76.04 W
2025/02/16 21:27:32.611, 76.04 W
2025/02/16 21:27:32.621, 76.04 W
2025/02/16 21:27:32.632, 76.04 W
2025/02/16 21:27:32.642, 76.04 W
2025/02/16 21:27:32.652, 76.04 W
2025/02/16 21:27:32.662, 76.04 W
2025/02/16 21:27:32.672, 76.04 W
2025/02/16 21:27:32.682, 76.04 W
2025/02/16 21:27:32.692, 76.04 W
2025/02/16 21:27:32.702, 76.04 W
2025/02/16 21:27:32.712, 76.04 W
2025/02/16 21:27:32.722, 76.04 W
2025/02/16 21:27:32.732, 75.84 W
2025/02/16 21:27:32.742, 75.84 W
2025/02/16 21:27:32.753, 75.84 W
2025/02/16 21:27:32.763, 75.84 W
2025/02/16 21:27:32.773, 75.84 W
2025/02/16 21:27:32.783, 75.84 W
2025/02/16 21:27:32.793, 75.84 W
2025/02/16 21:27:32.803, 75.84 W
2025/02/16 21:27:32.813, 75.76 W
2025/02/16 21:27:32.823, 75.76 W
2025/02/16 21:27:32.833, 75.76 W
2025/02/16 21:27:32.843, 75.76 W
2025/02/16 21:27:32.853, 75.76 W
2025/02/16 21:27:32.863, 75.76 W
2025/02/16 21:27:32.874, 75.76 W
2025/02/16 21:27:32.884, 75.76 W
2025/02/16 21:27:32.894, 75.76 W
2025/02/16 21:27:32.904, 75.76 W
2025/02/16 21:27:32.914, 75.76 W
2025/02/16 21:27:32.924, 75.76 W
2025/02/16 21:27:32.934, 75.76 W
2025/02/16 21:27:32.944, 75.76 W
2025/02/16 21:27:32.954, 75.76 W
2025/02/16 21:27:32.964, 75.76 W
2025/02/16 21:27:32.974, 75.76 W
2025/02/16 21:27:32.984, 75.76 W
2025/02/16 21:27:32.995, 75.76 W
2025/02/16 21:27:33.005, 75.76 W
2025/02/16 21:27:33.015, 75.76 W
2025/02/16 21:27:33.025, 75.76 W
2025/02/16 21:27:33.035, 75.76 W
2025/02/16 21:27:33.045, 75.76 W
2025/02/16 21:27:33.055, 75.76 W
2025/02/16 21:27:33.065, 75.76 W
2025/02/16 21:27:33.075, 75.76 W
2025/02/16 21:27:33.085, 75.76 W
2025/02/16 21:27:33.095, 75.76 W
2025/02/16 21:27:33.105, 75.76 W
2025/02/16 21:27:33.116, 75.76 W
2025/02/16 21:27:33.126, 75.76 W
2025/02/16 21:27:33.136, 76.04 W
2025/02/16 21:27:33.146, 76.04 W
2025/02/16 21:27:33.156, 76.04 W
2025/02/16 21:27:33.166, 76.04 W
2025/02/16 21:27:33.176, 76.04 W
2025/02/16 21:27:33.186, 76.04 W
2025/02/16 21:27:33.196, 76.04 W
2025/02/16 21:27:33.206, 76.04 W
2025/02/16 21:27:33.216, 76.04 W
2025/02/16 21:27:33.226, 75.76 W
2025/02/16 21:27:33.236, 75.76 W
2025/02/16 21:27:33.247, 75.76 W
2025/02/16 21:27:33.257, 75.76 W
2025/02/16 21:27:33.267, 75.76 W
2025/02/16 21:27:33.277, 75.76 W
2025/02/16 21:27:33.287, 75.76 W
2025/02/16 21:27:33.297, 75.76 W
2025/02/16 21:27:33.307, 75.76 W
2025/02/16 21:27:33.317, 75.76 W
2025/02/16 21:27:33.327, 75.76 W
2025/02/16 21:27:33.337, 75.76 W
2025/02/16 21:27:33.347, 75.76 W
2025/02/16 21:27:33.357, 75.76 W
2025/02/16 21:27:33.367, 75.76 W
2025/02/16 21:27:33.377, 75.76 W
2025/02/16 21:27:33.388, 75.76 W
2025/02/16 21:27:33.398, 75.76 W
2025/02/16 21:27:33.408, 75.76 W
2025/02/16 21:27:33.418, 75.76 W
2025/02/16 21:27:33.428, 75.76 W
2025/02/16 21:27:33.438, 75.76 W
2025/02/16 21:27:33.448, 75.76 W
2025/02/16 21:27:33.458, 75.76 W
2025/02/16 21:27:33.468, 75.76 W
2025/02/16 21:27:33.478, 75.76 W
2025/02/16 21:27:33.488, 75.76 W
2025/02/16 21:27:33.498, 75.76 W
2025/02/16 21:27:33.508, 75.76 W
2025/02/16 21:27:33.518, 75.76 W
2025/02/16 21:27:33.529, 76.04 W
2025/02/16 21:27:33.539, 76.04 W
2025/02/16 21:27:33.549, 76.04 W
2025/02/16 21:27:33.559, 76.04 W
2025/02/16 21:27:33.569, 76.04 W
2025/02/16 21:27:33.579, 76.04 W
2025/02/16 21:27:33.589, 76.04 W
2025/02/16 21:27:33.599, 76.04 W
2025/02/16 21:27:33.609, 76.04 W
2025/02/16 21:27:33.619, 76.04 W
2025/02/16 21:27:33.629, 75.76 W
2025/02/16 21:27:33.639, 75.76 W
2025/02/16 21:27:33.649, 75.76 W
2025/02/16 21:27:33.659, 75.76 W
2025/02/16 21:27:33.670, 75.76 W
2025/02/16 21:27:33.680, 75.76 W
2025/02/16 21:27:33.690, 75.76 W
2025/02/16 21:27:33.700, 75.76 W
2025/02/16 21:27:33.710, 75.76 W
2025/02/16 21:27:33.720, 75.76 W
2025/02/16 21:27:33.730, 75.76 W
2025/02/16 21:27:33.740, 75.76 W
2025/02/16 21:27:33.750, 75.76 W
2025/02/16 21:27:33.760, 75.76 W
2025/02/16 21:27:33.770, 75.76 W
2025/02/16 21:27:33.780, 75.76 W
2025/02/16 21:27:33.790, 75.76 W
2025/02/16 21:27:33.800, 75.76 W
2025/02/16 21:27:33.811, 75.76 W
2025/02/16 21:27:33.821, 75.76 W
2025/02/16 21:27:33.831, 75.76 W
2025/02/16 21:27:33.841, 75.76 W
2025/02/16 21:27:33.851, 75.76 W
2025/02/16 21:27:33.861, 75.76 W
2025/02/16 21:27:33.871, 75.76 W
2025/02/16 21:27:33.881, 75.76 W
2025/02/16 21:27:33.891, 75.76 W
2025/02/16 21:27:33.901, 75.76 W
2025/02/16 21:27:33.911, 75.76 W
2025/02/16 21:27:33.921, 75.76 W
2025/02/16 21:27:33.931, 75.76 W
2025/02/16 21:27:33.942, 75.76 W
2025/02/16 21:27:33.952, 75.76 W
2025/02/16 21:27:33.962, 75.76 W
2025/02/16 21:27:33.972, 75.76 W
2025/02/16 21:27:33.982, 75.76 W
2025/02/16 21:27:33.992, 75.76 W
2025/02/16 21:27:34.002, 75.76 W
2025/02/16 21:27:34.012, 75.76 W
2025/02/16 21:27:34.022, 75.76 W
2025/02/16 21:27:34.032, 75.76 W
2025/02/16 21:27:34.042, 75.76 W
2025/02/16 21:27:34.052, 75.76 W
2025/02/16 21:27:34.062, 75.76 W
2025/02/16 21:27:34.072, 75.76 W
2025/02/16 21:27:34.083, 75.76 W
2025/02/16 21:27:34.093, 75.76 W
2025/02/16 21:27:34.103, 75.76 W
2025/02/16 21:27:34.113, 75.76 W
2025/02/16 21:27:34.123, 75.76 W
2025/02/16 21:27:34.133, 75.76 W
2025/02/16 21:27:34.143, 75.76 W
2025/02/16 21:27:34.153, 75.76 W
2025/02/16 21:27:34.163, 75.76 W
2025/02/16 21:27:34.173, 75.76 W
2025/02/16 21:27:34.183, 75.76 W
2025/02/16 21:27:34.193, 75.76 W
2025/02/16 21:27:34.203, 75.76 W
2025/02/16 21:27:34.213, 75.76 W
2025/02/16 21:27:34.224, 75.76 W
2025/02/16 21:27:34.234, 75.76 W
2025/02/16 21:27:34.244, 75.76 W
2025/02/16 21:27:34.254, 75.76 W
2025/02/16 21:27:34.264, 75.76 W
2025/02/16 21:27:34.274, 75.76 W
2025/02/16 21:27:34.284, 75.76 W
2025/02/16 21:27:34.294, 75.76 W
2025/02/16 21:27:34.304, 75.76 W
2025/02/16 21:27:34.314, 75.76 W
2025/02/16 21:27:34.324, 75.76 W
2025/02/16 21:27:34.334, 75.76 W
2025/02/16 21:27:34.344, 75.76 W
2025/02/16 21:27:34.354, 75.76 W
2025/02/16 21:27:34.365, 75.76 W
2025/02/16 21:27:34.375, 75.76 W
2025/02/16 21:27:34.385, 75.76 W
2025/02/16 21:27:34.395, 75.76 W
2025/02/16 21:27:34.405, 75.76 W
2025/02/16 21:27:34.415, 75.76 W
2025/02/16 21:27:34.425, 75.76 W
2025/02/16 21:27:34.435, 75.76 W
2025/02/16 21:27:34.445, 75.76 W
2025/02/16 21:27:34.455, 75.76 W
2025/02/16 21:27:34.465, 75.76 W
2025/02/16 21:27:34.475, 75.76 W
2025/02/16 21:27:34.485, 75.76 W
2025/02/16 21:27:34.495, 75.76 W
2025/02/16 21:27:34.506, 75.76 W
2025/02/16 21:27:34.516, 75.76 W
2025/02/16 21:27:34.526, 75.76 W
2025/02/16 21:27:34.536, 75.76 W
2025/02/16 21:27:34.546, 75.76 W
2025/02/16 21:27:34.556, 75.76 W
2025/02/16 21:27:34.566, 75.76 W
2025/02/16 21:27:34.576, 75.76 W
2025/02/16 21:27:34.586, 75.76 W
2025/02/16 21:27:34.596, 75.76 W
2025/02/16 21:27:34.606, 75.76 W
2025/02/16 21:27:34.616, 75.76 W
2025/02/16 21:27:34.626, 75.76 W
2025/02/16 21:27:34.636, 75.76 W
2025/02/16 21:27:34.647, 75.76 W
2025/02/16 21:27:34.657, 75.76 W
2025/02/16 21:27:34.667, 75.76 W
2025/02/16 21:27:34.677, 75.76 W
2025/02/16 21:27:34.687, 75.76 W
2025/02/16 21:27:34.697, 75.76 W
2025/02/16 21:27:34.707, 75.76 W
2025/02/16 21:27:34.717, 75.76 W
2025/02/16 21:27:34.727, 75.76 W
2025/02/16 21:27:34.737, 75.76 W
2025/02/16 21:27:34.747, 75.76 W
2025/02/16 21:27:34.757, 75.76 W
2025/02/16 21:27:34.767, 75.76 W
2025/02/16 21:27:34.778, 75.76 W
2025/02/16 21:27:34.788, 75.76 W
2025/02/16 21:27:34.798, 75.76 W
2025/02/16 21:27:34.808, 75.76 W
2025/02/16 21:27:34.818, 75.76 W
2025/02/16 21:27:34.828, 75.76 W
2025/02/16 21:27:34.838, 75.76 W
2025/02/16 21:27:34.848, 75.76 W
2025/02/16 21:27:34.858, 75.76 W
2025/02/16 21:27:34.868, 75.76 W
2025/02/16 21:27:34.878, 75.76 W
2025/02/16 21:27:34.888, 75.76 W
2025/02/16 21:27:34.898, 75.76 W
2025/02/16 21:27:34.908, 75.76 W
2025/02/16 21:27:34.919, 75.76 W
2025/02/16 21:27:34.929, 75.76 W
2025/02/16 21:27:34.939, 75.76 W
2025/02/16 21:27:34.949, 75.76 W
2025/02/16 21:27:34.959, 75.76 W
2025/02/16 21:27:34.969, 75.76 W
2025/02/16 21:27:34.979, 75.76 W
2025/02/16 21:27:34.989, 75.76 W
2025/02/16 21:27:34.999, 75.76 W
2025/02/16 21:27:35.009, 75.76 W
2025/02/16 21:27:35.019, 75.76 W
2025/02/16 21:27:35.029, 75.76 W
2025/02/16 21:27:35.039, 75.76 W
2025/02/16 21:27:35.049, 75.76 W
2025/02/16 21:27:35.060, 75.76 W
2025/02/16 21:27:35.070, 75.76 W
2025/02/16 21:27:35.080, 75.76 W
2025/02/16 21:27:35.090, 75.76 W
2025/02/16 21:27:35.100, 75.76 W
2025/02/16 21:27:35.110, 75.76 W
2025/02/16 21:27:35.120, 75.76 W
2025/02/16 21:27:35.130, 75.76 W
2025/02/16 21:27:35.140, 75.76 W
2025/02/16 21:27:35.150, 75.76 W
2025/02/16 21:27:35.160, 75.76 W
2025/02/16 21:27:35.170, 75.76 W
2025/02/16 21:27:35.180, 75.76 W
2025/02/16 21:27:35.190, 75.76 W
2025/02/16 21:27:35.201, 75.76 W
2025/02/16 21:27:35.211, 75.76 W
2025/02/16 21:27:35.221, 75.76 W
2025/02/16 21:27:35.231, 75.76 W
2025/02/16 21:27:35.241, 75.76 W
2025/02/16 21:27:35.251, 75.76 W
2025/02/16 21:27:35.261, 75.76 W
2025/02/16 21:27:35.271, 75.76 W
2025/02/16 21:27:35.281, 75.76 W
2025/02/16 21:27:35.291, 75.76 W
2025/02/16 21:27:35.301, 75.76 W
2025/02/16 21:27:35.311, 75.76 W
2025/02/16 21:27:35.321, 75.76 W
2025/02/16 21:27:35.332, 75.76 W
2025/02/16 21:27:35.342, 75.76 W
2025/02/16 21:27:35.352, 75.76 W
2025/02/16 21:27:35.362, 75.76 W
2025/02/16 21:27:35.372, 75.76 W
2025/02/16 21:27:35.382, 75.76 W
2025/02/16 21:27:35.392, 75.76 W
2025/02/16 21:27:35.402, 75.76 W
2025/02/16 21:27:35.412, 75.76 W
2025/02/16 21:27:35.422, 75.76 W
2025/02/16 21:27:35.432, 75.76 W
2025/02/16 21:27:35.442, 75.76 W
2025/02/16 21:27:35.453, 75.76 W
2025/02/16 21:27:35.463, 75.76 W
2025/02/16 21:27:35.473, 75.76 W
2025/02/16 21:27:35.483, 75.76 W
2025/02/16 21:27:35.493, 75.76 W
2025/02/16 21:27:35.503, 75.76 W
2025/02/16 21:27:35.513, 75.76 W
2025/02/16 21:27:35.523, 75.76 W
2025/02/16 21:27:35.533, 75.76 W
2025/02/16 21:27:35.543, 75.76 W
2025/02/16 21:27:35.553, 75.76 W
2025/02/16 21:27:35.563, 75.76 W
2025/02/16 21:27:35.573, 75.76 W
2025/02/16 21:27:35.583, 75.76 W
2025/02/16 21:27:35.594, 75.76 W
2025/02/16 21:27:35.604, 75.76 W
2025/02/16 21:27:35.614, 75.76 W
2025/02/16 21:27:35.624, 75.76 W
2025/02/16 21:27:35.634, 75.76 W
2025/02/16 21:27:35.644, 75.76 W
2025/02/16 21:27:35.654, 75.76 W
2025/02/16 21:27:35.664, 75.76 W
2025/02/16 21:27:35.674, 75.76 W
2025/02/16 21:27:35.684, 75.76 W
2025/02/16 21:27:35.694, 75.76 W
2025/02/16 21:27:35.704, 75.76 W
2025/02/16 21:27:35.714, 75.76 W
2025/02/16 21:27:35.724, 75.76 W
2025/02/16 21:27:35.735, 75.76 W
2025/02/16 21:27:35.745, 75.76 W
2025/02/16 21:27:35.755, 75.76 W
2025/02/16 21:27:35.765, 75.76 W
2025/02/16 21:27:35.775, 75.76 W
2025/02/16 21:27:35.785, 75.76 W
2025/02/16 21:27:35.795, 75.76 W
2025/02/16 21:27:35.805, 76.04 W
2025/02/16 21:27:35.815, 76.04 W
2025/02/16 21:27:35.825, 76.04 W
2025/02/16 21:27:35.835, 76.04 W
2025/02/16 21:27:35.845, 76.04 W
2025/02/16 21:27:35.855, 76.04 W
2025/02/16 21:27:35.866, 76.04 W
2025/02/16 21:27:35.876, 76.04 W
2025/02/16 21:27:35.886, 76.04 W
2025/02/16 21:27:35.896, 76.04 W
2025/02/16 21:27:35.906, 76.04 W
2025/02/16 21:27:35.916, 76.04 W
2025/02/16 21:27:35.926, 76.04 W
2025/02/16 21:27:35.936, 76.04 W
2025/02/16 21:27:35.946, 76.04 W
2025/02/16 21:27:35.956, 76.04 W
2025/02/16 21:27:35.966, 76.04 W
2025/02/16 21:27:35.976, 76.04 W
2025/02/16 21:27:35.986, 76.04 W
2025/02/16 21:27:35.996, 76.04 W
2025/02/16 21:27:36.007, 76.04 W
2025/02/16 21:27:36.017, 76.04 W
2025/02/16 21:27:36.027, 76.04 W
2025/02/16 21:27:36.037, 76.04 W
2025/02/16 21:27:36.047, 76.04 W
2025/02/16 21:27:36.057, 76.04 W
2025/02/16 21:27:36.067, 76.04 W
2025/02/16 21:27:36.077, 76.04 W
2025/02/16 21:27:36.087, 75.76 W
2025/02/16 21:27:36.097, 75.76 W
2025/02/16 21:27:36.107, 75.76 W
2025/02/16 21:27:36.117, 75.76 W
2025/02/16 21:27:36.127, 75.76 W
2025/02/16 21:27:36.137, 75.76 W
2025/02/16 21:27:36.148, 75.76 W
2025/02/16 21:27:36.158, 75.76 W
2025/02/16 21:27:36.168, 75.76 W
2025/02/16 21:27:36.178, 75.76 W
2025/02/16 21:27:36.188, 75.76 W
2025/02/16 21:27:36.198, 75.76 W
2025/02/16 21:27:36.208, 75.76 W
2025/02/16 21:27:36.218, 75.76 W
2025/02/16 21:27:36.228, 75.76 W
2025/02/16 21:27:36.238, 75.76 W
2025/02/16 21:27:36.248, 75.76 W
2025/02/16 21:27:36.258, 75.76 W
2025/02/16 21:27:36.268, 75.76 W
2025/02/16 21:27:36.278, 75.76 W
2025/02/16 21:27:36.289, 75.76 W
2025/02/16 21:27:36.299, 75.76 W
2025/02/16 21:27:36.309, 75.76 W
2025/02/16 21:27:36.319, 75.76 W
2025/02/16 21:27:36.329, 75.76 W
2025/02/16 21:27:36.339, 75.76 W
2025/02/16 21:27:36.349, 75.76 W
2025/02/16 21:27:36.359, 75.76 W
2025/02/16 21:27:36.369, 75.76 W
2025/02/16 21:27:36.379, 75.76 W
2025/02/16 21:27:36.389, 75.76 W
2025/02/16 21:27:36.399, 75.76 W
2025/02/16 21:27:36.409, 75.76 W
2025/02/16 21:27:36.419, 75.76 W
2025/02/16 21:27:36.430, 75.76 W
2025/02/16 21:27:36.440, 75.76 W
2025/02/16 21:27:36.450, 75.76 W
2025/02/16 21:27:36.460, 75.76 W
2025/02/16 21:27:36.470, 75.76 W
2025/02/16 21:27:36.480, 75.76 W
2025/02/16 21:27:36.490, 75.76 W
2025/02/16 21:27:36.500, 75.76 W
2025/02/16 21:27:36.510, 75.76 W
2025/02/16 21:27:36.520, 75.76 W
2025/02/16 21:27:36.530, 75.76 W
2025/02/16 21:27:36.540, 75.76 W
2025/02/16 21:27:36.550, 75.76 W
2025/02/16 21:27:36.560, 75.76 W
2025/02/16 21:27:36.571, 75.76 W
2025/02/16 21:27:36.581, 75.76 W
2025/02/16 21:27:36.591, 75.76 W
2025/02/16 21:27:36.601, 75.76 W
2025/02/16 21:27:36.611, 75.76 W
2025/02/16 21:27:36.621, 75.76 W
2025/02/16 21:27:36.631, 75.76 W
2025/02/16 21:27:36.641, 75.76 W
2025/02/16 21:27:36.651, 75.76 W
2025/02/16 21:27:36.661, 75.76 W
2025/02/16 21:27:36.671, 75.76 W
2025/02/16 21:27:36.681, 75.76 W
2025/02/16 21:27:36.691, 75.76 W
2025/02/16 21:27:36.701, 75.76 W
2025/02/16 21:27:36.712, 75.76 W
2025/02/16 21:27:36.722, 75.76 W
2025/02/16 21:27:36.732, 75.76 W
2025/02/16 21:27:36.742, 75.76 W
2025/02/16 21:27:36.752, 75.76 W
2025/02/16 21:27:36.762, 75.76 W
2025/02/16 21:27:36.772, 75.76 W
2025/02/16 21:27:36.782, 75.76 W
2025/02/16 21:27:36.792, 75.76 W
2025/02/16 21:27:36.802, 75.76 W
2025/02/16 21:27:36.812, 75.76 W
2025/02/16 21:27:36.822, 75.76 W
2025/02/16 21:27:36.832, 75.76 W
2025/02/16 21:27:36.842, 75.76 W
2025/02/16 21:27:36.853, 75.76 W
2025/02/16 21:27:36.863, 75.76 W
2025/02/16 21:27:36.873, 75.76 W
2025/02/16 21:27:36.883, 75.76 W
2025/02/16 21:27:36.893, 75.76 W
2025/02/16 21:27:36.903, 75.76 W
2025/02/16 21:27:36.913, 75.76 W
2025/02/16 21:27:36.923, 75.76 W
2025/02/16 21:27:36.933, 75.76 W
2025/02/16 21:27:36.943, 75.76 W
2025/02/16 21:27:36.953, 75.76 W
2025/02/16 21:27:36.963, 75.76 W
2025/02/16 21:27:36.973, 75.76 W
2025/02/16 21:27:36.984, 75.76 W
2025/02/16 21:27:36.994, 75.76 W
2025/02/16 21:27:37.004, 75.76 W
2025/02/16 21:27:37.014, 75.76 W
2025/02/16 21:27:37.024, 75.76 W
2025/02/16 21:27:37.034, 75.76 W
2025/02/16 21:27:37.044, 75.76 W
2025/02/16 21:27:37.054, 75.76 W
2025/02/16 21:27:37.064, 75.76 W
2025/02/16 21:27:37.074, 75.76 W
2025/02/16 21:27:37.084, 75.76 W
2025/02/16 21:27:37.094, 75.76 W
2025/02/16 21:27:37.105, 75.76 W
2025/02/16 21:27:37.115, 76.04 W
2025/02/16 21:27:37.125, 76.04 W
2025/02/16 21:27:37.135, 76.04 W
2025/02/16 21:27:37.145, 76.04 W
2025/02/16 21:27:37.155, 76.04 W
2025/02/16 21:27:37.165, 76.04 W
2025/02/16 21:27:37.175, 76.04 W
2025/02/16 21:27:37.185, 76.04 W
2025/02/16 21:27:37.195, 76.04 W
2025/02/16 21:27:37.205, 76.04 W
2025/02/16 21:27:37.215, 76.04 W
2025/02/16 21:27:37.225, 76.04 W
2025/02/16 21:27:37.235, 75.76 W
2025/02/16 21:27:37.246, 75.76 W
2025/02/16 21:27:37.256, 75.76 W
2025/02/16 21:27:37.266, 75.76 W
2025/02/16 21:27:37.276, 75.76 W
2025/02/16 21:27:37.286, 75.76 W
2025/02/16 21:27:37.296, 75.76 W
2025/02/16 21:27:37.306, 75.76 W
2025/02/16 21:27:37.316, 75.76 W
2025/02/16 21:27:37.326, 75.76 W
2025/02/16 21:27:37.336, 75.76 W
2025/02/16 21:27:37.346, 75.76 W
2025/02/16 21:27:37.356, 75.76 W
2025/02/16 21:27:37.366, 75.76 W
2025/02/16 21:27:37.376, 75.76 W
2025/02/16 21:27:37.387, 75.76 W
2025/02/16 21:27:37.397, 75.76 W
2025/02/16 21:27:37.407, 75.76 W
2025/02/16 21:27:37.417, 75.76 W
2025/02/16 21:27:37.427, 76.04 W
2025/02/16 21:27:37.437, 76.04 W
2025/02/16 21:27:37.447, 76.04 W
2025/02/16 21:27:37.457, 76.04 W
2025/02/16 21:27:37.467, 76.04 W
2025/02/16 21:27:37.477, 76.04 W
2025/02/16 21:27:37.487, 76.04 W
2025/02/16 21:27:37.497, 76.04 W
2025/02/16 21:27:37.507, 76.04 W
2025/02/16 21:27:37.517, 76.04 W
2025/02/16 21:27:37.528, 75.84 W
2025/02/16 21:27:37.538, 75.84 W
2025/02/16 21:27:37.548, 75.84 W
2025/02/16 21:27:37.558, 75.84 W
2025/02/16 21:27:37.568, 75.84 W
2025/02/16 21:27:37.578, 75.84 W
2025/02/16 21:27:37.588, 75.84 W
2025/02/16 21:27:37.598, 75.84 W
2025/02/16 21:27:37.608, 75.84 W
2025/02/16 21:27:37.618, 75.84 W
2025/02/16 21:27:37.628, 75.84 W
2025/02/16 21:27:37.638, 75.84 W
2025/02/16 21:27:37.648, 75.76 W
2025/02/16 21:27:37.658, 75.76 W
2025/02/16 21:27:37.669, 75.76 W
2025/02/16 21:27:37.679, 75.76 W
2025/02/16 21:27:37.689, 75.76 W
2025/02/16 21:27:37.699, 75.76 W
2025/02/16 21:27:37.709, 75.76 W
2025/02/16 21:27:37.719, 75.76 W
2025/02/16 21:27:37.729, 75.76 W
2025/02/16 21:27:37.739, 75.76 W
2025/02/16 21:27:37.749, 75.76 W
2025/02/16 21:27:37.759, 75.76 W
2025/02/16 21:27:37.769, 75.76 W
2025/02/16 21:27:37.779, 75.76 W
2025/02/16 21:27:37.789, 75.76 W
2025/02/16 21:27:37.800, 75.76 W
2025/02/16 21:27:37.810, 75.76 W
2025/02/16 21:27:37.820, 75.76 W
2025/02/16 21:27:37.830, 75.76 W
2025/02/16 21:27:37.840, 75.76 W
2025/02/16 21:27:37.850, 75.76 W
2025/02/16 21:27:37.860, 75.76 W
2025/02/16 21:27:37.870, 75.76 W
2025/02/16 21:27:37.880, 75.76 W
2025/02/16 21:27:37.890, 75.76 W
2025/02/16 21:27:37.900, 75.76 W
2025/02/16 21:27:37.910, 75.76 W
2025/02/16 21:27:37.920, 75.76 W
2025/02/16 21:27:37.930, 75.76 W
2025/02/16 21:27:37.941, 75.76 W
2025/02/16 21:27:37.951, 75.76 W
2025/02/16 21:27:37.961, 75.76 W
2025/02/16 21:27:37.971, 75.76 W
2025/02/16 21:27:37.981, 75.76 W
2025/02/16 21:27:37.991, 75.76 W
2025/02/16 21:27:38.001, 75.76 W
2025/02/16 21:27:38.011, 75.76 W
2025/02/16 21:27:38.021, 75.76 W
2025/02/16 21:27:38.031, 75.76 W
2025/02/16 21:27:38.041, 75.76 W
2025/02/16 21:27:38.051, 75.76 W
2025/02/16 21:27:38.061, 75.76 W
2025/02/16 21:27:38.071, 75.76 W
2025/02/16 21:27:38.082, 75.76 W
2025/02/16 21:27:38.092, 75.76 W
2025/02/16 21:27:38.102, 75.76 W
2025/02/16 21:27:38.112, 75.76 W
2025/02/16 21:27:38.122, 75.76 W
2025/02/16 21:27:38.132, 75.76 W
2025/02/16 21:27:38.142, 75.76 W
2025/02/16 21:27:38.152, 75.76 W
2025/02/16 21:27:38.162, 75.76 W
2025/02/16 21:27:38.172, 75.76 W
2025/02/16 21:27:38.182, 75.76 W
2025/02/16 21:27:38.192, 75.76 W
2025/02/16 21:27:38.202, 75.76 W
2025/02/16 21:27:38.212, 75.76 W
2025/02/16 21:27:38.223, 75.76 W
2025/02/16 21:27:38.233, 75.76 W
2025/02/16 21:27:38.243, 75.76 W
2025/02/16 21:27:38.253, 75.76 W
2025/02/16 21:27:38.263, 75.76 W
2025/02/16 21:27:38.273, 75.76 W
2025/02/16 21:27:38.283, 75.76 W
2025/02/16 21:27:38.293, 75.76 W
2025/02/16 21:27:38.303, 75.76 W
2025/02/16 21:27:38.313, 75.76 W
2025/02/16 21:27:38.323, 75.76 W
2025/02/16 21:27:38.333, 75.76 W
2025/02/16 21:27:38.343, 75.76 W
2025/02/16 21:27:38.353, 75.76 W
2025/02/16 21:27:38.364, 75.76 W
2025/02/16 21:27:38.374, 75.76 W
2025/02/16 21:27:38.384, 75.76 W
2025/02/16 21:27:38.394, 75.76 W
2025/02/16 21:27:38.404, 75.76 W
2025/02/16 21:27:38.414, 75.76 W
2025/02/16 21:27:38.424, 75.76 W
2025/02/16 21:27:38.434, 75.76 W
2025/02/16 21:27:38.444, 75.76 W
2025/02/16 21:27:38.454, 75.76 W
2025/02/16 21:27:38.464, 75.76 W
2025/02/16 21:27:38.474, 75.76 W
2025/02/16 21:27:38.484, 75.76 W
2025/02/16 21:27:38.494, 75.76 W
2025/02/16 21:27:38.505, 75.76 W
2025/02/16 21:27:38.515, 75.76 W
2025/02/16 21:27:38.525, 75.76 W
2025/02/16 21:27:38.535, 75.76 W
2025/02/16 21:27:38.545, 75.51 W
2025/02/16 21:27:38.555, 75.51 W
2025/02/16 21:27:38.565, 75.51 W
2025/02/16 21:27:38.575, 75.51 W
2025/02/16 21:27:38.585, 75.51 W
2025/02/16 21:27:38.595, 75.51 W
2025/02/16 21:27:38.605, 75.51 W
2025/02/16 21:27:38.615, 75.51 W
2025/02/16 21:27:38.625, 75.51 W
2025/02/16 21:27:38.635, 75.51 W
2025/02/16 21:27:38.646, 75.51 W
2025/02/16 21:27:38.656, 75.51 W
2025/02/16 21:27:38.666, 76.04 W
2025/02/16 21:27:38.676, 76.04 W
2025/02/16 21:27:38.686, 76.04 W
2025/02/16 21:27:38.696, 76.04 W
2025/02/16 21:27:38.706, 76.04 W
2025/02/16 21:27:38.716, 76.04 W
2025/02/16 21:27:38.726, 76.04 W
2025/02/16 21:27:38.736, 76.04 W
2025/02/16 21:27:38.746, 76.04 W
2025/02/16 21:27:38.756, 76.04 W
2025/02/16 21:27:38.766, 76.04 W
2025/02/16 21:27:38.776, 76.04 W
2025/02/16 21:27:38.787, 76.04 W
2025/02/16 21:27:38.797, 76.04 W
2025/02/16 21:27:38.807, 76.04 W
2025/02/16 21:27:38.817, 76.04 W
2025/02/16 21:27:38.827, 76.04 W
2025/02/16 21:27:38.837, 76.04 W
2025/02/16 21:27:38.847, 76.04 W
2025/02/16 21:27:38.857, 76.04 W
2025/02/16 21:27:38.867, 76.04 W
2025/02/16 21:27:38.877, 76.04 W
2025/02/16 21:27:38.887, 76.04 W
2025/02/16 21:27:38.898, 76.04 W
2025/02/16 21:27:38.908, 76.04 W
2025/02/16 21:27:38.918, 76.04 W
2025/02/16 21:27:38.928, 76.04 W
2025/02/16 21:27:38.938, 76.04 W
2025/02/16 21:27:38.948, 76.04 W
2025/02/16 21:27:38.958, 76.04 W
2025/02/16 21:27:38.968, 76.04 W
2025/02/16 21:27:38.978, 76.04 W
2025/02/16 21:27:38.988, 76.04 W
2025/02/16 21:27:38.998, 76.04 W
2025/02/16 21:27:39.008, 76.04 W
2025/02/16 21:27:39.018, 76.04 W
2025/02/16 21:27:39.028, 76.04 W
2025/02/16 21:27:39.039, 76.04 W
2025/02/16 21:27:39.049, 76.04 W
2025/02/16 21:27:39.059, 76.04 W
2025/02/16 21:27:39.069, 76.04 W
2025/02/16 21:27:39.079, 75.76 W
2025/02/16 21:27:39.089, 75.76 W
2025/02/16 21:27:39.099, 75.76 W
2025/02/16 21:27:39.109, 75.76 W
2025/02/16 21:27:39.119, 75.76 W
2025/02/16 21:27:39.129, 75.76 W
2025/02/16 21:27:39.139, 75.76 W
2025/02/16 21:27:39.149, 75.76 W
2025/02/16 21:27:39.159, 76.04 W
2025/02/16 21:27:39.169, 76.04 W
2025/02/16 21:27:39.180, 76.04 W
2025/02/16 21:27:39.190, 76.04 W
2025/02/16 21:27:39.200, 76.04 W
2025/02/16 21:27:39.210, 76.04 W
2025/02/16 21:27:39.220, 76.04 W
2025/02/16 21:27:39.230, 76.04 W
2025/02/16 21:27:39.240, 76.04 W
2025/02/16 21:27:39.250, 76.04 W
2025/02/16 21:27:39.260, 76.04 W
2025/02/16 21:27:39.270, 76.04 W
2025/02/16 21:27:39.280, 75.76 W
2025/02/16 21:27:39.290, 75.76 W
2025/02/16 21:27:39.300, 75.76 W
2025/02/16 21:27:39.310, 75.76 W
2025/02/16 21:27:39.321, 75.76 W
2025/02/16 21:27:39.331, 75.76 W
2025/02/16 21:27:39.341, 75.76 W
2025/02/16 21:27:39.351, 75.76 W
2025/02/16 21:27:39.361, 75.76 W
2025/02/16 21:27:39.371, 76.04 W
2025/02/16 21:27:39.381, 76.04 W
2025/02/16 21:27:39.391, 76.04 W
2025/02/16 21:27:39.401, 76.04 W
2025/02/16 21:27:39.411, 76.04 W
2025/02/16 21:27:39.421, 76.04 W
2025/02/16 21:27:39.431, 76.04 W
2025/02/16 21:27:39.441, 76.04 W
2025/02/16 21:27:39.451, 76.04 W
2025/02/16 21:27:39.462, 76.04 W
2025/02/16 21:27:39.472, 75.96 W
2025/02/16 21:27:39.482, 75.96 W
2025/02/16 21:27:39.492, 75.96 W
2025/02/16 21:27:39.502, 75.96 W
2025/02/16 21:27:39.512, 75.96 W
2025/02/16 21:27:39.522, 75.96 W
2025/02/16 21:27:39.532, 75.96 W
2025/02/16 21:27:39.542, 75.96 W
2025/02/16 21:27:39.552, 75.96 W
2025/02/16 21:27:39.562, 75.96 W
2025/02/16 21:27:39.572, 76.04 W
2025/02/16 21:27:39.582, 76.04 W
2025/02/16 21:27:39.592, 76.04 W
2025/02/16 21:27:39.603, 76.04 W
2025/02/16 21:27:39.613, 76.04 W
2025/02/16 21:27:39.623, 76.04 W
2025/02/16 21:27:39.633, 76.04 W
2025/02/16 21:27:39.643, 76.04 W
2025/02/16 21:27:39.653, 76.04 W
2025/02/16 21:27:39.663, 76.04 W
2025/02/16 21:27:39.673, 76.04 W
2025/02/16 21:27:39.683, 76.04 W
2025/02/16 21:27:39.693, 75.76 W
2025/02/16 21:27:39.703, 75.76 W
2025/02/16 21:27:39.713, 75.76 W
2025/02/16 21:27:39.723, 75.76 W
2025/02/16 21:27:39.733, 75.76 W
2025/02/16 21:27:39.744, 75.76 W
2025/02/16 21:27:39.754, 75.76 W
2025/02/16 21:27:39.764, 75.76 W
2025/02/16 21:27:39.774, 75.76 W
2025/02/16 21:27:39.784, 75.76 W
2025/02/16 21:27:39.794, 75.76 W
2025/02/16 21:27:39.804, 75.76 W
2025/02/16 21:27:39.814, 75.76 W
2025/02/16 21:27:39.824, 75.76 W
2025/02/16 21:27:39.834, 75.76 W
2025/02/16 21:27:39.844, 75.76 W
2025/02/16 21:27:39.854, 75.76 W
2025/02/16 21:27:39.864, 75.76 W
2025/02/16 21:27:39.874, 75.76 W
2025/02/16 21:27:39.885, 75.76 W
2025/02/16 21:27:39.895, 75.76 W
2025/02/16 21:27:39.905, 75.76 W
2025/02/16 21:27:39.915, 75.76 W
2025/02/16 21:27:39.925, 75.76 W
2025/02/16 21:27:39.935, 75.76 W
2025/02/16 21:27:39.945, 75.76 W
2025/02/16 21:27:39.955, 75.76 W
2025/02/16 21:27:39.965, 75.76 W
2025/02/16 21:27:39.980, 76.13 W
2025/02/16 21:27:39.990, 76.13 W
2025/02/16 21:27:40.000, 76.13 W
2025/02/16 21:27:40.010, 76.13 W
2025/02/16 21:27:40.020, 76.13 W
2025/02/16 21:27:40.031, 76.13 W
2025/02/16 21:27:40.041, 76.13 W
2025/02/16 21:27:40.051, 76.13 W
2025/02/16 21:27:40.061, 76.13 W
2025/02/16 21:27:40.071, 76.13 W
2025/02/16 21:27:40.081, 76.13 W
2025/02/16 21:27:40.091, 76.13 W
2025/02/16 21:27:40.101, 75.76 W
2025/02/16 21:27:40.111, 75.76 W
2025/02/16 21:27:40.121, 75.76 W
2025/02/16 21:27:40.131, 75.76 W
2025/02/16 21:27:40.141, 75.76 W
2025/02/16 21:27:40.152, 75.76 W
2025/02/16 21:27:40.162, 75.76 W
2025/02/16 21:27:40.172, 75.76 W
2025/02/16 21:27:40.182, 75.76 W
2025/02/16 21:27:40.192, 75.76 W
2025/02/16 21:27:40.202, 75.76 W
2025/02/16 21:27:40.212, 75.76 W
2025/02/16 21:27:40.222, 75.76 W
2025/02/16 21:27:40.232, 75.76 W
2025/02/16 21:27:40.242, 75.76 W
2025/02/16 21:27:40.252, 75.76 W
2025/02/16 21:27:40.262, 75.76 W
2025/02/16 21:27:40.272, 75.76 W
2025/02/16 21:27:40.283, 75.76 W
2025/02/16 21:27:40.293, 75.76 W
2025/02/16 21:27:40.303, 75.76 W
2025/02/16 21:27:40.313, 75.51 W
2025/02/16 21:27:40.323, 75.51 W
2025/02/16 21:27:40.333, 75.51 W
2025/02/16 21:27:40.343, 75.51 W
2025/02/16 21:27:40.353, 75.51 W
2025/02/16 21:27:40.363, 75.51 W
2025/02/16 21:27:40.373, 75.51 W
2025/02/16 21:27:40.383, 75.51 W
2025/02/16 21:27:40.393, 75.51 W
2025/02/16 21:27:40.403, 75.51 W
2025/02/16 21:27:40.414, 75.51 W
2025/02/16 21:27:40.424, 75.51 W
2025/02/16 21:27:40.434, 75.51 W
2025/02/16 21:27:40.444, 75.51 W
2025/02/16 21:27:40.454, 75.51 W
2025/02/16 21:27:40.464, 75.51 W
2025/02/16 21:27:40.474, 75.51 W
2025/02/16 21:27:40.484, 75.51 W
2025/02/16 21:27:40.494, 75.51 W
2025/02/16 21:27:40.504, 75.51 W
2025/02/16 21:27:40.514, 75.51 W
2025/02/16 21:27:40.524, 75.51 W
2025/02/16 21:27:40.535, 75.51 W
2025/02/16 21:27:40.545, 75.51 W
2025/02/16 21:27:40.555, 75.51 W
2025/02/16 21:27:40.565, 75.51 W
2025/02/16 21:27:40.575, 75.51 W
2025/02/16 21:27:40.585, 75.51 W
2025/02/16 21:27:40.595, 75.76 W
2025/02/16 21:27:40.605, 75.76 W
2025/02/16 21:27:40.615, 75.76 W
2025/02/16 21:27:40.625, 75.76 W
2025/02/16 21:27:40.635, 75.76 W
2025/02/16 21:27:40.645, 75.76 W
2025/02/16 21:27:40.655, 75.76 W
2025/02/16 21:27:40.666, 75.76 W
2025/02/16 21:27:40.676, 75.76 W
2025/02/16 21:27:40.686, 75.76 W
2025/02/16 21:27:40.696, 75.76 W
2025/02/16 21:27:40.706, 75.76 W
2025/02/16 21:27:40.716, 75.76 W
2025/02/16 21:27:40.726, 75.76 W
2025/02/16 21:27:40.736, 75.76 W
2025/02/16 21:27:40.746, 75.76 W
2025/02/16 21:27:40.756, 75.76 W
2025/02/16 21:27:40.766, 75.76 W
2025/02/16 21:27:40.776, 75.76 W
2025/02/16 21:27:40.787, 75.76 W
2025/02/16 21:27:40.797, 75.76 W
2025/02/16 21:27:40.807, 75.76 W
2025/02/16 21:27:40.817, 75.76 W
2025/02/16 21:27:40.827, 75.76 W
2025/02/16 21:27:40.837, 75.76 W
2025/02/16 21:27:40.847, 75.76 W
2025/02/16 21:27:40.857, 75.76 W
2025/02/16 21:27:40.867, 75.76 W
2025/02/16 21:27:40.877, 75.76 W
2025/02/16 21:27:40.887, 75.76 W
2025/02/16 21:27:40.897, 75.76 W
2025/02/16 21:27:40.908, 75.76 W
2025/02/16 21:27:40.918, 75.76 W
2025/02/16 21:27:40.928, 75.51 W
2025/02/16 21:27:40.938, 75.51 W
2025/02/16 21:27:40.948, 75.51 W
2025/02/16 21:27:40.958, 75.51 W
2025/02/16 21:27:40.968, 75.51 W
2025/02/16 21:27:40.978, 75.51 W
2025/02/16 21:27:40.988, 75.51 W
2025/02/16 21:27:40.998, 75.51 W
2025/02/16 21:27:41.008, 75.51 W
2025/02/16 21:27:41.018, 75.51 W
2025/02/16 21:27:41.029, 75.51 W
2025/02/16 21:27:41.039, 75.51 W
2025/02/16 21:27:41.049, 75.51 W
2025/02/16 21:27:41.059, 75.51 W
2025/02/16 21:27:41.069, 75.51 W
2025/02/16 21:27:41.079, 75.51 W
2025/02/16 21:27:41.089, 75.51 W
2025/02/16 21:27:41.099, 75.51 W
2025/02/16 21:27:41.109, 75.51 W
2025/02/16 21:27:41.119, 75.51 W
2025/02/16 21:27:41.129, 75.76 W
2025/02/16 21:27:41.139, 75.76 W
2025/02/16 21:27:41.149, 75.76 W
2025/02/16 21:27:41.160, 75.76 W
2025/02/16 21:27:41.170, 75.76 W
2025/02/16 21:27:41.180, 75.76 W
2025/02/16 21:27:41.190, 75.76 W
2025/02/16 21:27:41.204, 75.76 W
2025/02/16 21:27:41.214, 75.76 W
2025/02/16 21:27:41.224, 75.76 W
2025/02/16 21:27:41.234, 75.76 W
2025/02/16 21:27:41.244, 75.76 W
2025/02/16 21:27:41.254, 75.76 W
2025/02/16 21:27:41.264, 75.76 W
2025/02/16 21:27:41.274, 75.76 W
2025/02/16 21:27:41.284, 75.76 W
2025/02/16 21:27:41.295, 75.76 W
2025/02/16 21:27:41.305, 75.76 W
2025/02/16 21:27:41.315, 75.76 W
2025/02/16 21:27:41.325, 75.76 W
2025/02/16 21:27:41.335, 75.76 W
2025/02/16 21:27:41.345, 75.76 W
2025/02/16 21:27:41.355, 75.76 W
2025/02/16 21:27:41.365, 75.76 W
2025/02/16 21:27:41.375, 75.76 W
2025/02/16 21:27:41.385, 75.76 W
2025/02/16 21:27:41.395, 75.76 W
2025/02/16 21:27:41.405, 75.76 W
2025/02/16 21:27:41.415, 75.76 W
2025/02/16 21:27:41.425, 75.76 W
2025/02/16 21:27:41.436, 75.76 W
2025/02/16 21:27:41.446, 75.76 W
2025/02/16 21:27:41.456, 75.76 W
2025/02/16 21:27:41.466, 75.76 W
2025/02/16 21:27:41.476, 75.76 W
2025/02/16 21:27:41.486, 75.76 W
2025/02/16 21:27:41.496, 75.76 W
2025/02/16 21:27:41.506, 75.76 W
2025/02/16 21:27:41.516, 75.76 W
2025/02/16 21:27:41.526, 75.76 W
2025/02/16 21:27:41.536, 75.76 W
2025/02/16 21:27:41.546, 75.76 W
2025/02/16 21:27:41.556, 75.76 W
2025/02/16 21:27:41.566, 75.76 W
2025/02/16 21:27:41.577, 75.76 W
2025/02/16 21:27:41.587, 75.76 W
2025/02/16 21:27:41.597, 75.76 W
2025/02/16 21:27:41.607, 75.76 W
2025/02/16 21:27:41.617, 75.76 W
2025/02/16 21:27:41.627, 75.76 W
2025/02/16 21:27:41.637, 75.76 W
2025/02/16 21:27:41.647, 75.76 W
2025/02/16 21:27:41.657, 75.76 W
2025/02/16 21:27:41.667, 75.76 W
2025/02/16 21:27:41.677, 75.76 W
2025/02/16 21:27:41.687, 75.76 W
2025/02/16 21:27:41.697, 75.76 W
2025/02/16 21:27:41.707, 75.76 W
2025/02/16 21:27:41.718, 75.76 W
2025/02/16 21:27:41.728, 75.76 W
2025/02/16 21:27:41.738, 75.76 W
2025/02/16 21:27:41.748, 75.76 W
2025/02/16 21:27:41.758, 75.76 W
2025/02/16 21:27:41.768, 75.76 W
2025/02/16 21:27:41.778, 75.76 W
2025/02/16 21:27:41.788, 75.76 W
2025/02/16 21:27:41.798, 75.76 W
2025/02/16 21:27:41.808, 75.76 W
2025/02/16 21:27:41.818, 75.76 W
2025/02/16 21:27:41.828, 75.76 W
2025/02/16 21:27:41.838, 75.76 W
2025/02/16 21:27:41.848, 75.76 W
2025/02/16 21:27:41.859, 75.76 W
2025/02/16 21:27:41.869, 75.76 W
2025/02/16 21:27:41.879, 75.76 W
2025/02/16 21:27:41.889, 75.76 W
2025/02/16 21:27:41.899, 75.76 W
2025/02/16 21:27:41.909, 75.76 W
2025/02/16 21:27:41.919, 75.76 W
2025/02/16 21:27:41.929, 75.76 W
2025/02/16 21:27:41.939, 75.76 W
2025/02/16 21:27:41.949, 75.76 W
2025/02/16 21:27:41.959, 75.76 W
2025/02/16 21:27:41.969, 75.76 W
2025/02/16 21:27:41.979, 75.76 W
2025/02/16 21:27:41.989, 75.76 W
2025/02/16 21:27:42.000, 75.76 W
2025/02/16 21:27:42.010, 75.76 W
2025/02/16 21:27:42.020, 75.76 W
2025/02/16 21:27:42.030, 75.76 W
2025/02/16 21:27:42.040, 75.76 W
2025/02/16 21:27:42.050, 75.76 W
2025/02/16 21:27:42.060, 75.76 W
2025/02/16 21:27:42.070, 75.76 W
2025/02/16 21:27:42.080, 75.76 W
2025/02/16 21:27:42.090, 75.76 W
2025/02/16 21:27:42.100, 75.76 W
2025/02/16 21:27:42.110, 75.76 W
2025/02/16 21:27:42.120, 75.76 W
2025/02/16 21:27:42.130, 75.76 W
2025/02/16 21:27:42.141, 75.76 W
2025/02/16 21:27:42.151, 75.76 W
2025/02/16 21:27:42.161, 75.76 W
2025/02/16 21:27:42.171, 75.76 W
2025/02/16 21:27:42.181, 75.76 W
2025/02/16 21:27:42.191, 75.76 W
2025/02/16 21:27:42.201, 75.76 W
2025/02/16 21:27:42.211, 75.76 W
2025/02/16 21:27:42.221, 75.76 W
2025/02/16 21:27:42.231, 75.76 W
2025/02/16 21:27:42.241, 75.76 W
2025/02/16 21:27:42.251, 75.76 W
2025/02/16 21:27:42.261, 75.76 W
2025/02/16 21:27:42.271, 75.76 W
2025/02/16 21:27:42.282, 75.76 W
2025/02/16 21:27:42.292, 75.76 W
2025/02/16 21:27:42.302, 75.76 W
2025/02/16 21:27:42.312, 75.76 W
2025/02/16 21:27:42.322, 75.76 W
2025/02/16 21:27:42.332, 75.76 W
2025/02/16 21:27:42.342, 75.76 W
2025/02/16 21:27:42.352, 76.04 W
2025/02/16 21:27:42.362, 76.04 W
2025/02/16 21:27:42.372, 76.04 W
2025/02/16 21:27:42.382, 76.04 W
2025/02/16 21:27:42.392, 76.04 W
2025/02/16 21:27:42.402, 76.04 W
2025/02/16 21:27:42.412, 76.04 W
2025/02/16 21:27:42.423, 76.04 W
2025/02/16 21:27:42.433, 76.04 W
2025/02/16 21:27:42.443, 76.04 W
2025/02/16 21:27:42.453, 76.04 W
2025/02/16 21:27:42.463, 75.76 W
2025/02/16 21:27:42.473, 75.76 W
2025/02/16 21:27:42.483, 75.76 W
2025/02/16 21:27:42.493, 75.76 W
2025/02/16 21:27:42.503, 75.76 W
2025/02/16 21:27:42.513, 75.76 W
2025/02/16 21:27:42.523, 75.76 W
2025/02/16 21:27:42.533, 75.76 W
2025/02/16 21:27:42.543, 75.76 W
2025/02/16 21:27:42.553, 75.76 W
2025/02/16 21:27:42.564, 75.76 W
2025/02/16 21:27:42.574, 75.76 W
2025/02/16 21:27:42.584, 75.76 W
2025/02/16 21:27:42.594, 75.76 W
2025/02/16 21:27:42.604, 75.76 W
2025/02/16 21:27:42.614, 75.76 W
2025/02/16 21:27:42.624, 75.76 W
2025/02/16 21:27:42.634, 75.76 W
2025/02/16 21:27:42.644, 76.04 W
2025/02/16 21:27:42.654, 76.04 W
2025/02/16 21:27:42.664, 76.04 W
2025/02/16 21:27:42.674, 76.04 W
2025/02/16 21:27:42.684, 76.04 W
2025/02/16 21:27:42.694, 76.04 W
2025/02/16 21:27:42.705, 76.04 W
2025/02/16 21:27:42.715, 76.04 W
2025/02/16 21:27:42.725, 76.04 W
2025/02/16 21:27:42.735, 76.04 W
2025/02/16 21:27:42.745, 76.04 W
2025/02/16 21:27:42.755, 76.04 W
2025/02/16 21:27:42.765, 75.96 W
2025/02/16 21:27:42.775, 75.96 W
2025/02/16 21:27:42.785, 75.96 W
2025/02/16 21:27:42.795, 75.96 W
2025/02/16 21:27:42.805, 75.96 W
2025/02/16 21:27:42.815, 75.96 W
2025/02/16 21:27:42.825, 75.96 W
2025/02/16 21:27:42.835, 75.96 W
2025/02/16 21:27:42.846, 76.04 W
2025/02/16 21:27:42.856, 76.04 W
2025/02/16 21:27:42.866, 76.04 W
2025/02/16 21:27:42.876, 76.04 W
2025/02/16 21:27:42.886, 76.04 W
2025/02/16 21:27:42.896, 76.04 W
2025/02/16 21:27:42.906, 76.04 W
2025/02/16 21:27:42.916, 76.04 W
2025/02/16 21:27:42.926, 76.04 W
2025/02/16 21:27:42.936, 76.04 W
2025/02/16 21:27:42.946, 76.04 W
2025/02/16 21:27:42.956, 76.04 W
2025/02/16 21:27:42.966, 76.04 W
2025/02/16 21:27:42.976, 76.04 W
2025/02/16 21:27:42.987, 76.04 W
2025/02/16 21:27:42.997, 76.04 W
2025/02/16 21:27:43.007, 76.04 W
2025/02/16 21:27:43.017, 76.04 W
2025/02/16 21:27:43.027, 76.04 W
2025/02/16 21:27:43.037, 76.04 W
2025/02/16 21:27:43.047, 76.04 W
2025/02/16 21:27:43.057, 76.04 W
2025/02/16 21:27:43.067, 76.04 W
2025/02/16 21:27:43.077, 76.04 W
2025/02/16 21:27:43.087, 76.04 W
2025/02/16 21:27:43.097, 76.04 W
2025/02/16 21:27:43.107, 76.04 W
2025/02/16 21:27:43.117, 76.04 W
2025/02/16 21:27:43.128, 76.04 W
2025/02/16 21:27:43.138, 76.04 W
2025/02/16 21:27:43.148, 76.04 W
2025/02/16 21:27:43.158, 76.04 W
2025/02/16 21:27:43.168, 76.04 W
2025/02/16 21:27:43.178, 75.96 W
2025/02/16 21:27:43.188, 75.96 W
2025/02/16 21:27:43.198, 75.96 W
2025/02/16 21:27:43.208, 75.96 W
2025/02/16 21:27:43.218, 75.96 W
2025/02/16 21:27:43.228, 75.96 W
2025/02/16 21:27:43.238, 75.96 W
2025/02/16 21:27:43.248, 75.96 W
2025/02/16 21:27:43.258, 76.04 W
2025/02/16 21:27:43.269, 76.04 W
2025/02/16 21:27:43.279, 76.04 W
2025/02/16 21:27:43.289, 76.04 W
2025/02/16 21:27:43.299, 76.04 W
2025/02/16 21:27:43.309, 76.04 W
2025/02/16 21:27:43.319, 76.04 W
2025/02/16 21:27:43.329, 76.04 W
2025/02/16 21:27:43.339, 76.04 W
2025/02/16 21:27:43.349, 76.04 W
2025/02/16 21:27:43.359, 76.04 W
2025/02/16 21:27:43.369, 76.04 W
2025/02/16 21:27:43.379, 76.04 W
2025/02/16 21:27:43.389, 76.04 W
2025/02/16 21:27:43.399, 76.04 W
2025/02/16 21:27:43.410, 76.04 W
2025/02/16 21:27:43.420, 76.04 W
2025/02/16 21:27:43.430, 76.04 W
2025/02/16 21:27:43.440, 76.04 W
2025/02/16 21:27:43.450, 76.04 W
2025/02/16 21:27:43.460, 76.04 W
2025/02/16 21:27:43.470, 76.04 W
2025/02/16 21:27:43.480, 76.04 W
2025/02/16 21:27:43.490, 76.04 W
2025/02/16 21:27:43.500, 76.04 W
2025/02/16 21:27:43.510, 76.04 W
2025/02/16 21:27:43.520, 76.04 W
2025/02/16 21:27:43.530, 76.04 W
2025/02/16 21:27:43.540, 76.04 W
2025/02/16 21:27:43.551, 76.04 W
2025/02/16 21:27:43.561, 76.04 W
2025/02/16 21:27:43.571, 76.04 W
2025/02/16 21:27:43.581, 76.04 W
2025/02/16 21:27:43.591, 76.04 W
2025/02/16 21:27:43.601, 76.04 W
2025/02/16 21:27:43.611, 76.04 W
2025/02/16 21:27:43.621, 76.04 W
2025/02/16 21:27:43.631, 76.04 W
2025/02/16 21:27:43.641, 76.04 W
2025/02/16 21:27:43.651, 76.04 W
2025/02/16 21:27:43.661, 76.04 W
2025/02/16 21:27:43.671, 76.04 W
2025/02/16 21:27:43.681, 76.04 W
2025/02/16 21:27:43.692, 76.04 W
2025/02/16 21:27:43.702, 76.04 W
2025/02/16 21:27:43.712, 76.04 W
2025/02/16 21:27:43.722, 76.04 W
2025/02/16 21:27:43.732, 76.04 W
2025/02/16 21:27:43.742, 76.04 W
2025/02/16 21:27:43.752, 76.04 W
2025/02/16 21:27:43.762, 76.04 W
2025/02/16 21:27:43.772, 76.04 W
2025/02/16 21:27:43.782, 76.04 W
2025/02/16 21:27:43.792, 75.96 W
2025/02/16 21:27:43.802, 75.96 W
2025/02/16 21:27:43.812, 75.96 W
2025/02/16 21:27:43.822, 75.96 W
2025/02/16 21:27:43.833, 75.96 W
2025/02/16 21:27:43.843, 75.96 W
2025/02/16 21:27:43.853, 75.96 W
2025/02/16 21:27:43.863, 75.96 W
2025/02/16 21:27:43.873, 75.96 W
2025/02/16 21:27:43.883, 75.96 W
2025/02/16 21:27:43.893, 75.96 W
2025/02/16 21:27:43.903, 75.96 W
2025/02/16 21:27:43.913, 75.96 W
2025/02/16 21:27:43.923, 75.96 W
2025/02/16 21:27:43.933, 75.96 W
2025/02/16 21:27:43.943, 75.96 W
2025/02/16 21:27:43.953, 75.96 W
2025/02/16 21:27:43.963, 75.96 W
2025/02/16 21:27:43.974, 75.96 W
2025/02/16 21:27:43.984, 75.96 W
2025/02/16 21:27:43.994, 76.04 W
2025/02/16 21:27:44.004, 76.04 W
2025/02/16 21:27:44.014, 76.04 W
2025/02/16 21:27:44.024, 76.04 W
2025/02/16 21:27:44.034, 76.04 W
2025/02/16 21:27:44.044, 76.04 W
2025/02/16 21:27:44.054, 76.04 W
2025/02/16 21:27:44.064, 76.04 W
2025/02/16 21:27:44.074, 76.04 W
2025/02/16 21:27:44.084, 75.84 W
2025/02/16 21:27:44.094, 75.84 W
2025/02/16 21:27:44.104, 75.84 W
2025/02/16 21:27:44.115, 75.84 W
2025/02/16 21:27:44.125, 75.84 W
2025/02/16 21:27:44.135, 75.84 W
2025/02/16 21:27:44.145, 75.84 W
2025/02/16 21:27:44.155, 75.84 W
2025/02/16 21:27:44.165, 75.84 W
2025/02/16 21:27:44.175, 75.84 W
2025/02/16 21:27:44.185, 75.84 W
2025/02/16 21:27:44.195, 75.84 W
2025/02/16 21:27:44.205, 76.04 W
2025/02/16 21:27:44.215, 76.04 W
2025/02/16 21:27:44.225, 76.04 W
2025/02/16 21:27:44.235, 76.04 W
2025/02/16 21:27:44.245, 76.04 W
2025/02/16 21:27:44.256, 76.04 W
2025/02/16 21:27:44.266, 76.04 W
2025/02/16 21:27:44.276, 76.04 W
2025/02/16 21:27:44.286, 76.04 W
2025/02/16 21:27:44.296, 76.04 W
2025/02/16 21:27:44.306, 76.04 W
2025/02/16 21:27:44.316, 76.04 W
2025/02/16 21:27:44.326, 76.04 W
2025/02/16 21:27:44.336, 76.04 W
2025/02/16 21:27:44.346, 76.04 W
2025/02/16 21:27:44.356, 76.04 W
2025/02/16 21:27:44.366, 76.04 W
2025/02/16 21:27:44.376, 76.04 W
2025/02/16 21:27:44.386, 76.04 W
2025/02/16 21:27:44.397, 76.04 W
2025/02/16 21:27:44.407, 76.04 W
2025/02/16 21:27:44.417, 76.04 W
2025/02/16 21:27:44.427, 76.04 W
2025/02/16 21:27:44.437, 76.04 W
2025/02/16 21:27:44.447, 76.04 W
2025/02/16 21:27:44.457, 76.04 W
2025/02/16 21:27:44.467, 76.04 W
2025/02/16 21:27:44.477, 76.04 W
2025/02/16 21:27:44.487, 76.04 W
2025/02/16 21:27:44.497, 76.04 W
2025/02/16 21:27:44.507, 76.04 W
2025/02/16 21:27:44.517, 76.04 W
2025/02/16 21:27:44.527, 76.04 W
2025/02/16 21:27:44.538, 76.04 W
2025/02/16 21:27:44.548, 76.04 W
2025/02/16 21:27:44.558, 76.04 W
2025/02/16 21:27:44.568, 76.04 W
2025/02/16 21:27:44.578, 76.04 W
2025/02/16 21:27:44.588, 76.04 W
2025/02/16 21:27:44.598, 76.04 W
2025/02/16 21:27:44.608, 76.04 W
2025/02/16 21:27:44.618, 76.04 W
2025/02/16 21:27:44.628, 76.04 W
2025/02/16 21:27:44.638, 76.04 W
2025/02/16 21:27:44.648, 76.04 W
2025/02/16 21:27:44.658, 76.04 W
2025/02/16 21:27:44.668, 76.04 W
2025/02/16 21:27:44.679, 76.04 W
2025/02/16 21:27:44.689, 76.04 W
2025/02/16 21:27:44.699, 76.04 W
2025/02/16 21:27:44.709, 76.04 W
2025/02/16 21:27:44.719, 76.04 W
2025/02/16 21:27:44.729, 76.04 W
2025/02/16 21:27:44.739, 76.04 W
2025/02/16 21:27:44.749, 76.04 W
2025/02/16 21:27:44.759, 76.04 W
2025/02/16 21:27:44.769, 76.04 W
2025/02/16 21:27:44.779, 76.04 W
2025/02/16 21:27:44.789, 76.04 W
2025/02/16 21:27:44.799, 76.04 W
2025/02/16 21:27:44.809, 76.04 W
2025/02/16 21:27:44.820, 76.04 W
2025/02/16 21:27:44.830, 76.04 W
2025/02/16 21:27:44.840, 76.04 W
2025/02/16 21:27:44.850, 76.04 W
2025/02/16 21:27:44.860, 76.04 W
2025/02/16 21:27:44.870, 76.04 W
2025/02/16 21:27:44.880, 76.04 W
2025/02/16 21:27:44.890, 76.04 W
2025/02/16 21:27:44.900, 76.04 W
2025/02/16 21:27:44.910, 76.04 W
2025/02/16 21:27:44.920, 76.04 W
2025/02/16 21:27:44.930, 76.04 W
2025/02/16 21:27:44.940, 76.04 W
2025/02/16 21:27:44.950, 76.04 W
2025/02/16 21:27:44.961, 76.04 W
2025/02/16 21:27:44.971, 76.04 W
2025/02/16 21:27:44.981, 76.04 W
2025/02/16 21:27:44.991, 76.04 W
2025/02/16 21:27:45.001, 76.04 W
2025/02/16 21:27:45.011, 76.04 W
2025/02/16 21:27:45.021, 76.04 W
2025/02/16 21:27:45.031, 76.04 W
2025/02/16 21:27:45.041, 76.04 W
2025/02/16 21:27:45.051, 76.04 W
2025/02/16 21:27:45.061, 76.04 W
2025/02/16 21:27:45.071, 76.04 W
2025/02/16 21:27:45.081, 76.04 W
2025/02/16 21:27:45.091, 76.04 W
2025/02/16 21:27:45.102, 76.04 W
2025/02/16 21:27:45.112, 76.04 W
2025/02/16 21:27:45.122, 76.04 W
2025/02/16 21:27:45.132, 76.04 W
2025/02/16 21:27:45.142, 76.04 W
2025/02/16 21:27:45.152, 76.04 W
2025/02/16 21:27:45.162, 76.04 W
2025/02/16 21:27:45.172, 76.04 W
2025/02/16 21:27:45.182, 76.04 W
2025/02/16 21:27:45.192, 76.04 W
2025/02/16 21:27:45.202, 76.04 W
2025/02/16 21:27:45.212, 76.04 W
2025/02/16 21:27:45.222, 75.76 W
2025/02/16 21:27:45.232, 75.76 W
2025/02/16 21:27:45.243, 75.76 W
2025/02/16 21:27:45.253, 75.76 W
2025/02/16 21:27:45.263, 75.76 W
2025/02/16 21:27:45.273, 75.76 W
2025/02/16 21:27:45.283, 75.76 W
2025/02/16 21:27:45.293, 75.76 W
2025/02/16 21:27:45.303, 75.76 W
2025/02/16 21:27:45.313, 76.04 W
2025/02/16 21:27:45.323, 76.04 W
2025/02/16 21:27:45.333, 76.04 W
2025/02/16 21:27:45.343, 76.04 W
2025/02/16 21:27:45.353, 76.04 W
2025/02/16 21:27:45.363, 76.04 W
2025/02/16 21:27:45.373, 76.04 W
2025/02/16 21:27:45.384, 76.04 W
2025/02/16 21:27:45.394, 76.04 W
2025/02/16 21:27:45.404, 76.04 W
2025/02/16 21:27:45.414, 76.04 W
2025/02/16 21:27:45.424, 76.04 W
2025/02/16 21:27:45.434, 76.04 W
2025/02/16 21:27:45.444, 76.04 W
2025/02/16 21:27:45.454, 76.04 W
2025/02/16 21:27:45.464, 76.04 W
2025/02/16 21:27:45.474, 76.04 W
2025/02/16 21:27:45.484, 76.04 W
2025/02/16 21:27:45.494, 76.04 W
2025/02/16 21:27:45.504, 76.04 W
2025/02/16 21:27:45.514, 76.04 W
2025/02/16 21:27:45.525, 76.04 W
2025/02/16 21:27:45.535, 75.76 W
2025/02/16 21:27:45.545, 75.76 W
2025/02/16 21:27:45.555, 75.76 W
2025/02/16 21:27:45.565, 75.76 W
2025/02/16 21:27:45.575, 75.76 W
2025/02/16 21:27:45.585, 75.76 W
2025/02/16 21:27:45.595, 75.76 W
2025/02/16 21:27:45.605, 75.76 W
2025/02/16 21:27:45.615, 75.76 W
2025/02/16 21:27:45.625, 75.76 W
2025/02/16 21:27:45.635, 75.76 W
2025/02/16 21:27:45.645, 75.76 W
2025/02/16 21:27:45.655, 75.76 W
2025/02/16 21:27:45.666, 75.76 W
2025/02/16 21:27:45.676, 75.76 W
2025/02/16 21:27:45.686, 75.76 W
2025/02/16 21:27:45.696, 75.76 W
2025/02/16 21:27:45.706, 75.76 W
2025/02/16 21:27:45.716, 76.04 W
2025/02/16 21:27:45.726, 76.04 W
2025/02/16 21:27:45.736, 76.04 W
2025/02/16 21:27:45.746, 76.04 W
2025/02/16 21:27:45.756, 76.04 W
2025/02/16 21:27:45.766, 76.04 W
2025/02/16 21:27:45.776, 76.04 W
2025/02/16 21:27:45.786, 76.04 W
2025/02/16 21:27:45.796, 76.04 W
2025/02/16 21:27:45.807, 76.04 W
2025/02/16 21:27:45.817, 76.04 W
2025/02/16 21:27:45.827, 76.04 W
2025/02/16 21:27:45.837, 75.76 W
2025/02/16 21:27:45.847, 75.76 W
2025/02/16 21:27:45.857, 75.76 W
2025/02/16 21:27:45.867, 75.76 W
2025/02/16 21:27:45.877, 75.76 W
2025/02/16 21:27:45.887, 75.76 W
2025/02/16 21:27:45.897, 75.76 W
2025/02/16 21:27:45.907, 75.76 W
2025/02/16 21:27:45.917, 75.76 W
2025/02/16 21:27:45.927, 75.76 W
2025/02/16 21:27:45.937, 75.76 W
2025/02/16 21:27:45.948, 75.76 W
2025/02/16 21:27:45.958, 75.76 W
2025/02/16 21:27:45.968, 75.76 W
2025/02/16 21:27:45.978, 75.76 W
2025/02/16 21:27:45.988, 75.76 W
2025/02/16 21:27:45.998, 75.76 W
2025/02/16 21:27:46.008, 75.76 W
2025/02/16 21:27:46.018, 75.76 W
2025/02/16 21:27:46.028, 75.76 W
2025/02/16 21:27:46.038, 75.76 W
2025/02/16 21:27:46.048, 76.04 W
2025/02/16 21:27:46.058, 76.04 W
2025/02/16 21:27:46.068, 76.04 W
2025/02/16 21:27:46.078, 76.04 W
2025/02/16 21:27:46.089, 76.04 W
2025/02/16 21:27:46.099, 76.04 W
2025/02/16 21:27:46.109, 76.04 W
2025/02/16 21:27:46.119, 76.04 W
2025/02/16 21:27:46.129, 76.04 W
2025/02/16 21:27:46.139, 76.04 W
2025/02/16 21:27:46.149, 76.04 W
2025/02/16 21:27:46.159, 76.04 W
2025/02/16 21:27:46.169, 76.04 W
2025/02/16 21:27:46.179, 76.04 W
2025/02/16 21:27:46.189, 76.04 W
2025/02/16 21:27:46.199, 76.04 W
2025/02/16 21:27:46.209, 76.04 W
2025/02/16 21:27:46.219, 76.04 W
2025/02/16 21:27:46.230, 76.04 W
2025/02/16 21:27:46.240, 76.04 W
2025/02/16 21:27:46.250, 75.76 W
2025/02/16 21:27:46.260, 75.76 W
2025/02/16 21:27:46.270, 75.76 W
2025/02/16 21:27:46.280, 75.76 W
2025/02/16 21:27:46.290, 75.76 W
2025/02/16 21:27:46.300, 75.76 W
2025/02/16 21:27:46.310, 75.76 W
2025/02/16 21:27:46.320, 75.76 W
2025/02/16 21:27:46.330, 75.76 W
2025/02/16 21:27:46.340, 75.76 W
2025/02/16 21:27:46.350, 75.76 W
2025/02/16 21:27:46.360, 75.76 W
2025/02/16 21:27:46.371, 75.76 W
2025/02/16 21:27:46.381, 75.76 W
2025/02/16 21:27:46.391, 75.76 W
2025/02/16 21:27:46.401, 75.76 W
2025/02/16 21:27:46.411, 75.76 W
2025/02/16 21:27:46.421, 75.76 W
2025/02/16 21:27:46.431, 75.84 W
2025/02/16 21:27:46.441, 75.84 W
2025/02/16 21:27:46.451, 75.84 W
2025/02/16 21:27:46.461, 75.84 W
2025/02/16 21:27:46.471, 75.84 W
2025/02/16 21:27:46.481, 75.84 W
2025/02/16 21:27:46.491, 75.84 W
2025/02/16 21:27:46.501, 75.84 W
2025/02/16 21:27:46.512, 75.84 W
2025/02/16 21:27:46.522, 75.84 W
2025/02/16 21:27:46.532, 75.84 W
2025/02/16 21:27:46.542, 76.04 W
2025/02/16 21:27:46.552, 76.04 W
2025/02/16 21:27:46.562, 76.04 W
2025/02/16 21:27:46.572, 76.04 W
2025/02/16 21:27:46.582, 76.04 W
2025/02/16 21:27:46.592, 76.04 W
2025/02/16 21:27:46.602, 76.04 W
2025/02/16 21:27:46.612, 76.04 W
2025/02/16 21:27:46.622, 76.04 W
2025/02/16 21:27:46.632, 76.04 W
2025/02/16 21:27:46.642, 76.04 W
2025/02/16 21:27:46.653, 76.04 W
2025/02/16 21:27:46.663, 75.76 W
2025/02/16 21:27:46.673, 75.76 W
2025/02/16 21:27:46.683, 75.76 W
2025/02/16 21:27:46.693, 75.76 W
2025/02/16 21:27:46.703, 75.76 W
2025/02/16 21:27:46.713, 75.76 W
2025/02/16 21:27:46.723, 75.76 W
2025/02/16 21:27:46.733, 75.76 W
2025/02/16 21:27:46.743, 75.76 W
2025/02/16 21:27:46.753, 75.76 W
2025/02/16 21:27:46.763, 75.76 W
2025/02/16 21:27:46.773, 75.76 W
2025/02/16 21:27:46.783, 75.76 W
2025/02/16 21:27:46.794, 75.76 W
2025/02/16 21:27:46.804, 75.76 W
2025/02/16 21:27:46.814, 75.76 W
2025/02/16 21:27:46.824, 75.76 W
2025/02/16 21:27:46.834, 75.76 W
2025/02/16 21:27:46.844, 75.76 W
2025/02/16 21:27:46.854, 75.76 W
2025/02/16 21:27:46.864, 76.04 W
2025/02/16 21:27:46.874, 76.04 W
2025/02/16 21:27:46.884, 76.04 W
2025/02/16 21:27:46.894, 76.04 W
2025/02/16 21:27:46.904, 76.04 W
2025/02/16 21:27:46.914, 76.04 W
2025/02/16 21:27:46.924, 76.04 W
2025/02/16 21:27:46.935, 76.04 W
2025/02/16 21:27:46.945, 75.76 W
2025/02/16 21:27:46.955, 75.76 W
2025/02/16 21:27:46.965, 75.76 W
2025/02/16 21:27:46.975, 75.76 W
2025/02/16 21:27:46.985, 75.76 W
2025/02/16 21:27:46.995, 75.76 W
2025/02/16 21:27:47.005, 75.76 W
2025/02/16 21:27:47.015, 75.76 W
2025/02/16 21:27:47.025, 75.76 W
2025/02/16 21:27:47.035, 75.76 W
2025/02/16 21:27:47.045, 75.76 W
2025/02/16 21:27:47.055, 75.76 W
2025/02/16 21:27:47.065, 76.04 W
2025/02/16 21:27:47.076, 76.04 W
2025/02/16 21:27:47.086, 76.04 W
2025/02/16 21:27:47.096, 76.04 W
2025/02/16 21:27:47.106, 76.04 W
2025/02/16 21:27:47.116, 76.04 W
2025/02/16 21:27:47.126, 76.04 W
2025/02/16 21:27:47.136, 76.04 W
2025/02/16 21:27:47.146, 76.04 W
2025/02/16 21:27:47.156, 76.04 W
2025/02/16 21:27:47.166, 76.04 W
2025/02/16 21:27:47.176, 76.04 W
2025/02/16 21:27:47.186, 76.04 W
2025/02/16 21:27:47.196, 76.04 W
2025/02/16 21:27:47.206, 76.04 W
2025/02/16 21:27:47.217, 76.04 W
2025/02/16 21:27:47.227, 76.04 W
2025/02/16 21:27:47.237, 76.04 W
2025/02/16 21:27:47.247, 76.04 W
2025/02/16 21:27:47.257, 76.04 W
2025/02/16 21:27:47.267, 76.04 W
2025/02/16 21:27:47.277, 76.29 W
2025/02/16 21:27:47.287, 76.29 W
2025/02/16 21:27:47.297, 76.29 W
2025/02/16 21:27:47.307, 76.29 W
2025/02/16 21:27:47.317, 76.29 W
2025/02/16 21:27:47.327, 76.29 W
2025/02/16 21:27:47.337, 76.29 W
2025/02/16 21:27:47.347, 76.29 W
2025/02/16 21:27:47.358, 76.04 W
2025/02/16 21:27:47.368, 76.04 W
2025/02/16 21:27:47.378, 76.04 W
2025/02/16 21:27:47.388, 76.04 W
2025/02/16 21:27:47.398, 76.04 W
2025/02/16 21:27:47.408, 76.04 W
2025/02/16 21:27:47.418, 76.04 W
2025/02/16 21:27:47.428, 76.04 W
2025/02/16 21:27:47.438, 76.04 W
2025/02/16 21:27:47.448, 76.04 W
2025/02/16 21:27:47.458, 76.04 W
2025/02/16 21:27:47.468, 76.04 W
2025/02/16 21:27:47.478, 76.13 W
2025/02/16 21:27:47.488, 76.13 W
2025/02/16 21:27:47.499, 76.13 W
2025/02/16 21:27:47.509, 76.13 W
2025/02/16 21:27:47.519, 76.13 W
2025/02/16 21:27:47.529, 76.13 W
2025/02/16 21:27:47.539, 76.13 W
2025/02/16 21:27:47.549, 76.13 W
2025/02/16 21:27:47.559, 76.04 W
2025/02/16 21:27:47.569, 76.04 W
2025/02/16 21:27:47.579, 76.04 W
2025/02/16 21:27:47.589, 76.04 W
2025/02/16 21:27:47.599, 76.04 W
2025/02/16 21:27:47.609, 76.04 W
2025/02/16 21:27:47.619, 76.04 W
2025/02/16 21:27:47.630, 76.04 W
2025/02/16 21:27:47.640, 76.04 W
2025/02/16 21:27:47.650, 76.04 W
2025/02/16 21:27:47.660, 76.04 W
2025/02/16 21:27:47.670, 76.04 W
2025/02/16 21:27:47.680, 76.04 W
2025/02/16 21:27:47.690, 76.04 W
2025/02/16 21:27:47.700, 76.04 W
2025/02/16 21:27:47.710, 76.04 W
2025/02/16 21:27:47.720, 76.04 W
2025/02/16 21:27:47.730, 76.04 W
2025/02/16 21:27:47.740, 76.04 W
2025/02/16 21:27:47.750, 76.04 W
2025/02/16 21:27:47.760, 76.04 W
2025/02/16 21:27:47.771, 76.04 W
2025/02/16 21:27:47.781, 76.04 W
2025/02/16 21:27:47.791, 76.04 W
2025/02/16 21:27:47.801, 76.04 W
2025/02/16 21:27:47.811, 76.04 W
2025/02/16 21:27:47.821, 76.04 W
2025/02/16 21:27:47.831, 76.04 W
2025/02/16 21:27:47.841, 76.04 W
2025/02/16 21:27:47.851, 76.04 W
2025/02/16 21:27:47.861, 76.04 W
2025/02/16 21:27:47.871, 76.04 W
2025/02/16 21:27:47.881, 76.04 W
2025/02/16 21:27:47.891, 76.04 W
2025/02/16 21:27:47.901, 76.04 W
2025/02/16 21:27:47.912, 76.04 W
2025/02/16 21:27:47.922, 76.04 W
2025/02/16 21:27:47.932, 76.04 W
2025/02/16 21:27:47.942, 76.04 W
2025/02/16 21:27:47.952, 76.04 W
2025/02/16 21:27:47.962, 76.04 W
2025/02/16 21:27:47.972, 76.04 W
2025/02/16 21:27:47.982, 76.04 W
2025/02/16 21:27:47.992, 76.04 W
2025/02/16 21:27:48.002, 76.04 W
2025/02/16 21:27:48.012, 76.04 W
2025/02/16 21:27:48.022, 76.04 W
2025/02/16 21:27:48.032, 76.04 W
2025/02/16 21:27:48.042, 76.04 W
2025/02/16 21:27:48.053, 76.04 W
2025/02/16 21:27:48.063, 76.04 W
2025/02/16 21:27:48.073, 76.04 W
2025/02/16 21:27:48.083, 76.04 W
2025/02/16 21:27:48.093, 76.04 W
2025/02/16 21:27:48.103, 76.04 W
2025/02/16 21:27:48.113, 76.04 W
2025/02/16 21:27:48.123, 76.04 W
2025/02/16 21:27:48.133, 76.04 W
2025/02/16 21:27:48.143, 76.04 W
2025/02/16 21:27:48.153, 76.04 W
2025/02/16 21:27:48.163, 76.04 W
2025/02/16 21:27:48.173, 76.04 W
2025/02/16 21:27:48.183, 76.04 W
2025/02/16 21:27:48.194, 76.04 W
2025/02/16 21:27:48.204, 76.04 W
2025/02/16 21:27:48.214, 76.04 W
2025/02/16 21:27:48.224, 76.04 W
2025/02/16 21:27:48.234, 76.04 W
2025/02/16 21:27:48.244, 76.04 W
2025/02/16 21:27:48.254, 76.04 W
2025/02/16 21:27:48.264, 76.04 W
2025/02/16 21:27:48.274, 76.04 W
2025/02/16 21:27:48.284, 76.04 W
2025/02/16 21:27:48.294, 75.76 W
2025/02/16 21:27:48.304, 75.76 W
2025/02/16 21:27:48.314, 75.76 W
2025/02/16 21:27:48.324, 75.76 W
2025/02/16 21:27:48.335, 75.76 W
2025/02/16 21:27:48.345, 75.76 W
2025/02/16 21:27:48.355, 75.76 W
2025/02/16 21:27:48.365, 75.76 W
2025/02/16 21:27:48.375, 75.76 W
2025/02/16 21:27:48.385, 76.04 W
2025/02/16 21:27:48.395, 76.04 W
2025/02/16 21:27:48.405, 76.04 W
2025/02/16 21:27:48.415, 76.04 W
2025/02/16 21:27:48.425, 76.04 W
2025/02/16 21:27:48.435, 76.04 W
2025/02/16 21:27:48.445, 76.04 W
2025/02/16 21:27:48.455, 76.04 W
2025/02/16 21:27:48.465, 76.04 W
2025/02/16 21:27:48.476, 76.04 W
2025/02/16 21:27:48.486, 76.04 W
2025/02/16 21:27:48.496, 76.04 W
2025/02/16 21:27:48.506, 76.04 W
2025/02/16 21:27:48.516, 76.04 W
2025/02/16 21:27:48.526, 76.04 W
2025/02/16 21:27:48.536, 76.04 W
2025/02/16 21:27:48.546, 76.04 W
2025/02/16 21:27:48.556, 76.04 W
2025/02/16 21:27:48.566, 76.04 W
2025/02/16 21:27:48.576, 76.04 W
2025/02/16 21:27:48.586, 76.04 W
2025/02/16 21:27:48.596, 76.04 W
2025/02/16 21:27:48.606, 76.04 W
2025/02/16 21:27:48.617, 76.04 W
2025/02/16 21:27:48.627, 76.04 W
2025/02/16 21:27:48.637, 76.04 W
2025/02/16 21:27:48.647, 76.04 W
2025/02/16 21:27:48.657, 76.04 W
2025/02/16 21:27:48.667, 76.04 W
2025/02/16 21:27:48.677, 76.04 W
2025/02/16 21:27:48.687, 76.04 W
2025/02/16 21:27:48.697, 76.04 W
2025/02/16 21:27:48.707, 76.04 W
2025/02/16 21:27:48.717, 76.04 W
2025/02/16 21:27:48.727, 76.04 W
2025/02/16 21:27:48.737, 76.04 W
2025/02/16 21:27:48.747, 76.04 W
2025/02/16 21:27:48.758, 76.04 W
2025/02/16 21:27:48.768, 76.04 W
2025/02/16 21:27:48.778, 76.04 W
2025/02/16 21:27:48.788, 76.04 W
2025/02/16 21:27:48.798, 76.04 W
2025/02/16 21:27:48.808, 76.04 W
2025/02/16 21:27:48.818, 76.04 W
2025/02/16 21:27:48.828, 76.04 W
2025/02/16 21:27:48.838, 76.04 W
2025/02/16 21:27:48.848, 76.04 W
2025/02/16 21:27:48.858, 76.04 W
2025/02/16 21:27:48.868, 76.04 W
2025/02/16 21:27:48.878, 76.04 W
2025/02/16 21:27:48.888, 76.04 W
2025/02/16 21:27:48.899, 76.04 W
2025/02/16 21:27:48.909, 75.76 W
2025/02/16 21:27:48.919, 75.76 W
2025/02/16 21:27:48.929, 75.76 W
2025/02/16 21:27:48.939, 75.76 W
2025/02/16 21:27:48.949, 75.76 W
2025/02/16 21:27:48.959, 75.76 W
2025/02/16 21:27:48.969, 75.76 W
2025/02/16 21:27:48.979, 75.76 W
2025/02/16 21:27:48.989, 75.76 W
2025/02/16 21:27:48.999, 75.93 W
2025/02/16 21:27:49.009, 75.93 W
2025/02/16 21:27:49.019, 75.93 W
2025/02/16 21:27:49.034, 75.93 W
2025/02/16 21:27:49.044, 75.93 W
2025/02/16 21:27:49.054, 75.93 W
2025/02/16 21:27:49.064, 75.93 W
2025/02/16 21:27:49.074, 75.93 W
2025/02/16 21:27:49.084, 75.93 W
2025/02/16 21:27:49.094, 75.93 W
2025/02/16 21:27:49.104, 75.93 W
2025/02/16 21:27:49.114, 76.22 W
2025/02/16 21:27:49.124, 76.22 W
2025/02/16 21:27:49.134, 76.22 W
2025/02/16 21:27:49.144, 76.22 W
2025/02/16 21:27:49.154, 76.22 W
2025/02/16 21:27:49.164, 76.22 W
2025/02/16 21:27:49.175, 76.22 W
2025/02/16 21:27:49.185, 76.22 W
2025/02/16 21:27:49.195, 76.22 W
2025/02/16 21:27:49.205, 75.68 W
2025/02/16 21:27:49.215, 75.68 W
2025/02/16 21:27:49.225, 75.68 W
2025/02/16 21:27:49.235, 75.68 W
2025/02/16 21:27:49.245, 75.68 W
2025/02/16 21:27:49.255, 75.68 W
2025/02/16 21:27:49.265, 75.68 W
2025/02/16 21:27:49.275, 75.68 W
2025/02/16 21:27:49.285, 75.68 W
2025/02/16 21:27:49.295, 75.68 W
2025/02/16 21:27:49.305, 75.68 W
2025/02/16 21:27:49.316, 75.68 W
2025/02/16 21:27:49.326, 75.68 W
2025/02/16 21:27:49.336, 75.68 W
2025/02/16 21:27:49.346, 75.68 W
2025/02/16 21:27:49.356, 75.68 W
2025/02/16 21:27:49.366, 75.68 W
2025/02/16 21:27:49.376, 75.68 W
2025/02/16 21:27:49.386, 75.68 W
2025/02/16 21:27:49.396, 75.68 W
2025/02/16 21:27:49.406, 75.68 W
2025/02/16 21:27:49.416, 75.68 W
2025/02/16 21:27:49.426, 75.68 W
2025/02/16 21:27:49.436, 75.68 W
2025/02/16 21:27:49.446, 75.68 W
2025/02/16 21:27:49.457, 75.68 W
2025/02/16 21:27:49.467, 75.68 W
2025/02/16 21:27:49.477, 75.68 W
2025/02/16 21:27:49.487, 75.68 W
2025/02/16 21:27:49.497, 75.68 W
2025/02/16 21:27:49.507, 75.68 W
2025/02/16 21:27:49.517, 75.68 W
2025/02/16 21:27:49.527, 75.68 W
2025/02/16 21:27:49.537, 75.68 W
2025/02/16 21:27:49.547, 75.68 W
2025/02/16 21:27:49.557, 75.68 W
2025/02/16 21:27:49.567, 75.68 W
2025/02/16 21:27:49.577, 75.68 W
2025/02/16 21:27:49.587, 75.68 W
2025/02/16 21:27:49.598, 75.68 W
2025/02/16 21:27:49.608, 75.68 W
2025/02/16 21:27:49.618, 75.68 W
2025/02/16 21:27:49.628, 75.68 W
2025/02/16 21:27:49.638, 75.68 W
2025/02/16 21:27:49.648, 75.68 W
2025/02/16 21:27:49.658, 75.68 W
2025/02/16 21:27:49.668, 75.68 W
2025/02/16 21:27:49.678, 75.68 W
2025/02/16 21:27:49.688, 75.68 W
2025/02/16 21:27:49.698, 75.68 W
2025/02/16 21:27:49.708, 75.68 W
2025/02/16 21:27:49.718, 75.68 W
2025/02/16 21:27:49.728, 75.68 W
2025/02/16 21:27:49.739, 75.68 W
2025/02/16 21:27:49.749, 75.68 W
2025/02/16 21:27:49.759, 75.68 W
2025/02/16 21:27:49.769, 75.68 W
2025/02/16 21:27:49.779, 75.68 W
2025/02/16 21:27:49.789, 75.68 W
2025/02/16 21:27:49.799, 75.68 W
2025/02/16 21:27:49.809, 75.93 W
2025/02/16 21:27:49.819, 75.93 W
2025/02/16 21:27:49.829, 75.93 W
2025/02/16 21:27:49.839, 75.93 W
2025/02/16 21:27:49.849, 75.93 W
2025/02/16 21:27:49.859, 75.93 W
2025/02/16 21:27:49.869, 75.93 W
2025/02/16 21:27:49.880, 75.93 W
2025/02/16 21:27:49.890, 75.93 W
2025/02/16 21:27:49.900, 75.93 W
2025/02/16 21:27:49.910, 75.93 W
2025/02/16 21:27:49.920, 75.93 W
2025/02/16 21:27:49.930, 75.93 W
2025/02/16 21:27:49.940, 75.68 W
2025/02/16 21:27:49.950, 75.68 W
2025/02/16 21:27:49.960, 75.68 W
2025/02/16 21:27:49.970, 75.68 W
2025/02/16 21:27:49.980, 75.68 W
2025/02/16 21:27:49.990, 75.68 W
2025/02/16 21:27:50.000, 75.68 W
2025/02/16 21:27:50.010, 75.68 W
2025/02/16 21:27:50.021, 75.93 W
2025/02/16 21:27:50.031, 75.93 W
2025/02/16 21:27:50.041, 75.93 W
2025/02/16 21:27:50.051, 75.93 W
2025/02/16 21:27:50.061, 75.93 W
2025/02/16 21:27:50.071, 75.93 W
2025/02/16 21:27:50.081, 75.93 W
2025/02/16 21:27:50.091, 75.93 W
2025/02/16 21:27:50.101, 75.93 W
2025/02/16 21:27:50.111, 75.93 W
2025/02/16 21:27:50.121, 75.93 W
2025/02/16 21:27:50.131, 75.93 W
2025/02/16 21:27:50.141, 75.68 W
2025/02/16 21:27:50.151, 75.68 W
2025/02/16 21:27:50.162, 75.68 W
2025/02/16 21:27:50.172, 75.68 W
2025/02/16 21:27:50.182, 75.68 W
2025/02/16 21:27:50.192, 75.68 W
2025/02/16 21:27:50.202, 75.68 W
2025/02/16 21:27:50.212, 75.68 W
2025/02/16 21:27:50.222, 75.93 W
2025/02/16 21:27:50.232, 75.93 W
2025/02/16 21:27:50.247, 75.93 W
2025/02/16 21:27:50.257, 75.93 W
2025/02/16 21:27:50.268, 75.93 W
2025/02/16 21:27:50.278, 75.93 W
2025/02/16 21:27:50.288, 75.93 W
2025/02/16 21:27:50.298, 75.93 W
2025/02/16 21:27:50.308, 75.93 W
2025/02/16 21:27:50.318, 75.93 W
2025/02/16 21:27:50.328, 75.93 W
2025/02/16 21:27:50.338, 75.93 W
2025/02/16 21:27:50.348, 75.68 W
2025/02/16 21:27:50.358, 75.68 W
2025/02/16 21:27:50.368, 75.68 W
2025/02/16 21:27:50.379, 75.68 W
2025/02/16 21:27:50.389, 75.68 W
2025/02/16 21:27:50.399, 75.68 W
2025/02/16 21:27:50.409, 75.68 W
2025/02/16 21:27:50.419, 75.68 W
2025/02/16 21:27:50.429, 76.22 W
2025/02/16 21:27:50.439, 76.22 W
2025/02/16 21:27:50.449, 76.22 W
2025/02/16 21:27:50.459, 76.22 W
2025/02/16 21:27:50.469, 76.22 W
2025/02/16 21:27:50.479, 76.22 W
2025/02/16 21:27:50.489, 76.22 W
2025/02/16 21:27:50.499, 76.22 W
2025/02/16 21:27:50.510, 76.22 W
2025/02/16 21:27:50.520, 76.22 W
2025/02/16 21:27:50.530, 76.22 W
2025/02/16 21:27:50.540, 76.22 W
2025/02/16 21:27:50.550, 76.22 W
2025/02/16 21:27:50.560, 76.22 W
2025/02/16 21:27:50.570, 76.22 W
2025/02/16 21:27:50.580, 76.22 W
2025/02/16 21:27:50.590, 76.22 W
2025/02/16 21:27:50.600, 76.22 W
2025/02/16 21:27:50.610, 76.22 W
2025/02/16 21:27:50.620, 76.22 W
2025/02/16 21:27:50.630, 76.22 W
2025/02/16 21:27:50.640, 76.22 W
2025/02/16 21:27:50.651, 76.22 W
2025/02/16 21:27:50.661, 76.22 W
2025/02/16 21:27:50.671, 76.22 W
2025/02/16 21:27:50.681, 76.22 W
2025/02/16 21:27:50.691, 76.22 W
2025/02/16 21:27:50.701, 76.22 W
2025/02/16 21:27:50.711, 76.22 W
2025/02/16 21:27:50.721, 76.22 W
2025/02/16 21:27:50.731, 76.22 W
2025/02/16 21:27:50.741, 76.22 W
2025/02/16 21:27:50.751, 75.93 W
2025/02/16 21:27:50.761, 75.93 W
2025/02/16 21:27:50.771, 75.93 W
2025/02/16 21:27:50.781, 75.93 W
2025/02/16 21:27:50.792, 75.93 W
2025/02/16 21:27:50.802, 75.93 W
2025/02/16 21:27:50.812, 75.93 W
2025/02/16 21:27:50.822, 75.93 W
2025/02/16 21:27:50.832, 75.93 W
2025/02/16 21:27:50.842, 75.93 W
2025/02/16 21:27:50.852, 75.93 W
2025/02/16 21:27:50.862, 75.93 W
2025/02/16 21:27:50.872, 75.93 W
2025/02/16 21:27:50.882, 75.93 W
2025/02/16 21:27:50.892, 75.93 W
2025/02/16 21:27:50.902, 75.93 W
2025/02/16 21:27:50.912, 75.93 W
2025/02/16 21:27:50.922, 75.93 W
2025/02/16 21:27:50.933, 75.93 W
2025/02/16 21:27:50.943, 75.93 W
2025/02/16 21:27:50.953, 75.93 W
2025/02/16 21:27:50.963, 76.22 W
2025/02/16 21:27:50.973, 76.22 W
2025/02/16 21:27:50.983, 76.22 W
2025/02/16 21:27:50.993, 76.22 W
2025/02/16 21:27:51.003, 76.22 W
2025/02/16 21:27:51.013, 76.22 W
2025/02/16 21:27:51.023, 76.22 W
2025/02/16 21:27:51.033, 76.22 W
2025/02/16 21:27:51.043, 76.22 W
2025/02/16 21:27:51.053, 76.22 W
2025/02/16 21:27:51.063, 76.22 W
2025/02/16 21:27:51.074, 76.22 W
2025/02/16 21:27:51.084, 76.22 W
2025/02/16 21:27:51.094, 76.22 W
2025/02/16 21:27:51.104, 76.22 W
2025/02/16 21:27:51.114, 76.22 W
2025/02/16 21:27:51.124, 76.22 W
2025/02/16 21:27:51.134, 76.22 W
2025/02/16 21:27:51.144, 76.22 W
2025/02/16 21:27:51.154, 76.22 W
2025/02/16 21:27:51.164, 76.22 W
2025/02/16 21:27:51.174, 76.22 W
2025/02/16 21:27:51.184, 76.22 W
2025/02/16 21:27:51.194, 76.22 W
2025/02/16 21:27:51.204, 76.22 W
2025/02/16 21:27:51.215, 76.22 W
2025/02/16 21:27:51.225, 76.22 W
2025/02/16 21:27:51.235, 76.22 W
2025/02/16 21:27:51.245, 76.22 W
2025/02/16 21:27:51.255, 76.22 W
2025/02/16 21:27:51.265, 76.22 W
2025/02/16 21:27:51.275, 76.22 W
2025/02/16 21:27:51.285, 76.22 W
2025/02/16 21:27:51.295, 76.22 W
2025/02/16 21:27:51.305, 76.22 W
2025/02/16 21:27:51.315, 76.22 W
2025/02/16 21:27:51.325, 76.22 W
2025/02/16 21:27:51.335, 76.22 W
2025/02/16 21:27:51.345, 76.22 W
2025/02/16 21:27:51.356, 76.22 W
2025/02/16 21:27:51.366, 76.22 W
2025/02/16 21:27:51.376, 76.22 W
2025/02/16 21:27:51.386, 76.22 W
2025/02/16 21:27:51.396, 76.22 W
2025/02/16 21:27:51.406, 76.22 W
2025/02/16 21:27:51.416, 76.22 W
2025/02/16 21:27:51.426, 76.22 W
2025/02/16 21:27:51.436, 76.22 W
2025/02/16 21:27:51.446, 76.22 W
2025/02/16 21:27:51.456, 76.22 W
2025/02/16 21:27:51.466, 76.22 W
2025/02/16 21:27:51.476, 76.22 W
2025/02/16 21:27:51.486, 76.22 W
2025/02/16 21:27:51.497, 76.22 W
2025/02/16 21:27:51.507, 76.22 W
2025/02/16 21:27:51.517, 76.22 W
2025/02/16 21:27:51.527, 76.22 W
2025/02/16 21:27:51.537, 76.22 W
2025/02/16 21:27:51.547, 76.22 W
2025/02/16 21:27:51.557, 76.22 W
2025/02/16 21:27:51.567, 76.22 W
2025/02/16 21:27:51.577, 76.22 W
2025/02/16 21:27:51.587, 76.22 W
2025/02/16 21:27:51.597, 76.22 W
2025/02/16 21:27:51.607, 76.22 W
2025/02/16 21:27:51.617, 76.22 W
2025/02/16 21:27:51.627, 76.22 W
2025/02/16 21:27:51.638, 76.22 W
2025/02/16 21:27:51.648, 76.22 W
2025/02/16 21:27:51.658, 76.22 W
2025/02/16 21:27:51.668, 76.22 W
2025/02/16 21:27:51.678, 76.22 W
2025/02/16 21:27:51.688, 76.22 W
2025/02/16 21:27:51.698, 76.22 W
2025/02/16 21:27:51.708, 76.22 W
2025/02/16 21:27:51.718, 76.22 W
2025/02/16 21:27:51.728, 76.22 W
2025/02/16 21:27:51.738, 76.22 W
2025/02/16 21:27:51.748, 76.22 W
2025/02/16 21:27:51.758, 76.22 W
2025/02/16 21:27:51.768, 76.22 W
2025/02/16 21:27:51.779, 76.22 W
2025/02/16 21:27:51.789, 76.22 W
2025/02/16 21:27:51.799, 76.22 W
2025/02/16 21:27:51.809, 76.22 W
2025/02/16 21:27:51.819, 76.22 W
2025/02/16 21:27:51.829, 76.22 W
2025/02/16 21:27:51.839, 76.22 W
2025/02/16 21:27:51.849, 76.22 W
2025/02/16 21:27:51.859, 75.93 W
2025/02/16 21:27:51.869, 75.93 W
2025/02/16 21:27:51.879, 75.93 W
2025/02/16 21:27:51.889, 75.93 W
2025/02/16 21:27:51.899, 75.93 W
2025/02/16 21:27:51.909, 75.93 W
2025/02/16 21:27:51.920, 75.93 W
2025/02/16 21:27:51.930, 75.93 W
2025/02/16 21:27:51.940, 75.93 W
2025/02/16 21:27:51.950, 75.93 W
2025/02/16 21:27:51.960, 75.93 W
2025/02/16 21:27:51.970, 75.93 W
2025/02/16 21:27:51.980, 75.93 W
2025/02/16 21:27:51.990, 75.93 W
2025/02/16 21:27:52.000, 75.93 W
2025/02/16 21:27:52.010, 75.93 W
2025/02/16 21:27:52.020, 75.93 W
2025/02/16 21:27:52.030, 75.93 W
2025/02/16 21:27:52.040, 75.93 W
2025/02/16 21:27:52.050, 75.93 W
2025/02/16 21:27:52.061, 75.93 W
2025/02/16 21:27:52.071, 76.22 W
2025/02/16 21:27:52.081, 76.22 W
2025/02/16 21:27:52.091, 76.22 W
2025/02/16 21:27:52.101, 76.22 W
2025/02/16 21:27:52.111, 76.22 W
2025/02/16 21:27:52.121, 76.22 W
2025/02/16 21:27:52.131, 76.22 W
2025/02/16 21:27:52.141, 76.22 W
2025/02/16 21:27:52.151, 76.22 W
2025/02/16 21:27:52.161, 76.22 W
2025/02/16 21:27:52.171, 76.22 W
2025/02/16 21:27:52.181, 76.22 W
2025/02/16 21:27:52.191, 76.22 W
2025/02/16 21:27:52.202, 76.22 W
2025/02/16 21:27:52.212, 76.22 W
2025/02/16 21:27:52.222, 76.22 W
2025/02/16 21:27:52.232, 76.22 W
2025/02/16 21:27:52.242, 76.22 W
2025/02/16 21:27:52.252, 76.22 W
2025/02/16 21:27:52.262, 76.22 W
2025/02/16 21:27:52.272, 76.22 W
2025/02/16 21:27:52.282, 76.22 W
2025/02/16 21:27:52.292, 76.22 W
2025/02/16 21:27:52.302, 76.22 W
2025/02/16 21:27:52.312, 76.22 W
2025/02/16 21:27:52.322, 76.22 W
2025/02/16 21:27:52.333, 76.22 W
2025/02/16 21:27:52.343, 76.22 W
2025/02/16 21:27:52.353, 76.22 W
2025/02/16 21:27:52.363, 76.22 W
2025/02/16 21:27:52.373, 76.22 W
2025/02/16 21:27:52.383, 76.22 W
2025/02/16 21:27:52.393, 76.04 W
2025/02/16 21:27:52.403, 76.04 W
2025/02/16 21:27:52.413, 76.04 W
2025/02/16 21:27:52.423, 76.04 W
2025/02/16 21:27:52.433, 76.04 W
2025/02/16 21:27:52.443, 76.04 W
2025/02/16 21:27:52.454, 76.04 W
2025/02/16 21:27:52.464, 76.04 W
2025/02/16 21:27:52.474, 76.04 W
2025/02/16 21:27:52.484, 76.04 W
2025/02/16 21:27:52.494, 76.04 W
2025/02/16 21:27:52.504, 76.37 W
2025/02/16 21:27:52.514, 76.37 W
2025/02/16 21:27:52.524, 76.37 W
2025/02/16 21:27:52.534, 76.37 W
2025/02/16 21:27:52.544, 76.37 W
2025/02/16 21:27:52.554, 76.37 W
2025/02/16 21:27:52.564, 76.37 W
2025/02/16 21:27:52.575, 76.37 W
2025/02/16 21:27:52.585, 76.04 W
2025/02/16 21:27:52.595, 76.04 W
2025/02/16 21:27:52.605, 76.04 W
2025/02/16 21:27:52.615, 76.04 W
2025/02/16 21:27:52.625, 76.04 W
2025/02/16 21:27:52.635, 76.04 W
2025/02/16 21:27:52.645, 76.04 W
2025/02/16 21:27:52.655, 76.04 W
2025/02/16 21:27:52.665, 76.04 W
2025/02/16 21:27:52.675, 76.04 W
2025/02/16 21:27:52.685, 76.04 W
2025/02/16 21:27:52.696, 76.04 W
2025/02/16 21:27:52.706, 76.04 W
2025/02/16 21:27:52.716, 76.04 W
2025/02/16 21:27:52.726, 76.04 W
2025/02/16 21:27:52.736, 76.04 W
2025/02/16 21:27:52.746, 76.04 W
2025/02/16 21:27:52.756, 76.04 W
2025/02/16 21:27:52.766, 76.04 W
2025/02/16 21:27:52.776, 76.04 W
2025/02/16 21:27:52.786, 76.04 W
2025/02/16 21:27:52.796, 76.04 W
2025/02/16 21:27:52.806, 75.76 W
2025/02/16 21:27:52.817, 75.76 W
2025/02/16 21:27:52.827, 75.76 W
2025/02/16 21:27:52.837, 75.76 W
2025/02/16 21:27:52.847, 75.76 W
2025/02/16 21:27:52.857, 75.76 W
2025/02/16 21:27:52.867, 75.76 W
2025/02/16 21:27:52.877, 75.76 W
2025/02/16 21:27:52.887, 76.04 W
2025/02/16 21:27:52.897, 76.04 W
2025/02/16 21:27:52.907, 76.04 W
2025/02/16 21:27:52.917, 76.04 W
2025/02/16 21:27:52.927, 76.04 W
2025/02/16 21:27:52.938, 76.04 W
2025/02/16 21:27:52.948, 76.04 W
2025/02/16 21:27:52.958, 76.04 W
2025/02/16 21:27:52.968, 76.04 W
2025/02/16 21:27:52.978, 76.04 W
2025/02/16 21:27:52.988, 76.04 W
2025/02/16 21:27:52.998, 76.04 W
2025/02/16 21:27:53.008, 76.04 W
2025/02/16 21:27:53.018, 76.04 W
2025/02/16 21:27:53.028, 76.04 W
2025/02/16 21:27:53.038, 76.04 W
2025/02/16 21:27:53.048, 76.04 W
2025/02/16 21:27:53.059, 76.04 W
2025/02/16 21:27:53.069, 76.04 W
2025/02/16 21:27:53.079, 76.04 W
2025/02/16 21:27:53.089, 76.04 W
2025/02/16 21:27:53.099, 76.04 W
2025/02/16 21:27:53.109, 76.04 W
2025/02/16 21:27:53.119, 76.04 W
2025/02/16 21:27:53.129, 76.04 W
2025/02/16 21:27:53.139, 76.04 W
2025/02/16 21:27:53.149, 76.04 W
2025/02/16 21:27:53.159, 76.04 W
2025/02/16 21:27:53.169, 76.04 W
2025/02/16 21:27:53.179, 76.04 W
2025/02/16 21:27:53.190, 76.04 W
2025/02/16 21:27:53.200, 76.04 W
2025/02/16 21:27:53.210, 76.04 W
2025/02/16 21:27:53.220, 76.04 W
2025/02/16 21:27:53.230, 76.04 W
2025/02/16 21:27:53.240, 76.04 W
2025/02/16 21:27:53.250, 76.04 W
2025/02/16 21:27:53.260, 76.04 W
2025/02/16 21:27:53.270, 76.04 W
2025/02/16 21:27:53.280, 76.04 W
2025/02/16 21:27:53.290, 76.04 W
2025/02/16 21:27:53.300, 76.04 W
2025/02/16 21:27:53.310, 76.04 W
2025/02/16 21:27:53.320, 76.04 W
2025/02/16 21:27:53.331, 76.04 W
2025/02/16 21:27:53.341, 76.04 W
2025/02/16 21:27:53.351, 76.04 W
2025/02/16 21:27:53.361, 76.04 W
2025/02/16 21:27:53.371, 76.04 W
2025/02/16 21:27:53.381, 76.04 W
2025/02/16 21:27:53.391, 76.04 W
2025/02/16 21:27:53.401, 76.04 W
2025/02/16 21:27:53.411, 76.04 W
2025/02/16 21:27:53.421, 76.04 W
2025/02/16 21:27:53.431, 76.04 W
2025/02/16 21:27:53.441, 76.04 W
2025/02/16 21:27:53.451, 76.04 W
2025/02/16 21:27:53.461, 76.04 W
2025/02/16 21:27:53.472, 76.04 W
2025/02/16 21:27:53.482, 76.04 W
2025/02/16 21:27:53.492, 76.04 W
2025/02/16 21:27:53.502, 76.04 W
2025/02/16 21:27:53.512, 76.04 W
2025/02/16 21:27:53.522, 75.84 W
2025/02/16 21:27:53.532, 75.84 W
2025/02/16 21:27:53.542, 75.84 W
2025/02/16 21:27:53.552, 75.84 W
2025/02/16 21:27:53.562, 75.84 W
2025/02/16 21:27:53.572, 75.84 W
2025/02/16 21:27:53.582, 75.84 W
2025/02/16 21:27:53.592, 75.84 W
2025/02/16 21:27:53.602, 76.04 W
2025/02/16 21:27:53.613, 76.04 W
2025/02/16 21:27:53.623, 76.04 W
2025/02/16 21:27:53.633, 76.04 W
2025/02/16 21:27:53.643, 76.04 W
2025/02/16 21:27:53.653, 76.04 W
2025/02/16 21:27:53.663, 76.04 W
2025/02/16 21:27:53.673, 76.04 W
2025/02/16 21:27:53.683, 76.04 W
2025/02/16 21:27:53.693, 76.04 W
2025/02/16 21:27:53.703, 76.04 W
2025/02/16 21:27:53.713, 76.04 W
2025/02/16 21:27:53.723, 76.04 W
2025/02/16 21:27:53.733, 76.04 W
2025/02/16 21:27:53.743, 76.04 W
2025/02/16 21:27:53.754, 76.04 W
2025/02/16 21:27:53.764, 76.04 W
2025/02/16 21:27:53.774, 76.04 W
2025/02/16 21:27:53.784, 76.04 W
2025/02/16 21:27:53.794, 76.04 W
2025/02/16 21:27:53.804, 76.04 W
2025/02/16 21:27:53.814, 76.04 W
2025/02/16 21:27:53.824, 76.04 W
2025/02/16 21:27:53.834, 75.76 W
2025/02/16 21:27:53.844, 75.76 W
2025/02/16 21:27:53.854, 75.76 W
2025/02/16 21:27:53.864, 75.76 W
2025/02/16 21:27:53.874, 75.76 W
2025/02/16 21:27:53.884, 75.76 W
2025/02/16 21:27:53.895, 75.76 W
2025/02/16 21:27:53.905, 75.76 W
2025/02/16 21:27:53.915, 75.76 W
2025/02/16 21:27:53.925, 75.76 W
2025/02/16 21:27:53.935, 75.76 W
2025/02/16 21:27:53.945, 75.76 W
2025/02/16 21:27:53.955, 75.76 W
2025/02/16 21:27:53.965, 75.76 W
2025/02/16 21:27:53.975, 75.76 W
2025/02/16 21:27:53.985, 75.76 W
2025/02/16 21:27:53.995, 75.76 W
2025/02/16 21:27:54.005, 75.76 W
2025/02/16 21:27:54.015, 75.76 W
2025/02/16 21:27:54.025, 75.76 W
2025/02/16 21:27:54.036, 76.04 W
2025/02/16 21:27:54.046, 76.04 W
2025/02/16 21:27:54.056, 76.04 W
2025/02/16 21:27:54.066, 76.04 W
2025/02/16 21:27:54.076, 76.04 W
2025/02/16 21:27:54.086, 76.04 W
2025/02/16 21:27:54.096, 76.04 W
2025/02/16 21:27:54.106, 76.04 W
2025/02/16 21:27:54.116, 76.29 W
2025/02/16 21:27:54.126, 76.29 W
2025/02/16 21:27:54.136, 76.29 W
2025/02/16 21:27:54.146, 76.29 W
2025/02/16 21:27:54.156, 76.29 W
2025/02/16 21:27:54.166, 76.29 W
2025/02/16 21:27:54.177, 76.29 W
2025/02/16 21:27:54.187, 76.29 W
2025/02/16 21:27:54.197, 76.29 W
2025/02/16 21:27:54.207, 76.29 W
2025/02/16 21:27:54.217, 76.29 W
2025/02/16 21:27:54.227, 76.29 W
2025/02/16 21:27:54.237, 76.37 W
2025/02/16 21:27:54.247, 76.37 W
2025/02/16 21:27:54.257, 76.37 W
2025/02/16 21:27:54.267, 76.37 W
2025/02/16 21:27:54.277, 76.37 W
2025/02/16 21:27:54.287, 76.37 W
2025/02/16 21:27:54.297, 76.37 W
2025/02/16 21:27:54.307, 76.37 W
2025/02/16 21:27:54.318, 76.37 W
2025/02/16 21:27:54.328, 76.04 W
2025/02/16 21:27:54.338, 76.04 W
2025/02/16 21:27:54.348, 76.04 W
2025/02/16 21:27:54.358, 76.04 W
2025/02/16 21:27:54.368, 76.04 W
2025/02/16 21:27:54.378, 76.04 W
2025/02/16 21:27:54.388, 76.04 W
2025/02/16 21:27:54.398, 76.04 W
2025/02/16 21:27:54.408, 76.04 W
2025/02/16 21:27:54.418, 76.04 W
2025/02/16 21:27:54.428, 76.04 W
2025/02/16 21:27:54.438, 76.04 W
2025/02/16 21:27:54.448, 76.04 W
2025/02/16 21:27:54.459, 76.04 W
2025/02/16 21:27:54.469, 76.04 W
2025/02/16 21:27:54.479, 76.04 W
2025/02/16 21:27:54.489, 76.04 W
2025/02/16 21:27:54.499, 76.04 W
2025/02/16 21:27:54.509, 76.04 W
2025/02/16 21:27:54.519, 76.04 W
2025/02/16 21:27:54.529, 76.04 W
2025/02/16 21:27:54.539, 76.04 W
2025/02/16 21:27:54.549, 76.04 W
2025/02/16 21:27:54.559, 76.04 W
2025/02/16 21:27:54.569, 76.04 W
2025/02/16 21:27:54.579, 76.04 W
2025/02/16 21:27:54.589, 76.04 W
2025/02/16 21:27:54.600, 76.04 W
2025/02/16 21:27:54.610, 76.04 W
2025/02/16 21:27:54.620, 76.04 W
2025/02/16 21:27:54.630, 76.04 W
2025/02/16 21:27:54.640, 76.04 W
2025/02/16 21:27:54.650, 76.04 W
2025/02/16 21:27:54.660, 76.04 W
2025/02/16 21:27:54.670, 76.04 W
2025/02/16 21:27:54.680, 76.04 W
2025/02/16 21:27:54.690, 76.04 W
2025/02/16 21:27:54.700, 76.04 W
2025/02/16 21:27:54.710, 76.04 W
2025/02/16 21:27:54.720, 76.04 W
2025/02/16 21:27:54.730, 76.04 W
2025/02/16 21:27:54.741, 76.04 W
2025/02/16 21:27:54.751, 76.04 W
2025/02/16 21:27:54.761, 76.04 W
2025/02/16 21:27:54.771, 76.04 W
2025/02/16 21:27:54.781, 76.04 W
2025/02/16 21:27:54.791, 76.04 W
2025/02/16 21:27:54.801, 76.04 W
2025/02/16 21:27:54.811, 76.04 W
2025/02/16 21:27:54.821, 76.04 W
2025/02/16 21:27:54.831, 76.04 W
2025/02/16 21:27:54.841, 76.04 W
2025/02/16 21:27:54.851, 76.04 W
2025/02/16 21:27:54.861, 76.04 W
2025/02/16 21:27:54.871, 76.04 W
2025/02/16 21:27:54.882, 76.04 W
2025/02/16 21:27:54.892, 76.04 W
2025/02/16 21:27:54.902, 76.04 W
2025/02/16 21:27:54.912, 76.04 W
2025/02/16 21:27:54.922, 76.04 W
2025/02/16 21:27:54.932, 76.04 W
2025/02/16 21:27:54.942, 76.04 W
2025/02/16 21:27:54.952, 76.04 W
2025/02/16 21:27:54.962, 76.04 W
2025/02/16 21:27:54.972, 76.04 W
2025/02/16 21:27:54.982, 76.04 W
2025/02/16 21:27:54.992, 76.04 W
2025/02/16 21:27:55.002, 76.04 W
2025/02/16 21:27:55.012, 76.04 W
2025/02/16 21:27:55.023, 76.04 W
2025/02/16 21:27:55.033, 76.04 W
2025/02/16 21:27:55.043, 76.04 W
2025/02/16 21:27:55.053, 76.04 W
2025/02/16 21:27:55.063, 76.04 W
2025/02/16 21:27:55.073, 76.04 W
2025/02/16 21:27:55.083, 76.04 W
2025/02/16 21:27:55.093, 76.04 W
2025/02/16 21:27:55.103, 76.04 W
2025/02/16 21:27:55.113, 76.04 W
2025/02/16 21:27:55.123, 76.04 W
2025/02/16 21:27:55.133, 76.04 W
2025/02/16 21:27:55.143, 76.04 W
2025/02/16 21:27:55.153, 76.04 W
2025/02/16 21:27:55.164, 76.04 W
2025/02/16 21:27:55.174, 76.04 W
2025/02/16 21:27:55.184, 76.04 W
2025/02/16 21:27:55.194, 76.04 W
2025/02/16 21:27:55.204, 76.04 W
2025/02/16 21:27:55.214, 76.04 W
2025/02/16 21:27:55.224, 76.04 W
2025/02/16 21:27:55.234, 76.04 W
2025/02/16 21:27:55.244, 76.04 W
2025/02/16 21:27:55.254, 76.04 W
2025/02/16 21:27:55.264, 76.04 W
2025/02/16 21:27:55.274, 76.04 W
2025/02/16 21:27:55.284, 76.04 W
2025/02/16 21:27:55.294, 76.04 W
2025/02/16 21:27:55.305, 76.04 W
2025/02/16 21:27:55.315, 76.04 W
2025/02/16 21:27:55.325, 76.04 W
2025/02/16 21:27:55.335, 76.04 W
2025/02/16 21:27:55.345, 76.04 W
2025/02/16 21:27:55.355, 76.04 W
2025/02/16 21:27:55.365, 76.04 W
2025/02/16 21:27:55.375, 76.04 W
2025/02/16 21:27:55.385, 76.04 W
2025/02/16 21:27:55.395, 76.04 W
2025/02/16 21:27:55.405, 76.04 W
2025/02/16 21:27:55.415, 76.04 W
2025/02/16 21:27:55.425, 76.04 W
2025/02/16 21:27:55.436, 76.04 W
2025/02/16 21:27:55.446, 76.04 W
2025/02/16 21:27:55.456, 76.04 W
2025/02/16 21:27:55.466, 76.04 W
2025/02/16 21:27:55.476, 76.04 W
2025/02/16 21:27:55.486, 76.04 W
2025/02/16 21:27:55.496, 76.04 W
2025/02/16 21:27:55.506, 76.04 W
2025/02/16 21:27:55.516, 76.04 W
2025/02/16 21:27:55.526, 76.04 W
2025/02/16 21:27:55.536, 76.04 W
2025/02/16 21:27:55.546, 76.04 W
2025/02/16 21:27:55.556, 76.04 W
2025/02/16 21:27:55.566, 76.04 W
2025/02/16 21:27:55.577, 76.04 W
2025/02/16 21:27:55.587, 76.04 W
2025/02/16 21:27:55.597, 76.04 W
2025/02/16 21:27:55.607, 76.04 W
2025/02/16 21:27:55.617, 76.04 W
2025/02/16 21:27:55.627, 76.04 W
2025/02/16 21:27:55.637, 76.04 W
2025/02/16 21:27:55.647, 76.04 W
2025/02/16 21:27:55.657, 76.04 W
2025/02/16 21:27:55.667, 76.04 W
2025/02/16 21:27:55.677, 76.29 W
2025/02/16 21:27:55.687, 76.29 W
2025/02/16 21:27:55.697, 76.29 W
2025/02/16 21:27:55.707, 76.29 W
2025/02/16 21:27:55.718, 76.29 W
2025/02/16 21:27:55.728, 76.29 W
2025/02/16 21:27:55.738, 76.29 W
2025/02/16 21:27:55.748, 76.29 W
2025/02/16 21:27:55.758, 76.29 W
2025/02/16 21:27:55.768, 76.29 W
2025/02/16 21:27:55.778, 76.29 W
2025/02/16 21:27:55.788, 76.29 W
2025/02/16 21:27:55.798, 76.29 W
2025/02/16 21:27:55.808, 76.29 W
2025/02/16 21:27:55.818, 76.29 W
2025/02/16 21:27:55.828, 76.29 W
2025/02/16 21:27:55.838, 76.29 W
2025/02/16 21:27:55.848, 76.29 W
2025/02/16 21:27:55.859, 76.29 W
2025/02/16 21:27:55.869, 76.29 W
2025/02/16 21:27:55.879, 76.04 W
2025/02/16 21:27:55.889, 76.04 W
2025/02/16 21:27:55.899, 76.04 W
2025/02/16 21:27:55.909, 76.04 W
2025/02/16 21:27:55.919, 76.04 W
2025/02/16 21:27:55.929, 76.04 W
2025/02/16 21:27:55.939, 76.04 W
2025/02/16 21:27:55.949, 76.04 W
2025/02/16 21:27:55.959, 76.04 W
2025/02/16 21:27:55.969, 76.04 W
2025/02/16 21:27:55.979, 76.04 W
2025/02/16 21:27:55.989, 76.04 W
2025/02/16 21:27:56.000, 76.04 W
2025/02/16 21:27:56.010, 76.04 W
2025/02/16 21:27:56.020, 76.04 W
2025/02/16 21:27:56.030, 76.04 W
2025/02/16 21:27:56.040, 76.04 W
2025/02/16 21:27:56.050, 76.04 W
2025/02/16 21:27:56.060, 76.04 W
2025/02/16 21:27:56.070, 76.04 W
2025/02/16 21:27:56.080, 76.04 W
2025/02/16 21:27:56.090, 76.04 W
2025/02/16 21:27:56.100, 76.04 W
2025/02/16 21:27:56.110, 76.04 W
2025/02/16 21:27:56.120, 76.04 W
2025/02/16 21:27:56.130, 76.04 W
2025/02/16 21:27:56.141, 76.04 W
2025/02/16 21:27:56.151, 76.04 W
2025/02/16 21:27:56.161, 76.04 W
2025/02/16 21:27:56.171, 76.04 W
2025/02/16 21:27:56.181, 76.04 W
2025/02/16 21:27:56.191, 76.04 W
2025/02/16 21:27:56.201, 76.04 W
2025/02/16 21:27:56.211, 76.04 W
2025/02/16 21:27:56.221, 76.04 W
2025/02/16 21:27:56.231, 76.04 W
2025/02/16 21:27:56.241, 76.04 W
2025/02/16 21:27:56.251, 76.04 W
2025/02/16 21:27:56.261, 76.04 W
2025/02/16 21:27:56.271, 76.04 W
2025/02/16 21:27:56.282, 76.04 W
2025/02/16 21:27:56.292, 76.04 W
2025/02/16 21:27:56.302, 76.04 W
2025/02/16 21:27:56.312, 76.04 W
2025/02/16 21:27:56.322, 76.04 W
2025/02/16 21:27:56.332, 76.04 W
2025/02/16 21:27:56.342, 76.04 W
2025/02/16 21:27:56.352, 76.04 W
2025/02/16 21:27:56.362, 76.04 W
2025/02/16 21:27:56.372, 76.04 W
2025/02/16 21:27:56.382, 76.04 W
2025/02/16 21:27:56.392, 76.04 W
2025/02/16 21:27:56.402, 76.04 W
2025/02/16 21:27:56.412, 76.04 W
2025/02/16 21:27:56.423, 76.04 W
2025/02/16 21:27:56.433, 76.04 W
2025/02/16 21:27:56.443, 76.04 W
2025/02/16 21:27:56.453, 76.04 W
2025/02/16 21:27:56.463, 76.04 W
2025/02/16 21:27:56.473, 76.29 W
2025/02/16 21:27:56.483, 76.29 W
2025/02/16 21:27:56.493, 76.29 W
2025/02/16 21:27:56.503, 76.29 W
2025/02/16 21:27:56.513, 76.29 W
2025/02/16 21:27:56.523, 76.29 W
2025/02/16 21:27:56.533, 76.29 W
2025/02/16 21:27:56.543, 76.29 W
2025/02/16 21:27:56.553, 76.29 W
2025/02/16 21:27:56.564, 76.29 W
2025/02/16 21:27:56.574, 76.04 W
2025/02/16 21:27:56.584, 76.04 W
2025/02/16 21:27:56.594, 76.04 W
2025/02/16 21:27:56.604, 76.04 W
2025/02/16 21:27:56.614, 76.04 W
2025/02/16 21:27:56.624, 76.04 W
2025/02/16 21:27:56.634, 76.04 W
2025/02/16 21:27:56.644, 76.04 W
2025/02/16 21:27:56.654, 76.04 W
2025/02/16 21:27:56.664, 76.04 W
2025/02/16 21:27:56.674, 76.04 W
2025/02/16 21:27:56.684, 76.04 W
2025/02/16 21:27:56.694, 76.13 W
2025/02/16 21:27:56.705, 76.13 W
2025/02/16 21:27:56.715, 76.13 W
2025/02/16 21:27:56.725, 76.13 W
2025/02/16 21:27:56.735, 76.13 W
2025/02/16 21:27:56.745, 76.13 W
2025/02/16 21:27:56.755, 76.13 W
2025/02/16 21:27:56.765, 76.13 W
2025/02/16 21:27:56.775, 76.13 W
2025/02/16 21:27:56.785, 76.04 W
2025/02/16 21:27:56.795, 76.04 W
2025/02/16 21:27:56.805, 76.04 W
2025/02/16 21:27:56.815, 76.04 W
2025/02/16 21:27:56.825, 76.04 W
2025/02/16 21:27:56.835, 76.04 W
2025/02/16 21:27:56.846, 76.04 W
2025/02/16 21:27:56.856, 76.04 W
2025/02/16 21:27:56.866, 76.04 W
2025/02/16 21:27:56.876, 76.04 W
2025/02/16 21:27:56.886, 76.04 W
2025/02/16 21:27:56.896, 76.04 W
2025/02/16 21:27:56.906, 76.29 W
2025/02/16 21:27:56.916, 76.29 W
2025/02/16 21:27:56.926, 76.29 W
2025/02/16 21:27:56.936, 76.29 W
2025/02/16 21:27:56.946, 76.29 W
2025/02/16 21:27:56.956, 76.29 W
2025/02/16 21:27:56.966, 76.29 W
2025/02/16 21:27:56.976, 76.29 W
2025/02/16 21:27:56.987, 76.04 W
2025/02/16 21:27:56.997, 76.04 W
2025/02/16 21:27:57.007, 76.04 W
2025/02/16 21:27:57.017, 76.04 W
2025/02/16 21:27:57.027, 76.04 W
2025/02/16 21:27:57.037, 76.04 W
2025/02/16 21:27:57.047, 76.04 W
2025/02/16 21:27:57.057, 76.04 W
2025/02/16 21:27:57.067, 76.04 W
2025/02/16 21:27:57.077, 76.04 W
2025/02/16 21:27:57.087, 76.04 W
2025/02/16 21:27:57.097, 76.04 W
2025/02/16 21:27:57.107, 76.04 W
2025/02/16 21:27:57.117, 76.04 W
2025/02/16 21:27:57.128, 76.04 W
2025/02/16 21:27:57.138, 76.04 W
2025/02/16 21:27:57.148, 76.04 W
2025/02/16 21:27:57.158, 76.04 W
2025/02/16 21:27:57.168, 76.04 W
2025/02/16 21:27:57.178, 76.04 W
2025/02/16 21:27:57.188, 76.04 W
2025/02/16 21:27:57.198, 76.04 W
2025/02/16 21:27:57.208, 76.04 W
2025/02/16 21:27:57.218, 76.04 W
2025/02/16 21:27:57.228, 76.04 W
2025/02/16 21:27:57.238, 76.04 W
2025/02/16 21:27:57.248, 76.04 W
2025/02/16 21:27:57.258, 76.04 W
2025/02/16 21:27:57.269, 76.04 W
2025/02/16 21:27:57.279, 76.04 W
2025/02/16 21:27:57.289, 76.04 W
2025/02/16 21:27:57.299, 76.04 W
2025/02/16 21:27:57.309, 76.13 W
2025/02/16 21:27:57.319, 76.13 W
2025/02/16 21:27:57.329, 76.13 W
2025/02/16 21:27:57.339, 76.13 W
2025/02/16 21:27:57.349, 76.13 W
2025/02/16 21:27:57.359, 76.13 W
2025/02/16 21:27:57.369, 76.13 W
2025/02/16 21:27:57.379, 76.13 W
2025/02/16 21:27:57.389, 76.13 W
2025/02/16 21:27:57.399, 76.04 W
2025/02/16 21:27:57.410, 76.04 W
2025/02/16 21:27:57.420, 76.04 W
2025/02/16 21:27:57.430, 76.04 W
2025/02/16 21:27:57.440, 76.04 W
2025/02/16 21:27:57.450, 76.04 W
2025/02/16 21:27:57.460, 76.04 W
2025/02/16 21:27:57.470, 76.04 W
2025/02/16 21:27:57.480, 76.04 W
2025/02/16 21:27:57.490, 76.04 W
2025/02/16 21:27:57.500, 75.96 W
2025/02/16 21:27:57.510, 75.96 W
2025/02/16 21:27:57.520, 75.96 W
2025/02/16 21:27:57.530, 75.96 W
2025/02/16 21:27:57.540, 75.96 W
2025/02/16 21:27:57.551, 75.96 W
2025/02/16 21:27:57.561, 75.96 W
2025/02/16 21:27:57.571, 75.96 W
2025/02/16 21:27:57.581, 75.96 W
2025/02/16 21:27:57.591, 75.96 W
2025/02/16 21:27:57.601, 75.76 W
2025/02/16 21:27:57.611, 75.76 W
2025/02/16 21:27:57.621, 75.76 W
2025/02/16 21:27:57.631, 75.76 W
2025/02/16 21:27:57.641, 75.76 W
2025/02/16 21:27:57.651, 75.76 W
2025/02/16 21:27:57.661, 75.76 W
2025/02/16 21:27:57.671, 75.76 W
2025/02/16 21:27:57.681, 75.76 W
2025/02/16 21:27:57.692, 75.76 W
2025/02/16 21:27:57.702, 75.76 W
2025/02/16 21:27:57.712, 75.76 W
2025/02/16 21:27:57.722, 76.04 W
2025/02/16 21:27:57.732, 76.04 W
2025/02/16 21:27:57.742, 76.04 W
2025/02/16 21:27:57.752, 76.04 W
2025/02/16 21:27:57.762, 76.04 W
2025/02/16 21:27:57.772, 76.04 W
2025/02/16 21:27:57.782, 76.04 W
2025/02/16 21:27:57.792, 76.04 W
2025/02/16 21:27:57.802, 76.04 W
2025/02/16 21:27:57.812, 76.04 W
2025/02/16 21:27:57.822, 76.04 W
2025/02/16 21:27:57.833, 76.04 W
2025/02/16 21:27:57.843, 76.04 W
2025/02/16 21:27:57.853, 76.04 W
2025/02/16 21:27:57.863, 76.04 W
2025/02/16 21:27:57.873, 76.04 W
2025/02/16 21:27:57.883, 76.04 W
2025/02/16 21:27:57.893, 76.04 W
2025/02/16 21:27:57.903, 76.04 W
2025/02/16 21:27:57.913, 76.04 W
2025/02/16 21:27:57.923, 76.04 W
2025/02/16 21:27:57.933, 76.04 W
2025/02/16 21:27:57.943, 76.04 W
2025/02/16 21:27:57.953, 76.04 W
2025/02/16 21:27:57.963, 76.04 W
2025/02/16 21:27:57.974, 76.04 W
2025/02/16 21:27:57.984, 76.04 W
2025/02/16 21:27:57.994, 76.04 W
2025/02/16 21:27:58.004, 76.04 W
2025/02/16 21:27:58.014, 76.04 W
2025/02/16 21:27:58.024, 76.04 W
2025/02/16 21:27:58.034, 76.04 W
2025/02/16 21:27:58.044, 76.04 W
2025/02/16 21:27:58.059, 76.04 W
2025/02/16 21:27:58.069, 76.04 W
2025/02/16 21:27:58.079, 76.04 W
2025/02/16 21:27:58.089, 76.04 W
2025/02/16 21:27:58.099, 76.04 W
2025/02/16 21:27:58.109, 76.04 W
2025/02/16 21:27:58.119, 76.04 W
2025/02/16 21:27:58.129, 75.67 W
2025/02/16 21:27:58.139, 75.67 W
2025/02/16 21:27:58.149, 75.67 W
2025/02/16 21:27:58.159, 75.67 W
2025/02/16 21:27:58.169, 75.67 W
2025/02/16 21:27:58.179, 75.67 W
2025/02/16 21:27:58.190, 75.67 W
2025/02/16 21:27:58.200, 75.67 W
2025/02/16 21:27:58.210, 75.67 W
2025/02/16 21:27:58.220, 76.04 W
2025/02/16 21:27:58.230, 76.04 W
2025/02/16 21:27:58.240, 76.04 W
2025/02/16 21:27:58.250, 76.04 W
2025/02/16 21:27:58.260, 76.04 W
2025/02/16 21:27:58.270, 76.04 W
2025/02/16 21:27:58.280, 76.04 W
2025/02/16 21:27:58.290, 76.04 W
2025/02/16 21:27:58.300, 76.04 W
2025/02/16 21:27:58.310, 76.04 W
2025/02/16 21:27:58.320, 76.04 W
2025/02/16 21:27:58.331, 76.04 W
2025/02/16 21:27:58.341, 75.76 W
2025/02/16 21:27:58.351, 75.76 W
2025/02/16 21:27:58.361, 75.76 W
2025/02/16 21:27:58.371, 75.76 W
2025/02/16 21:27:58.381, 75.76 W
2025/02/16 21:27:58.391, 75.76 W
2025/02/16 21:27:58.401, 75.76 W
2025/02/16 21:27:58.411, 75.76 W
2025/02/16 21:27:58.421, 75.76 W
2025/02/16 21:27:58.431, 75.76 W
2025/02/16 21:27:58.441, 75.76 W
2025/02/16 21:27:58.451, 75.76 W
2025/02/16 21:27:58.461, 75.76 W
2025/02/16 21:27:58.472, 75.76 W
2025/02/16 21:27:58.482, 75.76 W
2025/02/16 21:27:58.492, 75.76 W
2025/02/16 21:27:58.502, 75.76 W
2025/02/16 21:27:58.512, 75.76 W
2025/02/16 21:27:58.522, 75.76 W
2025/02/16 21:27:58.532, 75.76 W
2025/02/16 21:27:58.542, 75.76 W
2025/02/16 21:27:58.552, 75.76 W
2025/02/16 21:27:58.562, 75.76 W
2025/02/16 21:27:58.572, 75.76 W
2025/02/16 21:27:58.582, 75.76 W
2025/02/16 21:27:58.592, 75.76 W
2025/02/16 21:27:58.602, 75.76 W
2025/02/16 21:27:58.613, 75.76 W
2025/02/16 21:27:58.623, 75.76 W
2025/02/16 21:27:58.633, 75.76 W
2025/02/16 21:27:58.643, 75.76 W
2025/02/16 21:27:58.653, 75.76 W
2025/02/16 21:27:58.663, 75.76 W
2025/02/16 21:27:58.673, 75.76 W
2025/02/16 21:27:58.684, 75.76 W
2025/02/16 21:27:58.694, 75.76 W
2025/02/16 21:27:58.704, 75.76 W
2025/02/16 21:27:58.714, 75.76 W
2025/02/16 21:27:58.724, 75.76 W
2025/02/16 21:27:58.734, 75.76 W
2025/02/16 21:27:58.744, 75.76 W
2025/02/16 21:27:58.754, 75.76 W
2025/02/16 21:27:58.764, 75.76 W
2025/02/16 21:27:58.774, 75.76 W
2025/02/16 21:27:58.784, 75.76 W
2025/02/16 21:27:58.794, 75.76 W
2025/02/16 21:27:58.804, 75.76 W
2025/02/16 21:27:58.814, 75.76 W
2025/02/16 21:27:58.825, 75.76 W
2025/02/16 21:27:58.835, 75.76 W
2025/02/16 21:27:58.845, 75.76 W
2025/02/16 21:27:58.855, 75.76 W
2025/02/16 21:27:58.865, 75.76 W
2025/02/16 21:27:58.875, 75.76 W
2025/02/16 21:27:58.885, 75.76 W
2025/02/16 21:27:58.895, 75.76 W
2025/02/16 21:27:58.905, 75.76 W
2025/02/16 21:27:58.915, 75.76 W
2025/02/16 21:27:58.925, 75.76 W
2025/02/16 21:27:58.935, 75.76 W
2025/02/16 21:27:58.945, 75.76 W
2025/02/16 21:27:58.955, 75.76 W
2025/02/16 21:27:58.966, 75.76 W
2025/02/16 21:27:58.976, 75.76 W
2025/02/16 21:27:58.986, 75.76 W
2025/02/16 21:27:58.996, 75.76 W
2025/02/16 21:27:59.006, 75.76 W
2025/02/16 21:27:59.016, 75.76 W
2025/02/16 21:27:59.026, 75.76 W
2025/02/16 21:27:59.036, 75.76 W
2025/02/16 21:27:59.046, 75.76 W
2025/02/16 21:27:59.056, 75.76 W
2025/02/16 21:27:59.066, 75.76 W
2025/02/16 21:27:59.076, 75.76 W
2025/02/16 21:27:59.086, 75.76 W
2025/02/16 21:27:59.096, 75.76 W
2025/02/16 21:27:59.107, 75.76 W
2025/02/16 21:27:59.117, 75.76 W
2025/02/16 21:27:59.127, 75.76 W
2025/02/16 21:27:59.137, 75.76 W
2025/02/16 21:27:59.147, 75.76 W
2025/02/16 21:27:59.157, 75.76 W
2025/02/16 21:27:59.167, 75.76 W
2025/02/16 21:27:59.177, 75.76 W
2025/02/16 21:27:59.187, 75.76 W
2025/02/16 21:27:59.197, 75.76 W
2025/02/16 21:27:59.207, 75.76 W
2025/02/16 21:27:59.217, 75.76 W
2025/02/16 21:27:59.227, 75.76 W
2025/02/16 21:27:59.237, 75.76 W
2025/02/16 21:27:59.248, 75.76 W
2025/02/16 21:27:59.258, 75.76 W
2025/02/16 21:27:59.268, 75.76 W
2025/02/16 21:27:59.282, 75.76 W
2025/02/16 21:27:59.292, 75.76 W
2025/02/16 21:27:59.302, 75.76 W
2025/02/16 21:27:59.312, 75.76 W
2025/02/16 21:27:59.322, 75.76 W
2025/02/16 21:27:59.332, 75.76 W
2025/02/16 21:27:59.342, 75.76 W
2025/02/16 21:27:59.352, 75.76 W
2025/02/16 21:27:59.362, 75.76 W
2025/02/16 21:27:59.372, 75.76 W
2025/02/16 21:27:59.383, 75.76 W
2025/02/16 21:27:59.393, 75.76 W
2025/02/16 21:27:59.403, 75.76 W
2025/02/16 21:27:59.413, 75.76 W
2025/02/16 21:27:59.423, 75.76 W
2025/02/16 21:27:59.433, 75.76 W
2025/02/16 21:27:59.443, 75.67 W
2025/02/16 21:27:59.453, 75.67 W
2025/02/16 21:27:59.463, 75.67 W
2025/02/16 21:27:59.473, 75.67 W
2025/02/16 21:27:59.483, 75.67 W
2025/02/16 21:27:59.493, 75.67 W
2025/02/16 21:27:59.504, 75.67 W
2025/02/16 21:27:59.514, 75.67 W
2025/02/16 21:27:59.524, 75.67 W
2025/02/16 21:27:59.534, 75.67 W
2025/02/16 21:27:59.544, 75.67 W
2025/02/16 21:27:59.554, 75.67 W
2025/02/16 21:27:59.564, 76.04 W
2025/02/16 21:27:59.574, 76.04 W
2025/02/16 21:27:59.584, 76.04 W
2025/02/16 21:27:59.594, 76.04 W
2025/02/16 21:27:59.604, 76.04 W
2025/02/16 21:27:59.614, 76.04 W
2025/02/16 21:27:59.625, 76.04 W
2025/02/16 21:27:59.635, 76.04 W
2025/02/16 21:27:59.645, 76.04 W
2025/02/16 21:27:59.655, 76.04 W
2025/02/16 21:27:59.665, 76.04 W
2025/02/16 21:27:59.675, 76.04 W
2025/02/16 21:27:59.685, 76.04 W
2025/02/16 21:27:59.695, 76.04 W
2025/02/16 21:27:59.705, 76.04 W
2025/02/16 21:27:59.715, 76.04 W
2025/02/16 21:27:59.725, 76.04 W
2025/02/16 21:27:59.735, 76.04 W
2025/02/16 21:27:59.745, 76.04 W
2025/02/16 21:27:59.755, 76.04 W
2025/02/16 21:27:59.766, 76.04 W
2025/02/16 21:27:59.776, 76.37 W
2025/02/16 21:27:59.786, 76.37 W
2025/02/16 21:27:59.796, 76.37 W
2025/02/16 21:27:59.806, 76.37 W
2025/02/16 21:27:59.816, 76.37 W
2025/02/16 21:27:59.826, 76.37 W
2025/02/16 21:27:59.836, 76.37 W
2025/02/16 21:27:59.846, 76.37 W
2025/02/16 21:27:59.856, 76.29 W
2025/02/16 21:27:59.866, 76.29 W
2025/02/16 21:27:59.876, 76.29 W
2025/02/16 21:27:59.886, 76.29 W
2025/02/16 21:27:59.896, 76.29 W
2025/02/16 21:27:59.907, 76.29 W
2025/02/16 21:27:59.917, 76.29 W
2025/02/16 21:27:59.927, 76.29 W
2025/02/16 21:27:59.937, 76.29 W
2025/02/16 21:27:59.947, 76.29 W
2025/02/16 21:27:59.957, 76.29 W
2025/02/16 21:27:59.967, 76.29 W
2025/02/16 21:27:59.977, 76.29 W
2025/02/16 21:27:59.987, 76.29 W
2025/02/16 21:27:59.997, 76.29 W
2025/02/16 21:28:00.007, 76.29 W
2025/02/16 21:28:00.017, 76.29 W
2025/02/16 21:28:00.027, 76.29 W
2025/02/16 21:28:00.037, 76.29 W
2025/02/16 21:28:00.048, 76.29 W
2025/02/16 21:28:00.058, 76.29 W
2025/02/16 21:28:00.068, 76.29 W
2025/02/16 21:28:00.078, 76.29 W
2025/02/16 21:28:00.088, 76.29 W
2025/02/16 21:28:00.098, 76.29 W
2025/02/16 21:28:00.108, 76.29 W
2025/02/16 21:28:00.118, 76.29 W
2025/02/16 21:28:00.128, 76.29 W
2025/02/16 21:28:00.138, 76.29 W
2025/02/16 21:28:00.148, 76.29 W
2025/02/16 21:28:00.158, 76.29 W
2025/02/16 21:28:00.168, 76.29 W
2025/02/16 21:28:00.178, 76.04 W
2025/02/16 21:28:00.188, 76.04 W
2025/02/16 21:28:00.199, 76.04 W
2025/02/16 21:28:00.209, 76.04 W
2025/02/16 21:28:00.219, 76.04 W
2025/02/16 21:28:00.229, 76.04 W
2025/02/16 21:28:00.239, 76.04 W
2025/02/16 21:28:00.249, 76.04 W
2025/02/16 21:28:00.259, 76.04 W
2025/02/16 21:28:00.269, 76.04 W
2025/02/16 21:28:00.279, 76.04 W
2025/02/16 21:28:00.289, 76.04 W
2025/02/16 21:28:00.299, 76.04 W
2025/02/16 21:28:00.309, 76.04 W
2025/02/16 21:28:00.319, 76.04 W
2025/02/16 21:28:00.329, 76.04 W
2025/02/16 21:28:00.340, 76.04 W
2025/02/16 21:28:00.350, 76.04 W
2025/02/16 21:28:00.360, 76.04 W
2025/02/16 21:28:00.370, 76.04 W
2025/02/16 21:28:00.380, 76.04 W
2025/02/16 21:28:00.390, 76.04 W
2025/02/16 21:28:00.400, 76.04 W
2025/02/16 21:28:00.410, 76.04 W
2025/02/16 21:28:00.420, 76.04 W
2025/02/16 21:28:00.430, 76.04 W
2025/02/16 21:28:00.440, 76.04 W
2025/02/16 21:28:00.450, 76.04 W
2025/02/16 21:28:00.460, 76.04 W
2025/02/16 21:28:00.470, 76.04 W
2025/02/16 21:28:00.481, 76.04 W
2025/02/16 21:28:00.491, 76.04 W
2025/02/16 21:28:00.501, 76.04 W
2025/02/16 21:28:00.511, 76.04 W
2025/02/16 21:28:00.521, 76.04 W
2025/02/16 21:28:00.531, 76.04 W
2025/02/16 21:28:00.541, 76.04 W
2025/02/16 21:28:00.551, 76.04 W
2025/02/16 21:28:00.561, 76.04 W
2025/02/16 21:28:00.571, 76.04 W
2025/02/16 21:28:00.581, 76.04 W
2025/02/16 21:28:00.591, 76.04 W
2025/02/16 21:28:00.601, 76.04 W
2025/02/16 21:28:00.611, 76.04 W
2025/02/16 21:28:00.622, 76.04 W
2025/02/16 21:28:00.632, 76.04 W
2025/02/16 21:28:00.642, 76.04 W
2025/02/16 21:28:00.652, 76.04 W
2025/02/16 21:28:00.662, 76.04 W
2025/02/16 21:28:00.672, 76.04 W
2025/02/16 21:28:00.682, 76.04 W
2025/02/16 21:28:00.692, 76.04 W
2025/02/16 21:28:00.702, 76.04 W
2025/02/16 21:28:00.712, 76.04 W
2025/02/16 21:28:00.722, 76.04 W
2025/02/16 21:28:00.732, 76.04 W
2025/02/16 21:28:00.742, 76.04 W
2025/02/16 21:28:00.753, 76.04 W
2025/02/16 21:28:00.763, 76.04 W
2025/02/16 21:28:00.773, 76.04 W
2025/02/16 21:28:00.783, 76.04 W
2025/02/16 21:28:00.793, 76.04 W
2025/02/16 21:28:00.803, 76.04 W
2025/02/16 21:28:00.813, 76.04 W
2025/02/16 21:28:00.823, 76.04 W
2025/02/16 21:28:00.833, 76.04 W
2025/02/16 21:28:00.843, 76.04 W
2025/02/16 21:28:00.853, 76.04 W
2025/02/16 21:28:00.863, 76.04 W
2025/02/16 21:28:00.873, 76.04 W
2025/02/16 21:28:00.883, 76.04 W
2025/02/16 21:28:00.894, 76.04 W
2025/02/16 21:28:00.904, 76.04 W
2025/02/16 21:28:00.914, 76.04 W
2025/02/16 21:28:00.924, 76.04 W
2025/02/16 21:28:00.934, 76.04 W
2025/02/16 21:28:00.944, 76.04 W
2025/02/16 21:28:00.954, 76.04 W
2025/02/16 21:28:00.964, 76.04 W
2025/02/16 21:28:00.974, 76.04 W
2025/02/16 21:28:00.984, 76.04 W
2025/02/16 21:28:00.994, 76.04 W
2025/02/16 21:28:01.004, 76.29 W
2025/02/16 21:28:01.014, 76.29 W
2025/02/16 21:28:01.024, 76.29 W
2025/02/16 21:28:01.035, 76.29 W
2025/02/16 21:28:01.045, 76.29 W
2025/02/16 21:28:01.055, 76.29 W
2025/02/16 21:28:01.065, 76.29 W
2025/02/16 21:28:01.075, 76.29 W
2025/02/16 21:28:01.085, 76.29 W
2025/02/16 21:28:01.095, 76.29 W
2025/02/16 21:28:01.105, 76.29 W
2025/02/16 21:28:01.115, 76.29 W
2025/02/16 21:28:01.125, 76.29 W
2025/02/16 21:28:01.135, 76.29 W
2025/02/16 21:28:01.145, 76.29 W
2025/02/16 21:28:01.155, 76.29 W
2025/02/16 21:28:01.165, 76.29 W
2025/02/16 21:28:01.176, 76.29 W
2025/02/16 21:28:01.186, 76.29 W
2025/02/16 21:28:01.196, 76.29 W
2025/02/16 21:28:01.206, 76.04 W
2025/02/16 21:28:01.216, 76.04 W
2025/02/16 21:28:01.226, 76.04 W
2025/02/16 21:28:01.236, 76.04 W
2025/02/16 21:28:01.246, 76.04 W
2025/02/16 21:28:01.256, 76.04 W
2025/02/16 21:28:01.266, 76.04 W
2025/02/16 21:28:01.276, 76.04 W
2025/02/16 21:28:01.286, 76.04 W
2025/02/16 21:28:01.296, 76.04 W
2025/02/16 21:28:01.306, 76.04 W
2025/02/16 21:28:01.317, 76.04 W
2025/02/16 21:28:01.327, 76.04 W
2025/02/16 21:28:01.337, 76.04 W
2025/02/16 21:28:01.347, 76.04 W
2025/02/16 21:28:01.357, 76.04 W
2025/02/16 21:28:01.367, 76.04 W
2025/02/16 21:28:01.377, 76.04 W
2025/02/16 21:28:01.387, 76.04 W
2025/02/16 21:28:01.397, 76.04 W
2025/02/16 21:28:01.407, 76.04 W
2025/02/16 21:28:01.417, 76.04 W
2025/02/16 21:28:01.427, 76.04 W
2025/02/16 21:28:01.437, 76.04 W
2025/02/16 21:28:01.448, 76.04 W
2025/02/16 21:28:01.458, 76.04 W
2025/02/16 21:28:01.468, 76.04 W
2025/02/16 21:28:01.478, 76.04 W
2025/02/16 21:28:01.488, 76.04 W
2025/02/16 21:28:01.498, 76.04 W
2025/02/16 21:28:01.508, 76.04 W
2025/02/16 21:28:01.518, 75.76 W
2025/02/16 21:28:01.528, 75.76 W
2025/02/16 21:28:01.538, 75.76 W
2025/02/16 21:28:01.548, 75.76 W
2025/02/16 21:28:01.558, 75.76 W
2025/02/16 21:28:01.568, 75.76 W
2025/02/16 21:28:01.579, 75.76 W
2025/02/16 21:28:01.589, 75.76 W
2025/02/16 21:28:01.599, 75.76 W
2025/02/16 21:28:01.609, 75.76 W
2025/02/16 21:28:01.619, 75.76 W
2025/02/16 21:28:01.629, 75.76 W
2025/02/16 21:28:01.639, 75.76 W
2025/02/16 21:28:01.649, 75.76 W
2025/02/16 21:28:01.659, 75.76 W
2025/02/16 21:28:01.669, 75.76 W
2025/02/16 21:28:01.679, 75.76 W
2025/02/16 21:28:01.689, 75.76 W
2025/02/16 21:28:01.699, 76.29 W
2025/02/16 21:28:01.709, 76.29 W
2025/02/16 21:28:01.719, 76.29 W
2025/02/16 21:28:01.730, 76.29 W
2025/02/16 21:28:01.740, 76.29 W
2025/02/16 21:28:01.750, 76.29 W
2025/02/16 21:28:01.760, 76.29 W
2025/02/16 21:28:01.770, 76.29 W
2025/02/16 21:28:01.780, 76.29 W
2025/02/16 21:28:01.790, 76.29 W
2025/02/16 21:28:01.800, 76.29 W
2025/02/16 21:28:01.810, 76.29 W
2025/02/16 21:28:01.820, 76.20 W
2025/02/16 21:28:01.830, 76.20 W
2025/02/16 21:28:01.840, 76.20 W
2025/02/16 21:28:01.850, 76.20 W
2025/02/16 21:28:01.860, 76.20 W
2025/02/16 21:28:01.871, 76.20 W
2025/02/16 21:28:01.881, 76.20 W
2025/02/16 21:28:01.891, 76.20 W
2025/02/16 21:28:01.901, 76.29 W
2025/02/16 21:28:01.911, 76.29 W
2025/02/16 21:28:01.921, 76.29 W
2025/02/16 21:28:01.931, 76.29 W
2025/02/16 21:28:01.941, 76.29 W
2025/02/16 21:28:01.951, 76.29 W
2025/02/16 21:28:01.961, 76.29 W
2025/02/16 21:28:01.971, 76.29 W
2025/02/16 21:28:01.981, 76.29 W
2025/02/16 21:28:01.992, 76.29 W
2025/02/16 21:28:02.002, 76.29 W
2025/02/16 21:28:02.012, 76.29 W
2025/02/16 21:28:02.022, 76.57 W
2025/02/16 21:28:02.032, 76.57 W
2025/02/16 21:28:02.042, 76.57 W
2025/02/16 21:28:02.052, 76.57 W
2025/02/16 21:28:02.062, 76.57 W
2025/02/16 21:28:02.072, 76.57 W
2025/02/16 21:28:02.082, 76.57 W
2025/02/16 21:28:02.092, 76.57 W
2025/02/16 21:28:02.102, 76.57 W
2025/02/16 21:28:02.112, 76.29 W
2025/02/16 21:28:02.122, 76.29 W
2025/02/16 21:28:02.133, 76.29 W
2025/02/16 21:28:02.143, 76.29 W
2025/02/16 21:28:02.153, 76.29 W
2025/02/16 21:28:02.163, 76.29 W
2025/02/16 21:28:02.173, 76.29 W
2025/02/16 21:28:02.183, 76.29 W
2025/02/16 21:28:02.193, 76.29 W
2025/02/16 21:28:02.203, 76.29 W
2025/02/16 21:28:02.213, 76.29 W
2025/02/16 21:28:02.223, 76.29 W
2025/02/16 21:28:02.233, 76.29 W
2025/02/16 21:28:02.243, 76.29 W
2025/02/16 21:28:02.253, 76.29 W
2025/02/16 21:28:02.264, 76.29 W
2025/02/16 21:28:02.274, 76.29 W
2025/02/16 21:28:02.284, 76.29 W
2025/02/16 21:28:02.294, 76.29 W
2025/02/16 21:28:02.304, 76.29 W
2025/02/16 21:28:02.314, 76.04 W
2025/02/16 21:28:02.324, 76.04 W
2025/02/16 21:28:02.334, 76.04 W
2025/02/16 21:28:02.344, 76.04 W
2025/02/16 21:28:02.354, 76.04 W
2025/02/16 21:28:02.364, 76.04 W
2025/02/16 21:28:02.374, 76.04 W
2025/02/16 21:28:02.385, 76.04 W
2025/02/16 21:28:02.395, 76.04 W
2025/02/16 21:28:02.405, 76.04 W
2025/02/16 21:28:02.415, 76.04 W
2025/02/16 21:28:02.425, 76.04 W
2025/02/16 21:28:02.435, 75.96 W
2025/02/16 21:28:02.445, 75.96 W
2025/02/16 21:28:02.455, 75.96 W
2025/02/16 21:28:02.465, 75.96 W
2025/02/16 21:28:02.475, 75.96 W
2025/02/16 21:28:02.485, 75.96 W
2025/02/16 21:28:02.495, 75.96 W
2025/02/16 21:28:02.506, 75.96 W
2025/02/16 21:28:02.516, 75.96 W
2025/02/16 21:28:02.526, 75.96 W
2025/02/16 21:28:02.536, 76.04 W
2025/02/16 21:28:02.546, 76.04 W
2025/02/16 21:28:02.556, 76.04 W
2025/02/16 21:28:02.566, 76.04 W
2025/02/16 21:28:02.576, 76.04 W
2025/02/16 21:28:02.586, 76.04 W
2025/02/16 21:28:02.596, 76.04 W
2025/02/16 21:28:02.606, 76.04 W
2025/02/16 21:28:02.616, 76.04 W
2025/02/16 21:28:02.627, 76.04 W
2025/02/16 21:28:02.637, 76.04 W
2025/02/16 21:28:02.647, 76.04 W
2025/02/16 21:28:02.657, 76.04 W
2025/02/16 21:28:02.667, 76.04 W
2025/02/16 21:28:02.677, 76.04 W
2025/02/16 21:28:02.687, 76.04 W
2025/02/16 21:28:02.697, 76.04 W
2025/02/16 21:28:02.707, 76.04 W
2025/02/16 21:28:02.717, 76.04 W
2025/02/16 21:28:02.727, 76.04 W
2025/02/16 21:28:02.737, 76.04 W
2025/02/16 21:28:02.748, 76.04 W
2025/02/16 21:28:02.758, 76.04 W
2025/02/16 21:28:02.768, 76.04 W
2025/02/16 21:28:02.778, 76.04 W
2025/02/16 21:28:02.788, 76.04 W
2025/02/16 21:28:02.798, 76.04 W
2025/02/16 21:28:02.808, 76.04 W
2025/02/16 21:28:02.818, 76.04 W
2025/02/16 21:28:02.828, 76.04 W
2025/02/16 21:28:02.838, 76.04 W
2025/02/16 21:28:02.848, 76.29 W
2025/02/16 21:28:02.858, 76.29 W
2025/02/16 21:28:02.868, 76.29 W
2025/02/16 21:28:02.879, 76.29 W
2025/02/16 21:28:02.889, 76.29 W
2025/02/16 21:28:02.899, 76.29 W
2025/02/16 21:28:02.909, 76.29 W
2025/02/16 21:28:02.919, 76.29 W
2025/02/16 21:28:02.929, 76.29 W
2025/02/16 21:28:02.939, 76.29 W
2025/02/16 21:28:02.949, 76.29 W
2025/02/16 21:28:02.959, 76.29 W
2025/02/16 21:28:02.969, 76.29 W
2025/02/16 21:28:02.979, 76.29 W
2025/02/16 21:28:02.989, 76.29 W
2025/02/16 21:28:02.999, 76.29 W
2025/02/16 21:28:03.010, 76.29 W
2025/02/16 21:28:03.020, 76.29 W
2025/02/16 21:28:03.030, 76.29 W
2025/02/16 21:28:03.040, 76.29 W
2025/02/16 21:28:03.050, 75.96 W
2025/02/16 21:28:03.060, 75.96 W
2025/02/16 21:28:03.070, 75.96 W
2025/02/16 21:28:03.080, 75.96 W
2025/02/16 21:28:03.090, 75.96 W
2025/02/16 21:28:03.100, 75.96 W
2025/02/16 21:28:03.110, 75.96 W
2025/02/16 21:28:03.120, 75.96 W
2025/02/16 21:28:03.131, 76.04 W
2025/02/16 21:28:03.141, 76.04 W
2025/02/16 21:28:03.151, 76.04 W
2025/02/16 21:28:03.161, 76.04 W
2025/02/16 21:28:03.171, 76.04 W
2025/02/16 21:28:03.181, 76.04 W
2025/02/16 21:28:03.191, 76.04 W
2025/02/16 21:28:03.201, 76.04 W
2025/02/16 21:28:03.211, 76.04 W
2025/02/16 21:28:03.221, 76.04 W
2025/02/16 21:28:03.231, 76.04 W
2025/02/16 21:28:03.241, 76.04 W
2025/02/16 21:28:03.251, 75.96 W
2025/02/16 21:28:03.262, 75.96 W
2025/02/16 21:28:03.272, 75.96 W
2025/02/16 21:28:03.282, 75.96 W
2025/02/16 21:28:03.292, 75.96 W
2025/02/16 21:28:03.302, 75.96 W
2025/02/16 21:28:03.312, 75.96 W
2025/02/16 21:28:03.322, 75.96 W
2025/02/16 21:28:03.332, 75.96 W
2025/02/16 21:28:03.342, 76.04 W
2025/02/16 21:28:03.352, 76.04 W
2025/02/16 21:28:03.362, 76.04 W
2025/02/16 21:28:03.372, 76.04 W
2025/02/16 21:28:03.382, 76.04 W
2025/02/16 21:28:03.393, 76.04 W
2025/02/16 21:28:03.403, 76.04 W
2025/02/16 21:28:03.413, 76.04 W
2025/02/16 21:28:03.423, 76.04 W
2025/02/16 21:28:03.433, 76.04 W
2025/02/16 21:28:03.443, 76.04 W
2025/02/16 21:28:03.453, 76.04 W
2025/02/16 21:28:03.463, 76.04 W
2025/02/16 21:28:03.473, 76.04 W
2025/02/16 21:28:03.483, 76.04 W
2025/02/16 21:28:03.493, 76.04 W
2025/02/16 21:28:03.503, 76.04 W
2025/02/16 21:28:03.513, 76.04 W
2025/02/16 21:28:03.524, 76.04 W
2025/02/16 21:28:03.534, 76.04 W
2025/02/16 21:28:03.544, 76.04 W
2025/02/16 21:28:03.554, 76.04 W
2025/02/16 21:28:03.564, 76.04 W
2025/02/16 21:28:03.574, 76.04 W
2025/02/16 21:28:03.584, 76.04 W
2025/02/16 21:28:03.594, 76.04 W
2025/02/16 21:28:03.604, 76.04 W
2025/02/16 21:28:03.614, 76.04 W
2025/02/16 21:28:03.624, 76.04 W
2025/02/16 21:28:03.634, 76.04 W
2025/02/16 21:28:03.644, 76.04 W
2025/02/16 21:28:03.654, 76.04 W
2025/02/16 21:28:03.665, 76.04 W
2025/02/16 21:28:03.675, 76.04 W
2025/02/16 21:28:03.685, 76.04 W
2025/02/16 21:28:03.695, 76.04 W
2025/02/16 21:28:03.705, 76.04 W
2025/02/16 21:28:03.715, 76.04 W
2025/02/16 21:28:03.725, 76.04 W
2025/02/16 21:28:03.735, 76.04 W
2025/02/16 21:28:03.745, 76.29 W
2025/02/16 21:28:03.755, 76.29 W
2025/02/16 21:28:03.765, 76.29 W
2025/02/16 21:28:03.775, 76.29 W
2025/02/16 21:28:03.785, 76.29 W
2025/02/16 21:28:03.795, 76.29 W
2025/02/16 21:28:03.806, 76.29 W
2025/02/16 21:28:03.816, 76.29 W
2025/02/16 21:28:03.826, 76.29 W
2025/02/16 21:28:03.836, 76.29 W
2025/02/16 21:28:03.846, 76.29 W
2025/02/16 21:28:03.856, 76.29 W
2025/02/16 21:28:03.866, 76.04 W
2025/02/16 21:28:03.876, 76.04 W
2025/02/16 21:28:03.886, 76.04 W
2025/02/16 21:28:03.896, 76.04 W
2025/02/16 21:28:03.906, 76.04 W
2025/02/16 21:28:03.916, 76.04 W
2025/02/16 21:28:03.926, 76.04 W
2025/02/16 21:28:03.936, 76.04 W
2025/02/16 21:28:03.947, 76.29 W
2025/02/16 21:28:03.957, 76.29 W
2025/02/16 21:28:03.967, 76.29 W
2025/02/16 21:28:03.977, 76.29 W
2025/02/16 21:28:03.987, 76.29 W
2025/02/16 21:28:03.997, 76.29 W
2025/02/16 21:28:04.007, 76.29 W
2025/02/16 21:28:04.017, 76.29 W
2025/02/16 21:28:04.027, 76.29 W
2025/02/16 21:28:04.037, 76.29 W
2025/02/16 21:28:04.047, 76.29 W
2025/02/16 21:28:04.057, 76.29 W
2025/02/16 21:28:04.067, 76.04 W
2025/02/16 21:28:04.077, 76.04 W
2025/02/16 21:28:04.088, 76.04 W
2025/02/16 21:28:04.098, 76.04 W
2025/02/16 21:28:04.108, 76.04 W
2025/02/16 21:28:04.118, 76.04 W
2025/02/16 21:28:04.128, 76.04 W
2025/02/16 21:28:04.138, 76.04 W
2025/02/16 21:28:04.148, 76.04 W
2025/02/16 21:28:04.158, 76.04 W
2025/02/16 21:28:04.168, 76.04 W
2025/02/16 21:28:04.178, 76.04 W
2025/02/16 21:28:04.188, 76.04 W
2025/02/16 21:28:04.198, 76.04 W
2025/02/16 21:28:04.208, 76.04 W
2025/02/16 21:28:04.218, 76.04 W
2025/02/16 21:28:04.228, 76.04 W
2025/02/16 21:28:04.239, 76.04 W
2025/02/16 21:28:04.249, 76.04 W
2025/02/16 21:28:04.259, 76.04 W
2025/02/16 21:28:04.269, 76.04 W
2025/02/16 21:28:04.279, 75.84 W
2025/02/16 21:28:04.289, 75.84 W
2025/02/16 21:28:04.299, 75.84 W
2025/02/16 21:28:04.309, 75.84 W
2025/02/16 21:28:04.319, 75.84 W
2025/02/16 21:28:04.329, 75.84 W
2025/02/16 21:28:04.339, 75.84 W
2025/02/16 21:28:04.349, 75.84 W
2025/02/16 21:28:04.359, 76.04 W
2025/02/16 21:28:04.369, 76.04 W
2025/02/16 21:28:04.380, 76.04 W
2025/02/16 21:28:04.390, 76.04 W
2025/02/16 21:28:04.400, 76.04 W
2025/02/16 21:28:04.410, 76.04 W
2025/02/16 21:28:04.420, 76.04 W
2025/02/16 21:28:04.430, 76.04 W
2025/02/16 21:28:04.440, 76.04 W
2025/02/16 21:28:04.450, 76.04 W
2025/02/16 21:28:04.460, 76.04 W
2025/02/16 21:28:04.470, 76.04 W
2025/02/16 21:28:04.480, 76.04 W
2025/02/16 21:28:04.490, 76.04 W
2025/02/16 21:28:04.500, 76.04 W
2025/02/16 21:28:04.511, 76.04 W
2025/02/16 21:28:04.521, 76.04 W
2025/02/16 21:28:04.531, 76.04 W
2025/02/16 21:28:04.541, 76.04 W
2025/02/16 21:28:04.551, 76.04 W
2025/02/16 21:28:04.561, 76.04 W
2025/02/16 21:28:04.571, 76.04 W
2025/02/16 21:28:04.581, 76.04 W
2025/02/16 21:28:04.591, 76.04 W
2025/02/16 21:28:04.601, 76.04 W
2025/02/16 21:28:04.611, 76.04 W
2025/02/16 21:28:04.621, 76.04 W
2025/02/16 21:28:04.631, 76.04 W
2025/02/16 21:28:04.642, 76.04 W
2025/02/16 21:28:04.652, 76.04 W
2025/02/16 21:28:04.662, 76.04 W
2025/02/16 21:28:04.672, 76.04 W
2025/02/16 21:28:04.682, 76.29 W
2025/02/16 21:28:04.692, 76.29 W
2025/02/16 21:28:04.702, 76.29 W
2025/02/16 21:28:04.712, 76.29 W
2025/02/16 21:28:04.722, 76.29 W
2025/02/16 21:28:04.732, 76.29 W
2025/02/16 21:28:04.742, 76.29 W
2025/02/16 21:28:04.752, 76.29 W
2025/02/16 21:28:04.762, 76.29 W
2025/02/16 21:28:04.772, 76.04 W
2025/02/16 21:28:04.783, 76.04 W
2025/02/16 21:28:04.793, 76.04 W
2025/02/16 21:28:04.803, 76.04 W
2025/02/16 21:28:04.813, 76.04 W
2025/02/16 21:28:04.823, 76.04 W
2025/02/16 21:28:04.833, 76.04 W
2025/02/16 21:28:04.843, 76.04 W
2025/02/16 21:28:04.853, 76.04 W
2025/02/16 21:28:04.863, 76.04 W
2025/02/16 21:28:04.873, 76.04 W
2025/02/16 21:28:04.883, 76.04 W
2025/02/16 21:28:04.893, 76.29 W
2025/02/16 21:28:04.903, 76.29 W
2025/02/16 21:28:04.913, 76.29 W
2025/02/16 21:28:04.924, 76.29 W
2025/02/16 21:28:04.934, 76.29 W
2025/02/16 21:28:04.944, 76.29 W
2025/02/16 21:28:04.954, 76.29 W
2025/02/16 21:28:04.964, 76.29 W
2025/02/16 21:28:04.974, 76.04 W
2025/02/16 21:28:04.984, 76.04 W
2025/02/16 21:28:04.994, 76.04 W
2025/02/16 21:28:05.004, 76.04 W
2025/02/16 21:28:05.014, 76.04 W
2025/02/16 21:28:05.024, 76.04 W
2025/02/16 21:28:05.034, 76.04 W
2025/02/16 21:28:05.044, 76.04 W
2025/02/16 21:28:05.054, 76.04 W
2025/02/16 21:28:05.065, 76.04 W
2025/02/16 21:28:05.075, 76.04 W
2025/02/16 21:28:05.085, 76.04 W
2025/02/16 21:28:05.095, 76.29 W
2025/02/16 21:28:05.105, 76.29 W
2025/02/16 21:28:05.115, 76.29 W
2025/02/16 21:28:05.125, 76.29 W
2025/02/16 21:28:05.135, 76.29 W
2025/02/16 21:28:05.145, 76.29 W
2025/02/16 21:28:05.155, 76.29 W
2025/02/16 21:28:05.165, 76.29 W
2025/02/16 21:28:05.175, 76.04 W
2025/02/16 21:28:05.185, 76.04 W
2025/02/16 21:28:05.195, 76.04 W
2025/02/16 21:28:05.206, 76.04 W
2025/02/16 21:28:05.216, 76.04 W
2025/02/16 21:28:05.226, 76.04 W
2025/02/16 21:28:05.236, 76.04 W
2025/02/16 21:28:05.246, 76.04 W
2025/02/16 21:28:05.256, 76.04 W
2025/02/16 21:28:05.266, 76.04 W
2025/02/16 21:28:05.276, 76.04 W
2025/02/16 21:28:05.286, 76.04 W
2025/02/16 21:28:05.296, 76.04 W
2025/02/16 21:28:05.306, 76.04 W
2025/02/16 21:28:05.316, 76.04 W
2025/02/16 21:28:05.326, 76.04 W
2025/02/16 21:28:05.337, 76.04 W
2025/02/16 21:28:05.347, 76.04 W
2025/02/16 21:28:05.357, 76.04 W
2025/02/16 21:28:05.367, 76.04 W
2025/02/16 21:28:05.377, 76.04 W
2025/02/16 21:28:05.387, 76.04 W
2025/02/16 21:28:05.397, 76.04 W
2025/02/16 21:28:05.407, 76.04 W
2025/02/16 21:28:05.417, 76.04 W
2025/02/16 21:28:05.427, 76.04 W
2025/02/16 21:28:05.438, 76.04 W
2025/02/16 21:28:05.448, 76.04 W
2025/02/16 21:28:05.458, 76.04 W
2025/02/16 21:28:05.468, 76.04 W
2025/02/16 21:28:05.478, 76.04 W
2025/02/16 21:28:05.488, 76.04 W
2025/02/16 21:28:05.498, 76.04 W
2025/02/16 21:28:05.508, 76.04 W
2025/02/16 21:28:05.518, 76.04 W
2025/02/16 21:28:05.528, 76.04 W
2025/02/16 21:28:05.538, 76.04 W
2025/02/16 21:28:05.548, 76.04 W
2025/02/16 21:28:05.558, 76.04 W
2025/02/16 21:28:05.568, 76.04 W
2025/02/16 21:28:05.578, 76.04 W
2025/02/16 21:28:05.589, 76.20 W
2025/02/16 21:28:05.599, 76.20 W
2025/02/16 21:28:05.609, 76.20 W
2025/02/16 21:28:05.619, 76.20 W
2025/02/16 21:28:05.629, 76.20 W
2025/02/16 21:28:05.639, 76.20 W
2025/02/16 21:28:05.649, 76.20 W
2025/02/16 21:28:05.659, 76.20 W
2025/02/16 21:28:05.669, 76.20 W
2025/02/16 21:28:05.679, 76.20 W
2025/02/16 21:28:05.689, 76.20 W
2025/02/16 21:28:05.699, 76.20 W
2025/02/16 21:28:05.709, 76.29 W
2025/02/16 21:28:05.719, 76.29 W
2025/02/16 21:28:05.730, 76.29 W
2025/02/16 21:28:05.740, 76.29 W
2025/02/16 21:28:05.750, 76.29 W
2025/02/16 21:28:05.760, 76.29 W
2025/02/16 21:28:05.770, 76.29 W
2025/02/16 21:28:05.780, 76.29 W
2025/02/16 21:28:05.790, 76.29 W
2025/02/16 21:28:05.800, 76.29 W
2025/02/16 21:28:05.810, 76.29 W
2025/02/16 21:28:05.820, 76.29 W
2025/02/16 21:28:05.830, 76.29 W
2025/02/16 21:28:05.840, 76.29 W
2025/02/16 21:28:05.851, 76.29 W
2025/02/16 21:28:05.861, 76.29 W
2025/02/16 21:28:05.871, 76.29 W
2025/02/16 21:28:05.881, 76.29 W
2025/02/16 21:28:05.891, 76.29 W
2025/02/16 21:28:05.901, 76.29 W
2025/02/16 21:28:05.911, 76.04 W
2025/02/16 21:28:05.921, 76.04 W
2025/02/16 21:28:05.931, 76.04 W
2025/02/16 21:28:05.941, 76.04 W
2025/02/16 21:28:05.951, 76.04 W
2025/02/16 21:28:05.961, 76.04 W
2025/02/16 21:28:05.972, 76.04 W
2025/02/16 21:28:05.982, 76.04 W
2025/02/16 21:28:05.992, 76.04 W
2025/02/16 21:28:06.002, 76.13 W
2025/02/16 21:28:06.012, 76.13 W
2025/02/16 21:28:06.022, 76.13 W
2025/02/16 21:28:06.032, 76.13 W
2025/02/16 21:28:06.042, 76.13 W
2025/02/16 21:28:06.052, 76.13 W
2025/02/16 21:28:06.062, 76.13 W
2025/02/16 21:28:06.072, 76.13 W
2025/02/16 21:28:06.082, 76.13 W
2025/02/16 21:28:06.092, 76.13 W
2025/02/16 21:28:06.103, 76.13 W
2025/02/16 21:28:06.113, 76.13 W
2025/02/16 21:28:06.123, 76.04 W
2025/02/16 21:28:06.133, 76.04 W
2025/02/16 21:28:06.143, 76.04 W
2025/02/16 21:28:06.153, 76.04 W
2025/02/16 21:28:06.163, 76.04 W
2025/02/16 21:28:06.173, 76.04 W
2025/02/16 21:28:06.183, 76.04 W
2025/02/16 21:28:06.193, 76.04 W
2025/02/16 21:28:06.203, 76.20 W
2025/02/16 21:28:06.213, 76.20 W
2025/02/16 21:28:06.223, 76.20 W
2025/02/16 21:28:06.233, 76.20 W
2025/02/16 21:28:06.244, 76.20 W
2025/02/16 21:28:06.254, 76.20 W
2025/02/16 21:28:06.264, 76.20 W
2025/02/16 21:28:06.274, 76.20 W
2025/02/16 21:28:06.284, 76.20 W
2025/02/16 21:28:06.294, 76.20 W
2025/02/16 21:28:06.304, 76.20 W
2025/02/16 21:28:06.314, 76.20 W
2025/02/16 21:28:06.324, 76.29 W
2025/02/16 21:28:06.334, 76.29 W
2025/02/16 21:28:06.344, 76.29 W
2025/02/16 21:28:06.354, 76.29 W
2025/02/16 21:28:06.364, 76.29 W
2025/02/16 21:28:06.374, 76.29 W
2025/02/16 21:28:06.385, 76.29 W
2025/02/16 21:28:06.395, 76.29 W
2025/02/16 21:28:06.405, 76.29 W
2025/02/16 21:28:06.415, 76.29 W
2025/02/16 21:28:06.425, 76.29 W
2025/02/16 21:28:06.435, 76.29 W
2025/02/16 21:28:06.445, 76.29 W
2025/02/16 21:28:06.455, 76.29 W
2025/02/16 21:28:06.465, 76.29 W
2025/02/16 21:28:06.475, 76.29 W
2025/02/16 21:28:06.485, 76.29 W
2025/02/16 21:28:06.495, 76.29 W
2025/02/16 21:28:06.505, 76.29 W
2025/02/16 21:28:06.515, 76.29 W
2025/02/16 21:28:06.526, 76.29 W
2025/02/16 21:28:06.536, 76.29 W
2025/02/16 21:28:06.546, 76.29 W
2025/02/16 21:28:06.556, 76.29 W
2025/02/16 21:28:06.566, 76.29 W
2025/02/16 21:28:06.576, 76.29 W
2025/02/16 21:28:06.586, 76.29 W
2025/02/16 21:28:06.596, 76.29 W
2025/02/16 21:28:06.606, 76.29 W
2025/02/16 21:28:06.616, 76.29 W
2025/02/16 21:28:06.626, 76.29 W
2025/02/16 21:28:06.636, 76.29 W
2025/02/16 21:28:06.646, 76.29 W
2025/02/16 21:28:06.656, 76.29 W
2025/02/16 21:28:06.667, 76.29 W
2025/02/16 21:28:06.677, 76.29 W
2025/02/16 21:28:06.687, 76.29 W
2025/02/16 21:28:06.697, 76.29 W
2025/02/16 21:28:06.707, 76.29 W
2025/02/16 21:28:06.717, 76.29 W
2025/02/16 21:28:06.727, 76.29 W
2025/02/16 21:28:06.737, 76.04 W
2025/02/16 21:28:06.747, 76.04 W
2025/02/16 21:28:06.757, 76.04 W
2025/02/16 21:28:06.767, 76.04 W
2025/02/16 21:28:06.777, 76.04 W
2025/02/16 21:28:06.787, 76.04 W
2025/02/16 21:28:06.797, 76.04 W
2025/02/16 21:28:06.807, 76.04 W
2025/02/16 21:28:06.818, 76.04 W
2025/02/16 21:28:06.828, 76.04 W
2025/02/16 21:28:06.838, 76.04 W
2025/02/16 21:28:06.848, 76.04 W
2025/02/16 21:28:06.858, 76.04 W
2025/02/16 21:28:06.868, 76.04 W
2025/02/16 21:28:06.878, 76.04 W
2025/02/16 21:28:06.888, 76.04 W
2025/02/16 21:28:06.898, 76.04 W
2025/02/16 21:28:06.908, 76.04 W
2025/02/16 21:28:06.918, 76.04 W
2025/02/16 21:28:06.928, 76.04 W
2025/02/16 21:28:06.938, 76.04 W
2025/02/16 21:28:06.948, 76.04 W
2025/02/16 21:28:06.959, 76.04 W
2025/02/16 21:28:06.969, 76.04 W
2025/02/16 21:28:06.979, 76.04 W
2025/02/16 21:28:06.989, 76.04 W
2025/02/16 21:28:06.999, 76.04 W
2025/02/16 21:28:07.009, 76.04 W
2025/02/16 21:28:07.019, 76.04 W
2025/02/16 21:28:07.029, 76.04 W
2025/02/16 21:28:07.039, 76.04 W
2025/02/16 21:28:07.049, 76.04 W
2025/02/16 21:28:07.061, 76.04 W
2025/02/16 21:28:07.071, 76.04 W
2025/02/16 21:28:07.081, 76.04 W
2025/02/16 21:28:07.091, 76.04 W
2025/02/16 21:28:07.101, 76.04 W
2025/02/16 21:28:07.111, 76.04 W
2025/02/16 21:28:07.121, 76.04 W
2025/02/16 21:28:07.131, 76.04 W
2025/02/16 21:28:07.141, 76.04 W
2025/02/16 21:28:07.151, 76.04 W
2025/02/16 21:28:07.161, 76.04 W
2025/02/16 21:28:07.171, 76.04 W
2025/02/16 21:28:07.182, 76.04 W
2025/02/16 21:28:07.192, 76.04 W
2025/02/16 21:28:07.202, 76.04 W
2025/02/16 21:28:07.212, 76.04 W
2025/02/16 21:28:07.222, 76.04 W
2025/02/16 21:28:07.232, 76.04 W
2025/02/16 21:28:07.242, 76.04 W
2025/02/16 21:28:07.252, 76.04 W
2025/02/16 21:28:07.262, 76.04 W
2025/02/16 21:28:07.272, 76.04 W
2025/02/16 21:28:07.282, 76.04 W
2025/02/16 21:28:07.292, 76.04 W
2025/02/16 21:28:07.302, 76.04 W
2025/02/16 21:28:07.312, 76.04 W
2025/02/16 21:28:07.323, 76.04 W
2025/02/16 21:28:07.333, 76.04 W
2025/02/16 21:28:07.343, 76.04 W
2025/02/16 21:28:07.353, 76.04 W
2025/02/16 21:28:07.363, 76.04 W
2025/02/16 21:28:07.373, 76.04 W
2025/02/16 21:28:07.383, 76.04 W
2025/02/16 21:28:07.393, 76.04 W
2025/02/16 21:28:07.403, 76.04 W
2025/02/16 21:28:07.413, 76.04 W
2025/02/16 21:28:07.423, 76.04 W
2025/02/16 21:28:07.433, 75.76 W
2025/02/16 21:28:07.443, 75.76 W
2025/02/16 21:28:07.453, 75.76 W
2025/02/16 21:28:07.463, 75.76 W
2025/02/16 21:28:07.474, 75.76 W
2025/02/16 21:28:07.484, 75.76 W
2025/02/16 21:28:07.494, 75.76 W
2025/02/16 21:28:07.504, 75.76 W
2025/02/16 21:28:07.514, 75.76 W
2025/02/16 21:28:07.524, 75.76 W
2025/02/16 21:28:07.534, 75.76 W
2025/02/16 21:28:07.544, 75.76 W
2025/02/16 21:28:07.554, 75.76 W
2025/02/16 21:28:07.564, 75.76 W
2025/02/16 21:28:07.574, 75.76 W
2025/02/16 21:28:07.584, 75.76 W
2025/02/16 21:28:07.594, 75.76 W
2025/02/16 21:28:07.605, 75.76 W
2025/02/16 21:28:07.615, 75.76 W
2025/02/16 21:28:07.625, 75.76 W
2025/02/16 21:28:07.635, 76.04 W
2025/02/16 21:28:07.645, 76.04 W
2025/02/16 21:28:07.655, 76.04 W
2025/02/16 21:28:07.665, 76.04 W
2025/02/16 21:28:07.675, 76.04 W
2025/02/16 21:28:07.685, 76.04 W
2025/02/16 21:28:07.695, 76.04 W
2025/02/16 21:28:07.705, 76.04 W
2025/02/16 21:28:07.715, 76.04 W
2025/02/16 21:28:07.725, 76.04 W
2025/02/16 21:28:07.735, 76.04 W
2025/02/16 21:28:07.746, 76.04 W
2025/02/16 21:28:07.756, 75.76 W
2025/02/16 21:28:07.766, 75.76 W
2025/02/16 21:28:07.776, 75.76 W
2025/02/16 21:28:07.786, 75.76 W
2025/02/16 21:28:07.796, 75.76 W
2025/02/16 21:28:07.806, 75.76 W
2025/02/16 21:28:07.816, 75.76 W
2025/02/16 21:28:07.826, 75.76 W
2025/02/16 21:28:07.836, 76.04 W
2025/02/16 21:28:07.846, 76.04 W
2025/02/16 21:28:07.856, 76.04 W
2025/02/16 21:28:07.866, 76.04 W
2025/02/16 21:28:07.876, 76.04 W
2025/02/16 21:28:07.887, 76.04 W
2025/02/16 21:28:07.897, 76.04 W
2025/02/16 21:28:07.907, 76.04 W
2025/02/16 21:28:07.917, 76.04 W
2025/02/16 21:28:07.927, 76.04 W
2025/02/16 21:28:07.937, 76.04 W
2025/02/16 21:28:07.947, 76.04 W
2025/02/16 21:28:07.957, 76.04 W
2025/02/16 21:28:07.967, 76.04 W
2025/02/16 21:28:07.977, 76.04 W
2025/02/16 21:28:07.987, 76.04 W
2025/02/16 21:28:07.997, 76.04 W
2025/02/16 21:28:08.007, 76.04 W
2025/02/16 21:28:08.017, 76.04 W
2025/02/16 21:28:08.027, 76.04 W
2025/02/16 21:28:08.038, 76.04 W
2025/02/16 21:28:08.048, 76.04 W
2025/02/16 21:28:08.058, 76.04 W
2025/02/16 21:28:08.068, 76.04 W
2025/02/16 21:28:08.078, 76.04 W
2025/02/16 21:28:08.088, 76.04 W
2025/02/16 21:28:08.098, 76.04 W
2025/02/16 21:28:08.108, 76.04 W
2025/02/16 21:28:08.118, 76.04 W
2025/02/16 21:28:08.128, 76.04 W
2025/02/16 21:28:08.138, 76.04 W
2025/02/16 21:28:08.148, 76.04 W
2025/02/16 21:28:08.158, 76.04 W
2025/02/16 21:28:08.169, 76.04 W
2025/02/16 21:28:08.179, 76.04 W
2025/02/16 21:28:08.189, 76.04 W
2025/02/16 21:28:08.199, 76.04 W
2025/02/16 21:28:08.209, 76.04 W
2025/02/16 21:28:08.219, 76.04 W
2025/02/16 21:28:08.229, 76.04 W
2025/02/16 21:28:08.239, 76.04 W
2025/02/16 21:28:08.249, 75.76 W
2025/02/16 21:28:08.259, 75.76 W
2025/02/16 21:28:08.269, 75.76 W
2025/02/16 21:28:08.279, 75.76 W
2025/02/16 21:28:08.289, 75.76 W
2025/02/16 21:28:08.299, 75.76 W
2025/02/16 21:28:08.310, 75.76 W
2025/02/16 21:28:08.320, 75.76 W
2025/02/16 21:28:08.330, 75.76 W
2025/02/16 21:28:08.340, 75.76 W
2025/02/16 21:28:08.350, 75.76 W
2025/02/16 21:28:08.360, 75.76 W
2025/02/16 21:28:08.370, 75.51 W
2025/02/16 21:28:08.380, 75.51 W
2025/02/16 21:28:08.390, 75.51 W
2025/02/16 21:28:08.400, 75.51 W
2025/02/16 21:28:08.410, 75.51 W
2025/02/16 21:28:08.420, 75.51 W
2025/02/16 21:28:08.431, 75.51 W
2025/02/16 21:28:08.441, 75.51 W
2025/02/16 21:28:08.451, 75.51 W
2025/02/16 21:28:08.461, 75.51 W
2025/02/16 21:28:08.471, 75.51 W
2025/02/16 21:28:08.481, 75.51 W
2025/02/16 21:28:08.491, 75.51 W
2025/02/16 21:28:08.501, 75.51 W
2025/02/16 21:28:08.511, 75.51 W
2025/02/16 21:28:08.521, 75.51 W
2025/02/16 21:28:08.531, 75.51 W
2025/02/16 21:28:08.541, 75.51 W
2025/02/16 21:28:08.551, 75.51 W
2025/02/16 21:28:08.561, 75.76 W
2025/02/16 21:28:08.572, 75.76 W
2025/02/16 21:28:08.582, 75.76 W
2025/02/16 21:28:08.592, 75.76 W
2025/02/16 21:28:08.602, 75.76 W
2025/02/16 21:28:08.612, 75.76 W
2025/02/16 21:28:08.622, 75.76 W
2025/02/16 21:28:08.632, 75.76 W
2025/02/16 21:28:08.642, 75.76 W
2025/02/16 21:28:08.652, 75.76 W
2025/02/16 21:28:08.662, 75.76 W
2025/02/16 21:28:08.672, 75.76 W
2025/02/16 21:28:08.682, 75.76 W
2025/02/16 21:28:08.693, 75.76 W
2025/02/16 21:28:08.703, 75.76 W
2025/02/16 21:28:08.713, 75.76 W
2025/02/16 21:28:08.723, 75.76 W
2025/02/16 21:28:08.733, 75.76 W
2025/02/16 21:28:08.743, 75.76 W
2025/02/16 21:28:08.753, 75.76 W
2025/02/16 21:28:08.763, 75.76 W
2025/02/16 21:28:08.773, 75.76 W
2025/02/16 21:28:08.783, 75.51 W
2025/02/16 21:28:08.793, 75.51 W
2025/02/16 21:28:08.803, 75.51 W
2025/02/16 21:28:08.814, 75.51 W
2025/02/16 21:28:08.824, 75.51 W
2025/02/16 21:28:08.834, 75.51 W
2025/02/16 21:28:08.844, 75.51 W
2025/02/16 21:28:08.854, 75.51 W
2025/02/16 21:28:08.864, 75.76 W
2025/02/16 21:28:08.874, 75.76 W
2025/02/16 21:28:08.884, 75.76 W
2025/02/16 21:28:08.894, 75.76 W
2025/02/16 21:28:08.904, 75.76 W
2025/02/16 21:28:08.914, 75.76 W
2025/02/16 21:28:08.924, 75.76 W
2025/02/16 21:28:08.935, 75.76 W
2025/02/16 21:28:08.945, 75.76 W
2025/02/16 21:28:08.955, 75.76 W
2025/02/16 21:28:08.965, 75.76 W
2025/02/16 21:28:08.975, 75.76 W
2025/02/16 21:28:08.985, 75.76 W
2025/02/16 21:28:08.995, 75.76 W
2025/02/16 21:28:09.005, 75.76 W
2025/02/16 21:28:09.015, 75.76 W
2025/02/16 21:28:09.025, 75.76 W
2025/02/16 21:28:09.035, 75.76 W
2025/02/16 21:28:09.045, 75.76 W
2025/02/16 21:28:09.056, 75.76 W
2025/02/16 21:28:09.066, 75.84 W
2025/02/16 21:28:09.076, 75.84 W
2025/02/16 21:28:09.086, 75.84 W
2025/02/16 21:28:09.096, 75.84 W
2025/02/16 21:28:09.106, 75.84 W
2025/02/16 21:28:09.116, 75.84 W
2025/02/16 21:28:09.126, 75.84 W
2025/02/16 21:28:09.136, 75.84 W
2025/02/16 21:28:09.146, 75.84 W
2025/02/16 21:28:09.156, 75.84 W
2025/02/16 21:28:09.166, 75.84 W
2025/02/16 21:28:09.177, 75.51 W
2025/02/16 21:28:09.187, 75.51 W
2025/02/16 21:28:09.197, 75.51 W
2025/02/16 21:28:09.207, 75.51 W
2025/02/16 21:28:09.217, 75.51 W
2025/02/16 21:28:09.227, 75.51 W
2025/02/16 21:28:09.237, 75.51 W
2025/02/16 21:28:09.247, 75.51 W
2025/02/16 21:28:09.257, 75.51 W
2025/02/16 21:28:09.267, 75.51 W
2025/02/16 21:28:09.277, 76.29 W
2025/02/16 21:28:09.287, 76.29 W
2025/02/16 21:28:09.298, 76.29 W
2025/02/16 21:28:09.308, 76.29 W
2025/02/16 21:28:09.318, 76.29 W
2025/02/16 21:28:09.328, 76.29 W
2025/02/16 21:28:09.338, 76.29 W
2025/02/16 21:28:09.348, 76.29 W
2025/02/16 21:28:09.358, 76.29 W
2025/02/16 21:28:09.368, 79.29 W
2025/02/16 21:28:09.378, 79.29 W
2025/02/16 21:28:09.388, 79.29 W
2025/02/16 21:28:09.398, 79.29 W
2025/02/16 21:28:09.408, 79.29 W
2025/02/16 21:28:09.418, 79.29 W
2025/02/16 21:28:09.429, 79.29 W
2025/02/16 21:28:09.439, 79.29 W
2025/02/16 21:28:09.449, 79.29 W
2025/02/16 21:28:09.459, 79.29 W
2025/02/16 21:28:09.469, 79.29 W
2025/02/16 21:28:09.479, 79.29 W
2025/02/16 21:28:09.489, 79.53 W
2025/02/16 21:28:09.499, 79.53 W
2025/02/16 21:28:09.509, 79.53 W
2025/02/16 21:28:09.519, 79.53 W
2025/02/16 21:28:09.529, 79.53 W
2025/02/16 21:28:09.539, 79.53 W
2025/02/16 21:28:09.549, 79.53 W
2025/02/16 21:28:09.560, 79.53 W
2025/02/16 21:28:09.570, 79.53 W
2025/02/16 21:28:09.580, 75.76 W
2025/02/16 21:28:09.590, 75.76 W
2025/02/16 21:28:09.600, 75.76 W
2025/02/16 21:28:09.610, 75.76 W
2025/02/16 21:28:09.620, 75.76 W
2025/02/16 21:28:09.630, 75.76 W
2025/02/16 21:28:09.640, 75.76 W
2025/02/16 21:28:09.650, 75.76 W
2025/02/16 21:28:09.660, 75.76 W
2025/02/16 21:28:09.670, 75.76 W
2025/02/16 21:28:09.681, 75.76 W
2025/02/16 21:28:09.691, 75.76 W
2025/02/16 21:28:09.701, 75.76 W
2025/02/16 21:28:09.711, 75.76 W
2025/02/16 21:28:09.721, 75.76 W
2025/02/16 21:28:09.731, 75.76 W
2025/02/16 21:28:09.741, 75.76 W
2025/02/16 21:28:09.751, 75.76 W
2025/02/16 21:28:09.761, 75.76 W
2025/02/16 21:28:09.771, 75.76 W
2025/02/16 21:28:09.781, 75.76 W
2025/02/16 21:28:09.791, 75.76 W
2025/02/16 21:28:09.802, 75.76 W
2025/02/16 21:28:09.812, 75.76 W
2025/02/16 21:28:09.822, 75.76 W
2025/02/16 21:28:09.832, 75.76 W
2025/02/16 21:28:09.842, 75.76 W
2025/02/16 21:28:09.852, 75.76 W
2025/02/16 21:28:09.862, 75.76 W
2025/02/16 21:28:09.872, 75.76 W
2025/02/16 21:28:09.882, 75.67 W
2025/02/16 21:28:09.892, 75.67 W
2025/02/16 21:28:09.902, 75.67 W
2025/02/16 21:28:09.912, 75.67 W
2025/02/16 21:28:09.923, 75.67 W
2025/02/16 21:28:09.933, 75.67 W
2025/02/16 21:28:09.943, 75.67 W
2025/02/16 21:28:09.953, 75.67 W
2025/02/16 21:28:09.963, 75.67 W
2025/02/16 21:28:09.973, 75.67 W
2025/02/16 21:28:09.983, 75.67 W
2025/02/16 21:28:09.993, 75.67 W
2025/02/16 21:28:10.003, 75.76 W
2025/02/16 21:28:10.013, 75.76 W
2025/02/16 21:28:10.023, 75.76 W
2025/02/16 21:28:10.033, 75.76 W
2025/02/16 21:28:10.044, 75.76 W
2025/02/16 21:28:10.054, 75.76 W
2025/02/16 21:28:10.064, 75.76 W
2025/02/16 21:28:10.074, 75.76 W
2025/02/16 21:28:10.084, 75.76 W
2025/02/16 21:28:10.094, 75.76 W
2025/02/16 21:28:10.104, 75.76 W
2025/02/16 21:28:10.114, 75.76 W
2025/02/16 21:28:10.124, 75.76 W
2025/02/16 21:28:10.134, 75.76 W
2025/02/16 21:28:10.144, 75.76 W
2025/02/16 21:28:10.155, 75.76 W
2025/02/16 21:28:10.165, 75.76 W
2025/02/16 21:28:10.175, 75.76 W
2025/02/16 21:28:10.185, 75.76 W
2025/02/16 21:28:10.195, 75.76 W
2025/02/16 21:28:10.205, 75.76 W
2025/02/16 21:28:10.215, 75.76 W
2025/02/16 21:28:10.225, 75.76 W
2025/02/16 21:28:10.235, 75.76 W
2025/02/16 21:28:10.245, 75.76 W
2025/02/16 21:28:10.255, 75.76 W
