timestamp, power.draw [W]
2025/02/16 21:29:45.341, 76.37 W
2025/02/16 21:29:45.352, 76.37 W
2025/02/16 21:29:45.362, 76.37 W
2025/02/16 21:29:45.372, 76.22 W
2025/02/16 21:29:45.382, 76.22 W
2025/02/16 21:29:45.392, 76.22 W
2025/02/16 21:29:45.402, 76.22 W
2025/02/16 21:29:45.412, 76.22 W
2025/02/16 21:29:45.422, 76.22 W
2025/02/16 21:29:45.432, 76.22 W
2025/02/16 21:29:45.442, 76.22 W
2025/02/16 21:29:45.453, 76.22 W
2025/02/16 21:29:45.463, 76.22 W
2025/02/16 21:29:45.473, 76.22 W
2025/02/16 21:29:45.483, 76.22 W
2025/02/16 21:29:45.493, 76.75 W
2025/02/16 21:29:45.503, 76.75 W
2025/02/16 21:29:45.513, 76.75 W
2025/02/16 21:29:45.523, 76.75 W
2025/02/16 21:29:45.533, 76.75 W
2025/02/16 21:29:45.543, 76.75 W
2025/02/16 21:29:45.553, 76.75 W
2025/02/16 21:29:45.563, 76.75 W
2025/02/16 21:29:45.573, 76.75 W
2025/02/16 21:29:45.583, 76.75 W
2025/02/16 21:29:45.594, 76.37 W
2025/02/16 21:29:45.604, 76.37 W
2025/02/16 21:29:45.614, 76.37 W
2025/02/16 21:29:45.624, 76.37 W
2025/02/16 21:29:45.634, 76.37 W
2025/02/16 21:29:45.644, 76.37 W
2025/02/16 21:29:45.654, 76.37 W
2025/02/16 21:29:45.664, 76.37 W
2025/02/16 21:29:45.674, 76.13 W
2025/02/16 21:29:45.684, 76.13 W
2025/02/16 21:29:45.694, 76.13 W
2025/02/16 21:29:45.704, 76.13 W
2025/02/16 21:29:45.714, 76.13 W
2025/02/16 21:29:45.725, 76.13 W
2025/02/16 21:29:45.735, 76.13 W
2025/02/16 21:29:45.745, 76.13 W
2025/02/16 21:29:45.755, 76.13 W
2025/02/16 21:29:45.765, 76.13 W
2025/02/16 21:29:45.775, 75.84 W
2025/02/16 21:29:45.785, 75.84 W
2025/02/16 21:29:45.795, 75.84 W
2025/02/16 21:29:45.805, 75.84 W
2025/02/16 21:29:45.815, 75.84 W
2025/02/16 21:29:45.825, 75.84 W
2025/02/16 21:29:45.835, 75.84 W
2025/02/16 21:29:45.845, 75.84 W
2025/02/16 21:29:45.855, 75.84 W
2025/02/16 21:29:45.866, 75.84 W
2025/02/16 21:29:45.876, 75.84 W
2025/02/16 21:29:45.886, 75.84 W
2025/02/16 21:29:45.896, 75.84 W
2025/02/16 21:29:45.906, 76.37 W
2025/02/16 21:29:45.916, 76.37 W
2025/02/16 21:29:45.926, 76.37 W
2025/02/16 21:29:45.936, 76.37 W
2025/02/16 21:29:45.946, 76.37 W
2025/02/16 21:29:45.956, 76.37 W
2025/02/16 21:29:45.966, 76.37 W
2025/02/16 21:29:45.976, 76.37 W
2025/02/16 21:29:45.986, 76.37 W
2025/02/16 21:29:45.996, 76.37 W
2025/02/16 21:29:46.007, 76.22 W
2025/02/16 21:29:46.017, 76.22 W
2025/02/16 21:29:46.027, 76.22 W
2025/02/16 21:29:46.037, 76.22 W
2025/02/16 21:29:46.047, 76.22 W
2025/02/16 21:29:46.057, 76.22 W
2025/02/16 21:29:46.067, 76.22 W
2025/02/16 21:29:46.077, 76.22 W
2025/02/16 21:29:46.087, 76.22 W
2025/02/16 21:29:46.097, 76.22 W
2025/02/16 21:29:46.107, 76.22 W
2025/02/16 21:29:46.117, 76.22 W
2025/02/16 21:29:46.127, 76.22 W
2025/02/16 21:29:46.137, 76.22 W
2025/02/16 21:29:46.148, 76.22 W
2025/02/16 21:29:46.158, 76.22 W
2025/02/16 21:29:46.168, 76.22 W
2025/02/16 21:29:46.178, 76.22 W
2025/02/16 21:29:46.188, 76.91 W
2025/02/16 21:29:46.198, 76.91 W
2025/02/16 21:29:46.208, 76.91 W
2025/02/16 21:29:46.218, 76.91 W
2025/02/16 21:29:46.228, 76.91 W
2025/02/16 21:29:46.238, 76.91 W
2025/02/16 21:29:46.248, 76.91 W
2025/02/16 21:29:46.258, 76.91 W
2025/02/16 21:29:46.268, 76.91 W
2025/02/16 21:29:46.278, 76.91 W
2025/02/16 21:29:46.289, 76.91 W
2025/02/16 21:29:46.299, 76.91 W
2025/02/16 21:29:46.309, 76.37 W
2025/02/16 21:29:46.319, 76.37 W
2025/02/16 21:29:46.329, 76.37 W
2025/02/16 21:29:46.339, 76.37 W
2025/02/16 21:29:46.349, 76.37 W
2025/02/16 21:29:46.359, 76.37 W
2025/02/16 21:29:46.369, 76.37 W
2025/02/16 21:29:46.379, 76.37 W
2025/02/16 21:29:46.389, 76.37 W
2025/02/16 21:29:46.399, 76.37 W
2025/02/16 21:29:46.409, 76.37 W
2025/02/16 21:29:46.419, 76.37 W
2025/02/16 21:29:46.430, 76.37 W
2025/02/16 21:29:46.440, 76.37 W
2025/02/16 21:29:46.450, 76.37 W
2025/02/16 21:29:46.460, 76.37 W
2025/02/16 21:29:46.470, 76.37 W
2025/02/16 21:29:46.480, 76.37 W
2025/02/16 21:29:46.490, 76.37 W
2025/02/16 21:29:46.500, 76.66 W
2025/02/16 21:29:46.510, 76.66 W
2025/02/16 21:29:46.520, 76.66 W
2025/02/16 21:29:46.530, 76.66 W
2025/02/16 21:29:46.540, 76.66 W
2025/02/16 21:29:46.550, 76.66 W
2025/02/16 21:29:46.560, 76.66 W
2025/02/16 21:29:46.571, 76.66 W
2025/02/16 21:29:46.581, 76.66 W
2025/02/16 21:29:46.591, 76.66 W
2025/02/16 21:29:46.601, 76.37 W
2025/02/16 21:29:46.611, 76.37 W
2025/02/16 21:29:46.621, 76.37 W
2025/02/16 21:29:46.631, 76.37 W
2025/02/16 21:29:46.641, 76.37 W
2025/02/16 21:29:46.651, 76.37 W
2025/02/16 21:29:46.661, 76.37 W
2025/02/16 21:29:46.671, 76.37 W
2025/02/16 21:29:46.681, 76.37 W
2025/02/16 21:29:46.691, 76.37 W
2025/02/16 21:29:46.701, 76.37 W
2025/02/16 21:29:46.712, 76.37 W
2025/02/16 21:29:46.722, 76.22 W
2025/02/16 21:29:46.732, 76.22 W
2025/02/16 21:29:46.742, 76.22 W
2025/02/16 21:29:46.752, 76.22 W
2025/02/16 21:29:46.762, 76.22 W
2025/02/16 21:29:46.772, 76.22 W
2025/02/16 21:29:46.782, 76.22 W
2025/02/16 21:29:46.792, 76.22 W
2025/02/16 21:29:46.802, 76.46 W
2025/02/16 21:29:46.812, 76.46 W
2025/02/16 21:29:46.822, 76.46 W
2025/02/16 21:29:46.832, 76.46 W
2025/02/16 21:29:46.843, 76.46 W
2025/02/16 21:29:46.853, 76.46 W
2025/02/16 21:29:46.863, 76.46 W
2025/02/16 21:29:46.873, 76.46 W
2025/02/16 21:29:46.883, 76.46 W
2025/02/16 21:29:46.893, 76.46 W
2025/02/16 21:29:46.903, 76.46 W
2025/02/16 21:29:46.913, 76.46 W
2025/02/16 21:29:46.923, 76.66 W
2025/02/16 21:29:46.933, 76.66 W
2025/02/16 21:29:46.943, 76.66 W
2025/02/16 21:29:46.953, 76.66 W
2025/02/16 21:29:46.963, 76.66 W
2025/02/16 21:29:46.973, 76.66 W
2025/02/16 21:29:46.984, 76.66 W
2025/02/16 21:29:46.994, 76.66 W
2025/02/16 21:29:47.004, 76.22 W
2025/02/16 21:29:47.014, 76.22 W
2025/02/16 21:29:47.024, 76.22 W
2025/02/16 21:29:47.034, 76.22 W
2025/02/16 21:29:47.044, 76.22 W
2025/02/16 21:29:47.054, 76.22 W
2025/02/16 21:29:47.064, 76.22 W
2025/02/16 21:29:47.074, 76.22 W
2025/02/16 21:29:47.084, 76.22 W
2025/02/16 21:29:47.094, 76.22 W
2025/02/16 21:29:47.104, 76.22 W
2025/02/16 21:29:47.114, 76.22 W
2025/02/16 21:29:47.125, 76.13 W
2025/02/16 21:29:47.135, 76.13 W
2025/02/16 21:29:47.145, 76.13 W
2025/02/16 21:29:47.155, 76.13 W
2025/02/16 21:29:47.165, 76.13 W
2025/02/16 21:29:47.175, 76.13 W
2025/02/16 21:29:47.185, 76.13 W
2025/02/16 21:29:47.195, 76.13 W
2025/02/16 21:29:47.205, 76.13 W
2025/02/16 21:29:47.215, 76.37 W
2025/02/16 21:29:47.225, 76.37 W
2025/02/16 21:29:47.235, 76.37 W
2025/02/16 21:29:47.245, 76.37 W
2025/02/16 21:29:47.256, 76.37 W
2025/02/16 21:29:47.266, 76.37 W
2025/02/16 21:29:47.276, 76.37 W
2025/02/16 21:29:47.286, 76.37 W
2025/02/16 21:29:47.296, 76.37 W
2025/02/16 21:29:47.306, 76.37 W
2025/02/16 21:29:47.316, 76.37 W
2025/02/16 21:29:47.326, 76.37 W
2025/02/16 21:29:47.336, 76.37 W
2025/02/16 21:29:47.346, 76.37 W
2025/02/16 21:29:47.356, 76.37 W
2025/02/16 21:29:47.366, 76.37 W
2025/02/16 21:29:47.376, 76.37 W
2025/02/16 21:29:47.386, 76.37 W
2025/02/16 21:29:47.397, 76.37 W
2025/02/16 21:29:47.407, 76.37 W
2025/02/16 21:29:47.417, 76.37 W
2025/02/16 21:29:47.427, 76.37 W
2025/02/16 21:29:47.437, 76.37 W
2025/02/16 21:29:47.447, 76.37 W
2025/02/16 21:29:47.457, 76.37 W
2025/02/16 21:29:47.467, 76.37 W
2025/02/16 21:29:47.477, 76.37 W
2025/02/16 21:29:47.487, 76.37 W
2025/02/16 21:29:47.497, 76.37 W
2025/02/16 21:29:47.507, 76.37 W
2025/02/16 21:29:47.517, 76.91 W
2025/02/16 21:29:47.528, 76.91 W
2025/02/16 21:29:47.538, 76.91 W
2025/02/16 21:29:47.548, 76.91 W
2025/02/16 21:29:47.558, 76.91 W
2025/02/16 21:29:47.568, 76.91 W
2025/02/16 21:29:47.578, 76.91 W
2025/02/16 21:29:47.588, 76.91 W
2025/02/16 21:29:47.598, 76.91 W
2025/02/16 21:29:47.608, 76.91 W
2025/02/16 21:29:47.618, 76.37 W
2025/02/16 21:29:47.628, 76.37 W
2025/02/16 21:29:47.638, 76.37 W
2025/02/16 21:29:47.648, 76.37 W
2025/02/16 21:29:47.658, 76.37 W
2025/02/16 21:29:47.669, 76.37 W
2025/02/16 21:29:47.679, 76.37 W
2025/02/16 21:29:47.689, 76.37 W
2025/02/16 21:29:47.699, 76.37 W
2025/02/16 21:29:47.709, 76.37 W
2025/02/16 21:29:47.719, 76.37 W
2025/02/16 21:29:47.729, 76.37 W
2025/02/16 21:29:47.739, 76.22 W
2025/02/16 21:29:47.749, 76.22 W
2025/02/16 21:29:47.759, 76.22 W
2025/02/16 21:29:47.769, 76.22 W
2025/02/16 21:29:47.779, 76.22 W
2025/02/16 21:29:47.789, 76.22 W
2025/02/16 21:29:47.799, 76.22 W
2025/02/16 21:29:47.810, 76.22 W
2025/02/16 21:29:47.820, 76.22 W
2025/02/16 21:29:47.830, 76.66 W
2025/02/16 21:29:47.840, 76.66 W
2025/02/16 21:29:47.850, 76.66 W
2025/02/16 21:29:47.860, 76.66 W
2025/02/16 21:29:47.870, 76.66 W
2025/02/16 21:29:47.880, 76.66 W
2025/02/16 21:29:47.890, 76.66 W
2025/02/16 21:29:47.900, 76.66 W
2025/02/16 21:29:47.910, 76.66 W
2025/02/16 21:29:47.920, 76.66 W
2025/02/16 21:29:47.930, 76.66 W
2025/02/16 21:29:47.940, 76.66 W
2025/02/16 21:29:47.951, 76.66 W
2025/02/16 21:29:47.961, 76.66 W
2025/02/16 21:29:47.971, 76.66 W
2025/02/16 21:29:47.981, 76.66 W
2025/02/16 21:29:47.991, 76.66 W
2025/02/16 21:29:48.001, 76.66 W
2025/02/16 21:29:48.011, 76.66 W
2025/02/16 21:29:48.021, 76.66 W
2025/02/16 21:29:48.031, 76.13 W
2025/02/16 21:29:48.041, 76.13 W
2025/02/16 21:29:48.051, 76.13 W
2025/02/16 21:29:48.061, 76.13 W
2025/02/16 21:29:48.071, 76.13 W
2025/02/16 21:29:48.081, 76.13 W
2025/02/16 21:29:48.092, 76.13 W
2025/02/16 21:29:48.102, 76.13 W
2025/02/16 21:29:48.112, 76.13 W
2025/02/16 21:29:48.122, 76.13 W
2025/02/16 21:29:48.132, 76.13 W
2025/02/16 21:29:48.142, 76.13 W
2025/02/16 21:29:48.152, 76.66 W
2025/02/16 21:29:48.162, 76.66 W
2025/02/16 21:29:48.172, 76.66 W
2025/02/16 21:29:48.182, 76.66 W
2025/02/16 21:29:48.192, 76.66 W
2025/02/16 21:29:48.202, 76.66 W
2025/02/16 21:29:48.212, 76.66 W
2025/02/16 21:29:48.222, 76.66 W
2025/02/16 21:29:48.233, 76.37 W
2025/02/16 21:29:48.243, 76.37 W
2025/02/16 21:29:48.253, 76.37 W
2025/02/16 21:29:48.263, 76.37 W
2025/02/16 21:29:48.273, 76.37 W
2025/02/16 21:29:48.283, 76.37 W
2025/02/16 21:29:48.293, 76.37 W
2025/02/16 21:29:48.303, 76.37 W
2025/02/16 21:29:48.313, 76.37 W
2025/02/16 21:29:48.323, 76.37 W
2025/02/16 21:29:48.333, 76.37 W
2025/02/16 21:29:48.343, 76.37 W
2025/02/16 21:29:48.353, 76.37 W
2025/02/16 21:29:48.364, 76.37 W
2025/02/16 21:29:48.374, 76.37 W
2025/02/16 21:29:48.384, 76.37 W
2025/02/16 21:29:48.394, 76.37 W
2025/02/16 21:29:48.404, 76.37 W
2025/02/16 21:29:48.414, 76.37 W
2025/02/16 21:29:48.424, 76.37 W
2025/02/16 21:29:48.434, 76.37 W
2025/02/16 21:29:48.444, 76.66 W
2025/02/16 21:29:48.454, 76.66 W
2025/02/16 21:29:48.464, 76.66 W
2025/02/16 21:29:48.474, 76.66 W
2025/02/16 21:29:48.484, 76.66 W
2025/02/16 21:29:48.494, 76.66 W
2025/02/16 21:29:48.504, 76.66 W
2025/02/16 21:29:48.515, 76.66 W
2025/02/16 21:29:48.525, 76.66 W
2025/02/16 21:29:48.535, 76.66 W
2025/02/16 21:29:48.545, 76.75 W
2025/02/16 21:29:48.555, 76.75 W
2025/02/16 21:29:48.565, 76.75 W
2025/02/16 21:29:48.575, 76.75 W
2025/02/16 21:29:48.585, 76.75 W
2025/02/16 21:29:48.595, 76.75 W
2025/02/16 21:29:48.605, 76.75 W
2025/02/16 21:29:48.615, 76.75 W
2025/02/16 21:29:48.625, 76.75 W
2025/02/16 21:29:48.635, 76.75 W
2025/02/16 21:29:48.645, 76.37 W
2025/02/16 21:29:48.656, 76.37 W
2025/02/16 21:29:48.666, 76.37 W
2025/02/16 21:29:48.676, 76.37 W
2025/02/16 21:29:48.686, 76.37 W
2025/02/16 21:29:48.696, 76.37 W
2025/02/16 21:29:48.706, 76.37 W
2025/02/16 21:29:48.716, 76.37 W
2025/02/16 21:29:48.726, 76.37 W
2025/02/16 21:29:48.736, 76.37 W
2025/02/16 21:29:48.746, 76.37 W
2025/02/16 21:29:48.756, 76.37 W
2025/02/16 21:29:48.766, 76.22 W
2025/02/16 21:29:48.776, 76.22 W
2025/02/16 21:29:48.786, 76.22 W
2025/02/16 21:29:48.797, 76.22 W
2025/02/16 21:29:48.807, 76.22 W
2025/02/16 21:29:48.817, 76.22 W
2025/02/16 21:29:48.827, 76.22 W
2025/02/16 21:29:48.837, 76.22 W
2025/02/16 21:29:48.847, 76.66 W
2025/02/16 21:29:48.857, 76.66 W
2025/02/16 21:29:48.867, 76.66 W
2025/02/16 21:29:48.877, 76.66 W
2025/02/16 21:29:48.887, 76.66 W
2025/02/16 21:29:48.897, 76.66 W
2025/02/16 21:29:48.907, 76.66 W
2025/02/16 21:29:48.917, 76.66 W
2025/02/16 21:29:48.927, 76.66 W
2025/02/16 21:29:48.938, 76.66 W
2025/02/16 21:29:48.948, 76.66 W
2025/02/16 21:29:48.958, 76.66 W
2025/02/16 21:29:48.968, 76.66 W
2025/02/16 21:29:48.978, 76.66 W
2025/02/16 21:29:48.988, 76.66 W
2025/02/16 21:29:48.998, 76.66 W
2025/02/16 21:29:49.008, 76.66 W
2025/02/16 21:29:49.018, 76.66 W
2025/02/16 21:29:49.028, 76.66 W
2025/02/16 21:29:49.038, 76.66 W
2025/02/16 21:29:49.048, 76.66 W
2025/02/16 21:29:49.058, 76.46 W
2025/02/16 21:29:49.069, 76.46 W
2025/02/16 21:29:49.079, 76.46 W
2025/02/16 21:29:49.089, 76.46 W
2025/02/16 21:29:49.099, 76.46 W
2025/02/16 21:29:49.109, 76.46 W
2025/02/16 21:29:49.119, 76.46 W
2025/02/16 21:29:49.129, 76.46 W
2025/02/16 21:29:49.139, 76.46 W
2025/02/16 21:29:49.149, 76.46 W
2025/02/16 21:29:49.159, 76.46 W
2025/02/16 21:29:49.169, 76.46 W
2025/02/16 21:29:49.179, 76.37 W
2025/02/16 21:29:49.189, 76.37 W
2025/02/16 21:29:49.199, 76.37 W
2025/02/16 21:29:49.210, 76.37 W
2025/02/16 21:29:49.220, 76.37 W
2025/02/16 21:29:49.230, 76.37 W
2025/02/16 21:29:49.240, 76.37 W
2025/02/16 21:29:49.250, 76.37 W
2025/02/16 21:29:49.260, 76.37 W
2025/02/16 21:29:49.270, 76.37 W
2025/02/16 21:29:49.280, 76.37 W
2025/02/16 21:29:49.290, 76.37 W
2025/02/16 21:29:49.300, 76.37 W
2025/02/16 21:29:49.310, 76.37 W
2025/02/16 21:29:49.320, 76.37 W
2025/02/16 21:29:49.330, 76.37 W
2025/02/16 21:29:49.340, 76.37 W
2025/02/16 21:29:49.351, 76.37 W
2025/02/16 21:29:49.361, 76.37 W
2025/02/16 21:29:49.371, 76.37 W
2025/02/16 21:29:49.381, 76.37 W
2025/02/16 21:29:49.391, 76.37 W
2025/02/16 21:29:49.401, 76.37 W
2025/02/16 21:29:49.411, 76.37 W
2025/02/16 21:29:49.421, 76.37 W
2025/02/16 21:29:49.431, 76.37 W
2025/02/16 21:29:49.441, 76.37 W
2025/02/16 21:29:49.451, 76.37 W
2025/02/16 21:29:49.461, 76.37 W
2025/02/16 21:29:49.471, 76.37 W
2025/02/16 21:29:49.481, 76.37 W
2025/02/16 21:29:49.492, 76.37 W
2025/02/16 21:29:49.502, 76.37 W
2025/02/16 21:29:49.512, 76.37 W
2025/02/16 21:29:49.522, 76.37 W
2025/02/16 21:29:49.532, 76.37 W
2025/02/16 21:29:49.542, 76.37 W
2025/02/16 21:29:49.552, 76.37 W
2025/02/16 21:29:49.562, 76.37 W
2025/02/16 21:29:49.572, 76.66 W
2025/02/16 21:29:49.582, 76.66 W
2025/02/16 21:29:49.592, 76.66 W
2025/02/16 21:29:49.602, 76.66 W
2025/02/16 21:29:49.612, 76.66 W
2025/02/16 21:29:49.622, 76.66 W
2025/02/16 21:29:49.633, 76.66 W
2025/02/16 21:29:49.643, 76.66 W
2025/02/16 21:29:49.653, 76.66 W
2025/02/16 21:29:49.663, 76.66 W
2025/02/16 21:29:49.673, 76.66 W
2025/02/16 21:29:49.683, 76.66 W
2025/02/16 21:29:49.693, 76.66 W
2025/02/16 21:29:49.703, 76.66 W
2025/02/16 21:29:49.713, 76.66 W
2025/02/16 21:29:49.723, 76.66 W
2025/02/16 21:29:49.733, 76.66 W
2025/02/16 21:29:49.743, 76.66 W
2025/02/16 21:29:49.753, 76.66 W
2025/02/16 21:29:49.763, 76.66 W
2025/02/16 21:29:49.774, 76.66 W
2025/02/16 21:29:49.784, 76.66 W
2025/02/16 21:29:49.794, 76.66 W
2025/02/16 21:29:49.804, 76.66 W
2025/02/16 21:29:49.814, 76.66 W
2025/02/16 21:29:49.824, 76.66 W
2025/02/16 21:29:49.834, 76.66 W
2025/02/16 21:29:49.844, 76.66 W
2025/02/16 21:29:49.854, 76.66 W
2025/02/16 21:29:49.864, 76.66 W
2025/02/16 21:29:49.874, 76.66 W
2025/02/16 21:29:49.884, 76.66 W
2025/02/16 21:29:49.894, 76.66 W
2025/02/16 21:29:49.904, 76.66 W
2025/02/16 21:29:49.915, 76.66 W
2025/02/16 21:29:49.925, 76.66 W
2025/02/16 21:29:49.935, 76.66 W
2025/02/16 21:29:49.945, 76.66 W
2025/02/16 21:29:49.955, 76.66 W
2025/02/16 21:29:49.965, 76.66 W
2025/02/16 21:29:49.975, 76.66 W
2025/02/16 21:29:49.985, 76.66 W
2025/02/16 21:29:49.995, 76.13 W
2025/02/16 21:29:50.005, 76.13 W
2025/02/16 21:29:50.015, 76.13 W
2025/02/16 21:29:50.025, 76.13 W
2025/02/16 21:29:50.035, 76.13 W
2025/02/16 21:29:50.045, 76.13 W
2025/02/16 21:29:50.056, 76.13 W
2025/02/16 21:29:50.066, 76.13 W
2025/02/16 21:29:50.076, 76.13 W
2025/02/16 21:29:50.086, 76.13 W
2025/02/16 21:29:50.096, 76.13 W
2025/02/16 21:29:50.106, 76.13 W
2025/02/16 21:29:50.116, 76.13 W
2025/02/16 21:29:50.126, 76.13 W
2025/02/16 21:29:50.136, 76.13 W
2025/02/16 21:29:50.146, 76.13 W
2025/02/16 21:29:50.156, 76.13 W
2025/02/16 21:29:50.166, 76.13 W
2025/02/16 21:29:50.176, 76.13 W
2025/02/16 21:29:50.186, 76.13 W
2025/02/16 21:29:50.197, 76.37 W
2025/02/16 21:29:50.207, 76.37 W
2025/02/16 21:29:50.217, 76.37 W
2025/02/16 21:29:50.227, 76.37 W
2025/02/16 21:29:50.237, 76.37 W
2025/02/16 21:29:50.247, 76.37 W
2025/02/16 21:29:50.257, 76.37 W
2025/02/16 21:29:50.267, 76.37 W
2025/02/16 21:29:50.277, 76.37 W
2025/02/16 21:29:50.287, 76.13 W
2025/02/16 21:29:50.314, 76.13 W
2025/02/16 21:29:50.324, 76.13 W
2025/02/16 21:29:50.334, 76.13 W
2025/02/16 21:29:50.344, 76.13 W
2025/02/16 21:29:50.354, 76.13 W
2025/02/16 21:29:50.364, 76.13 W
2025/02/16 21:29:50.374, 76.13 W
2025/02/16 21:29:50.384, 76.13 W
2025/02/16 21:29:50.394, 76.13 W
2025/02/16 21:29:50.404, 76.37 W
2025/02/16 21:29:50.414, 76.37 W
2025/02/16 21:29:50.425, 76.37 W
2025/02/16 21:29:50.435, 76.37 W
2025/02/16 21:29:50.445, 76.37 W
2025/02/16 21:29:50.455, 76.37 W
2025/02/16 21:29:50.465, 76.37 W
2025/02/16 21:29:50.475, 76.37 W
2025/02/16 21:29:50.485, 76.66 W
2025/02/16 21:29:50.495, 76.66 W
2025/02/16 21:29:50.505, 76.66 W
2025/02/16 21:29:50.515, 76.66 W
2025/02/16 21:29:50.525, 76.66 W
2025/02/16 21:29:50.535, 76.66 W
2025/02/16 21:29:50.545, 76.66 W
2025/02/16 21:29:50.556, 76.66 W
2025/02/16 21:29:50.566, 76.66 W
2025/02/16 21:29:50.576, 76.66 W
2025/02/16 21:29:50.586, 76.66 W
2025/02/16 21:29:50.596, 76.13 W
2025/02/16 21:29:50.606, 76.13 W
2025/02/16 21:29:50.616, 76.13 W
2025/02/16 21:29:50.626, 76.13 W
2025/02/16 21:29:50.636, 76.13 W
2025/02/16 21:29:50.646, 76.13 W
2025/02/16 21:29:50.656, 76.13 W
2025/02/16 21:29:50.666, 76.13 W
2025/02/16 21:29:50.676, 76.13 W
2025/02/16 21:29:50.686, 76.13 W
2025/02/16 21:29:50.697, 77.00 W
2025/02/16 21:29:50.707, 77.00 W
2025/02/16 21:29:50.717, 77.00 W
2025/02/16 21:29:50.727, 77.00 W
2025/02/16 21:29:50.737, 77.00 W
2025/02/16 21:29:50.747, 77.00 W
2025/02/16 21:29:50.757, 77.00 W
2025/02/16 21:29:50.767, 77.00 W
2025/02/16 21:29:50.777, 77.00 W
2025/02/16 21:29:50.787, 77.00 W
2025/02/16 21:29:50.797, 77.00 W
2025/02/16 21:29:50.807, 77.00 W
2025/02/16 21:29:50.817, 76.37 W
2025/02/16 21:29:50.827, 76.37 W
2025/02/16 21:29:50.838, 76.37 W
2025/02/16 21:29:50.848, 76.37 W
2025/02/16 21:29:50.858, 76.37 W
2025/02/16 21:29:50.868, 76.37 W
2025/02/16 21:29:50.878, 76.37 W
2025/02/16 21:29:50.888, 76.37 W
2025/02/16 21:29:50.898, 76.13 W
2025/02/16 21:29:50.908, 76.13 W
2025/02/16 21:29:50.918, 76.13 W
2025/02/16 21:29:50.928, 76.13 W
2025/02/16 21:29:50.938, 76.13 W
2025/02/16 21:29:50.948, 76.13 W
2025/02/16 21:29:50.958, 76.13 W
2025/02/16 21:29:50.969, 76.13 W
2025/02/16 21:29:50.979, 76.13 W
2025/02/16 21:29:50.989, 76.13 W
2025/02/16 21:29:50.999, 76.13 W
2025/02/16 21:29:51.009, 76.13 W
2025/02/16 21:29:51.019, 77.00 W
2025/02/16 21:29:51.029, 77.00 W
2025/02/16 21:29:51.039, 77.00 W
2025/02/16 21:29:51.049, 77.00 W
2025/02/16 21:29:51.059, 77.00 W
2025/02/16 21:29:51.069, 77.00 W
2025/02/16 21:29:51.079, 77.00 W
2025/02/16 21:29:51.089, 77.00 W
2025/02/16 21:29:51.099, 76.66 W
2025/02/16 21:29:51.110, 76.66 W
2025/02/16 21:29:51.120, 76.66 W
2025/02/16 21:29:51.130, 76.66 W
2025/02/16 21:29:51.140, 76.66 W
2025/02/16 21:29:51.150, 76.66 W
2025/02/16 21:29:51.160, 76.66 W
2025/02/16 21:29:51.170, 76.66 W
2025/02/16 21:29:51.180, 76.66 W
2025/02/16 21:29:51.190, 76.66 W
2025/02/16 21:29:51.200, 76.66 W
2025/02/16 21:29:51.210, 76.66 W
2025/02/16 21:29:51.220, 76.37 W
2025/02/16 21:29:51.230, 76.37 W
2025/02/16 21:29:51.241, 76.37 W
2025/02/16 21:29:51.251, 76.37 W
2025/02/16 21:29:51.261, 76.37 W
2025/02/16 21:29:51.271, 76.37 W
2025/02/16 21:29:51.281, 76.37 W
2025/02/16 21:29:51.291, 76.37 W
2025/02/16 21:29:51.301, 76.37 W
2025/02/16 21:29:51.311, 76.13 W
2025/02/16 21:29:51.321, 76.13 W
2025/02/16 21:29:51.331, 76.13 W
2025/02/16 21:29:51.341, 76.13 W
2025/02/16 21:29:51.351, 76.13 W
2025/02/16 21:29:51.361, 76.13 W
2025/02/16 21:29:51.371, 76.13 W
2025/02/16 21:29:51.382, 76.13 W
2025/02/16 21:29:51.392, 76.13 W
2025/02/16 21:29:51.402, 76.13 W
2025/02/16 21:29:51.412, 76.13 W
2025/02/16 21:29:51.422, 76.13 W
2025/02/16 21:29:51.432, 76.46 W
2025/02/16 21:29:51.442, 76.46 W
2025/02/16 21:29:51.452, 76.46 W
2025/02/16 21:29:51.462, 76.46 W
2025/02/16 21:29:51.472, 76.46 W
2025/02/16 21:29:51.482, 76.46 W
2025/02/16 21:29:51.492, 76.46 W
2025/02/16 21:29:51.502, 76.46 W
2025/02/16 21:29:51.512, 76.46 W
2025/02/16 21:29:51.523, 76.46 W
2025/02/16 21:29:51.533, 76.37 W
2025/02/16 21:29:51.543, 76.37 W
2025/02/16 21:29:51.553, 76.37 W
2025/02/16 21:29:51.563, 76.37 W
2025/02/16 21:29:51.573, 76.37 W
2025/02/16 21:29:51.583, 76.37 W
2025/02/16 21:29:51.593, 76.37 W
2025/02/16 21:29:51.603, 76.37 W
2025/02/16 21:29:51.613, 76.66 W
2025/02/16 21:29:51.623, 76.66 W
2025/02/16 21:29:51.633, 76.66 W
2025/02/16 21:29:51.643, 76.66 W
2025/02/16 21:29:51.653, 76.66 W
2025/02/16 21:29:51.664, 76.66 W
2025/02/16 21:29:51.674, 76.66 W
2025/02/16 21:29:51.684, 76.66 W
2025/02/16 21:29:51.694, 76.66 W
2025/02/16 21:29:51.704, 76.66 W
2025/02/16 21:29:51.714, 76.75 W
2025/02/16 21:29:51.724, 76.75 W
2025/02/16 21:29:51.734, 76.75 W
2025/02/16 21:29:51.744, 76.75 W
2025/02/16 21:29:51.754, 76.75 W
2025/02/16 21:29:51.764, 76.75 W
2025/02/16 21:29:51.774, 76.75 W
2025/02/16 21:29:51.784, 76.75 W
2025/02/16 21:29:51.794, 76.75 W
2025/02/16 21:29:51.805, 76.75 W
2025/02/16 21:29:51.815, 76.75 W
2025/02/16 21:29:51.825, 76.75 W
2025/02/16 21:29:51.835, 76.37 W
2025/02/16 21:29:51.845, 76.37 W
2025/02/16 21:29:51.855, 76.37 W
2025/02/16 21:29:51.865, 76.37 W
2025/02/16 21:29:51.875, 76.37 W
2025/02/16 21:29:51.885, 76.37 W
2025/02/16 21:29:51.895, 76.37 W
2025/02/16 21:29:51.905, 76.37 W
2025/02/16 21:29:51.915, 76.37 W
2025/02/16 21:29:51.925, 76.13 W
2025/02/16 21:29:51.935, 76.13 W
2025/02/16 21:29:51.946, 76.13 W
2025/02/16 21:29:51.956, 76.13 W
2025/02/16 21:29:51.966, 76.13 W
2025/02/16 21:29:51.976, 76.13 W
2025/02/16 21:29:51.986, 76.13 W
2025/02/16 21:29:51.996, 76.13 W
2025/02/16 21:29:52.006, 76.13 W
2025/02/16 21:29:52.016, 76.13 W
2025/02/16 21:29:52.026, 76.13 W
2025/02/16 21:29:52.036, 76.13 W
2025/02/16 21:29:52.046, 76.37 W
2025/02/16 21:29:52.056, 76.37 W
2025/02/16 21:29:52.066, 76.37 W
2025/02/16 21:29:52.077, 76.37 W
2025/02/16 21:29:52.087, 76.37 W
2025/02/16 21:29:52.097, 76.37 W
2025/02/16 21:29:52.107, 76.37 W
2025/02/16 21:29:52.117, 76.37 W
2025/02/16 21:29:52.127, 76.66 W
2025/02/16 21:29:52.137, 76.66 W
2025/02/16 21:29:52.147, 76.66 W
2025/02/16 21:29:52.157, 76.66 W
2025/02/16 21:29:52.167, 76.66 W
2025/02/16 21:29:52.177, 76.66 W
2025/02/16 21:29:52.187, 76.66 W
2025/02/16 21:29:52.197, 76.66 W
2025/02/16 21:29:52.207, 76.66 W
2025/02/16 21:29:52.218, 76.66 W
2025/02/16 21:29:52.228, 76.66 W
2025/02/16 21:29:52.238, 76.66 W
2025/02/16 21:29:52.248, 76.37 W
2025/02/16 21:29:52.258, 76.37 W
2025/02/16 21:29:52.268, 76.37 W
2025/02/16 21:29:52.278, 76.37 W
2025/02/16 21:29:52.288, 76.37 W
2025/02/16 21:29:52.298, 76.37 W
2025/02/16 21:29:52.308, 76.37 W
2025/02/16 21:29:52.318, 76.37 W
2025/02/16 21:29:52.328, 76.91 W
2025/02/16 21:29:52.338, 76.91 W
2025/02/16 21:29:52.348, 76.91 W
2025/02/16 21:29:52.359, 76.91 W
2025/02/16 21:29:52.369, 76.91 W
2025/02/16 21:29:52.379, 76.91 W
2025/02/16 21:29:52.389, 76.91 W
2025/02/16 21:29:52.399, 76.91 W
2025/02/16 21:29:52.409, 76.91 W
2025/02/16 21:29:52.419, 76.91 W
2025/02/16 21:29:52.429, 76.91 W
2025/02/16 21:29:52.439, 76.91 W
2025/02/16 21:29:52.449, 76.46 W
2025/02/16 21:29:52.459, 76.46 W
2025/02/16 21:29:52.469, 76.46 W
2025/02/16 21:29:52.479, 76.46 W
2025/02/16 21:29:52.489, 76.46 W
2025/02/16 21:29:52.500, 76.46 W
2025/02/16 21:29:52.510, 76.46 W
2025/02/16 21:29:52.520, 76.46 W
2025/02/16 21:29:52.530, 76.46 W
2025/02/16 21:29:52.540, 76.46 W
2025/02/16 21:29:52.550, 76.46 W
2025/02/16 21:29:52.560, 76.13 W
2025/02/16 21:29:52.570, 76.13 W
2025/02/16 21:29:52.580, 76.13 W
2025/02/16 21:29:52.590, 76.13 W
2025/02/16 21:29:52.600, 76.13 W
2025/02/16 21:29:52.610, 76.13 W
2025/02/16 21:29:52.620, 76.13 W
2025/02/16 21:29:52.630, 76.13 W
2025/02/16 21:29:52.641, 75.84 W
2025/02/16 21:29:52.651, 75.84 W
2025/02/16 21:29:52.661, 75.84 W
2025/02/16 21:29:52.671, 75.84 W
2025/02/16 21:29:52.681, 75.84 W
2025/02/16 21:29:52.691, 75.84 W
2025/02/16 21:29:52.701, 75.84 W
2025/02/16 21:29:52.711, 75.84 W
2025/02/16 21:29:52.721, 75.84 W
2025/02/16 21:29:52.731, 75.84 W
2025/02/16 21:29:52.741, 76.22 W
2025/02/16 21:29:52.751, 76.22 W
2025/02/16 21:29:52.761, 76.22 W
2025/02/16 21:29:52.772, 76.22 W
2025/02/16 21:29:52.782, 76.22 W
2025/02/16 21:29:52.792, 76.22 W
2025/02/16 21:29:52.802, 76.22 W
2025/02/16 21:29:52.812, 76.22 W
2025/02/16 21:29:52.822, 76.22 W
2025/02/16 21:29:52.832, 76.22 W
2025/02/16 21:29:52.842, 76.22 W
2025/02/16 21:29:52.852, 76.22 W
2025/02/16 21:29:52.862, 76.46 W
2025/02/16 21:29:52.872, 76.46 W
2025/02/16 21:29:52.883, 76.46 W
2025/02/16 21:29:52.893, 76.46 W
2025/02/16 21:29:52.903, 76.46 W
2025/02/16 21:29:52.913, 76.46 W
2025/02/16 21:29:52.923, 76.46 W
2025/02/16 21:29:52.933, 76.46 W
2025/02/16 21:29:52.943, 76.46 W
2025/02/16 21:29:52.953, 76.46 W
2025/02/16 21:29:52.963, 76.46 W
2025/02/16 21:29:52.973, 76.46 W
2025/02/16 21:29:52.983, 76.46 W
2025/02/16 21:29:52.993, 76.46 W
2025/02/16 21:29:53.003, 76.46 W
2025/02/16 21:29:53.013, 76.46 W
2025/02/16 21:29:53.024, 76.46 W
2025/02/16 21:29:53.034, 76.46 W
2025/02/16 21:29:53.044, 76.46 W
2025/02/16 21:29:53.054, 76.46 W
2025/02/16 21:29:53.064, 76.66 W
2025/02/16 21:29:53.074, 76.66 W
2025/02/16 21:29:53.084, 76.66 W
2025/02/16 21:29:53.094, 76.66 W
2025/02/16 21:29:53.104, 76.66 W
2025/02/16 21:29:53.114, 76.66 W
2025/02/16 21:29:53.124, 76.66 W
2025/02/16 21:29:53.134, 76.66 W
2025/02/16 21:29:53.144, 76.66 W
2025/02/16 21:29:53.154, 76.13 W
2025/02/16 21:29:53.165, 76.13 W
2025/02/16 21:29:53.175, 76.13 W
2025/02/16 21:29:53.185, 76.13 W
2025/02/16 21:29:53.195, 76.13 W
2025/02/16 21:29:53.205, 76.13 W
2025/02/16 21:29:53.215, 76.13 W
2025/02/16 21:29:53.225, 76.13 W
2025/02/16 21:29:53.235, 76.13 W
2025/02/16 21:29:53.245, 76.13 W
2025/02/16 21:29:53.255, 76.13 W
2025/02/16 21:29:53.265, 76.13 W
2025/02/16 21:29:53.275, 76.37 W
2025/02/16 21:29:53.285, 76.37 W
2025/02/16 21:29:53.295, 76.37 W
2025/02/16 21:29:53.306, 76.37 W
2025/02/16 21:29:53.316, 76.37 W
2025/02/16 21:29:53.326, 76.37 W
2025/02/16 21:29:53.336, 76.37 W
2025/02/16 21:29:53.346, 76.37 W
2025/02/16 21:29:53.356, 76.13 W
2025/02/16 21:29:53.366, 76.13 W
2025/02/16 21:29:53.376, 76.13 W
2025/02/16 21:29:53.386, 76.13 W
2025/02/16 21:29:53.396, 76.13 W
2025/02/16 21:29:53.406, 76.13 W
2025/02/16 21:29:53.416, 76.13 W
2025/02/16 21:29:53.426, 76.13 W
2025/02/16 21:29:53.436, 76.13 W
2025/02/16 21:29:53.447, 76.13 W
2025/02/16 21:29:53.457, 76.13 W
2025/02/16 21:29:53.467, 76.13 W
2025/02/16 21:29:53.477, 76.46 W
2025/02/16 21:29:53.487, 76.46 W
2025/02/16 21:29:53.497, 76.46 W
2025/02/16 21:29:53.507, 76.46 W
2025/02/16 21:29:53.517, 76.46 W
2025/02/16 21:29:53.527, 76.46 W
2025/02/16 21:29:53.537, 76.46 W
2025/02/16 21:29:53.547, 76.46 W
2025/02/16 21:29:53.557, 76.46 W
2025/02/16 21:29:53.567, 76.46 W
2025/02/16 21:29:53.577, 76.37 W
2025/02/16 21:29:53.588, 76.37 W
2025/02/16 21:29:53.598, 76.37 W
2025/02/16 21:29:53.608, 76.37 W
2025/02/16 21:29:53.618, 76.37 W
2025/02/16 21:29:53.628, 76.37 W
2025/02/16 21:29:53.638, 76.37 W
2025/02/16 21:29:53.648, 76.37 W
2025/02/16 21:29:53.658, 76.37 W
2025/02/16 21:29:53.668, 76.37 W
2025/02/16 21:29:53.678, 76.37 W
2025/02/16 21:29:53.688, 76.37 W
2025/02/16 21:29:53.698, 76.37 W
2025/02/16 21:29:53.708, 76.37 W
2025/02/16 21:29:53.718, 76.37 W
2025/02/16 21:29:53.729, 76.37 W
2025/02/16 21:29:53.739, 76.37 W
2025/02/16 21:29:53.749, 76.37 W
2025/02/16 21:29:53.759, 76.37 W
2025/02/16 21:29:53.769, 76.37 W
2025/02/16 21:29:53.779, 76.37 W
2025/02/16 21:29:53.789, 76.37 W
2025/02/16 21:29:53.799, 76.37 W
2025/02/16 21:29:53.809, 76.37 W
2025/02/16 21:29:53.819, 76.37 W
2025/02/16 21:29:53.829, 76.37 W
2025/02/16 21:29:53.839, 76.37 W
2025/02/16 21:29:53.849, 76.37 W
2025/02/16 21:29:53.859, 76.37 W
2025/02/16 21:29:53.869, 76.37 W
2025/02/16 21:29:53.880, 76.37 W
2025/02/16 21:29:53.890, 76.13 W
2025/02/16 21:29:53.900, 76.13 W
2025/02/16 21:29:53.910, 76.13 W
2025/02/16 21:29:53.921, 76.13 W
2025/02/16 21:29:53.931, 76.13 W
2025/02/16 21:29:53.941, 76.13 W
2025/02/16 21:29:53.951, 76.13 W
2025/02/16 21:29:53.961, 76.13 W
2025/02/16 21:29:53.971, 76.13 W
2025/02/16 21:29:53.981, 76.13 W
2025/02/16 21:29:53.991, 76.13 W
2025/02/16 21:29:54.001, 76.13 W
2025/02/16 21:29:54.011, 76.13 W
2025/02/16 21:29:54.021, 76.13 W
2025/02/16 21:29:54.031, 76.13 W
2025/02/16 21:29:54.041, 76.13 W
2025/02/16 21:29:54.051, 76.13 W
2025/02/16 21:29:54.061, 76.13 W
2025/02/16 21:29:54.072, 76.13 W
2025/02/16 21:29:54.082, 76.13 W
2025/02/16 21:29:54.092, 76.37 W
2025/02/16 21:29:54.102, 76.37 W
2025/02/16 21:29:54.112, 76.37 W
2025/02/16 21:29:54.122, 76.37 W
2025/02/16 21:29:54.132, 76.37 W
2025/02/16 21:29:54.142, 76.37 W
2025/02/16 21:29:54.152, 76.37 W
2025/02/16 21:29:54.162, 76.37 W
2025/02/16 21:29:54.172, 76.46 W
2025/02/16 21:29:54.182, 76.46 W
2025/02/16 21:29:54.192, 76.46 W
2025/02/16 21:29:54.202, 76.46 W
2025/02/16 21:29:54.212, 76.46 W
2025/02/16 21:29:54.222, 76.46 W
2025/02/16 21:29:54.233, 76.46 W
2025/02/16 21:29:54.243, 76.46 W
2025/02/16 21:29:54.253, 76.46 W
2025/02/16 21:29:54.263, 76.46 W
2025/02/16 21:29:54.273, 76.46 W
2025/02/16 21:29:54.283, 76.46 W
2025/02/16 21:29:54.293, 76.91 W
2025/02/16 21:29:54.303, 76.91 W
2025/02/16 21:29:54.313, 76.91 W
2025/02/16 21:29:54.323, 76.91 W
2025/02/16 21:29:54.333, 76.91 W
2025/02/16 21:29:54.343, 76.91 W
2025/02/16 21:29:54.353, 76.91 W
2025/02/16 21:29:54.363, 76.91 W
2025/02/16 21:29:54.373, 76.91 W
2025/02/16 21:29:54.384, 76.66 W
2025/02/16 21:29:54.394, 76.66 W
2025/02/16 21:29:54.404, 76.66 W
2025/02/16 21:29:54.414, 76.66 W
2025/02/16 21:29:54.424, 76.66 W
2025/02/16 21:29:54.434, 76.66 W
2025/02/16 21:29:54.444, 76.66 W
2025/02/16 21:29:54.454, 76.66 W
2025/02/16 21:29:54.464, 76.66 W
2025/02/16 21:29:54.474, 76.66 W
2025/02/16 21:29:54.484, 76.66 W
2025/02/16 21:29:54.494, 76.66 W
2025/02/16 21:29:54.504, 76.66 W
2025/02/16 21:29:54.514, 76.66 W
2025/02/16 21:29:54.524, 76.66 W
2025/02/16 21:29:54.535, 76.66 W
2025/02/16 21:29:54.545, 76.66 W
2025/02/16 21:29:54.555, 76.66 W
2025/02/16 21:29:54.565, 76.66 W
2025/02/16 21:29:54.575, 76.66 W
2025/02/16 21:29:54.585, 76.66 W
2025/02/16 21:29:54.595, 76.66 W
2025/02/16 21:29:54.605, 76.66 W
2025/02/16 21:29:54.615, 76.66 W
2025/02/16 21:29:54.625, 76.66 W
2025/02/16 21:29:54.635, 76.66 W
2025/02/16 21:29:54.645, 76.66 W
2025/02/16 21:29:54.655, 76.66 W
2025/02/16 21:29:54.665, 76.66 W
2025/02/16 21:29:54.675, 76.66 W
2025/02/16 21:29:54.686, 76.66 W
2025/02/16 21:29:54.696, 76.66 W
2025/02/16 21:29:54.706, 76.37 W
2025/02/16 21:29:54.716, 76.37 W
2025/02/16 21:29:54.726, 76.37 W
2025/02/16 21:29:54.736, 76.37 W
2025/02/16 21:29:54.746, 76.37 W
2025/02/16 21:29:54.756, 76.37 W
2025/02/16 21:29:54.766, 76.37 W
2025/02/16 21:29:54.776, 76.37 W
2025/02/16 21:29:54.786, 76.37 W
2025/02/16 21:29:54.796, 76.37 W
2025/02/16 21:29:54.806, 76.37 W
2025/02/16 21:29:54.816, 76.37 W
2025/02/16 21:29:54.826, 76.37 W
2025/02/16 21:29:54.837, 76.37 W
2025/02/16 21:29:54.847, 76.37 W
2025/02/16 21:29:54.857, 76.37 W
2025/02/16 21:29:54.867, 76.37 W
2025/02/16 21:29:54.877, 76.37 W
2025/02/16 21:29:54.887, 76.37 W
2025/02/16 21:29:54.897, 76.37 W
2025/02/16 21:29:54.907, 76.75 W
2025/02/16 21:29:54.917, 76.75 W
2025/02/16 21:29:54.927, 76.75 W
2025/02/16 21:29:54.937, 76.75 W
2025/02/16 21:29:54.947, 76.75 W
2025/02/16 21:29:54.957, 76.75 W
2025/02/16 21:29:54.967, 76.75 W
2025/02/16 21:29:54.977, 76.75 W
2025/02/16 21:29:54.988, 76.75 W
2025/02/16 21:29:54.998, 76.75 W
2025/02/16 21:29:55.008, 76.75 W
2025/02/16 21:29:55.018, 76.75 W
2025/02/16 21:29:55.028, 76.75 W
2025/02/16 21:29:55.038, 76.75 W
2025/02/16 21:29:55.048, 76.75 W
2025/02/16 21:29:55.058, 76.75 W
2025/02/16 21:29:55.068, 76.75 W
2025/02/16 21:29:55.078, 76.75 W
2025/02/16 21:29:55.088, 76.75 W
2025/02/16 21:29:55.098, 76.75 W
2025/02/16 21:29:55.108, 76.75 W
2025/02/16 21:29:55.118, 76.22 W
2025/02/16 21:29:55.128, 76.22 W
2025/02/16 21:29:55.139, 76.22 W
2025/02/16 21:29:55.149, 76.22 W
2025/02/16 21:29:55.159, 76.22 W
2025/02/16 21:29:55.169, 76.22 W
2025/02/16 21:29:55.179, 76.22 W
2025/02/16 21:29:55.189, 76.22 W
2025/02/16 21:29:55.199, 76.22 W
2025/02/16 21:29:55.209, 76.22 W
2025/02/16 21:29:55.219, 76.22 W
2025/02/16 21:29:55.229, 76.22 W
2025/02/16 21:29:55.239, 76.22 W
2025/02/16 21:29:55.249, 76.22 W
2025/02/16 21:29:55.259, 76.22 W
2025/02/16 21:29:55.269, 76.22 W
2025/02/16 21:29:55.279, 76.22 W
2025/02/16 21:29:55.290, 76.22 W
2025/02/16 21:29:55.300, 76.22 W
2025/02/16 21:29:55.310, 76.22 W
2025/02/16 21:29:55.320, 76.37 W
2025/02/16 21:29:55.330, 76.37 W
2025/02/16 21:29:55.340, 76.37 W
2025/02/16 21:29:55.350, 76.37 W
2025/02/16 21:29:55.360, 76.37 W
2025/02/16 21:29:55.370, 76.37 W
2025/02/16 21:29:55.380, 76.37 W
2025/02/16 21:29:55.390, 76.37 W
2025/02/16 21:29:55.400, 76.37 W
2025/02/16 21:29:55.410, 76.37 W
2025/02/16 21:29:55.420, 76.37 W
2025/02/16 21:29:55.430, 76.37 W
2025/02/16 21:29:55.441, 76.37 W
2025/02/16 21:29:55.451, 76.37 W
2025/02/16 21:29:55.461, 76.37 W
2025/02/16 21:29:55.471, 76.37 W
2025/02/16 21:29:55.481, 76.37 W
2025/02/16 21:29:55.491, 76.37 W
2025/02/16 21:29:55.501, 76.37 W
2025/02/16 21:29:55.511, 77.00 W
2025/02/16 21:29:55.521, 77.00 W
2025/02/16 21:29:55.531, 77.00 W
2025/02/16 21:29:55.541, 77.00 W
2025/02/16 21:29:55.551, 77.00 W
2025/02/16 21:29:55.561, 77.00 W
2025/02/16 21:29:55.571, 77.00 W
2025/02/16 21:29:55.581, 77.00 W
2025/02/16 21:29:55.591, 77.00 W
2025/02/16 21:29:55.602, 77.00 W
2025/02/16 21:29:55.612, 76.37 W
2025/02/16 21:29:55.622, 76.37 W
2025/02/16 21:29:55.632, 76.37 W
2025/02/16 21:29:55.642, 76.37 W
2025/02/16 21:29:55.652, 76.37 W
2025/02/16 21:29:55.662, 76.37 W
2025/02/16 21:29:55.672, 76.37 W
2025/02/16 21:29:55.682, 76.37 W
2025/02/16 21:29:55.692, 76.37 W
2025/02/16 21:29:55.702, 76.37 W
2025/02/16 21:29:55.712, 76.37 W
2025/02/16 21:29:55.722, 76.37 W
2025/02/16 21:29:55.732, 76.37 W
2025/02/16 21:29:55.742, 76.37 W
2025/02/16 21:29:55.753, 76.37 W
2025/02/16 21:29:55.763, 76.37 W
2025/02/16 21:29:55.773, 76.37 W
2025/02/16 21:29:55.783, 76.37 W
2025/02/16 21:29:55.793, 76.37 W
2025/02/16 21:29:55.803, 76.37 W
2025/02/16 21:29:55.813, 76.66 W
2025/02/16 21:29:55.823, 76.66 W
2025/02/16 21:29:55.833, 76.66 W
2025/02/16 21:29:55.843, 76.66 W
2025/02/16 21:29:55.853, 76.66 W
2025/02/16 21:29:55.863, 76.66 W
2025/02/16 21:29:55.873, 76.66 W
2025/02/16 21:29:55.883, 76.66 W
2025/02/16 21:29:55.893, 76.66 W
2025/02/16 21:29:55.904, 76.66 W
2025/02/16 21:29:55.914, 76.66 W
2025/02/16 21:29:55.924, 76.66 W
2025/02/16 21:29:55.934, 76.66 W
2025/02/16 21:29:55.944, 76.66 W
2025/02/16 21:29:55.954, 76.66 W
2025/02/16 21:29:55.964, 76.66 W
2025/02/16 21:29:55.974, 76.66 W
2025/02/16 21:29:55.984, 76.66 W
2025/02/16 21:29:55.994, 76.66 W
2025/02/16 21:29:56.004, 76.66 W
2025/02/16 21:29:56.014, 76.37 W
2025/02/16 21:29:56.024, 76.37 W
2025/02/16 21:29:56.034, 76.37 W
2025/02/16 21:29:56.044, 76.37 W
2025/02/16 21:29:56.055, 76.37 W
2025/02/16 21:29:56.065, 76.37 W
2025/02/16 21:29:56.075, 76.37 W
2025/02/16 21:29:56.085, 76.37 W
2025/02/16 21:29:56.095, 76.37 W
2025/02/16 21:29:56.105, 76.37 W
2025/02/16 21:29:56.115, 76.37 W
2025/02/16 21:29:56.125, 76.37 W
2025/02/16 21:29:56.135, 76.37 W
2025/02/16 21:29:56.145, 77.29 W
2025/02/16 21:29:56.155, 77.29 W
2025/02/16 21:29:56.165, 77.29 W
2025/02/16 21:29:56.175, 77.29 W
2025/02/16 21:29:56.185, 77.29 W
2025/02/16 21:29:56.195, 77.29 W
2025/02/16 21:29:56.206, 77.29 W
2025/02/16 21:29:56.216, 77.29 W
2025/02/16 21:29:56.226, 76.66 W
2025/02/16 21:29:56.236, 76.66 W
2025/02/16 21:29:56.246, 76.66 W
2025/02/16 21:29:56.256, 76.66 W
2025/02/16 21:29:56.266, 76.66 W
2025/02/16 21:29:56.276, 76.66 W
2025/02/16 21:29:56.286, 76.66 W
2025/02/16 21:29:56.296, 76.66 W
2025/02/16 21:29:56.306, 76.66 W
2025/02/16 21:29:56.316, 76.66 W
2025/02/16 21:29:56.326, 76.66 W
2025/02/16 21:29:56.336, 76.66 W
2025/02/16 21:29:56.346, 76.37 W
2025/02/16 21:29:56.357, 76.37 W
2025/02/16 21:29:56.367, 76.37 W
2025/02/16 21:29:56.377, 76.37 W
2025/02/16 21:29:56.387, 76.37 W
2025/02/16 21:29:56.397, 76.37 W
2025/02/16 21:29:56.407, 76.37 W
2025/02/16 21:29:56.417, 76.37 W
2025/02/16 21:29:56.427, 76.37 W
2025/02/16 21:29:56.437, 76.37 W
2025/02/16 21:29:56.447, 76.37 W
2025/02/16 21:29:56.457, 76.37 W
2025/02/16 21:29:56.467, 76.37 W
2025/02/16 21:29:56.477, 76.37 W
2025/02/16 21:29:56.487, 76.37 W
2025/02/16 21:29:56.497, 76.37 W
2025/02/16 21:29:56.508, 76.37 W
2025/02/16 21:29:56.518, 76.37 W
2025/02/16 21:29:56.528, 76.66 W
2025/02/16 21:29:56.538, 76.66 W
2025/02/16 21:29:56.548, 76.66 W
2025/02/16 21:29:56.558, 76.66 W
2025/02/16 21:29:56.568, 76.66 W
2025/02/16 21:29:56.578, 76.66 W
2025/02/16 21:29:56.588, 76.66 W
2025/02/16 21:29:56.598, 76.66 W
2025/02/16 21:29:56.608, 76.66 W
2025/02/16 21:29:56.618, 76.66 W
2025/02/16 21:29:56.628, 76.37 W
2025/02/16 21:29:56.638, 76.37 W
2025/02/16 21:29:56.648, 76.37 W
2025/02/16 21:29:56.658, 76.37 W
2025/02/16 21:29:56.669, 76.37 W
2025/02/16 21:29:56.679, 76.37 W
2025/02/16 21:29:56.689, 76.37 W
2025/02/16 21:29:56.699, 76.37 W
2025/02/16 21:29:56.709, 76.37 W
2025/02/16 21:29:56.719, 76.37 W
2025/02/16 21:29:56.729, 76.37 W
2025/02/16 21:29:56.739, 76.37 W
2025/02/16 21:29:56.749, 76.66 W
2025/02/16 21:29:56.759, 76.66 W
2025/02/16 21:29:56.769, 76.66 W
2025/02/16 21:29:56.779, 76.66 W
2025/02/16 21:29:56.789, 76.66 W
2025/02/16 21:29:56.799, 76.66 W
2025/02/16 21:29:56.809, 76.66 W
2025/02/16 21:29:56.820, 76.66 W
2025/02/16 21:29:56.830, 76.66 W
2025/02/16 21:29:56.840, 76.75 W
2025/02/16 21:29:56.850, 76.75 W
2025/02/16 21:29:56.860, 76.75 W
2025/02/16 21:29:56.870, 76.75 W
2025/02/16 21:29:56.880, 76.75 W
2025/02/16 21:29:56.890, 76.75 W
2025/02/16 21:29:56.900, 76.75 W
2025/02/16 21:29:56.910, 76.75 W
2025/02/16 21:29:56.920, 76.75 W
2025/02/16 21:29:56.930, 76.75 W
2025/02/16 21:29:56.940, 76.75 W
2025/02/16 21:29:56.950, 76.75 W
2025/02/16 21:29:56.960, 76.40 W
2025/02/16 21:29:56.971, 76.40 W
2025/02/16 21:29:56.981, 76.40 W
2025/02/16 21:29:56.991, 76.40 W
2025/02/16 21:29:57.001, 76.40 W
2025/02/16 21:29:57.011, 76.40 W
2025/02/16 21:29:57.021, 76.40 W
2025/02/16 21:29:57.031, 76.40 W
2025/02/16 21:29:57.041, 76.93 W
2025/02/16 21:29:57.051, 76.93 W
2025/02/16 21:29:57.061, 76.93 W
2025/02/16 21:29:57.071, 76.93 W
2025/02/16 21:29:57.081, 76.93 W
2025/02/16 21:29:57.091, 76.93 W
2025/02/16 21:29:57.101, 76.93 W
2025/02/16 21:29:57.111, 76.93 W
2025/02/16 21:29:57.122, 76.93 W
2025/02/16 21:29:57.132, 76.93 W
2025/02/16 21:29:57.142, 76.93 W
2025/02/16 21:29:57.152, 76.93 W
2025/02/16 21:29:57.162, 76.93 W
2025/02/16 21:29:57.172, 76.93 W
2025/02/16 21:29:57.182, 76.93 W
2025/02/16 21:29:57.192, 76.93 W
2025/02/16 21:29:57.202, 76.93 W
2025/02/16 21:29:57.212, 76.93 W
2025/02/16 21:29:57.222, 76.93 W
2025/02/16 21:29:57.232, 76.93 W
2025/02/16 21:29:57.242, 76.64 W
2025/02/16 21:29:57.252, 76.64 W
2025/02/16 21:29:57.262, 76.64 W
2025/02/16 21:29:57.273, 76.64 W
2025/02/16 21:29:57.283, 76.64 W
2025/02/16 21:29:57.293, 76.64 W
2025/02/16 21:29:57.303, 76.64 W
2025/02/16 21:29:57.313, 76.64 W
2025/02/16 21:29:57.323, 76.64 W
2025/02/16 21:29:57.333, 76.64 W
2025/02/16 21:29:57.343, 76.64 W
2025/02/16 21:29:57.353, 76.64 W
2025/02/16 21:29:57.363, 76.93 W
2025/02/16 21:29:57.373, 76.93 W
2025/02/16 21:29:57.383, 76.93 W
2025/02/16 21:29:57.393, 76.93 W
2025/02/16 21:29:57.403, 76.93 W
2025/02/16 21:29:57.413, 76.93 W
2025/02/16 21:29:57.424, 76.93 W
2025/02/16 21:29:57.434, 76.93 W
2025/02/16 21:29:57.444, 76.93 W
2025/02/16 21:29:57.454, 76.64 W
2025/02/16 21:29:57.464, 76.64 W
2025/02/16 21:29:57.474, 76.64 W
2025/02/16 21:29:57.484, 76.64 W
2025/02/16 21:29:57.494, 76.64 W
2025/02/16 21:29:57.504, 76.64 W
2025/02/16 21:29:57.514, 76.64 W
2025/02/16 21:29:57.524, 76.64 W
2025/02/16 21:29:57.534, 76.64 W
2025/02/16 21:29:57.544, 76.64 W
2025/02/16 21:29:57.554, 76.64 W
2025/02/16 21:29:57.564, 76.64 W
2025/02/16 21:29:57.575, 76.64 W
2025/02/16 21:29:57.585, 76.64 W
2025/02/16 21:29:57.595, 76.64 W
2025/02/16 21:29:57.605, 76.64 W
2025/02/16 21:29:57.615, 76.64 W
2025/02/16 21:29:57.625, 76.64 W
2025/02/16 21:29:57.635, 76.64 W
2025/02/16 21:29:57.645, 76.64 W
2025/02/16 21:29:57.655, 76.40 W
2025/02/16 21:29:57.665, 76.40 W
2025/02/16 21:29:57.675, 76.40 W
2025/02/16 21:29:57.685, 76.40 W
2025/02/16 21:29:57.695, 76.40 W
2025/02/16 21:29:57.705, 76.40 W
2025/02/16 21:29:57.715, 76.40 W
2025/02/16 21:29:57.725, 76.40 W
2025/02/16 21:29:57.736, 76.40 W
2025/02/16 21:29:57.746, 76.40 W
2025/02/16 21:29:57.756, 76.40 W
2025/02/16 21:29:57.766, 76.40 W
2025/02/16 21:29:57.776, 76.93 W
2025/02/16 21:29:57.786, 76.93 W
2025/02/16 21:29:57.796, 76.93 W
2025/02/16 21:29:57.806, 76.93 W
2025/02/16 21:29:57.816, 76.93 W
2025/02/16 21:29:57.826, 76.93 W
2025/02/16 21:29:57.836, 76.93 W
2025/02/16 21:29:57.846, 76.93 W
2025/02/16 21:29:57.856, 76.64 W
2025/02/16 21:29:57.866, 76.64 W
2025/02/16 21:29:57.876, 76.64 W
2025/02/16 21:29:57.887, 76.64 W
2025/02/16 21:29:57.897, 76.64 W
2025/02/16 21:29:57.907, 76.64 W
2025/02/16 21:29:57.917, 76.64 W
2025/02/16 21:29:57.927, 76.64 W
2025/02/16 21:29:57.937, 76.64 W
2025/02/16 21:29:57.947, 76.64 W
2025/02/16 21:29:57.957, 76.64 W
2025/02/16 21:29:57.967, 76.64 W
2025/02/16 21:29:57.977, 76.40 W
2025/02/16 21:29:57.987, 76.40 W
2025/02/16 21:29:57.997, 76.40 W
2025/02/16 21:29:58.007, 76.40 W
2025/02/16 21:29:58.017, 76.40 W
2025/02/16 21:29:58.028, 76.40 W
2025/02/16 21:29:58.038, 76.40 W
2025/02/16 21:29:58.048, 76.40 W
2025/02/16 21:29:58.058, 76.40 W
2025/02/16 21:29:58.068, 77.09 W
2025/02/16 21:29:58.078, 77.09 W
2025/02/16 21:29:58.088, 77.09 W
2025/02/16 21:29:58.098, 77.09 W
2025/02/16 21:29:58.108, 77.09 W
2025/02/16 21:29:58.118, 77.09 W
2025/02/16 21:29:58.128, 77.09 W
2025/02/16 21:29:58.138, 77.09 W
2025/02/16 21:29:58.148, 77.09 W
2025/02/16 21:29:58.158, 77.09 W
2025/02/16 21:29:58.169, 77.09 W
2025/02/16 21:29:58.179, 77.09 W
2025/02/16 21:29:58.189, 76.64 W
2025/02/16 21:29:58.199, 76.64 W
2025/02/16 21:29:58.209, 76.64 W
2025/02/16 21:29:58.219, 76.64 W
2025/02/16 21:29:58.229, 76.64 W
2025/02/16 21:29:58.239, 76.64 W
2025/02/16 21:29:58.249, 76.64 W
2025/02/16 21:29:58.259, 76.64 W
2025/02/16 21:29:58.269, 76.40 W
2025/02/16 21:29:58.279, 76.40 W
2025/02/16 21:29:58.289, 76.40 W
2025/02/16 21:29:58.300, 76.40 W
2025/02/16 21:29:58.310, 76.40 W
2025/02/16 21:29:58.320, 76.40 W
2025/02/16 21:29:58.330, 76.40 W
2025/02/16 21:29:58.340, 76.40 W
2025/02/16 21:29:58.350, 76.40 W
2025/02/16 21:29:58.360, 76.40 W
2025/02/16 21:29:58.370, 76.40 W
2025/02/16 21:29:58.380, 76.40 W
2025/02/16 21:29:58.390, 76.93 W
2025/02/16 21:29:58.400, 76.93 W
2025/02/16 21:29:58.410, 76.93 W
2025/02/16 21:29:58.420, 76.93 W
2025/02/16 21:29:58.430, 76.93 W
2025/02/16 21:29:58.440, 76.93 W
2025/02/16 21:29:58.451, 76.93 W
2025/02/16 21:29:58.461, 76.93 W
2025/02/16 21:29:58.471, 76.64 W
2025/02/16 21:29:58.481, 76.64 W
2025/02/16 21:29:58.491, 76.64 W
2025/02/16 21:29:58.501, 76.64 W
2025/02/16 21:29:58.511, 76.64 W
2025/02/16 21:29:58.521, 76.64 W
2025/02/16 21:29:58.531, 76.64 W
2025/02/16 21:29:58.541, 76.64 W
2025/02/16 21:29:58.551, 76.64 W
2025/02/16 21:29:58.561, 76.64 W
2025/02/16 21:29:58.571, 76.64 W
2025/02/16 21:29:58.581, 76.64 W
2025/02/16 21:29:58.591, 76.64 W
2025/02/16 21:29:58.602, 76.64 W
2025/02/16 21:29:58.612, 76.64 W
2025/02/16 21:29:58.622, 76.64 W
2025/02/16 21:29:58.632, 76.64 W
2025/02/16 21:29:58.642, 76.64 W
2025/02/16 21:29:58.652, 76.64 W
2025/02/16 21:29:58.662, 76.64 W
2025/02/16 21:29:58.672, 76.64 W
2025/02/16 21:29:58.682, 77.18 W
2025/02/16 21:29:58.692, 77.18 W
2025/02/16 21:29:58.702, 77.18 W
2025/02/16 21:29:58.712, 77.18 W
2025/02/16 21:29:58.722, 77.18 W
2025/02/16 21:29:58.732, 77.18 W
2025/02/16 21:29:58.742, 77.18 W
2025/02/16 21:29:58.753, 77.18 W
2025/02/16 21:29:58.763, 77.18 W
2025/02/16 21:29:58.773, 77.18 W
2025/02/16 21:29:58.783, 77.18 W
2025/02/16 21:29:58.793, 77.18 W
2025/02/16 21:29:58.803, 76.93 W
2025/02/16 21:29:58.813, 76.93 W
2025/02/16 21:29:58.823, 76.93 W
2025/02/16 21:29:58.833, 76.93 W
2025/02/16 21:29:58.843, 76.93 W
2025/02/16 21:29:58.853, 76.93 W
2025/02/16 21:29:58.863, 76.93 W
2025/02/16 21:29:58.873, 76.93 W
2025/02/16 21:29:58.883, 76.40 W
2025/02/16 21:29:58.893, 76.40 W
2025/02/16 21:29:58.904, 76.40 W
2025/02/16 21:29:58.914, 76.40 W
2025/02/16 21:29:58.924, 76.40 W
2025/02/16 21:29:58.934, 76.40 W
2025/02/16 21:29:58.944, 76.40 W
2025/02/16 21:29:58.954, 76.40 W
2025/02/16 21:29:58.964, 76.40 W
2025/02/16 21:29:58.974, 76.40 W
2025/02/16 21:29:58.984, 76.40 W
2025/02/16 21:29:58.994, 76.40 W
2025/02/16 21:29:59.004, 76.93 W
2025/02/16 21:29:59.014, 76.93 W
2025/02/16 21:29:59.024, 76.93 W
2025/02/16 21:29:59.034, 76.93 W
2025/02/16 21:29:59.044, 76.93 W
2025/02/16 21:29:59.054, 76.93 W
2025/02/16 21:29:59.065, 76.93 W
2025/02/16 21:29:59.075, 76.93 W
2025/02/16 21:29:59.085, 76.64 W
2025/02/16 21:29:59.095, 76.64 W
2025/02/16 21:29:59.105, 76.64 W
2025/02/16 21:29:59.115, 76.64 W
2025/02/16 21:29:59.125, 76.64 W
2025/02/16 21:29:59.135, 76.64 W
2025/02/16 21:29:59.145, 76.64 W
2025/02/16 21:29:59.155, 76.64 W
2025/02/16 21:29:59.165, 76.64 W
2025/02/16 21:29:59.175, 76.64 W
2025/02/16 21:29:59.185, 76.64 W
2025/02/16 21:29:59.195, 76.64 W
2025/02/16 21:29:59.205, 76.64 W
2025/02/16 21:29:59.216, 76.64 W
2025/02/16 21:29:59.226, 76.64 W
2025/02/16 21:29:59.236, 76.64 W
2025/02/16 21:29:59.246, 76.64 W
2025/02/16 21:29:59.256, 76.64 W
2025/02/16 21:29:59.266, 76.64 W
2025/02/16 21:29:59.276, 76.64 W
2025/02/16 21:29:59.286, 76.64 W
2025/02/16 21:29:59.296, 76.40 W
2025/02/16 21:29:59.306, 76.40 W
2025/02/16 21:29:59.316, 76.40 W
2025/02/16 21:29:59.326, 76.40 W
2025/02/16 21:29:59.336, 76.40 W
2025/02/16 21:29:59.346, 76.40 W
2025/02/16 21:29:59.356, 76.40 W
2025/02/16 21:29:59.367, 76.40 W
2025/02/16 21:29:59.377, 76.40 W
2025/02/16 21:29:59.387, 76.40 W
2025/02/16 21:29:59.397, 76.40 W
2025/02/16 21:29:59.407, 76.40 W
2025/02/16 21:29:59.417, 76.64 W
2025/02/16 21:29:59.427, 76.64 W
2025/02/16 21:29:59.437, 76.64 W
2025/02/16 21:29:59.447, 76.64 W
2025/02/16 21:29:59.457, 76.64 W
2025/02/16 21:29:59.467, 76.64 W
2025/02/16 21:29:59.477, 76.64 W
2025/02/16 21:29:59.487, 76.64 W
2025/02/16 21:29:59.497, 76.64 W
2025/02/16 21:29:59.507, 76.64 W
2025/02/16 21:29:59.518, 76.64 W
2025/02/16 21:29:59.528, 76.64 W
2025/02/16 21:29:59.538, 76.64 W
2025/02/16 21:29:59.548, 76.64 W
2025/02/16 21:29:59.558, 76.64 W
2025/02/16 21:29:59.568, 76.64 W
2025/02/16 21:29:59.578, 76.64 W
2025/02/16 21:29:59.588, 76.64 W
2025/02/16 21:29:59.598, 76.93 W
2025/02/16 21:29:59.608, 76.93 W
2025/02/16 21:29:59.618, 76.93 W
2025/02/16 21:29:59.628, 76.93 W
2025/02/16 21:29:59.638, 76.93 W
2025/02/16 21:29:59.648, 76.93 W
2025/02/16 21:29:59.659, 76.93 W
2025/02/16 21:29:59.669, 76.93 W
2025/02/16 21:29:59.679, 76.93 W
2025/02/16 21:29:59.689, 76.93 W
2025/02/16 21:29:59.699, 76.93 W
2025/02/16 21:29:59.709, 76.93 W
2025/02/16 21:29:59.719, 76.93 W
2025/02/16 21:29:59.729, 76.93 W
2025/02/16 21:29:59.739, 76.93 W
2025/02/16 21:29:59.749, 76.93 W
2025/02/16 21:29:59.759, 76.93 W
2025/02/16 21:29:59.769, 76.93 W
2025/02/16 21:29:59.779, 76.93 W
2025/02/16 21:29:59.789, 76.93 W
2025/02/16 21:29:59.800, 76.93 W
2025/02/16 21:29:59.810, 76.93 W
2025/02/16 21:29:59.820, 76.64 W
2025/02/16 21:29:59.830, 76.64 W
2025/02/16 21:29:59.840, 76.64 W
2025/02/16 21:29:59.850, 76.64 W
2025/02/16 21:29:59.860, 76.64 W
2025/02/16 21:29:59.870, 76.64 W
2025/02/16 21:29:59.880, 76.64 W
2025/02/16 21:29:59.890, 76.64 W
2025/02/16 21:29:59.900, 76.64 W
2025/02/16 21:29:59.910, 76.64 W
2025/02/16 21:29:59.920, 76.64 W
2025/02/16 21:29:59.931, 76.64 W
2025/02/16 21:29:59.941, 76.64 W
2025/02/16 21:29:59.951, 76.64 W
2025/02/16 21:29:59.961, 76.64 W
2025/02/16 21:29:59.971, 76.64 W
2025/02/16 21:29:59.981, 76.64 W
2025/02/16 21:29:59.991, 76.64 W
2025/02/16 21:30:00.001, 76.64 W
2025/02/16 21:30:00.011, 76.64 W
2025/02/16 21:30:00.021, 76.64 W
2025/02/16 21:30:00.031, 76.64 W
2025/02/16 21:30:00.041, 76.64 W
2025/02/16 21:30:00.051, 76.64 W
2025/02/16 21:30:00.061, 76.64 W
2025/02/16 21:30:00.072, 76.64 W
2025/02/16 21:30:00.082, 76.64 W
2025/02/16 21:30:00.092, 76.64 W
2025/02/16 21:30:00.102, 76.64 W
2025/02/16 21:30:00.112, 76.64 W
2025/02/16 21:30:00.122, 76.64 W
2025/02/16 21:30:00.132, 76.64 W
2025/02/16 21:30:00.142, 76.64 W
2025/02/16 21:30:00.152, 76.64 W
2025/02/16 21:30:00.162, 76.64 W
2025/02/16 21:30:00.172, 76.64 W
2025/02/16 21:30:00.182, 76.64 W
2025/02/16 21:30:00.192, 76.64 W
2025/02/16 21:30:00.202, 76.64 W
2025/02/16 21:30:00.213, 76.64 W
2025/02/16 21:30:00.223, 76.64 W
2025/02/16 21:30:00.233, 76.46 W
2025/02/16 21:30:00.243, 76.46 W
2025/02/16 21:30:00.253, 76.46 W
2025/02/16 21:30:00.263, 76.46 W
2025/02/16 21:30:00.273, 76.46 W
2025/02/16 21:30:00.283, 76.46 W
2025/02/16 21:30:00.293, 76.46 W
2025/02/16 21:30:00.303, 76.46 W
2025/02/16 21:30:00.313, 76.46 W
2025/02/16 21:30:00.323, 76.46 W
2025/02/16 21:30:00.333, 76.46 W
2025/02/16 21:30:00.343, 76.46 W
2025/02/16 21:30:00.354, 76.46 W
2025/02/16 21:30:00.364, 76.46 W
2025/02/16 21:30:00.374, 76.46 W
2025/02/16 21:30:00.384, 76.46 W
2025/02/16 21:30:00.394, 76.46 W
2025/02/16 21:30:00.404, 76.46 W
2025/02/16 21:30:00.414, 76.46 W
2025/02/16 21:30:00.424, 76.46 W
2025/02/16 21:30:00.434, 76.75 W
2025/02/16 21:30:00.444, 76.75 W
2025/02/16 21:30:00.454, 76.75 W
2025/02/16 21:30:00.464, 76.75 W
2025/02/16 21:30:00.474, 76.75 W
2025/02/16 21:30:00.485, 76.75 W
2025/02/16 21:30:00.495, 76.75 W
2025/02/16 21:30:00.505, 76.75 W
2025/02/16 21:30:00.515, 76.75 W
2025/02/16 21:30:00.525, 76.75 W
2025/02/16 21:30:00.535, 76.75 W
2025/02/16 21:30:00.545, 76.46 W
2025/02/16 21:30:00.555, 76.46 W
2025/02/16 21:30:00.565, 76.46 W
2025/02/16 21:30:00.575, 76.46 W
2025/02/16 21:30:00.585, 76.46 W
2025/02/16 21:30:00.595, 76.46 W
2025/02/16 21:30:00.605, 76.46 W
2025/02/16 21:30:00.616, 76.46 W
2025/02/16 21:30:00.626, 76.46 W
2025/02/16 21:30:00.636, 76.46 W
2025/02/16 21:30:00.646, 76.46 W
2025/02/16 21:30:00.656, 76.46 W
2025/02/16 21:30:00.666, 76.46 W
2025/02/16 21:30:00.676, 76.46 W
2025/02/16 21:30:00.686, 76.46 W
2025/02/16 21:30:00.696, 76.46 W
2025/02/16 21:30:00.706, 76.46 W
2025/02/16 21:30:00.716, 76.46 W
2025/02/16 21:30:00.726, 76.91 W
2025/02/16 21:30:00.736, 76.91 W
2025/02/16 21:30:00.746, 76.91 W
2025/02/16 21:30:00.757, 76.91 W
2025/02/16 21:30:00.767, 76.91 W
2025/02/16 21:30:00.777, 76.91 W
2025/02/16 21:30:00.787, 76.91 W
2025/02/16 21:30:00.797, 76.91 W
2025/02/16 21:30:00.807, 76.91 W
2025/02/16 21:30:00.817, 76.91 W
2025/02/16 21:30:00.827, 76.91 W
2025/02/16 21:30:00.837, 76.91 W
2025/02/16 21:30:00.847, 76.46 W
2025/02/16 21:30:00.857, 76.46 W
2025/02/16 21:30:00.867, 76.46 W
2025/02/16 21:30:00.877, 76.46 W
2025/02/16 21:30:00.888, 76.46 W
2025/02/16 21:30:00.898, 76.46 W
2025/02/16 21:30:00.908, 76.46 W
2025/02/16 21:30:00.918, 76.46 W
2025/02/16 21:30:00.928, 77.00 W
2025/02/16 21:30:00.938, 77.00 W
2025/02/16 21:30:00.948, 77.00 W
2025/02/16 21:30:00.958, 77.00 W
2025/02/16 21:30:00.968, 77.00 W
2025/02/16 21:30:00.978, 77.00 W
2025/02/16 21:30:00.988, 77.00 W
2025/02/16 21:30:00.998, 77.00 W
2025/02/16 21:30:01.008, 77.00 W
2025/02/16 21:30:01.018, 77.00 W
2025/02/16 21:30:01.029, 77.00 W
2025/02/16 21:30:01.039, 77.00 W
2025/02/16 21:30:01.049, 76.66 W
2025/02/16 21:30:01.059, 76.66 W
2025/02/16 21:30:01.069, 76.66 W
2025/02/16 21:30:01.079, 76.66 W
2025/02/16 21:30:01.089, 76.66 W
2025/02/16 21:30:01.099, 76.66 W
2025/02/16 21:30:01.109, 76.66 W
2025/02/16 21:30:01.119, 76.66 W
2025/02/16 21:30:01.129, 76.46 W
2025/02/16 21:30:01.139, 76.46 W
2025/02/16 21:30:01.149, 76.46 W
2025/02/16 21:30:01.159, 76.46 W
2025/02/16 21:30:01.170, 76.46 W
2025/02/16 21:30:01.180, 76.46 W
2025/02/16 21:30:01.190, 76.46 W
2025/02/16 21:30:01.200, 76.46 W
2025/02/16 21:30:01.210, 76.46 W
2025/02/16 21:30:01.220, 76.46 W
2025/02/16 21:30:01.230, 76.46 W
2025/02/16 21:30:01.240, 76.46 W
2025/02/16 21:30:01.250, 76.46 W
2025/02/16 21:30:01.260, 76.91 W
2025/02/16 21:30:01.270, 76.91 W
2025/02/16 21:30:01.280, 76.91 W
2025/02/16 21:30:01.290, 76.91 W
2025/02/16 21:30:01.301, 76.91 W
2025/02/16 21:30:01.311, 76.91 W
2025/02/16 21:30:01.321, 76.91 W
2025/02/16 21:30:01.331, 76.91 W
2025/02/16 21:30:01.341, 76.66 W
2025/02/16 21:30:01.351, 76.66 W
2025/02/16 21:30:01.361, 76.66 W
2025/02/16 21:30:01.371, 76.66 W
2025/02/16 21:30:01.381, 76.66 W
2025/02/16 21:30:01.391, 76.66 W
2025/02/16 21:30:01.401, 76.66 W
2025/02/16 21:30:01.411, 76.66 W
2025/02/16 21:30:01.421, 76.66 W
2025/02/16 21:30:01.431, 76.66 W
2025/02/16 21:30:01.441, 76.66 W
2025/02/16 21:30:01.452, 76.66 W
2025/02/16 21:30:01.462, 76.75 W
2025/02/16 21:30:01.472, 76.75 W
2025/02/16 21:30:01.482, 76.75 W
2025/02/16 21:30:01.492, 76.75 W
2025/02/16 21:30:01.502, 76.75 W
2025/02/16 21:30:01.512, 76.75 W
2025/02/16 21:30:01.522, 76.75 W
2025/02/16 21:30:01.532, 76.75 W
2025/02/16 21:30:01.542, 76.75 W
2025/02/16 21:30:01.552, 76.75 W
2025/02/16 21:30:01.562, 76.46 W
2025/02/16 21:30:01.572, 76.46 W
2025/02/16 21:30:01.582, 76.46 W
2025/02/16 21:30:01.592, 76.46 W
2025/02/16 21:30:01.603, 76.46 W
2025/02/16 21:30:01.613, 76.46 W
2025/02/16 21:30:01.623, 76.46 W
2025/02/16 21:30:01.633, 76.46 W
2025/02/16 21:30:01.643, 76.37 W
2025/02/16 21:30:01.653, 76.37 W
2025/02/16 21:30:01.663, 76.37 W
2025/02/16 21:30:01.673, 76.37 W
2025/02/16 21:30:01.683, 76.37 W
2025/02/16 21:30:01.693, 76.37 W
2025/02/16 21:30:01.703, 76.37 W
2025/02/16 21:30:01.713, 76.37 W
2025/02/16 21:30:01.723, 76.37 W
2025/02/16 21:30:01.733, 76.37 W
2025/02/16 21:30:01.743, 76.37 W
2025/02/16 21:30:01.754, 76.22 W
2025/02/16 21:30:01.764, 76.22 W
2025/02/16 21:30:01.774, 76.22 W
2025/02/16 21:30:01.784, 76.22 W
2025/02/16 21:30:01.794, 76.22 W
2025/02/16 21:30:01.804, 76.22 W
2025/02/16 21:30:01.814, 76.22 W
2025/02/16 21:30:01.824, 76.22 W
2025/02/16 21:30:01.834, 76.22 W
2025/02/16 21:30:01.844, 76.22 W
2025/02/16 21:30:01.854, 76.22 W
2025/02/16 21:30:01.864, 76.22 W
2025/02/16 21:30:01.874, 76.46 W
2025/02/16 21:30:01.884, 76.46 W
2025/02/16 21:30:01.894, 76.46 W
2025/02/16 21:30:01.905, 76.46 W
2025/02/16 21:30:01.915, 76.46 W
2025/02/16 21:30:01.925, 76.46 W
2025/02/16 21:30:01.935, 76.46 W
2025/02/16 21:30:01.945, 76.46 W
2025/02/16 21:30:01.955, 76.66 W
2025/02/16 21:30:01.965, 76.66 W
2025/02/16 21:30:01.975, 76.66 W
2025/02/16 21:30:01.985, 76.66 W
2025/02/16 21:30:01.995, 76.66 W
2025/02/16 21:30:02.005, 76.66 W
2025/02/16 21:30:02.015, 76.66 W
2025/02/16 21:30:02.025, 76.66 W
2025/02/16 21:30:02.035, 76.66 W
2025/02/16 21:30:02.045, 76.66 W
2025/02/16 21:30:02.056, 76.66 W
2025/02/16 21:30:02.066, 76.66 W
2025/02/16 21:30:02.076, 76.37 W
2025/02/16 21:30:02.086, 76.37 W
2025/02/16 21:30:02.096, 76.37 W
2025/02/16 21:30:02.106, 76.37 W
2025/02/16 21:30:02.116, 76.37 W
2025/02/16 21:30:02.126, 76.37 W
2025/02/16 21:30:02.136, 76.37 W
2025/02/16 21:30:02.146, 76.37 W
2025/02/16 21:30:02.156, 76.66 W
2025/02/16 21:30:02.166, 76.66 W
2025/02/16 21:30:02.176, 76.66 W
2025/02/16 21:30:02.186, 76.66 W
2025/02/16 21:30:02.196, 76.66 W
2025/02/16 21:30:02.207, 76.66 W
2025/02/16 21:30:02.217, 76.66 W
2025/02/16 21:30:02.227, 76.66 W
2025/02/16 21:30:02.237, 76.66 W
2025/02/16 21:30:02.247, 76.66 W
2025/02/16 21:30:02.257, 76.66 W
2025/02/16 21:30:02.267, 76.66 W
2025/02/16 21:30:02.277, 76.46 W
2025/02/16 21:30:02.287, 76.46 W
2025/02/16 21:30:02.297, 76.46 W
2025/02/16 21:30:02.307, 76.46 W
2025/02/16 21:30:02.317, 76.46 W
2025/02/16 21:30:02.327, 76.46 W
2025/02/16 21:30:02.337, 76.46 W
2025/02/16 21:30:02.347, 76.46 W
2025/02/16 21:30:02.358, 76.46 W
2025/02/16 21:30:02.368, 76.37 W
2025/02/16 21:30:02.378, 76.37 W
2025/02/16 21:30:02.388, 76.37 W
2025/02/16 21:30:02.398, 76.37 W
2025/02/16 21:30:02.408, 76.37 W
2025/02/16 21:30:02.418, 76.37 W
2025/02/16 21:30:02.428, 76.37 W
2025/02/16 21:30:02.438, 76.37 W
2025/02/16 21:30:02.448, 76.37 W
2025/02/16 21:30:02.458, 76.37 W
2025/02/16 21:30:02.468, 76.37 W
2025/02/16 21:30:02.478, 76.37 W
2025/02/16 21:30:02.488, 76.75 W
2025/02/16 21:30:02.498, 76.75 W
2025/02/16 21:30:02.508, 76.75 W
2025/02/16 21:30:02.519, 76.75 W
2025/02/16 21:30:02.529, 76.75 W
2025/02/16 21:30:02.544, 76.75 W
2025/02/16 21:30:02.554, 76.75 W
2025/02/16 21:30:02.564, 76.75 W
2025/02/16 21:30:02.574, 76.75 W
2025/02/16 21:30:02.584, 76.75 W
2025/02/16 21:30:02.594, 76.46 W
2025/02/16 21:30:02.604, 76.46 W
2025/02/16 21:30:02.614, 76.46 W
2025/02/16 21:30:02.624, 76.46 W
2025/02/16 21:30:02.635, 76.46 W
2025/02/16 21:30:02.645, 76.46 W
2025/02/16 21:30:02.655, 76.46 W
2025/02/16 21:30:02.665, 76.46 W
2025/02/16 21:30:02.675, 76.37 W
2025/02/16 21:30:02.685, 76.37 W
2025/02/16 21:30:02.695, 76.37 W
2025/02/16 21:30:02.705, 76.37 W
2025/02/16 21:30:02.715, 76.37 W
2025/02/16 21:30:02.725, 76.37 W
2025/02/16 21:30:02.735, 76.37 W
2025/02/16 21:30:02.745, 76.37 W
2025/02/16 21:30:02.755, 76.37 W
2025/02/16 21:30:02.765, 76.37 W
2025/02/16 21:30:02.775, 76.91 W
2025/02/16 21:30:02.786, 76.91 W
2025/02/16 21:30:02.796, 76.91 W
2025/02/16 21:30:02.806, 76.91 W
2025/02/16 21:30:02.816, 76.91 W
2025/02/16 21:30:02.826, 76.91 W
2025/02/16 21:30:02.836, 76.91 W
2025/02/16 21:30:02.846, 76.91 W
2025/02/16 21:30:02.856, 76.91 W
2025/02/16 21:30:02.866, 76.91 W
2025/02/16 21:30:02.876, 76.91 W
2025/02/16 21:30:02.886, 76.91 W
2025/02/16 21:30:02.896, 77.00 W
2025/02/16 21:30:02.906, 77.00 W
2025/02/16 21:30:02.916, 77.00 W
2025/02/16 21:30:02.926, 77.00 W
2025/02/16 21:30:02.937, 77.00 W
2025/02/16 21:30:02.947, 77.00 W
2025/02/16 21:30:02.957, 77.00 W
2025/02/16 21:30:02.967, 77.00 W
2025/02/16 21:30:02.977, 76.46 W
2025/02/16 21:30:02.987, 76.46 W
2025/02/16 21:30:02.997, 76.46 W
2025/02/16 21:30:03.007, 76.46 W
2025/02/16 21:30:03.017, 76.46 W
2025/02/16 21:30:03.027, 76.46 W
2025/02/16 21:30:03.037, 76.46 W
2025/02/16 21:30:03.047, 76.46 W
2025/02/16 21:30:03.057, 76.46 W
2025/02/16 21:30:03.067, 76.46 W
2025/02/16 21:30:03.077, 76.46 W
2025/02/16 21:30:03.088, 76.46 W
2025/02/16 21:30:03.098, 76.37 W
2025/02/16 21:30:03.108, 76.37 W
2025/02/16 21:30:03.118, 76.37 W
2025/02/16 21:30:03.128, 76.37 W
2025/02/16 21:30:03.138, 76.37 W
2025/02/16 21:30:03.148, 76.37 W
2025/02/16 21:30:03.158, 76.37 W
2025/02/16 21:30:03.168, 76.37 W
2025/02/16 21:30:03.178, 76.37 W
2025/02/16 21:30:03.188, 76.75 W
2025/02/16 21:30:03.198, 76.75 W
2025/02/16 21:30:03.208, 76.75 W
2025/02/16 21:30:03.218, 76.75 W
2025/02/16 21:30:03.228, 76.75 W
2025/02/16 21:30:03.239, 76.75 W
2025/02/16 21:30:03.249, 76.75 W
2025/02/16 21:30:03.259, 76.75 W
2025/02/16 21:30:03.269, 76.75 W
2025/02/16 21:30:03.279, 76.75 W
2025/02/16 21:30:03.289, 76.75 W
2025/02/16 21:30:03.299, 76.75 W
2025/02/16 21:30:03.309, 76.66 W
2025/02/16 21:30:03.319, 76.66 W
2025/02/16 21:30:03.329, 76.66 W
2025/02/16 21:30:03.339, 76.66 W
2025/02/16 21:30:03.349, 76.66 W
2025/02/16 21:30:03.359, 76.66 W
2025/02/16 21:30:03.369, 76.66 W
2025/02/16 21:30:03.379, 76.66 W
2025/02/16 21:30:03.390, 76.37 W
2025/02/16 21:30:03.400, 76.37 W
2025/02/16 21:30:03.410, 76.37 W
2025/02/16 21:30:03.420, 76.37 W
2025/02/16 21:30:03.430, 76.37 W
2025/02/16 21:30:03.440, 76.37 W
2025/02/16 21:30:03.450, 76.37 W
2025/02/16 21:30:03.460, 76.37 W
2025/02/16 21:30:03.470, 76.37 W
2025/02/16 21:30:03.480, 76.37 W
2025/02/16 21:30:03.490, 76.37 W
2025/02/16 21:30:03.500, 76.37 W
2025/02/16 21:30:03.510, 77.00 W
2025/02/16 21:30:03.520, 77.00 W
2025/02/16 21:30:03.530, 77.00 W
2025/02/16 21:30:03.541, 77.00 W
2025/02/16 21:30:03.551, 77.00 W
2025/02/16 21:30:03.561, 77.00 W
2025/02/16 21:30:03.571, 77.00 W
2025/02/16 21:30:03.581, 77.00 W
2025/02/16 21:30:03.591, 76.75 W
2025/02/16 21:30:03.601, 76.75 W
2025/02/16 21:30:03.611, 76.75 W
2025/02/16 21:30:03.621, 76.75 W
2025/02/16 21:30:03.631, 76.75 W
2025/02/16 21:30:03.641, 76.75 W
2025/02/16 21:30:03.651, 76.75 W
2025/02/16 21:30:03.661, 76.75 W
2025/02/16 21:30:03.671, 76.75 W
2025/02/16 21:30:03.681, 76.75 W
2025/02/16 21:30:03.692, 76.75 W
2025/02/16 21:30:03.702, 76.75 W
2025/02/16 21:30:03.712, 76.46 W
2025/02/16 21:30:03.722, 76.46 W
2025/02/16 21:30:03.732, 76.46 W
2025/02/16 21:30:03.742, 76.46 W
2025/02/16 21:30:03.752, 76.46 W
2025/02/16 21:30:03.762, 76.46 W
2025/02/16 21:30:03.772, 76.46 W
2025/02/16 21:30:03.782, 76.46 W
2025/02/16 21:30:03.792, 76.46 W
2025/02/16 21:30:03.802, 76.91 W
2025/02/16 21:30:03.812, 76.91 W
2025/02/16 21:30:03.822, 76.91 W
2025/02/16 21:30:03.832, 76.91 W
2025/02/16 21:30:03.843, 76.91 W
2025/02/16 21:30:03.853, 76.91 W
2025/02/16 21:30:03.863, 76.91 W
2025/02/16 21:30:03.873, 76.91 W
2025/02/16 21:30:03.883, 76.91 W
2025/02/16 21:30:03.893, 76.91 W
2025/02/16 21:30:03.903, 76.91 W
2025/02/16 21:30:03.913, 76.91 W
2025/02/16 21:30:03.923, 76.66 W
2025/02/16 21:30:03.933, 76.66 W
2025/02/16 21:30:03.943, 76.66 W
2025/02/16 21:30:03.953, 76.66 W
2025/02/16 21:30:03.963, 76.66 W
2025/02/16 21:30:03.973, 76.66 W
2025/02/16 21:30:03.983, 76.66 W
2025/02/16 21:30:03.994, 76.66 W
2025/02/16 21:30:04.004, 76.37 W
2025/02/16 21:30:04.014, 76.37 W
2025/02/16 21:30:04.024, 76.37 W
2025/02/16 21:30:04.034, 76.37 W
2025/02/16 21:30:04.044, 76.37 W
2025/02/16 21:30:04.054, 76.37 W
2025/02/16 21:30:04.064, 76.37 W
2025/02/16 21:30:04.074, 76.37 W
2025/02/16 21:30:04.084, 76.37 W
2025/02/16 21:30:04.094, 76.37 W
2025/02/16 21:30:04.104, 76.37 W
2025/02/16 21:30:04.114, 76.37 W
2025/02/16 21:30:04.124, 76.91 W
2025/02/16 21:30:04.134, 76.91 W
2025/02/16 21:30:04.145, 76.91 W
2025/02/16 21:30:04.155, 76.91 W
2025/02/16 21:30:04.165, 76.91 W
2025/02/16 21:30:04.175, 76.91 W
2025/02/16 21:30:04.185, 76.91 W
2025/02/16 21:30:04.195, 76.91 W
2025/02/16 21:30:04.205, 76.75 W
2025/02/16 21:30:04.215, 76.75 W
2025/02/16 21:30:04.225, 76.75 W
2025/02/16 21:30:04.235, 76.75 W
2025/02/16 21:30:04.245, 76.75 W
2025/02/16 21:30:04.255, 76.75 W
2025/02/16 21:30:04.265, 76.75 W
2025/02/16 21:30:04.275, 76.75 W
2025/02/16 21:30:04.285, 76.75 W
2025/02/16 21:30:04.296, 76.75 W
2025/02/16 21:30:04.306, 76.75 W
2025/02/16 21:30:04.316, 76.75 W
2025/02/16 21:30:04.326, 76.75 W
2025/02/16 21:30:04.336, 76.75 W
2025/02/16 21:30:04.346, 76.75 W
2025/02/16 21:30:04.356, 76.75 W
2025/02/16 21:30:04.366, 76.75 W
2025/02/16 21:30:04.376, 76.75 W
2025/02/16 21:30:04.386, 76.75 W
2025/02/16 21:30:04.396, 76.75 W
2025/02/16 21:30:04.406, 76.37 W
2025/02/16 21:30:04.416, 76.37 W
2025/02/16 21:30:04.426, 76.37 W
2025/02/16 21:30:04.436, 76.37 W
2025/02/16 21:30:04.447, 76.37 W
2025/02/16 21:30:04.457, 76.37 W
2025/02/16 21:30:04.467, 76.37 W
2025/02/16 21:30:04.477, 76.37 W
2025/02/16 21:30:04.487, 76.37 W
2025/02/16 21:30:04.497, 76.37 W
2025/02/16 21:30:04.507, 76.37 W
2025/02/16 21:30:04.517, 76.91 W
2025/02/16 21:30:04.527, 76.91 W
2025/02/16 21:30:04.537, 76.91 W
2025/02/16 21:30:04.547, 76.91 W
2025/02/16 21:30:04.557, 76.91 W
2025/02/16 21:30:04.567, 76.91 W
2025/02/16 21:30:04.577, 76.91 W
2025/02/16 21:30:04.587, 76.91 W
2025/02/16 21:30:04.598, 76.91 W
2025/02/16 21:30:04.608, 76.91 W
2025/02/16 21:30:04.618, 76.75 W
2025/02/16 21:30:04.628, 76.75 W
2025/02/16 21:30:04.638, 76.75 W
2025/02/16 21:30:04.648, 76.75 W
2025/02/16 21:30:04.658, 76.75 W
2025/02/16 21:30:04.668, 76.75 W
2025/02/16 21:30:04.678, 76.75 W
2025/02/16 21:30:04.688, 76.75 W
2025/02/16 21:30:04.698, 76.75 W
2025/02/16 21:30:04.708, 76.75 W
2025/02/16 21:30:04.718, 76.75 W
2025/02/16 21:30:04.728, 76.75 W
2025/02/16 21:30:04.738, 76.37 W
2025/02/16 21:30:04.749, 76.37 W
2025/02/16 21:30:04.759, 76.37 W
2025/02/16 21:30:04.769, 76.37 W
2025/02/16 21:30:04.779, 76.37 W
2025/02/16 21:30:04.789, 76.37 W
2025/02/16 21:30:04.799, 76.37 W
2025/02/16 21:30:04.809, 76.37 W
2025/02/16 21:30:04.819, 76.91 W
2025/02/16 21:30:04.829, 76.91 W
2025/02/16 21:30:04.839, 76.91 W
2025/02/16 21:30:04.849, 76.91 W
2025/02/16 21:30:04.859, 76.91 W
2025/02/16 21:30:04.869, 76.91 W
2025/02/16 21:30:04.879, 76.91 W
2025/02/16 21:30:04.889, 76.91 W
2025/02/16 21:30:04.900, 76.91 W
2025/02/16 21:30:04.910, 76.91 W
2025/02/16 21:30:04.920, 76.91 W
2025/02/16 21:30:04.930, 76.91 W
2025/02/16 21:30:04.940, 76.46 W
2025/02/16 21:30:04.950, 76.46 W
2025/02/16 21:30:04.960, 76.46 W
2025/02/16 21:30:04.970, 76.46 W
2025/02/16 21:30:04.980, 76.46 W
2025/02/16 21:30:04.990, 76.46 W
2025/02/16 21:30:05.000, 76.46 W
2025/02/16 21:30:05.010, 76.46 W
2025/02/16 21:30:05.020, 76.46 W
2025/02/16 21:30:05.030, 76.66 W
2025/02/16 21:30:05.040, 76.66 W
2025/02/16 21:30:05.051, 76.66 W
2025/02/16 21:30:05.061, 76.66 W
2025/02/16 21:30:05.071, 76.66 W
2025/02/16 21:30:05.081, 76.66 W
2025/02/16 21:30:05.091, 76.66 W
2025/02/16 21:30:05.101, 76.66 W
2025/02/16 21:30:05.111, 76.66 W
2025/02/16 21:30:05.121, 76.66 W
2025/02/16 21:30:05.131, 76.66 W
2025/02/16 21:30:05.141, 76.66 W
2025/02/16 21:30:05.151, 76.46 W
2025/02/16 21:30:05.161, 76.46 W
2025/02/16 21:30:05.171, 76.46 W
2025/02/16 21:30:05.181, 76.46 W
2025/02/16 21:30:05.191, 76.46 W
2025/02/16 21:30:05.201, 76.46 W
2025/02/16 21:30:05.212, 76.46 W
2025/02/16 21:30:05.222, 76.46 W
2025/02/16 21:30:05.232, 76.46 W
2025/02/16 21:30:05.242, 76.46 W
2025/02/16 21:30:05.252, 76.46 W
2025/02/16 21:30:05.262, 76.46 W
2025/02/16 21:30:05.272, 76.46 W
2025/02/16 21:30:05.282, 76.46 W
2025/02/16 21:30:05.292, 76.46 W
2025/02/16 21:30:05.302, 76.46 W
2025/02/16 21:30:05.312, 76.46 W
2025/02/16 21:30:05.322, 76.46 W
2025/02/16 21:30:05.332, 76.46 W
2025/02/16 21:30:05.343, 76.46 W
2025/02/16 21:30:05.353, 76.91 W
2025/02/16 21:30:05.363, 76.91 W
2025/02/16 21:30:05.373, 76.91 W
2025/02/16 21:30:05.383, 76.91 W
2025/02/16 21:30:05.393, 76.91 W
2025/02/16 21:30:05.403, 76.91 W
2025/02/16 21:30:05.413, 76.91 W
2025/02/16 21:30:05.423, 76.91 W
2025/02/16 21:30:05.433, 76.91 W
2025/02/16 21:30:05.443, 76.91 W
2025/02/16 21:30:05.453, 76.91 W
2025/02/16 21:30:05.463, 76.91 W
2025/02/16 21:30:05.473, 76.91 W
2025/02/16 21:30:05.483, 76.91 W
2025/02/16 21:30:05.494, 76.91 W
2025/02/16 21:30:05.504, 76.91 W
2025/02/16 21:30:05.514, 76.91 W
2025/02/16 21:30:05.524, 76.91 W
2025/02/16 21:30:05.534, 76.84 W
2025/02/16 21:30:05.544, 76.84 W
2025/02/16 21:30:05.554, 76.84 W
2025/02/16 21:30:05.564, 76.84 W
2025/02/16 21:30:05.574, 76.84 W
2025/02/16 21:30:05.584, 76.84 W
2025/02/16 21:30:05.594, 76.84 W
2025/02/16 21:30:05.604, 76.84 W
2025/02/16 21:30:05.614, 76.84 W
2025/02/16 21:30:05.624, 76.84 W
2025/02/16 21:30:05.634, 76.84 W
2025/02/16 21:30:05.645, 76.66 W
2025/02/16 21:30:05.655, 76.66 W
2025/02/16 21:30:05.665, 76.66 W
2025/02/16 21:30:05.675, 76.66 W
2025/02/16 21:30:05.685, 76.66 W
2025/02/16 21:30:05.695, 76.66 W
2025/02/16 21:30:05.705, 76.66 W
2025/02/16 21:30:05.715, 76.66 W
2025/02/16 21:30:05.725, 76.66 W
2025/02/16 21:30:05.735, 76.66 W
2025/02/16 21:30:05.745, 76.66 W
2025/02/16 21:30:05.755, 76.66 W
2025/02/16 21:30:05.765, 76.66 W
2025/02/16 21:30:05.775, 76.66 W
2025/02/16 21:30:05.785, 76.66 W
2025/02/16 21:30:05.796, 76.66 W
2025/02/16 21:30:05.806, 76.66 W
2025/02/16 21:30:05.816, 76.66 W
2025/02/16 21:30:05.826, 76.66 W
2025/02/16 21:30:05.836, 76.66 W
2025/02/16 21:30:05.846, 76.66 W
2025/02/16 21:30:05.856, 76.66 W
2025/02/16 21:30:05.866, 76.66 W
2025/02/16 21:30:05.876, 76.66 W
2025/02/16 21:30:05.886, 76.66 W
2025/02/16 21:30:05.896, 76.66 W
2025/02/16 21:30:05.906, 76.66 W
2025/02/16 21:30:05.916, 76.66 W
2025/02/16 21:30:05.926, 76.66 W
2025/02/16 21:30:05.936, 76.66 W
2025/02/16 21:30:05.946, 76.66 W
2025/02/16 21:30:05.957, 76.66 W
2025/02/16 21:30:05.967, 76.46 W
2025/02/16 21:30:05.977, 76.46 W
2025/02/16 21:30:05.987, 76.46 W
2025/02/16 21:30:05.997, 76.46 W
2025/02/16 21:30:06.007, 76.46 W
2025/02/16 21:30:06.017, 76.46 W
2025/02/16 21:30:06.027, 76.46 W
2025/02/16 21:30:06.037, 76.46 W
2025/02/16 21:30:06.047, 76.46 W
2025/02/16 21:30:06.057, 76.46 W
2025/02/16 21:30:06.067, 76.46 W
2025/02/16 21:30:06.077, 76.46 W
2025/02/16 21:30:06.087, 76.46 W
2025/02/16 21:30:06.098, 76.46 W
2025/02/16 21:30:06.108, 76.46 W
2025/02/16 21:30:06.118, 76.46 W
2025/02/16 21:30:06.128, 76.46 W
2025/02/16 21:30:06.138, 76.46 W
2025/02/16 21:30:06.148, 76.46 W
2025/02/16 21:30:06.158, 76.46 W
2025/02/16 21:30:06.168, 76.75 W
2025/02/16 21:30:06.178, 76.75 W
2025/02/16 21:30:06.188, 76.75 W
2025/02/16 21:30:06.198, 76.75 W
2025/02/16 21:30:06.208, 76.75 W
2025/02/16 21:30:06.218, 76.75 W
2025/02/16 21:30:06.228, 76.75 W
2025/02/16 21:30:06.238, 76.75 W
2025/02/16 21:30:06.249, 76.75 W
2025/02/16 21:30:06.259, 76.37 W
2025/02/16 21:30:06.269, 76.37 W
2025/02/16 21:30:06.279, 76.37 W
2025/02/16 21:30:06.289, 76.37 W
2025/02/16 21:30:06.299, 76.37 W
2025/02/16 21:30:06.309, 76.37 W
2025/02/16 21:30:06.319, 76.37 W
2025/02/16 21:30:06.329, 76.37 W
2025/02/16 21:30:06.339, 76.37 W
2025/02/16 21:30:06.349, 76.37 W
2025/02/16 21:30:06.359, 76.37 W
2025/02/16 21:30:06.369, 76.37 W
2025/02/16 21:30:06.379, 76.66 W
2025/02/16 21:30:06.389, 76.66 W
2025/02/16 21:30:06.400, 76.66 W
2025/02/16 21:30:06.410, 76.66 W
2025/02/16 21:30:06.420, 76.66 W
2025/02/16 21:30:06.430, 76.66 W
2025/02/16 21:30:06.440, 76.66 W
2025/02/16 21:30:06.450, 76.66 W
2025/02/16 21:30:06.460, 76.66 W
2025/02/16 21:30:06.470, 76.66 W
2025/02/16 21:30:06.480, 76.66 W
2025/02/16 21:30:06.490, 76.66 W
2025/02/16 21:30:06.500, 76.66 W
2025/02/16 21:30:06.510, 76.66 W
2025/02/16 21:30:06.520, 76.66 W
2025/02/16 21:30:06.530, 76.66 W
2025/02/16 21:30:06.540, 76.66 W
2025/02/16 21:30:06.551, 76.66 W
2025/02/16 21:30:06.561, 76.46 W
2025/02/16 21:30:06.571, 76.46 W
2025/02/16 21:30:06.581, 76.46 W
2025/02/16 21:30:06.591, 76.46 W
2025/02/16 21:30:06.601, 76.46 W
2025/02/16 21:30:06.611, 76.46 W
2025/02/16 21:30:06.621, 76.46 W
2025/02/16 21:30:06.631, 76.46 W
2025/02/16 21:30:06.641, 76.46 W
2025/02/16 21:30:06.651, 76.46 W
2025/02/16 21:30:06.661, 76.75 W
2025/02/16 21:30:06.671, 76.75 W
2025/02/16 21:30:06.681, 76.75 W
2025/02/16 21:30:06.691, 76.75 W
2025/02/16 21:30:06.701, 76.75 W
2025/02/16 21:30:06.712, 76.75 W
2025/02/16 21:30:06.722, 76.75 W
2025/02/16 21:30:06.732, 76.75 W
2025/02/16 21:30:06.742, 76.75 W
2025/02/16 21:30:06.752, 76.75 W
2025/02/16 21:30:06.762, 76.75 W
2025/02/16 21:30:06.772, 76.75 W
2025/02/16 21:30:06.782, 76.75 W
2025/02/16 21:30:06.792, 76.75 W
2025/02/16 21:30:06.802, 76.75 W
2025/02/16 21:30:06.812, 76.75 W
2025/02/16 21:30:06.822, 76.75 W
2025/02/16 21:30:06.832, 76.75 W
2025/02/16 21:30:06.842, 76.75 W
2025/02/16 21:30:06.852, 76.75 W
2025/02/16 21:30:06.863, 76.75 W
2025/02/16 21:30:06.873, 76.37 W
2025/02/16 21:30:06.883, 76.37 W
2025/02/16 21:30:06.893, 76.37 W
2025/02/16 21:30:06.903, 76.37 W
2025/02/16 21:30:06.913, 76.37 W
2025/02/16 21:30:06.923, 76.37 W
2025/02/16 21:30:06.933, 76.37 W
2025/02/16 21:30:06.943, 76.37 W
2025/02/16 21:30:06.953, 76.37 W
2025/02/16 21:30:06.963, 76.37 W
2025/02/16 21:30:06.973, 76.37 W
2025/02/16 21:30:06.983, 76.37 W
2025/02/16 21:30:06.993, 77.00 W
2025/02/16 21:30:07.003, 77.00 W
2025/02/16 21:30:07.014, 77.00 W
2025/02/16 21:30:07.024, 77.00 W
2025/02/16 21:30:07.034, 77.00 W
2025/02/16 21:30:07.044, 77.00 W
2025/02/16 21:30:07.054, 77.00 W
2025/02/16 21:30:07.064, 77.00 W
2025/02/16 21:30:07.074, 76.66 W
2025/02/16 21:30:07.084, 76.66 W
2025/02/16 21:30:07.094, 76.66 W
2025/02/16 21:30:07.104, 76.66 W
2025/02/16 21:30:07.114, 76.66 W
2025/02/16 21:30:07.124, 76.66 W
2025/02/16 21:30:07.134, 76.66 W
2025/02/16 21:30:07.144, 76.66 W
2025/02/16 21:30:07.154, 76.66 W
2025/02/16 21:30:07.165, 76.66 W
2025/02/16 21:30:07.175, 76.66 W
2025/02/16 21:30:07.185, 76.66 W
2025/02/16 21:30:07.195, 76.46 W
2025/02/16 21:30:07.205, 76.46 W
2025/02/16 21:30:07.215, 76.46 W
2025/02/16 21:30:07.225, 76.46 W
2025/02/16 21:30:07.235, 76.46 W
2025/02/16 21:30:07.245, 76.46 W
2025/02/16 21:30:07.255, 76.46 W
2025/02/16 21:30:07.265, 76.46 W
2025/02/16 21:30:07.275, 76.66 W
2025/02/16 21:30:07.285, 76.66 W
2025/02/16 21:30:07.295, 76.66 W
2025/02/16 21:30:07.305, 76.66 W
2025/02/16 21:30:07.316, 76.66 W
2025/02/16 21:30:07.326, 76.66 W
2025/02/16 21:30:07.336, 76.66 W
2025/02/16 21:30:07.346, 76.66 W
2025/02/16 21:30:07.356, 76.66 W
2025/02/16 21:30:07.366, 76.66 W
2025/02/16 21:30:07.376, 76.66 W
2025/02/16 21:30:07.386, 76.66 W
2025/02/16 21:30:07.396, 76.66 W
2025/02/16 21:30:07.406, 76.66 W
2025/02/16 21:30:07.416, 76.66 W
2025/02/16 21:30:07.426, 76.66 W
2025/02/16 21:30:07.436, 76.66 W
2025/02/16 21:30:07.446, 76.66 W
2025/02/16 21:30:07.456, 76.66 W
2025/02/16 21:30:07.467, 76.66 W
2025/02/16 21:30:07.477, 76.66 W
2025/02/16 21:30:07.487, 76.37 W
2025/02/16 21:30:07.497, 76.37 W
2025/02/16 21:30:07.507, 76.37 W
2025/02/16 21:30:07.517, 76.37 W
2025/02/16 21:30:07.527, 76.37 W
2025/02/16 21:30:07.537, 76.37 W
2025/02/16 21:30:07.547, 76.37 W
2025/02/16 21:30:07.557, 76.37 W
2025/02/16 21:30:07.567, 76.37 W
2025/02/16 21:30:07.577, 76.37 W
2025/02/16 21:30:07.587, 76.91 W
2025/02/16 21:30:07.597, 76.91 W
2025/02/16 21:30:07.607, 76.91 W
2025/02/16 21:30:07.618, 76.91 W
2025/02/16 21:30:07.628, 76.91 W
2025/02/16 21:30:07.638, 76.91 W
2025/02/16 21:30:07.648, 76.91 W
2025/02/16 21:30:07.658, 76.91 W
2025/02/16 21:30:07.668, 76.91 W
2025/02/16 21:30:07.678, 76.91 W
2025/02/16 21:30:07.688, 76.75 W
2025/02/16 21:30:07.698, 76.75 W
2025/02/16 21:30:07.708, 76.75 W
2025/02/16 21:30:07.718, 76.75 W
2025/02/16 21:30:07.728, 76.75 W
2025/02/16 21:30:07.738, 76.75 W
2025/02/16 21:30:07.748, 76.75 W
2025/02/16 21:30:07.758, 76.75 W
2025/02/16 21:30:07.768, 76.75 W
2025/02/16 21:30:07.779, 76.75 W
2025/02/16 21:30:07.789, 76.75 W
2025/02/16 21:30:07.799, 76.75 W
2025/02/16 21:30:07.809, 76.46 W
2025/02/16 21:30:07.819, 76.46 W
2025/02/16 21:30:07.829, 76.46 W
2025/02/16 21:30:07.839, 76.46 W
2025/02/16 21:30:07.849, 76.46 W
2025/02/16 21:30:07.859, 76.46 W
2025/02/16 21:30:07.869, 76.46 W
2025/02/16 21:30:07.879, 76.46 W
2025/02/16 21:30:07.889, 76.75 W
2025/02/16 21:30:07.899, 76.75 W
2025/02/16 21:30:07.909, 76.75 W
2025/02/16 21:30:07.919, 76.75 W
2025/02/16 21:30:07.930, 76.75 W
2025/02/16 21:30:07.940, 76.75 W
2025/02/16 21:30:07.950, 76.75 W
2025/02/16 21:30:07.960, 76.75 W
2025/02/16 21:30:07.970, 76.75 W
2025/02/16 21:30:07.980, 76.75 W
2025/02/16 21:30:07.990, 76.75 W
2025/02/16 21:30:08.000, 76.75 W
2025/02/16 21:30:08.010, 76.75 W
2025/02/16 21:30:08.020, 76.75 W
2025/02/16 21:30:08.030, 76.75 W
2025/02/16 21:30:08.040, 76.75 W
2025/02/16 21:30:08.050, 76.75 W
2025/02/16 21:30:08.060, 76.75 W
2025/02/16 21:30:08.070, 76.75 W
2025/02/16 21:30:08.081, 76.75 W
2025/02/16 21:30:08.091, 76.66 W
2025/02/16 21:30:08.101, 76.66 W
2025/02/16 21:30:08.111, 76.66 W
2025/02/16 21:30:08.121, 76.66 W
2025/02/16 21:30:08.131, 76.66 W
2025/02/16 21:30:08.141, 76.66 W
2025/02/16 21:30:08.151, 76.66 W
2025/02/16 21:30:08.161, 76.66 W
2025/02/16 21:30:08.171, 76.66 W
2025/02/16 21:30:08.181, 76.66 W
2025/02/16 21:30:08.191, 76.66 W
2025/02/16 21:30:08.201, 76.66 W
2025/02/16 21:30:08.211, 76.66 W
2025/02/16 21:30:08.221, 77.00 W
2025/02/16 21:30:08.232, 77.00 W
2025/02/16 21:30:08.242, 77.00 W
2025/02/16 21:30:08.252, 77.00 W
2025/02/16 21:30:08.262, 77.00 W
2025/02/16 21:30:08.272, 77.00 W
2025/02/16 21:30:08.282, 77.00 W
2025/02/16 21:30:08.292, 77.00 W
2025/02/16 21:30:08.302, 76.75 W
2025/02/16 21:30:08.312, 76.75 W
2025/02/16 21:30:08.322, 76.75 W
2025/02/16 21:30:08.332, 76.75 W
2025/02/16 21:30:08.342, 76.75 W
2025/02/16 21:30:08.352, 76.75 W
2025/02/16 21:30:08.362, 76.75 W
2025/02/16 21:30:08.372, 76.75 W
2025/02/16 21:30:08.383, 76.75 W
2025/02/16 21:30:08.393, 76.75 W
2025/02/16 21:30:08.403, 76.75 W
2025/02/16 21:30:08.413, 76.75 W
2025/02/16 21:30:08.423, 76.66 W
2025/02/16 21:30:08.433, 76.66 W
2025/02/16 21:30:08.443, 76.66 W
2025/02/16 21:30:08.453, 76.66 W
2025/02/16 21:30:08.463, 76.66 W
2025/02/16 21:30:08.473, 76.66 W
2025/02/16 21:30:08.483, 76.66 W
2025/02/16 21:30:08.493, 76.66 W
2025/02/16 21:30:08.503, 76.46 W
2025/02/16 21:30:08.513, 76.46 W
2025/02/16 21:30:08.523, 76.46 W
2025/02/16 21:30:08.533, 76.46 W
2025/02/16 21:30:08.544, 76.46 W
2025/02/16 21:30:08.554, 76.46 W
2025/02/16 21:30:08.564, 76.46 W
2025/02/16 21:30:08.574, 76.46 W
2025/02/16 21:30:08.584, 76.46 W
2025/02/16 21:30:08.594, 76.46 W
2025/02/16 21:30:08.604, 76.75 W
2025/02/16 21:30:08.614, 76.75 W
2025/02/16 21:30:08.624, 76.75 W
2025/02/16 21:30:08.634, 76.75 W
2025/02/16 21:30:08.644, 76.75 W
2025/02/16 21:30:08.654, 76.75 W
2025/02/16 21:30:08.664, 76.75 W
2025/02/16 21:30:08.674, 76.75 W
2025/02/16 21:30:08.684, 76.75 W
2025/02/16 21:30:08.694, 76.75 W
2025/02/16 21:30:08.705, 76.75 W
2025/02/16 21:30:08.715, 76.75 W
2025/02/16 21:30:08.725, 76.75 W
2025/02/16 21:30:08.735, 76.75 W
2025/02/16 21:30:08.745, 76.75 W
2025/02/16 21:30:08.755, 76.75 W
2025/02/16 21:30:08.765, 76.75 W
2025/02/16 21:30:08.775, 76.75 W
2025/02/16 21:30:08.785, 76.75 W
2025/02/16 21:30:08.795, 76.75 W
2025/02/16 21:30:08.805, 76.75 W
2025/02/16 21:30:08.815, 76.75 W
2025/02/16 21:30:08.825, 76.75 W
2025/02/16 21:30:08.835, 76.37 W
2025/02/16 21:30:08.845, 76.37 W
2025/02/16 21:30:08.856, 76.37 W
2025/02/16 21:30:08.866, 76.37 W
2025/02/16 21:30:08.876, 76.37 W
2025/02/16 21:30:08.886, 76.37 W
2025/02/16 21:30:08.896, 76.37 W
2025/02/16 21:30:08.906, 76.37 W
2025/02/16 21:30:08.916, 76.75 W
2025/02/16 21:30:08.926, 76.75 W
2025/02/16 21:30:08.936, 76.75 W
2025/02/16 21:30:08.946, 76.75 W
2025/02/16 21:30:08.956, 76.75 W
2025/02/16 21:30:08.966, 76.75 W
2025/02/16 21:30:08.976, 76.75 W
2025/02/16 21:30:08.986, 76.75 W
2025/02/16 21:30:08.997, 76.75 W
2025/02/16 21:30:09.007, 76.75 W
2025/02/16 21:30:09.017, 76.75 W
2025/02/16 21:30:09.027, 76.75 W
2025/02/16 21:30:09.037, 76.75 W
2025/02/16 21:30:09.047, 76.75 W
2025/02/16 21:30:09.057, 76.75 W
2025/02/16 21:30:09.067, 76.75 W
2025/02/16 21:30:09.077, 76.75 W
2025/02/16 21:30:09.087, 76.75 W
2025/02/16 21:30:09.097, 76.75 W
2025/02/16 21:30:09.107, 76.75 W
2025/02/16 21:30:09.117, 76.37 W
2025/02/16 21:30:09.127, 76.37 W
2025/02/16 21:30:09.138, 76.37 W
2025/02/16 21:30:09.148, 76.37 W
2025/02/16 21:30:09.158, 76.37 W
2025/02/16 21:30:09.168, 76.37 W
2025/02/16 21:30:09.178, 76.37 W
2025/02/16 21:30:09.188, 76.37 W
2025/02/16 21:30:09.198, 76.37 W
2025/02/16 21:30:09.208, 76.37 W
2025/02/16 21:30:09.218, 76.37 W
2025/02/16 21:30:09.228, 76.37 W
2025/02/16 21:30:09.238, 77.00 W
2025/02/16 21:30:09.248, 77.00 W
2025/02/16 21:30:09.258, 77.00 W
2025/02/16 21:30:09.268, 77.00 W
2025/02/16 21:30:09.278, 77.00 W
2025/02/16 21:30:09.288, 77.00 W
2025/02/16 21:30:09.299, 77.00 W
2025/02/16 21:30:09.309, 77.00 W
2025/02/16 21:30:09.319, 77.00 W
2025/02/16 21:30:09.329, 76.66 W
2025/02/16 21:30:09.339, 76.66 W
2025/02/16 21:30:09.349, 76.66 W
2025/02/16 21:30:09.359, 76.66 W
2025/02/16 21:30:09.369, 76.66 W
2025/02/16 21:30:09.379, 76.66 W
2025/02/16 21:30:09.389, 76.66 W
2025/02/16 21:30:09.399, 76.66 W
2025/02/16 21:30:09.409, 76.66 W
2025/02/16 21:30:09.419, 76.66 W
2025/02/16 21:30:09.429, 76.66 W
2025/02/16 21:30:09.439, 76.66 W
2025/02/16 21:30:09.450, 76.66 W
2025/02/16 21:30:09.460, 76.66 W
2025/02/16 21:30:09.470, 76.66 W
2025/02/16 21:30:09.480, 76.66 W
2025/02/16 21:30:09.490, 76.66 W
2025/02/16 21:30:09.500, 76.66 W
2025/02/16 21:30:09.510, 76.66 W
2025/02/16 21:30:09.520, 76.66 W
2025/02/16 21:30:09.530, 76.66 W
2025/02/16 21:30:09.540, 76.66 W
2025/02/16 21:30:09.550, 76.91 W
2025/02/16 21:30:09.560, 76.91 W
2025/02/16 21:30:09.570, 76.91 W
2025/02/16 21:30:09.580, 76.91 W
2025/02/16 21:30:09.590, 76.91 W
2025/02/16 21:30:09.601, 76.91 W
2025/02/16 21:30:09.611, 76.91 W
2025/02/16 21:30:09.621, 76.91 W
2025/02/16 21:30:09.631, 76.75 W
2025/02/16 21:30:09.641, 76.75 W
2025/02/16 21:30:09.651, 76.75 W
2025/02/16 21:30:09.661, 76.75 W
2025/02/16 21:30:09.671, 76.75 W
2025/02/16 21:30:09.681, 76.75 W
2025/02/16 21:30:09.691, 76.75 W
2025/02/16 21:30:09.701, 76.75 W
2025/02/16 21:30:09.711, 76.75 W
2025/02/16 21:30:09.721, 76.75 W
2025/02/16 21:30:09.731, 76.46 W
2025/02/16 21:30:09.741, 76.46 W
2025/02/16 21:30:09.751, 76.46 W
2025/02/16 21:30:09.762, 76.46 W
2025/02/16 21:30:09.772, 76.46 W
2025/02/16 21:30:09.782, 76.46 W
2025/02/16 21:30:09.792, 76.46 W
2025/02/16 21:30:09.802, 76.46 W
2025/02/16 21:30:09.812, 76.46 W
2025/02/16 21:30:09.822, 76.46 W
2025/02/16 21:30:09.832, 76.46 W
2025/02/16 21:30:09.842, 76.46 W
2025/02/16 21:30:09.852, 76.91 W
2025/02/16 21:30:09.862, 76.91 W
2025/02/16 21:30:09.872, 76.91 W
2025/02/16 21:30:09.882, 76.91 W
2025/02/16 21:30:09.892, 76.91 W
2025/02/16 21:30:09.902, 76.91 W
2025/02/16 21:30:09.912, 76.91 W
2025/02/16 21:30:09.923, 76.91 W
2025/02/16 21:30:09.933, 76.91 W
2025/02/16 21:30:09.943, 76.75 W
2025/02/16 21:30:09.953, 76.75 W
2025/02/16 21:30:09.963, 76.75 W
2025/02/16 21:30:09.973, 76.75 W
2025/02/16 21:30:09.983, 76.75 W
2025/02/16 21:30:09.993, 76.75 W
2025/02/16 21:30:10.003, 76.75 W
2025/02/16 21:30:10.013, 76.75 W
2025/02/16 21:30:10.023, 76.75 W
2025/02/16 21:30:10.033, 76.75 W
2025/02/16 21:30:10.043, 76.75 W
2025/02/16 21:30:10.053, 76.75 W
2025/02/16 21:30:10.064, 76.75 W
2025/02/16 21:30:10.074, 76.75 W
2025/02/16 21:30:10.084, 76.75 W
2025/02/16 21:30:10.094, 76.75 W
2025/02/16 21:30:10.104, 76.75 W
2025/02/16 21:30:10.114, 76.75 W
2025/02/16 21:30:10.124, 76.75 W
2025/02/16 21:30:10.134, 76.75 W
2025/02/16 21:30:10.144, 76.66 W
2025/02/16 21:30:10.154, 76.66 W
2025/02/16 21:30:10.164, 76.66 W
2025/02/16 21:30:10.174, 76.66 W
2025/02/16 21:30:10.184, 76.66 W
2025/02/16 21:30:10.194, 76.66 W
2025/02/16 21:30:10.204, 76.66 W
2025/02/16 21:30:10.215, 76.66 W
2025/02/16 21:30:10.225, 76.66 W
2025/02/16 21:30:10.235, 76.66 W
2025/02/16 21:30:10.245, 76.66 W
2025/02/16 21:30:10.255, 76.66 W
2025/02/16 21:30:10.265, 76.37 W
2025/02/16 21:30:10.275, 76.37 W
2025/02/16 21:30:10.285, 76.37 W
2025/02/16 21:30:10.295, 76.37 W
2025/02/16 21:30:10.305, 76.37 W
2025/02/16 21:30:10.315, 76.37 W
2025/02/16 21:30:10.325, 76.37 W
2025/02/16 21:30:10.335, 76.37 W
2025/02/16 21:30:10.345, 77.00 W
2025/02/16 21:30:10.355, 77.00 W
2025/02/16 21:30:10.366, 77.00 W
2025/02/16 21:30:10.376, 77.00 W
2025/02/16 21:30:10.386, 77.00 W
2025/02/16 21:30:10.396, 77.00 W
2025/02/16 21:30:10.406, 77.00 W
2025/02/16 21:30:10.416, 77.00 W
2025/02/16 21:30:10.426, 77.00 W
2025/02/16 21:30:10.436, 77.00 W
2025/02/16 21:30:10.446, 77.00 W
2025/02/16 21:30:10.456, 77.00 W
2025/02/16 21:30:10.466, 76.66 W
2025/02/16 21:30:10.476, 76.66 W
2025/02/16 21:30:10.486, 76.66 W
2025/02/16 21:30:10.496, 76.66 W
2025/02/16 21:30:10.506, 76.66 W
2025/02/16 21:30:10.517, 76.66 W
2025/02/16 21:30:10.527, 76.66 W
2025/02/16 21:30:10.537, 76.66 W
2025/02/16 21:30:10.547, 76.66 W
2025/02/16 21:30:10.557, 76.66 W
2025/02/16 21:30:10.567, 76.66 W
2025/02/16 21:30:10.577, 76.66 W
2025/02/16 21:30:10.587, 76.66 W
2025/02/16 21:30:10.597, 76.66 W
2025/02/16 21:30:10.607, 76.66 W
2025/02/16 21:30:10.617, 76.66 W
2025/02/16 21:30:10.627, 76.66 W
2025/02/16 21:30:10.637, 76.66 W
2025/02/16 21:30:10.647, 76.66 W
2025/02/16 21:30:10.657, 76.66 W
2025/02/16 21:30:10.668, 76.66 W
2025/02/16 21:30:10.678, 76.13 W
2025/02/16 21:30:10.688, 76.13 W
2025/02/16 21:30:10.698, 76.13 W
2025/02/16 21:30:10.708, 76.13 W
2025/02/16 21:30:10.718, 76.13 W
2025/02/16 21:30:10.728, 76.13 W
2025/02/16 21:30:10.738, 76.13 W
2025/02/16 21:30:10.748, 76.13 W
2025/02/16 21:30:10.758, 76.13 W
2025/02/16 21:30:10.768, 76.13 W
2025/02/16 21:30:10.778, 76.13 W
2025/02/16 21:30:10.788, 76.13 W
2025/02/16 21:30:10.798, 76.13 W
2025/02/16 21:30:10.808, 76.13 W
2025/02/16 21:30:10.818, 76.13 W
2025/02/16 21:30:10.829, 76.13 W
2025/02/16 21:30:10.839, 76.13 W
2025/02/16 21:30:10.849, 76.13 W
2025/02/16 21:30:10.859, 76.13 W
2025/02/16 21:30:10.869, 76.13 W
2025/02/16 21:30:10.879, 76.75 W
2025/02/16 21:30:10.889, 76.75 W
2025/02/16 21:30:10.899, 76.75 W
2025/02/16 21:30:10.909, 76.75 W
2025/02/16 21:30:10.919, 76.75 W
2025/02/16 21:30:10.929, 76.75 W
2025/02/16 21:30:10.939, 76.75 W
2025/02/16 21:30:10.949, 76.75 W
2025/02/16 21:30:10.959, 76.75 W
2025/02/16 21:30:10.969, 76.75 W
2025/02/16 21:30:10.980, 76.75 W
2025/02/16 21:30:10.990, 76.75 W
2025/02/16 21:30:11.000, 76.75 W
2025/02/16 21:30:11.010, 76.75 W
2025/02/16 21:30:11.020, 76.75 W
2025/02/16 21:30:11.030, 76.75 W
2025/02/16 21:30:11.040, 76.75 W
2025/02/16 21:30:11.050, 76.75 W
2025/02/16 21:30:11.060, 76.75 W
2025/02/16 21:30:11.070, 76.75 W
2025/02/16 21:30:11.080, 76.66 W
2025/02/16 21:30:11.090, 76.66 W
2025/02/16 21:30:11.100, 76.66 W
2025/02/16 21:30:11.110, 76.66 W
2025/02/16 21:30:11.120, 76.66 W
2025/02/16 21:30:11.131, 76.66 W
2025/02/16 21:30:11.141, 76.66 W
2025/02/16 21:30:11.151, 76.66 W
2025/02/16 21:30:11.161, 76.66 W
2025/02/16 21:30:11.171, 76.66 W
2025/02/16 21:30:11.181, 76.66 W
2025/02/16 21:30:11.194, 76.66 W
2025/02/16 21:30:11.204, 76.66 W
2025/02/16 21:30:11.214, 76.66 W
2025/02/16 21:30:11.224, 76.66 W
2025/02/16 21:30:11.234, 76.66 W
2025/02/16 21:30:11.244, 76.66 W
2025/02/16 21:30:11.254, 76.66 W
2025/02/16 21:30:11.264, 76.66 W
2025/02/16 21:30:11.274, 76.66 W
2025/02/16 21:30:11.284, 77.00 W
2025/02/16 21:30:11.294, 77.00 W
2025/02/16 21:30:11.304, 77.00 W
2025/02/16 21:30:11.314, 77.00 W
2025/02/16 21:30:11.325, 77.00 W
2025/02/16 21:30:11.335, 77.00 W
2025/02/16 21:30:11.345, 77.00 W
2025/02/16 21:30:11.355, 77.00 W
2025/02/16 21:30:11.365, 77.00 W
2025/02/16 21:30:11.375, 77.00 W
2025/02/16 21:30:11.385, 77.00 W
2025/02/16 21:30:11.395, 77.00 W
2025/02/16 21:30:11.405, 77.00 W
2025/02/16 21:30:11.415, 77.00 W
2025/02/16 21:30:11.425, 77.00 W
2025/02/16 21:30:11.435, 77.00 W
2025/02/16 21:30:11.445, 77.00 W
2025/02/16 21:30:11.456, 77.00 W
2025/02/16 21:30:11.466, 77.00 W
2025/02/16 21:30:11.476, 77.00 W
2025/02/16 21:30:11.486, 77.00 W
2025/02/16 21:30:11.496, 76.66 W
2025/02/16 21:30:11.506, 76.66 W
2025/02/16 21:30:11.516, 76.66 W
2025/02/16 21:30:11.526, 76.66 W
2025/02/16 21:30:11.536, 76.66 W
2025/02/16 21:30:11.546, 76.66 W
2025/02/16 21:30:11.556, 76.66 W
2025/02/16 21:30:11.566, 76.66 W
2025/02/16 21:30:11.576, 76.66 W
2025/02/16 21:30:11.586, 76.66 W
2025/02/16 21:30:11.597, 76.55 W
2025/02/16 21:30:11.607, 76.55 W
2025/02/16 21:30:11.617, 76.55 W
2025/02/16 21:30:11.627, 76.55 W
2025/02/16 21:30:11.637, 76.55 W
2025/02/16 21:30:11.647, 76.55 W
2025/02/16 21:30:11.657, 76.55 W
2025/02/16 21:30:11.667, 76.55 W
2025/02/16 21:30:11.677, 76.75 W
2025/02/16 21:30:11.687, 76.75 W
2025/02/16 21:30:11.697, 76.75 W
2025/02/16 21:30:11.707, 76.75 W
2025/02/16 21:30:11.717, 76.75 W
2025/02/16 21:30:11.727, 76.75 W
2025/02/16 21:30:11.738, 76.75 W
2025/02/16 21:30:11.748, 76.75 W
2025/02/16 21:30:11.758, 76.75 W
2025/02/16 21:30:11.768, 76.75 W
2025/02/16 21:30:11.778, 76.37 W
2025/02/16 21:30:11.788, 76.37 W
2025/02/16 21:30:11.798, 76.37 W
2025/02/16 21:30:11.808, 76.37 W
2025/02/16 21:30:11.818, 76.37 W
2025/02/16 21:30:11.828, 76.37 W
2025/02/16 21:30:11.838, 76.37 W
2025/02/16 21:30:11.848, 76.37 W
2025/02/16 21:30:11.858, 76.37 W
2025/02/16 21:30:11.868, 76.37 W
2025/02/16 21:30:11.878, 76.37 W
2025/02/16 21:30:11.889, 76.37 W
2025/02/16 21:30:11.899, 76.46 W
2025/02/16 21:30:11.909, 76.46 W
2025/02/16 21:30:11.919, 76.46 W
2025/02/16 21:30:11.929, 76.46 W
2025/02/16 21:30:11.939, 76.46 W
2025/02/16 21:30:11.949, 76.46 W
2025/02/16 21:30:11.959, 76.46 W
2025/02/16 21:30:11.969, 76.46 W
2025/02/16 21:30:11.979, 76.46 W
2025/02/16 21:30:11.989, 76.75 W
2025/02/16 21:30:11.999, 76.75 W
2025/02/16 21:30:12.009, 76.75 W
2025/02/16 21:30:12.019, 76.75 W
2025/02/16 21:30:12.029, 76.75 W
2025/02/16 21:30:12.039, 76.75 W
2025/02/16 21:30:12.050, 76.75 W
2025/02/16 21:30:12.060, 76.75 W
2025/02/16 21:30:12.070, 76.75 W
2025/02/16 21:30:12.080, 76.75 W
2025/02/16 21:30:12.090, 76.75 W
2025/02/16 21:30:12.100, 76.75 W
2025/02/16 21:30:12.110, 76.66 W
2025/02/16 21:30:12.120, 76.66 W
2025/02/16 21:30:12.130, 76.66 W
2025/02/16 21:30:12.140, 76.66 W
2025/02/16 21:30:12.150, 76.66 W
2025/02/16 21:30:12.160, 76.66 W
2025/02/16 21:30:12.170, 76.66 W
2025/02/16 21:30:12.180, 76.66 W
2025/02/16 21:30:12.190, 76.66 W
2025/02/16 21:30:12.201, 76.66 W
2025/02/16 21:30:12.211, 76.66 W
2025/02/16 21:30:12.221, 76.66 W
2025/02/16 21:30:12.231, 76.66 W
2025/02/16 21:30:12.241, 76.66 W
2025/02/16 21:30:12.251, 76.66 W
2025/02/16 21:30:12.261, 76.66 W
2025/02/16 21:30:12.271, 76.66 W
2025/02/16 21:30:12.281, 76.66 W
2025/02/16 21:30:12.291, 76.66 W
2025/02/16 21:30:12.301, 76.66 W
2025/02/16 21:30:12.311, 77.29 W
2025/02/16 21:30:12.321, 77.29 W
2025/02/16 21:30:12.331, 77.29 W
2025/02/16 21:30:12.341, 77.29 W
2025/02/16 21:30:12.352, 77.29 W
2025/02/16 21:30:12.362, 77.29 W
2025/02/16 21:30:12.372, 77.29 W
2025/02/16 21:30:12.382, 77.29 W
2025/02/16 21:30:12.392, 76.75 W
2025/02/16 21:30:12.402, 76.75 W
2025/02/16 21:30:12.412, 76.75 W
2025/02/16 21:30:12.422, 76.75 W
2025/02/16 21:30:12.432, 76.75 W
2025/02/16 21:30:12.442, 76.75 W
2025/02/16 21:30:12.452, 76.75 W
2025/02/16 21:30:12.462, 76.75 W
2025/02/16 21:30:12.472, 76.75 W
2025/02/16 21:30:12.482, 76.75 W
2025/02/16 21:30:12.492, 76.75 W
2025/02/16 21:30:12.502, 76.75 W
2025/02/16 21:30:12.513, 76.66 W
2025/02/16 21:30:12.523, 76.66 W
2025/02/16 21:30:12.533, 76.66 W
2025/02/16 21:30:12.543, 76.66 W
2025/02/16 21:30:12.553, 76.66 W
2025/02/16 21:30:12.563, 76.66 W
2025/02/16 21:30:12.573, 76.66 W
2025/02/16 21:30:12.583, 76.66 W
2025/02/16 21:30:12.593, 76.66 W
2025/02/16 21:30:12.603, 77.00 W
2025/02/16 21:30:12.613, 77.00 W
2025/02/16 21:30:12.623, 77.00 W
2025/02/16 21:30:12.633, 77.00 W
2025/02/16 21:30:12.643, 77.00 W
2025/02/16 21:30:12.653, 77.00 W
2025/02/16 21:30:12.664, 77.00 W
2025/02/16 21:30:12.674, 77.00 W
2025/02/16 21:30:12.684, 77.00 W
2025/02/16 21:30:12.694, 77.00 W
2025/02/16 21:30:12.704, 77.00 W
2025/02/16 21:30:12.714, 77.00 W
2025/02/16 21:30:12.724, 76.75 W
2025/02/16 21:30:12.734, 76.75 W
2025/02/16 21:30:12.744, 76.75 W
2025/02/16 21:30:12.754, 76.75 W
2025/02/16 21:30:12.764, 76.75 W
2025/02/16 21:30:12.774, 76.75 W
2025/02/16 21:30:12.784, 76.75 W
2025/02/16 21:30:12.794, 76.75 W
2025/02/16 21:30:12.804, 76.66 W
2025/02/16 21:30:12.815, 76.66 W
2025/02/16 21:30:12.825, 76.66 W
2025/02/16 21:30:12.835, 76.66 W
2025/02/16 21:30:12.845, 76.66 W
2025/02/16 21:30:12.855, 76.66 W
2025/02/16 21:30:12.865, 76.66 W
2025/02/16 21:30:12.875, 76.66 W
2025/02/16 21:30:12.885, 76.66 W
2025/02/16 21:30:12.895, 76.66 W
2025/02/16 21:30:12.905, 76.66 W
2025/02/16 21:30:12.915, 76.66 W
2025/02/16 21:30:12.925, 76.46 W
2025/02/16 21:30:12.935, 76.46 W
2025/02/16 21:30:12.945, 76.46 W
2025/02/16 21:30:12.955, 76.46 W
2025/02/16 21:30:12.966, 76.46 W
2025/02/16 21:30:12.976, 76.46 W
2025/02/16 21:30:12.986, 76.46 W
2025/02/16 21:30:12.996, 76.46 W
2025/02/16 21:30:13.006, 77.00 W
2025/02/16 21:30:13.016, 77.00 W
2025/02/16 21:30:13.026, 77.00 W
2025/02/16 21:30:13.036, 77.00 W
2025/02/16 21:30:13.046, 77.00 W
2025/02/16 21:30:13.056, 77.00 W
2025/02/16 21:30:13.066, 77.00 W
2025/02/16 21:30:13.076, 77.00 W
2025/02/16 21:30:13.086, 77.00 W
2025/02/16 21:30:13.096, 77.00 W
2025/02/16 21:30:13.106, 77.00 W
2025/02/16 21:30:13.116, 77.00 W
2025/02/16 21:30:13.127, 76.66 W
2025/02/16 21:30:13.137, 76.66 W
2025/02/16 21:30:13.147, 76.66 W
2025/02/16 21:30:13.157, 76.66 W
2025/02/16 21:30:13.167, 76.66 W
2025/02/16 21:30:13.177, 76.66 W
2025/02/16 21:30:13.187, 76.66 W
2025/02/16 21:30:13.197, 76.66 W
2025/02/16 21:30:13.207, 76.66 W
2025/02/16 21:30:13.217, 76.66 W
2025/02/16 21:30:13.227, 76.66 W
2025/02/16 21:30:13.237, 76.66 W
2025/02/16 21:30:13.247, 76.66 W
2025/02/16 21:30:13.257, 76.66 W
2025/02/16 21:30:13.267, 76.66 W
2025/02/16 21:30:13.278, 76.66 W
2025/02/16 21:30:13.288, 76.66 W
2025/02/16 21:30:13.298, 76.66 W
2025/02/16 21:30:13.308, 76.66 W
2025/02/16 21:30:13.318, 76.66 W
2025/02/16 21:30:13.328, 76.66 W
2025/02/16 21:30:13.338, 76.91 W
2025/02/16 21:30:13.348, 76.91 W
2025/02/16 21:30:13.358, 76.91 W
2025/02/16 21:30:13.368, 76.91 W
2025/02/16 21:30:13.378, 76.91 W
2025/02/16 21:30:13.388, 76.91 W
2025/02/16 21:30:13.398, 76.91 W
2025/02/16 21:30:13.408, 76.91 W
2025/02/16 21:30:13.418, 76.66 W
2025/02/16 21:30:13.429, 76.66 W
2025/02/16 21:30:13.439, 76.66 W
2025/02/16 21:30:13.449, 76.66 W
2025/02/16 21:30:13.459, 76.66 W
2025/02/16 21:30:13.469, 76.66 W
2025/02/16 21:30:13.479, 76.66 W
2025/02/16 21:30:13.489, 76.66 W
2025/02/16 21:30:13.499, 76.66 W
2025/02/16 21:30:13.509, 76.66 W
2025/02/16 21:30:13.519, 76.37 W
2025/02/16 21:30:13.529, 76.37 W
2025/02/16 21:30:13.539, 76.37 W
2025/02/16 21:30:13.549, 76.37 W
2025/02/16 21:30:13.559, 76.37 W
2025/02/16 21:30:13.569, 76.37 W
2025/02/16 21:30:13.579, 76.37 W
2025/02/16 21:30:13.590, 76.37 W
2025/02/16 21:30:13.600, 76.37 W
2025/02/16 21:30:13.610, 76.37 W
2025/02/16 21:30:13.620, 77.00 W
2025/02/16 21:30:13.630, 77.00 W
2025/02/16 21:30:13.640, 77.00 W
2025/02/16 21:30:13.650, 77.00 W
2025/02/16 21:30:13.660, 77.00 W
2025/02/16 21:30:13.670, 77.00 W
2025/02/16 21:30:13.680, 77.00 W
2025/02/16 21:30:13.690, 77.00 W
2025/02/16 21:30:13.700, 77.00 W
2025/02/16 21:30:13.710, 77.00 W
2025/02/16 21:30:13.720, 77.00 W
2025/02/16 21:30:13.730, 77.00 W
2025/02/16 21:30:13.741, 76.66 W
2025/02/16 21:30:13.751, 76.66 W
2025/02/16 21:30:13.761, 76.66 W
2025/02/16 21:30:13.771, 76.66 W
2025/02/16 21:30:13.781, 76.66 W
2025/02/16 21:30:13.791, 76.66 W
2025/02/16 21:30:13.801, 76.66 W
2025/02/16 21:30:13.811, 76.66 W
2025/02/16 21:30:13.821, 76.66 W
2025/02/16 21:30:13.831, 76.66 W
2025/02/16 21:30:13.841, 76.66 W
2025/02/16 21:30:13.851, 76.66 W
2025/02/16 21:30:13.861, 76.66 W
2025/02/16 21:30:13.871, 76.66 W
2025/02/16 21:30:13.882, 76.66 W
2025/02/16 21:30:13.892, 76.66 W
2025/02/16 21:30:13.902, 76.66 W
2025/02/16 21:30:13.912, 76.66 W
2025/02/16 21:30:13.922, 76.66 W
2025/02/16 21:30:13.932, 76.66 W
2025/02/16 21:30:13.942, 76.66 W
2025/02/16 21:30:13.952, 76.66 W
2025/02/16 21:30:13.962, 76.66 W
2025/02/16 21:30:13.972, 76.66 W
2025/02/16 21:30:13.982, 76.66 W
2025/02/16 21:30:13.992, 76.66 W
2025/02/16 21:30:14.002, 76.66 W
2025/02/16 21:30:14.012, 76.66 W
2025/02/16 21:30:14.023, 76.66 W
2025/02/16 21:30:14.033, 77.00 W
2025/02/16 21:30:14.043, 77.00 W
2025/02/16 21:30:14.053, 77.00 W
2025/02/16 21:30:14.063, 77.00 W
2025/02/16 21:30:14.073, 77.00 W
2025/02/16 21:30:14.083, 77.00 W
2025/02/16 21:30:14.093, 77.00 W
2025/02/16 21:30:14.103, 77.00 W
2025/02/16 21:30:14.113, 77.00 W
2025/02/16 21:30:14.123, 77.00 W
2025/02/16 21:30:14.133, 77.00 W
2025/02/16 21:30:14.143, 77.00 W
2025/02/16 21:30:14.153, 76.66 W
2025/02/16 21:30:14.163, 76.66 W
2025/02/16 21:30:14.173, 76.66 W
2025/02/16 21:30:14.184, 76.66 W
2025/02/16 21:30:14.194, 76.66 W
2025/02/16 21:30:14.204, 76.66 W
2025/02/16 21:30:14.214, 76.66 W
2025/02/16 21:30:14.224, 76.66 W
2025/02/16 21:30:14.234, 76.37 W
2025/02/16 21:30:14.244, 76.37 W
2025/02/16 21:30:14.254, 76.37 W
2025/02/16 21:30:14.264, 76.37 W
2025/02/16 21:30:14.274, 76.37 W
2025/02/16 21:30:14.284, 76.37 W
2025/02/16 21:30:14.294, 76.37 W
2025/02/16 21:30:14.304, 76.37 W
2025/02/16 21:30:14.314, 76.37 W
2025/02/16 21:30:14.324, 76.37 W
2025/02/16 21:30:14.335, 76.37 W
2025/02/16 21:30:14.345, 76.37 W
2025/02/16 21:30:14.355, 76.91 W
2025/02/16 21:30:14.365, 76.91 W
2025/02/16 21:30:14.375, 76.91 W
2025/02/16 21:30:14.385, 76.91 W
2025/02/16 21:30:14.395, 76.91 W
2025/02/16 21:30:14.405, 76.91 W
2025/02/16 21:30:14.415, 76.91 W
2025/02/16 21:30:14.425, 76.91 W
2025/02/16 21:30:14.435, 76.91 W
2025/02/16 21:30:14.445, 76.75 W
2025/02/16 21:30:14.455, 76.75 W
2025/02/16 21:30:14.465, 76.75 W
2025/02/16 21:30:14.475, 76.75 W
2025/02/16 21:30:14.486, 76.75 W
2025/02/16 21:30:14.496, 76.75 W
2025/02/16 21:30:14.506, 76.75 W
2025/02/16 21:30:14.516, 76.75 W
2025/02/16 21:30:14.526, 76.75 W
2025/02/16 21:30:14.536, 76.75 W
2025/02/16 21:30:14.546, 76.66 W
2025/02/16 21:30:14.556, 76.66 W
2025/02/16 21:30:14.566, 76.66 W
2025/02/16 21:30:14.576, 76.66 W
2025/02/16 21:30:14.586, 76.66 W
2025/02/16 21:30:14.596, 76.66 W
2025/02/16 21:30:14.606, 76.66 W
2025/02/16 21:30:14.616, 76.66 W
2025/02/16 21:30:14.626, 76.66 W
2025/02/16 21:30:14.637, 76.66 W
2025/02/16 21:30:14.647, 76.75 W
2025/02/16 21:30:14.657, 76.75 W
2025/02/16 21:30:14.667, 76.75 W
2025/02/16 21:30:14.677, 76.75 W
2025/02/16 21:30:14.687, 76.75 W
2025/02/16 21:30:14.697, 76.75 W
2025/02/16 21:30:14.707, 76.75 W
2025/02/16 21:30:14.717, 76.75 W
2025/02/16 21:30:14.727, 76.75 W
2025/02/16 21:30:14.737, 76.75 W
2025/02/16 21:30:14.747, 76.75 W
2025/02/16 21:30:14.757, 76.75 W
2025/02/16 21:30:14.767, 76.75 W
2025/02/16 21:30:14.777, 76.75 W
2025/02/16 21:30:14.788, 76.75 W
2025/02/16 21:30:14.798, 76.75 W
2025/02/16 21:30:14.808, 76.75 W
2025/02/16 21:30:14.818, 76.75 W
2025/02/16 21:30:14.828, 76.75 W
2025/02/16 21:30:14.838, 76.75 W
2025/02/16 21:30:14.848, 76.66 W
2025/02/16 21:30:14.858, 76.66 W
2025/02/16 21:30:14.868, 76.66 W
2025/02/16 21:30:14.878, 76.66 W
2025/02/16 21:30:14.888, 76.66 W
2025/02/16 21:30:14.898, 76.66 W
2025/02/16 21:30:14.908, 76.66 W
2025/02/16 21:30:14.918, 76.66 W
2025/02/16 21:30:14.928, 76.66 W
2025/02/16 21:30:14.939, 76.66 W
2025/02/16 21:30:14.949, 76.66 W
2025/02/16 21:30:14.959, 76.66 W
2025/02/16 21:30:14.969, 77.29 W
2025/02/16 21:30:14.979, 77.29 W
2025/02/16 21:30:14.989, 77.29 W
2025/02/16 21:30:14.999, 77.29 W
2025/02/16 21:30:15.009, 77.29 W
2025/02/16 21:30:15.019, 77.29 W
2025/02/16 21:30:15.029, 77.29 W
2025/02/16 21:30:15.039, 77.29 W
2025/02/16 21:30:15.049, 77.29 W
2025/02/16 21:30:15.059, 76.66 W
2025/02/16 21:30:15.069, 76.66 W
2025/02/16 21:30:15.079, 76.66 W
2025/02/16 21:30:15.090, 76.66 W
2025/02/16 21:30:15.100, 76.66 W
2025/02/16 21:30:15.110, 76.66 W
2025/02/16 21:30:15.120, 76.66 W
2025/02/16 21:30:15.130, 76.66 W
2025/02/16 21:30:15.140, 76.66 W
2025/02/16 21:30:15.150, 76.66 W
2025/02/16 21:30:15.160, 76.66 W
2025/02/16 21:30:15.170, 76.66 W
2025/02/16 21:30:15.180, 76.46 W
2025/02/16 21:30:15.190, 76.46 W
2025/02/16 21:30:15.200, 76.46 W
2025/02/16 21:30:15.210, 76.46 W
2025/02/16 21:30:15.220, 76.46 W
2025/02/16 21:30:15.230, 76.46 W
2025/02/16 21:30:15.241, 76.46 W
2025/02/16 21:30:15.251, 76.46 W
2025/02/16 21:30:15.261, 77.20 W
2025/02/16 21:30:15.271, 77.20 W
2025/02/16 21:30:15.281, 77.20 W
2025/02/16 21:30:15.291, 77.20 W
2025/02/16 21:30:15.301, 77.20 W
2025/02/16 21:30:15.311, 77.20 W
2025/02/16 21:30:15.321, 77.20 W
2025/02/16 21:30:15.331, 77.20 W
2025/02/16 21:30:15.341, 77.20 W
2025/02/16 21:30:15.351, 77.20 W
2025/02/16 21:30:15.361, 77.20 W
2025/02/16 21:30:15.371, 77.20 W
2025/02/16 21:30:15.381, 76.75 W
2025/02/16 21:30:15.392, 76.75 W
2025/02/16 21:30:15.402, 76.75 W
2025/02/16 21:30:15.412, 76.75 W
2025/02/16 21:30:15.422, 76.75 W
2025/02/16 21:30:15.432, 76.75 W
2025/02/16 21:30:15.442, 76.75 W
2025/02/16 21:30:15.452, 76.75 W
2025/02/16 21:30:15.462, 76.75 W
2025/02/16 21:30:15.472, 76.91 W
2025/02/16 21:30:15.482, 76.91 W
2025/02/16 21:30:15.492, 76.91 W
2025/02/16 21:30:15.502, 76.91 W
2025/02/16 21:30:15.512, 76.91 W
2025/02/16 21:30:15.522, 76.91 W
2025/02/16 21:30:15.532, 76.91 W
2025/02/16 21:30:15.542, 76.91 W
2025/02/16 21:30:15.553, 76.91 W
2025/02/16 21:30:15.563, 76.91 W
2025/02/16 21:30:15.573, 76.66 W
2025/02/16 21:30:15.583, 76.66 W
2025/02/16 21:30:15.593, 76.66 W
2025/02/16 21:30:15.603, 76.66 W
2025/02/16 21:30:15.613, 76.66 W
2025/02/16 21:30:15.623, 76.66 W
2025/02/16 21:30:15.633, 76.66 W
2025/02/16 21:30:15.643, 76.66 W
2025/02/16 21:30:15.653, 76.66 W
2025/02/16 21:30:15.663, 76.66 W
2025/02/16 21:30:15.673, 77.00 W
2025/02/16 21:30:15.683, 77.00 W
2025/02/16 21:30:15.693, 77.00 W
2025/02/16 21:30:15.704, 77.00 W
2025/02/16 21:30:15.714, 77.00 W
2025/02/16 21:30:15.724, 77.00 W
2025/02/16 21:30:15.734, 77.00 W
2025/02/16 21:30:15.744, 77.00 W
2025/02/16 21:30:15.754, 77.00 W
2025/02/16 21:30:15.764, 77.00 W
2025/02/16 21:30:15.774, 77.00 W
2025/02/16 21:30:15.784, 77.00 W
2025/02/16 21:30:15.794, 76.75 W
2025/02/16 21:30:15.804, 76.75 W
2025/02/16 21:30:15.814, 76.75 W
2025/02/16 21:30:15.824, 76.75 W
2025/02/16 21:30:15.834, 76.75 W
2025/02/16 21:30:15.844, 76.75 W
2025/02/16 21:30:15.855, 76.75 W
2025/02/16 21:30:15.865, 76.75 W
2025/02/16 21:30:15.875, 76.66 W
2025/02/16 21:30:15.885, 76.66 W
2025/02/16 21:30:15.895, 76.66 W
2025/02/16 21:30:15.905, 76.66 W
2025/02/16 21:30:15.915, 76.66 W
2025/02/16 21:30:15.925, 76.66 W
2025/02/16 21:30:15.935, 76.66 W
2025/02/16 21:30:15.945, 76.66 W
2025/02/16 21:30:15.955, 76.66 W
2025/02/16 21:30:15.965, 76.66 W
2025/02/16 21:30:15.975, 76.66 W
2025/02/16 21:30:15.985, 76.66 W
2025/02/16 21:30:15.995, 76.66 W
2025/02/16 21:30:16.006, 76.66 W
2025/02/16 21:30:16.016, 76.66 W
2025/02/16 21:30:16.026, 76.66 W
2025/02/16 21:30:16.036, 76.66 W
2025/02/16 21:30:16.046, 76.66 W
2025/02/16 21:30:16.056, 76.66 W
2025/02/16 21:30:16.066, 76.66 W
2025/02/16 21:30:16.076, 76.66 W
2025/02/16 21:30:16.086, 76.66 W
2025/02/16 21:30:16.096, 76.66 W
2025/02/16 21:30:16.106, 76.66 W
2025/02/16 21:30:16.116, 76.66 W
2025/02/16 21:30:16.126, 76.66 W
2025/02/16 21:30:16.136, 76.66 W
2025/02/16 21:30:16.146, 76.66 W
2025/02/16 21:30:16.157, 76.66 W
2025/02/16 21:30:16.167, 76.66 W
2025/02/16 21:30:16.177, 76.66 W
2025/02/16 21:30:16.187, 76.66 W
2025/02/16 21:30:16.197, 76.66 W
2025/02/16 21:30:16.207, 76.91 W
2025/02/16 21:30:16.217, 76.91 W
2025/02/16 21:30:16.227, 76.91 W
2025/02/16 21:30:16.237, 76.91 W
2025/02/16 21:30:16.247, 76.91 W
2025/02/16 21:30:16.257, 76.91 W
2025/02/16 21:30:16.267, 76.91 W
2025/02/16 21:30:16.277, 76.91 W
2025/02/16 21:30:16.287, 76.91 W
2025/02/16 21:30:16.297, 76.91 W
2025/02/16 21:30:16.308, 76.91 W
2025/02/16 21:30:16.318, 76.91 W
2025/02/16 21:30:16.328, 76.91 W
2025/02/16 21:30:16.338, 76.91 W
2025/02/16 21:30:16.348, 76.91 W
2025/02/16 21:30:16.358, 76.91 W
2025/02/16 21:30:16.368, 76.91 W
2025/02/16 21:30:16.378, 76.91 W
2025/02/16 21:30:16.388, 76.91 W
2025/02/16 21:30:16.398, 76.91 W
2025/02/16 21:30:16.408, 76.66 W
2025/02/16 21:30:16.418, 76.66 W
2025/02/16 21:30:16.428, 76.66 W
2025/02/16 21:30:16.438, 76.66 W
2025/02/16 21:30:16.448, 76.66 W
2025/02/16 21:30:16.459, 76.66 W
2025/02/16 21:30:16.469, 76.66 W
2025/02/16 21:30:16.479, 76.66 W
2025/02/16 21:30:16.489, 76.66 W
2025/02/16 21:30:16.499, 76.66 W
2025/02/16 21:30:16.509, 76.66 W
2025/02/16 21:30:16.519, 76.66 W
2025/02/16 21:30:16.529, 76.66 W
2025/02/16 21:30:16.539, 76.66 W
2025/02/16 21:30:16.549, 76.66 W
2025/02/16 21:30:16.559, 76.66 W
2025/02/16 21:30:16.569, 76.66 W
2025/02/16 21:30:16.579, 76.66 W
2025/02/16 21:30:16.589, 77.20 W
2025/02/16 21:30:16.599, 77.20 W
2025/02/16 21:30:16.610, 77.20 W
2025/02/16 21:30:16.620, 77.20 W
2025/02/16 21:30:16.630, 77.20 W
2025/02/16 21:30:16.640, 77.20 W
2025/02/16 21:30:16.650, 77.20 W
2025/02/16 21:30:16.660, 77.20 W
2025/02/16 21:30:16.670, 77.20 W
2025/02/16 21:30:16.680, 77.20 W
2025/02/16 21:30:16.690, 76.75 W
2025/02/16 21:30:16.700, 76.75 W
2025/02/16 21:30:16.710, 76.75 W
2025/02/16 21:30:16.720, 76.75 W
2025/02/16 21:30:16.730, 76.75 W
2025/02/16 21:30:16.740, 76.75 W
2025/02/16 21:30:16.750, 76.75 W
2025/02/16 21:30:16.761, 76.75 W
2025/02/16 21:30:16.771, 76.75 W
2025/02/16 21:30:16.781, 76.75 W
2025/02/16 21:30:16.791, 76.75 W
2025/02/16 21:30:16.801, 76.75 W
2025/02/16 21:30:16.811, 76.91 W
2025/02/16 21:30:16.821, 76.91 W
2025/02/16 21:30:16.831, 76.91 W
2025/02/16 21:30:16.841, 76.91 W
2025/02/16 21:30:16.851, 76.91 W
2025/02/16 21:30:16.861, 76.91 W
2025/02/16 21:30:16.871, 76.91 W
2025/02/16 21:30:16.881, 76.91 W
2025/02/16 21:30:16.891, 76.91 W
2025/02/16 21:30:16.901, 76.91 W
2025/02/16 21:30:16.912, 76.91 W
2025/02/16 21:30:16.922, 76.91 W
2025/02/16 21:30:16.932, 76.91 W
2025/02/16 21:30:16.942, 76.91 W
2025/02/16 21:30:16.952, 76.91 W
2025/02/16 21:30:16.962, 76.91 W
2025/02/16 21:30:16.972, 76.91 W
2025/02/16 21:30:16.982, 76.91 W
2025/02/16 21:30:16.992, 76.91 W
2025/02/16 21:30:17.002, 76.91 W
2025/02/16 21:30:17.012, 76.91 W
2025/02/16 21:30:17.022, 76.37 W
2025/02/16 21:30:17.032, 76.37 W
2025/02/16 21:30:17.042, 76.37 W
2025/02/16 21:30:17.052, 76.37 W
2025/02/16 21:30:17.063, 76.37 W
2025/02/16 21:30:17.073, 76.37 W
2025/02/16 21:30:17.083, 76.37 W
2025/02/16 21:30:17.093, 76.37 W
2025/02/16 21:30:17.103, 76.91 W
2025/02/16 21:30:17.113, 76.91 W
2025/02/16 21:30:17.123, 76.91 W
2025/02/16 21:30:17.133, 76.91 W
2025/02/16 21:30:17.143, 76.91 W
2025/02/16 21:30:17.153, 76.91 W
2025/02/16 21:30:17.163, 76.91 W
2025/02/16 21:30:17.173, 76.91 W
2025/02/16 21:30:17.183, 76.91 W
2025/02/16 21:30:17.193, 76.91 W
2025/02/16 21:30:17.203, 76.91 W
2025/02/16 21:30:17.214, 76.91 W
2025/02/16 21:30:17.224, 76.91 W
2025/02/16 21:30:17.234, 76.91 W
2025/02/16 21:30:17.244, 76.91 W
2025/02/16 21:30:17.254, 76.91 W
2025/02/16 21:30:17.264, 76.91 W
2025/02/16 21:30:17.274, 76.91 W
2025/02/16 21:30:17.284, 76.91 W
2025/02/16 21:30:17.294, 76.91 W
2025/02/16 21:30:17.304, 76.75 W
2025/02/16 21:30:17.314, 76.75 W
2025/02/16 21:30:17.324, 76.75 W
2025/02/16 21:30:17.334, 76.75 W
2025/02/16 21:30:17.344, 76.75 W
2025/02/16 21:30:17.354, 76.75 W
2025/02/16 21:30:17.365, 76.75 W
2025/02/16 21:30:17.375, 76.75 W
2025/02/16 21:30:17.385, 76.75 W
2025/02/16 21:30:17.395, 76.75 W
2025/02/16 21:30:17.405, 76.75 W
2025/02/16 21:30:17.415, 76.75 W
2025/02/16 21:30:17.425, 77.20 W
2025/02/16 21:30:17.435, 77.20 W
2025/02/16 21:30:17.445, 77.20 W
2025/02/16 21:30:17.455, 77.20 W
2025/02/16 21:30:17.465, 77.20 W
2025/02/16 21:30:17.475, 77.20 W
2025/02/16 21:30:17.485, 77.20 W
2025/02/16 21:30:17.495, 77.20 W
2025/02/16 21:30:17.505, 77.20 W
2025/02/16 21:30:17.516, 76.66 W
2025/02/16 21:30:17.526, 76.66 W
2025/02/16 21:30:17.536, 76.66 W
2025/02/16 21:30:17.546, 76.66 W
2025/02/16 21:30:17.556, 76.66 W
2025/02/16 21:30:17.566, 76.66 W
2025/02/16 21:30:17.576, 76.66 W
2025/02/16 21:30:17.586, 76.66 W
2025/02/16 21:30:17.596, 76.66 W
2025/02/16 21:30:17.606, 76.66 W
2025/02/16 21:30:17.616, 76.75 W
2025/02/16 21:30:17.626, 76.75 W
2025/02/16 21:30:17.636, 76.75 W
2025/02/16 21:30:17.646, 76.75 W
2025/02/16 21:30:17.656, 76.75 W
2025/02/16 21:30:17.667, 76.75 W
2025/02/16 21:30:17.677, 76.75 W
2025/02/16 21:30:17.687, 76.75 W
2025/02/16 21:30:17.697, 76.75 W
2025/02/16 21:30:17.707, 76.75 W
2025/02/16 21:30:17.717, 77.00 W
2025/02/16 21:30:17.727, 77.00 W
2025/02/16 21:30:17.737, 77.00 W
2025/02/16 21:30:17.747, 77.00 W
2025/02/16 21:30:17.757, 77.00 W
2025/02/16 21:30:17.767, 77.00 W
2025/02/16 21:30:17.777, 77.00 W
2025/02/16 21:30:17.787, 77.00 W
2025/02/16 21:30:17.797, 77.00 W
2025/02/16 21:30:17.807, 77.00 W
2025/02/16 21:30:17.818, 77.00 W
2025/02/16 21:30:17.828, 77.00 W
2025/02/16 21:30:17.838, 76.66 W
2025/02/16 21:30:17.848, 76.66 W
2025/02/16 21:30:17.858, 76.66 W
2025/02/16 21:30:17.868, 76.66 W
2025/02/16 21:30:17.878, 76.66 W
2025/02/16 21:30:17.888, 76.66 W
2025/02/16 21:30:17.898, 76.66 W
2025/02/16 21:30:17.908, 76.66 W
2025/02/16 21:30:17.918, 76.66 W
2025/02/16 21:30:17.928, 76.66 W
2025/02/16 21:30:17.938, 76.66 W
2025/02/16 21:30:17.948, 76.66 W
2025/02/16 21:30:17.958, 76.66 W
2025/02/16 21:30:17.969, 76.66 W
2025/02/16 21:30:17.979, 76.66 W
2025/02/16 21:30:17.989, 76.66 W
2025/02/16 21:30:17.999, 76.66 W
2025/02/16 21:30:18.009, 76.66 W
2025/02/16 21:30:18.019, 76.66 W
2025/02/16 21:30:18.029, 76.66 W
2025/02/16 21:30:18.039, 76.66 W
2025/02/16 21:30:18.049, 76.66 W
2025/02/16 21:30:18.059, 76.66 W
2025/02/16 21:30:18.069, 76.66 W
2025/02/16 21:30:18.079, 76.66 W
2025/02/16 21:30:18.089, 76.66 W
2025/02/16 21:30:18.099, 76.66 W
2025/02/16 21:30:18.109, 76.66 W
2025/02/16 21:30:18.120, 76.66 W
2025/02/16 21:30:18.130, 76.91 W
2025/02/16 21:30:18.140, 76.91 W
2025/02/16 21:30:18.150, 76.91 W
2025/02/16 21:30:18.160, 76.91 W
2025/02/16 21:30:18.170, 76.91 W
2025/02/16 21:30:18.180, 76.91 W
2025/02/16 21:30:18.190, 76.91 W
2025/02/16 21:30:18.200, 76.91 W
2025/02/16 21:30:18.210, 76.91 W
2025/02/16 21:30:18.220, 76.91 W
2025/02/16 21:30:18.230, 76.91 W
2025/02/16 21:30:18.240, 76.91 W
2025/02/16 21:30:18.250, 76.66 W
2025/02/16 21:30:18.260, 76.66 W
2025/02/16 21:30:18.271, 76.66 W
2025/02/16 21:30:18.281, 76.66 W
2025/02/16 21:30:18.291, 76.66 W
2025/02/16 21:30:18.301, 76.66 W
2025/02/16 21:30:18.311, 76.66 W
2025/02/16 21:30:18.321, 76.66 W
2025/02/16 21:30:18.331, 76.75 W
2025/02/16 21:30:18.341, 76.75 W
2025/02/16 21:30:18.351, 76.75 W
2025/02/16 21:30:18.361, 76.75 W
2025/02/16 21:30:18.371, 76.75 W
2025/02/16 21:30:18.381, 76.75 W
2025/02/16 21:30:18.391, 76.75 W
2025/02/16 21:30:18.401, 76.75 W
2025/02/16 21:30:18.411, 76.75 W
2025/02/16 21:30:18.422, 76.75 W
2025/02/16 21:30:18.432, 76.75 W
2025/02/16 21:30:18.442, 76.75 W
2025/02/16 21:30:18.452, 76.91 W
2025/02/16 21:30:18.462, 76.91 W
2025/02/16 21:30:18.472, 76.91 W
2025/02/16 21:30:18.482, 76.91 W
2025/02/16 21:30:18.492, 76.91 W
2025/02/16 21:30:18.502, 76.91 W
2025/02/16 21:30:18.512, 76.91 W
2025/02/16 21:30:18.522, 76.91 W
2025/02/16 21:30:18.532, 76.91 W
2025/02/16 21:30:18.542, 76.91 W
2025/02/16 21:30:18.552, 76.66 W
2025/02/16 21:30:18.562, 76.66 W
2025/02/16 21:30:18.573, 76.66 W
2025/02/16 21:30:18.583, 76.66 W
2025/02/16 21:30:18.593, 76.66 W
2025/02/16 21:30:18.603, 76.66 W
2025/02/16 21:30:18.613, 76.66 W
2025/02/16 21:30:18.623, 76.66 W
2025/02/16 21:30:18.633, 76.66 W
2025/02/16 21:30:18.643, 76.75 W
2025/02/16 21:30:18.653, 76.75 W
2025/02/16 21:30:18.663, 76.75 W
2025/02/16 21:30:18.673, 76.75 W
2025/02/16 21:30:18.683, 76.75 W
2025/02/16 21:30:18.693, 76.75 W
2025/02/16 21:30:18.703, 76.75 W
2025/02/16 21:30:18.713, 76.75 W
2025/02/16 21:30:18.724, 76.75 W
2025/02/16 21:30:18.734, 76.75 W
2025/02/16 21:30:18.744, 76.75 W
2025/02/16 21:30:18.754, 76.75 W
2025/02/16 21:30:18.764, 76.75 W
2025/02/16 21:30:18.774, 76.75 W
2025/02/16 21:30:18.784, 76.75 W
2025/02/16 21:30:18.794, 76.75 W
2025/02/16 21:30:18.804, 76.75 W
2025/02/16 21:30:18.814, 76.75 W
2025/02/16 21:30:18.824, 76.75 W
2025/02/16 21:30:18.834, 76.75 W
2025/02/16 21:30:18.844, 76.75 W
2025/02/16 21:30:18.854, 76.75 W
2025/02/16 21:30:18.864, 76.37 W
2025/02/16 21:30:18.875, 76.37 W
2025/02/16 21:30:18.885, 76.37 W
2025/02/16 21:30:18.895, 76.37 W
2025/02/16 21:30:18.905, 76.37 W
2025/02/16 21:30:18.915, 76.37 W
2025/02/16 21:30:18.925, 76.37 W
2025/02/16 21:30:18.935, 76.37 W
2025/02/16 21:30:18.945, 76.66 W
2025/02/16 21:30:18.955, 76.66 W
2025/02/16 21:30:18.965, 76.66 W
2025/02/16 21:30:18.975, 76.66 W
2025/02/16 21:30:18.985, 76.66 W
2025/02/16 21:30:18.995, 76.66 W
2025/02/16 21:30:19.005, 76.66 W
2025/02/16 21:30:19.015, 76.66 W
2025/02/16 21:30:19.026, 76.66 W
2025/02/16 21:30:19.036, 76.66 W
2025/02/16 21:30:19.046, 76.66 W
2025/02/16 21:30:19.056, 76.66 W
2025/02/16 21:30:19.066, 77.00 W
2025/02/16 21:30:19.076, 77.00 W
2025/02/16 21:30:19.086, 77.00 W
2025/02/16 21:30:19.096, 77.00 W
2025/02/16 21:30:19.106, 77.00 W
2025/02/16 21:30:19.116, 77.00 W
2025/02/16 21:30:19.126, 77.00 W
2025/02/16 21:30:19.136, 77.00 W
2025/02/16 21:30:19.146, 77.00 W
2025/02/16 21:30:19.156, 76.66 W
2025/02/16 21:30:19.166, 76.66 W
2025/02/16 21:30:19.177, 76.66 W
2025/02/16 21:30:19.187, 76.66 W
2025/02/16 21:30:19.197, 76.66 W
2025/02/16 21:30:19.207, 76.66 W
2025/02/16 21:30:19.217, 76.66 W
2025/02/16 21:30:19.227, 76.66 W
2025/02/16 21:30:19.237, 76.66 W
2025/02/16 21:30:19.247, 76.66 W
2025/02/16 21:30:19.257, 76.66 W
2025/02/16 21:30:19.267, 76.66 W
2025/02/16 21:30:19.277, 76.66 W
2025/02/16 21:30:19.287, 76.66 W
2025/02/16 21:30:19.297, 76.66 W
2025/02/16 21:30:19.307, 76.66 W
2025/02/16 21:30:19.317, 76.66 W
2025/02/16 21:30:19.328, 76.66 W
2025/02/16 21:30:19.338, 76.66 W
2025/02/16 21:30:19.348, 76.66 W
2025/02/16 21:30:19.358, 76.46 W
2025/02/16 21:30:19.368, 76.46 W
2025/02/16 21:30:19.378, 76.46 W
2025/02/16 21:30:19.388, 76.46 W
2025/02/16 21:30:19.398, 76.46 W
2025/02/16 21:30:19.408, 76.46 W
2025/02/16 21:30:19.418, 76.46 W
2025/02/16 21:30:19.428, 76.46 W
2025/02/16 21:30:19.438, 76.46 W
2025/02/16 21:30:19.448, 76.46 W
2025/02/16 21:30:19.458, 76.46 W
2025/02/16 21:30:19.468, 76.46 W
2025/02/16 21:30:19.479, 77.00 W
2025/02/16 21:30:19.489, 77.00 W
2025/02/16 21:30:19.499, 77.00 W
2025/02/16 21:30:19.509, 77.00 W
2025/02/16 21:30:19.519, 77.00 W
2025/02/16 21:30:19.529, 77.00 W
2025/02/16 21:30:19.539, 77.00 W
2025/02/16 21:30:19.549, 77.00 W
2025/02/16 21:30:19.559, 77.00 W
2025/02/16 21:30:19.569, 77.00 W
2025/02/16 21:30:19.579, 76.37 W
2025/02/16 21:30:19.589, 76.37 W
2025/02/16 21:30:19.599, 76.37 W
2025/02/16 21:30:19.609, 76.37 W
2025/02/16 21:30:19.619, 76.37 W
2025/02/16 21:30:19.630, 76.37 W
2025/02/16 21:30:19.640, 76.37 W
2025/02/16 21:30:19.650, 76.37 W
2025/02/16 21:30:19.660, 76.46 W
2025/02/16 21:30:19.670, 76.46 W
2025/02/16 21:30:19.680, 76.46 W
2025/02/16 21:30:19.690, 76.46 W
2025/02/16 21:30:19.700, 76.46 W
2025/02/16 21:30:19.710, 76.46 W
2025/02/16 21:30:19.720, 76.46 W
2025/02/16 21:30:19.730, 76.46 W
2025/02/16 21:30:19.740, 76.46 W
2025/02/16 21:30:19.750, 76.46 W
2025/02/16 21:30:19.760, 76.66 W
2025/02/16 21:30:19.770, 76.66 W
2025/02/16 21:30:19.780, 76.66 W
2025/02/16 21:30:19.791, 76.66 W
2025/02/16 21:30:19.801, 76.66 W
2025/02/16 21:30:19.811, 76.66 W
2025/02/16 21:30:19.821, 76.66 W
2025/02/16 21:30:19.831, 76.66 W
2025/02/16 21:30:19.846, 76.66 W
2025/02/16 21:30:19.856, 76.66 W
2025/02/16 21:30:19.866, 76.66 W
2025/02/16 21:30:19.876, 76.66 W
2025/02/16 21:30:19.886, 76.66 W
2025/02/16 21:30:19.896, 76.66 W
2025/02/16 21:30:19.906, 76.66 W
2025/02/16 21:30:19.916, 76.66 W
2025/02/16 21:30:19.926, 76.66 W
2025/02/16 21:30:19.936, 76.66 W
2025/02/16 21:30:19.946, 76.66 W
2025/02/16 21:30:19.957, 76.66 W
2025/02/16 21:30:19.967, 77.20 W
2025/02/16 21:30:19.977, 77.20 W
2025/02/16 21:30:19.987, 77.20 W
2025/02/16 21:30:19.997, 77.20 W
2025/02/16 21:30:20.007, 77.20 W
2025/02/16 21:30:20.017, 77.20 W
2025/02/16 21:30:20.027, 77.20 W
2025/02/16 21:30:20.037, 77.20 W
2025/02/16 21:30:20.047, 77.20 W
2025/02/16 21:30:20.057, 77.20 W
2025/02/16 21:30:20.067, 77.20 W
2025/02/16 21:30:20.077, 77.20 W
2025/02/16 21:30:20.087, 77.20 W
2025/02/16 21:30:20.097, 76.66 W
2025/02/16 21:30:20.108, 76.66 W
2025/02/16 21:30:20.118, 76.66 W
2025/02/16 21:30:20.128, 76.66 W
2025/02/16 21:30:20.138, 76.66 W
2025/02/16 21:30:20.148, 76.66 W
2025/02/16 21:30:20.158, 76.66 W
2025/02/16 21:30:20.168, 76.66 W
2025/02/16 21:30:20.178, 76.75 W
2025/02/16 21:30:20.188, 76.75 W
2025/02/16 21:30:20.198, 76.75 W
2025/02/16 21:30:20.208, 76.75 W
2025/02/16 21:30:20.218, 76.75 W
2025/02/16 21:30:20.228, 76.75 W
2025/02/16 21:30:20.238, 76.75 W
2025/02/16 21:30:20.248, 76.75 W
2025/02/16 21:30:20.259, 76.75 W
2025/02/16 21:30:20.269, 76.75 W
2025/02/16 21:30:20.279, 76.75 W
2025/02/16 21:30:20.289, 76.75 W
2025/02/16 21:30:20.299, 76.91 W
2025/02/16 21:30:20.309, 76.91 W
2025/02/16 21:30:20.319, 76.91 W
2025/02/16 21:30:20.329, 76.91 W
2025/02/16 21:30:20.339, 76.91 W
2025/02/16 21:30:20.349, 76.91 W
2025/02/16 21:30:20.359, 76.91 W
2025/02/16 21:30:20.370, 76.91 W
2025/02/16 21:30:20.380, 76.84 W
2025/02/16 21:30:20.390, 76.84 W
2025/02/16 21:30:20.400, 76.84 W
2025/02/16 21:30:20.410, 76.84 W
2025/02/16 21:30:20.420, 76.84 W
2025/02/16 21:30:20.430, 76.84 W
2025/02/16 21:30:20.440, 76.84 W
2025/02/16 21:30:20.450, 76.84 W
2025/02/16 21:30:20.460, 76.84 W
2025/02/16 21:30:20.470, 76.84 W
2025/02/16 21:30:20.480, 76.84 W
2025/02/16 21:30:20.490, 76.84 W
2025/02/16 21:30:20.501, 76.66 W
2025/02/16 21:30:20.511, 76.66 W
2025/02/16 21:30:20.521, 76.66 W
2025/02/16 21:30:20.531, 76.66 W
2025/02/16 21:30:20.541, 76.66 W
2025/02/16 21:30:20.551, 76.66 W
2025/02/16 21:30:20.561, 76.66 W
2025/02/16 21:30:20.571, 76.66 W
2025/02/16 21:30:20.581, 76.66 W
2025/02/16 21:30:20.591, 76.66 W
2025/02/16 21:30:20.601, 76.75 W
2025/02/16 21:30:20.611, 76.75 W
2025/02/16 21:30:20.621, 76.75 W
2025/02/16 21:30:20.631, 76.75 W
2025/02/16 21:30:20.642, 76.75 W
2025/02/16 21:30:20.652, 76.75 W
2025/02/16 21:30:20.662, 76.75 W
2025/02/16 21:30:20.672, 76.75 W
2025/02/16 21:30:20.682, 76.75 W
2025/02/16 21:30:20.692, 76.91 W
2025/02/16 21:30:20.702, 76.91 W
2025/02/16 21:30:20.712, 76.91 W
2025/02/16 21:30:20.722, 76.91 W
2025/02/16 21:30:20.732, 76.91 W
2025/02/16 21:30:20.742, 76.91 W
2025/02/16 21:30:20.752, 76.91 W
2025/02/16 21:30:20.762, 76.91 W
2025/02/16 21:30:20.772, 76.91 W
2025/02/16 21:30:20.783, 76.91 W
2025/02/16 21:30:20.793, 76.66 W
2025/02/16 21:30:20.803, 76.66 W
2025/02/16 21:30:20.813, 76.66 W
2025/02/16 21:30:20.823, 76.66 W
2025/02/16 21:30:20.833, 76.66 W
2025/02/16 21:30:20.843, 76.66 W
2025/02/16 21:30:20.853, 76.66 W
2025/02/16 21:30:20.863, 76.66 W
2025/02/16 21:30:20.873, 76.66 W
2025/02/16 21:30:20.883, 76.66 W
2025/02/16 21:30:20.893, 76.66 W
2025/02/16 21:30:20.903, 76.66 W
2025/02/16 21:30:20.914, 76.66 W
2025/02/16 21:30:20.924, 76.66 W
2025/02/16 21:30:20.934, 76.66 W
2025/02/16 21:30:20.944, 76.66 W
2025/02/16 21:30:20.954, 76.66 W
2025/02/16 21:30:20.964, 76.66 W
2025/02/16 21:30:20.974, 76.66 W
2025/02/16 21:30:20.984, 76.66 W
2025/02/16 21:30:20.994, 77.49 W
2025/02/16 21:30:21.004, 77.49 W
2025/02/16 21:30:21.014, 77.49 W
2025/02/16 21:30:21.024, 77.49 W
2025/02/16 21:30:21.034, 77.49 W
2025/02/16 21:30:21.044, 77.49 W
2025/02/16 21:30:21.055, 77.49 W
2025/02/16 21:30:21.065, 77.49 W
2025/02/16 21:30:21.075, 77.49 W
2025/02/16 21:30:21.085, 77.49 W
2025/02/16 21:30:21.095, 77.49 W
2025/02/16 21:30:21.105, 77.49 W
2025/02/16 21:30:21.115, 76.66 W
2025/02/16 21:30:21.125, 76.66 W
2025/02/16 21:30:21.135, 76.66 W
2025/02/16 21:30:21.145, 76.66 W
2025/02/16 21:30:21.155, 76.66 W
2025/02/16 21:30:21.165, 76.66 W
2025/02/16 21:30:21.175, 76.66 W
2025/02/16 21:30:21.186, 76.66 W
2025/02/16 21:30:21.196, 76.66 W
2025/02/16 21:30:21.206, 76.66 W
2025/02/16 21:30:21.216, 76.66 W
2025/02/16 21:30:21.226, 76.66 W
2025/02/16 21:30:21.236, 76.66 W
2025/02/16 21:30:21.246, 76.66 W
2025/02/16 21:30:21.256, 76.66 W
2025/02/16 21:30:21.266, 76.66 W
2025/02/16 21:30:21.276, 76.66 W
2025/02/16 21:30:21.286, 76.66 W
2025/02/16 21:30:21.296, 76.66 W
2025/02/16 21:30:21.306, 76.66 W
2025/02/16 21:30:21.316, 76.66 W
2025/02/16 21:30:21.327, 77.00 W
2025/02/16 21:30:21.337, 77.00 W
2025/02/16 21:30:21.347, 77.00 W
2025/02/16 21:30:21.357, 77.00 W
2025/02/16 21:30:21.367, 77.00 W
2025/02/16 21:30:21.377, 77.00 W
2025/02/16 21:30:21.387, 77.00 W
2025/02/16 21:30:21.397, 77.00 W
2025/02/16 21:30:21.407, 77.00 W
2025/02/16 21:30:21.417, 77.00 W
2025/02/16 21:30:21.427, 77.00 W
2025/02/16 21:30:21.437, 77.00 W
2025/02/16 21:30:21.447, 77.00 W
2025/02/16 21:30:21.457, 77.00 W
2025/02/16 21:30:21.468, 77.00 W
2025/02/16 21:30:21.478, 77.00 W
2025/02/16 21:30:21.488, 77.00 W
2025/02/16 21:30:21.498, 77.00 W
2025/02/16 21:30:21.508, 77.00 W
2025/02/16 21:30:21.518, 76.66 W
2025/02/16 21:30:21.528, 76.66 W
2025/02/16 21:30:21.538, 76.66 W
2025/02/16 21:30:21.548, 76.66 W
2025/02/16 21:30:21.558, 76.66 W
2025/02/16 21:30:21.568, 76.66 W
2025/02/16 21:30:21.578, 76.66 W
2025/02/16 21:30:21.588, 76.66 W
2025/02/16 21:30:21.598, 76.66 W
2025/02/16 21:30:21.609, 77.58 W
2025/02/16 21:30:21.619, 77.58 W
2025/02/16 21:30:21.629, 77.58 W
2025/02/16 21:30:21.639, 77.58 W
2025/02/16 21:30:21.649, 77.58 W
2025/02/16 21:30:21.659, 77.58 W
2025/02/16 21:30:21.669, 77.58 W
2025/02/16 21:30:21.679, 77.58 W
2025/02/16 21:30:21.689, 77.58 W
2025/02/16 21:30:21.699, 77.58 W
2025/02/16 21:30:21.709, 77.58 W
2025/02/16 21:30:21.719, 77.58 W
2025/02/16 21:30:21.729, 76.66 W
2025/02/16 21:30:21.739, 76.66 W
2025/02/16 21:30:21.749, 76.66 W
2025/02/16 21:30:21.760, 76.66 W
2025/02/16 21:30:21.770, 76.66 W
2025/02/16 21:30:21.780, 76.66 W
2025/02/16 21:30:21.790, 76.66 W
2025/02/16 21:30:21.800, 76.66 W
2025/02/16 21:30:21.810, 76.66 W
2025/02/16 21:30:21.820, 76.66 W
2025/02/16 21:30:21.830, 76.66 W
2025/02/16 21:30:21.840, 76.66 W
2025/02/16 21:30:21.850, 76.66 W
2025/02/16 21:30:21.860, 76.66 W
2025/02/16 21:30:21.870, 76.66 W
2025/02/16 21:30:21.880, 76.66 W
2025/02/16 21:30:21.890, 76.66 W
2025/02/16 21:30:21.900, 76.66 W
2025/02/16 21:30:21.911, 76.66 W
2025/02/16 21:30:21.921, 76.66 W
2025/02/16 21:30:21.931, 76.66 W
2025/02/16 21:30:21.941, 76.91 W
2025/02/16 21:30:21.951, 76.91 W
2025/02/16 21:30:21.961, 76.91 W
2025/02/16 21:30:21.971, 76.91 W
2025/02/16 21:30:21.981, 76.91 W
2025/02/16 21:30:21.991, 76.91 W
2025/02/16 21:30:22.001, 76.91 W
2025/02/16 21:30:22.011, 76.91 W
2025/02/16 21:30:22.021, 76.91 W
2025/02/16 21:30:22.031, 76.91 W
2025/02/16 21:30:22.041, 76.91 W
2025/02/16 21:30:22.051, 76.91 W
2025/02/16 21:30:22.062, 76.91 W
2025/02/16 21:30:22.072, 76.91 W
2025/02/16 21:30:22.082, 76.91 W
2025/02/16 21:30:22.092, 76.91 W
2025/02/16 21:30:22.102, 76.91 W
2025/02/16 21:30:22.112, 76.91 W
2025/02/16 21:30:22.122, 76.91 W
2025/02/16 21:30:22.132, 76.91 W
2025/02/16 21:30:22.142, 76.37 W
2025/02/16 21:30:22.152, 76.37 W
2025/02/16 21:30:22.162, 76.37 W
2025/02/16 21:30:22.172, 76.37 W
2025/02/16 21:30:22.182, 76.37 W
2025/02/16 21:30:22.192, 76.37 W
2025/02/16 21:30:22.202, 76.37 W
2025/02/16 21:30:22.212, 76.37 W
2025/02/16 21:30:22.223, 77.00 W
2025/02/16 21:30:22.233, 77.00 W
2025/02/16 21:30:22.243, 77.00 W
2025/02/16 21:30:22.253, 77.00 W
2025/02/16 21:30:22.263, 77.00 W
2025/02/16 21:30:22.273, 77.00 W
2025/02/16 21:30:22.283, 77.00 W
2025/02/16 21:30:22.293, 77.00 W
2025/02/16 21:30:22.303, 77.00 W
2025/02/16 21:30:22.313, 77.00 W
2025/02/16 21:30:22.323, 77.00 W
2025/02/16 21:30:22.333, 77.00 W
2025/02/16 21:30:22.343, 76.66 W
2025/02/16 21:30:22.353, 76.66 W
2025/02/16 21:30:22.363, 76.66 W
2025/02/16 21:30:22.374, 76.66 W
2025/02/16 21:30:22.384, 76.66 W
2025/02/16 21:30:22.394, 76.66 W
2025/02/16 21:30:22.404, 76.66 W
2025/02/16 21:30:22.414, 76.66 W
2025/02/16 21:30:22.424, 76.66 W
2025/02/16 21:30:22.434, 76.66 W
2025/02/16 21:30:22.444, 76.66 W
2025/02/16 21:30:22.454, 76.66 W
2025/02/16 21:30:22.464, 76.66 W
2025/02/16 21:30:22.474, 76.66 W
2025/02/16 21:30:22.484, 76.66 W
2025/02/16 21:30:22.494, 76.66 W
2025/02/16 21:30:22.504, 76.66 W
2025/02/16 21:30:22.514, 76.66 W
2025/02/16 21:30:22.525, 76.66 W
2025/02/16 21:30:22.535, 77.00 W
2025/02/16 21:30:22.545, 77.00 W
2025/02/16 21:30:22.555, 77.00 W
2025/02/16 21:30:22.565, 77.00 W
2025/02/16 21:30:22.575, 77.00 W
2025/02/16 21:30:22.585, 77.00 W
2025/02/16 21:30:22.595, 77.00 W
2025/02/16 21:30:22.605, 77.00 W
2025/02/16 21:30:22.615, 77.00 W
2025/02/16 21:30:22.625, 77.00 W
2025/02/16 21:30:22.635, 76.93 W
2025/02/16 21:30:22.645, 76.93 W
2025/02/16 21:30:22.655, 76.93 W
2025/02/16 21:30:22.665, 76.93 W
2025/02/16 21:30:22.676, 76.93 W
2025/02/16 21:30:22.686, 76.93 W
2025/02/16 21:30:22.696, 76.93 W
2025/02/16 21:30:22.706, 76.93 W
2025/02/16 21:30:22.716, 76.93 W
2025/02/16 21:30:22.726, 76.93 W
2025/02/16 21:30:22.736, 76.93 W
2025/02/16 21:30:22.746, 76.93 W
2025/02/16 21:30:22.756, 76.64 W
2025/02/16 21:30:22.766, 76.64 W
2025/02/16 21:30:22.776, 76.64 W
2025/02/16 21:30:22.786, 76.64 W
2025/02/16 21:30:22.796, 76.64 W
2025/02/16 21:30:22.806, 76.64 W
2025/02/16 21:30:22.816, 76.64 W
2025/02/16 21:30:22.826, 76.64 W
2025/02/16 21:30:22.837, 77.18 W
2025/02/16 21:30:22.847, 77.18 W
2025/02/16 21:30:22.857, 77.18 W
2025/02/16 21:30:22.867, 77.18 W
2025/02/16 21:30:22.877, 77.18 W
2025/02/16 21:30:22.887, 77.18 W
2025/02/16 21:30:22.897, 77.18 W
2025/02/16 21:30:22.907, 77.18 W
2025/02/16 21:30:22.917, 77.18 W
2025/02/16 21:30:22.927, 77.18 W
2025/02/16 21:30:22.937, 77.18 W
2025/02/16 21:30:22.947, 77.18 W
2025/02/16 21:30:22.957, 76.93 W
2025/02/16 21:30:22.967, 76.93 W
2025/02/16 21:30:22.977, 76.93 W
2025/02/16 21:30:22.988, 76.93 W
2025/02/16 21:30:22.998, 76.93 W
2025/02/16 21:30:23.008, 76.93 W
2025/02/16 21:30:23.018, 76.93 W
2025/02/16 21:30:23.028, 76.93 W
2025/02/16 21:30:23.038, 76.93 W
2025/02/16 21:30:23.048, 76.64 W
2025/02/16 21:30:23.058, 76.64 W
2025/02/16 21:30:23.068, 76.64 W
2025/02/16 21:30:23.078, 76.64 W
2025/02/16 21:30:23.088, 76.64 W
2025/02/16 21:30:23.098, 76.64 W
2025/02/16 21:30:23.108, 76.64 W
2025/02/16 21:30:23.118, 76.64 W
2025/02/16 21:30:23.128, 76.64 W
2025/02/16 21:30:23.139, 76.64 W
2025/02/16 21:30:23.149, 76.64 W
2025/02/16 21:30:23.159, 76.64 W
2025/02/16 21:30:23.169, 77.18 W
2025/02/16 21:30:23.179, 77.18 W
2025/02/16 21:30:23.189, 77.18 W
2025/02/16 21:30:23.199, 77.18 W
2025/02/16 21:30:23.209, 77.18 W
2025/02/16 21:30:23.219, 77.18 W
2025/02/16 21:30:23.229, 77.18 W
2025/02/16 21:30:23.239, 77.18 W
2025/02/16 21:30:23.249, 76.93 W
2025/02/16 21:30:23.259, 76.93 W
2025/02/16 21:30:23.269, 76.93 W
2025/02/16 21:30:23.279, 76.93 W
2025/02/16 21:30:23.290, 76.93 W
2025/02/16 21:30:23.300, 76.93 W
2025/02/16 21:30:23.310, 76.93 W
2025/02/16 21:30:23.320, 76.93 W
2025/02/16 21:30:23.330, 76.93 W
2025/02/16 21:30:23.340, 76.93 W
2025/02/16 21:30:23.350, 76.93 W
2025/02/16 21:30:23.360, 76.93 W
2025/02/16 21:30:23.370, 76.64 W
2025/02/16 21:30:23.380, 76.64 W
2025/02/16 21:30:23.390, 76.64 W
2025/02/16 21:30:23.400, 76.64 W
2025/02/16 21:30:23.410, 76.64 W
2025/02/16 21:30:23.420, 76.64 W
2025/02/16 21:30:23.430, 76.64 W
2025/02/16 21:30:23.441, 76.64 W
2025/02/16 21:30:23.451, 76.93 W
2025/02/16 21:30:23.461, 76.93 W
2025/02/16 21:30:23.471, 76.93 W
2025/02/16 21:30:23.481, 76.93 W
2025/02/16 21:30:23.491, 76.93 W
2025/02/16 21:30:23.501, 76.93 W
2025/02/16 21:30:23.511, 76.93 W
2025/02/16 21:30:23.521, 76.93 W
2025/02/16 21:30:23.531, 76.93 W
2025/02/16 21:30:23.541, 76.93 W
2025/02/16 21:30:23.551, 76.93 W
2025/02/16 21:30:23.561, 76.93 W
2025/02/16 21:30:23.571, 76.93 W
2025/02/16 21:30:23.581, 76.93 W
2025/02/16 21:30:23.592, 76.93 W
2025/02/16 21:30:23.602, 76.93 W
2025/02/16 21:30:23.612, 76.93 W
2025/02/16 21:30:23.622, 76.93 W
2025/02/16 21:30:23.632, 76.93 W
2025/02/16 21:30:23.642, 76.93 W
2025/02/16 21:30:23.652, 76.93 W
2025/02/16 21:30:23.662, 76.93 W
2025/02/16 21:30:23.672, 76.93 W
2025/02/16 21:30:23.682, 76.93 W
2025/02/16 21:30:23.692, 76.93 W
2025/02/16 21:30:23.702, 76.93 W
2025/02/16 21:30:23.712, 76.93 W
2025/02/16 21:30:23.722, 76.93 W
2025/02/16 21:30:23.732, 76.93 W
2025/02/16 21:30:23.742, 76.93 W
2025/02/16 21:30:23.753, 76.93 W
2025/02/16 21:30:23.763, 76.93 W
2025/02/16 21:30:23.773, 76.93 W
2025/02/16 21:30:23.783, 77.47 W
2025/02/16 21:30:23.793, 77.47 W
2025/02/16 21:30:23.803, 77.47 W
2025/02/16 21:30:23.813, 77.47 W
2025/02/16 21:30:23.823, 77.47 W
2025/02/16 21:30:23.833, 77.47 W
2025/02/16 21:30:23.843, 77.47 W
2025/02/16 21:30:23.853, 77.47 W
2025/02/16 21:30:23.863, 76.93 W
2025/02/16 21:30:23.873, 76.93 W
2025/02/16 21:30:23.883, 76.93 W
2025/02/16 21:30:23.893, 76.93 W
2025/02/16 21:30:23.904, 76.93 W
2025/02/16 21:30:23.914, 76.93 W
2025/02/16 21:30:23.924, 76.93 W
2025/02/16 21:30:23.934, 76.93 W
2025/02/16 21:30:23.944, 76.93 W
2025/02/16 21:30:23.954, 76.93 W
2025/02/16 21:30:23.964, 76.93 W
2025/02/16 21:30:23.974, 76.93 W
2025/02/16 21:30:23.984, 76.93 W
2025/02/16 21:30:23.994, 76.93 W
2025/02/16 21:30:24.004, 76.93 W
2025/02/16 21:30:24.014, 76.93 W
2025/02/16 21:30:24.024, 76.93 W
2025/02/16 21:30:24.034, 76.93 W
2025/02/16 21:30:24.044, 76.93 W
2025/02/16 21:30:24.055, 76.93 W
2025/02/16 21:30:24.065, 77.47 W
2025/02/16 21:30:24.075, 77.47 W
2025/02/16 21:30:24.085, 77.47 W
2025/02/16 21:30:24.095, 77.47 W
2025/02/16 21:30:24.105, 77.47 W
2025/02/16 21:30:24.115, 77.47 W
2025/02/16 21:30:24.125, 77.47 W
2025/02/16 21:30:24.135, 77.47 W
2025/02/16 21:30:24.145, 77.47 W
2025/02/16 21:30:24.155, 77.47 W
2025/02/16 21:30:24.165, 77.47 W
2025/02/16 21:30:24.175, 77.47 W
2025/02/16 21:30:24.185, 76.84 W
2025/02/16 21:30:24.195, 76.84 W
2025/02/16 21:30:24.206, 76.84 W
2025/02/16 21:30:24.216, 76.84 W
2025/02/16 21:30:24.226, 76.84 W
2025/02/16 21:30:24.236, 76.84 W
2025/02/16 21:30:24.246, 76.84 W
2025/02/16 21:30:24.256, 76.84 W
2025/02/16 21:30:24.266, 76.84 W
2025/02/16 21:30:24.276, 76.93 W
2025/02/16 21:30:24.286, 76.93 W
2025/02/16 21:30:24.296, 76.93 W
2025/02/16 21:30:24.306, 76.93 W
2025/02/16 21:30:24.316, 76.93 W
2025/02/16 21:30:24.326, 76.93 W
2025/02/16 21:30:24.336, 76.93 W
2025/02/16 21:30:24.346, 76.93 W
2025/02/16 21:30:24.357, 76.93 W
2025/02/16 21:30:24.367, 76.93 W
2025/02/16 21:30:24.377, 76.93 W
2025/02/16 21:30:24.387, 76.93 W
2025/02/16 21:30:24.397, 77.47 W
2025/02/16 21:30:24.407, 77.47 W
2025/02/16 21:30:24.417, 77.47 W
2025/02/16 21:30:24.427, 77.47 W
2025/02/16 21:30:24.437, 77.47 W
2025/02/16 21:30:24.447, 77.47 W
2025/02/16 21:30:24.457, 77.47 W
2025/02/16 21:30:24.467, 77.47 W
2025/02/16 21:30:24.477, 77.18 W
2025/02/16 21:30:24.487, 77.18 W
2025/02/16 21:30:24.497, 77.18 W
2025/02/16 21:30:24.508, 77.18 W
2025/02/16 21:30:24.518, 77.18 W
2025/02/16 21:30:24.528, 77.18 W
2025/02/16 21:30:24.538, 77.18 W
2025/02/16 21:30:24.548, 77.18 W
2025/02/16 21:30:24.558, 77.18 W
2025/02/16 21:30:24.568, 77.18 W
2025/02/16 21:30:24.578, 77.18 W
2025/02/16 21:30:24.588, 77.18 W
2025/02/16 21:30:24.598, 76.93 W
2025/02/16 21:30:24.608, 76.93 W
2025/02/16 21:30:24.618, 76.93 W
2025/02/16 21:30:24.628, 76.93 W
2025/02/16 21:30:24.638, 76.93 W
2025/02/16 21:30:24.648, 76.93 W
2025/02/16 21:30:24.659, 76.93 W
2025/02/16 21:30:24.669, 76.93 W
2025/02/16 21:30:24.679, 77.47 W
2025/02/16 21:30:24.689, 77.47 W
2025/02/16 21:30:24.699, 77.47 W
2025/02/16 21:30:24.709, 77.47 W
2025/02/16 21:30:24.719, 77.47 W
2025/02/16 21:30:24.729, 77.47 W
2025/02/16 21:30:24.739, 77.47 W
2025/02/16 21:30:24.749, 77.47 W
2025/02/16 21:30:24.759, 77.47 W
2025/02/16 21:30:24.769, 77.47 W
2025/02/16 21:30:24.779, 77.47 W
2025/02/16 21:30:24.789, 77.47 W
2025/02/16 21:30:24.799, 76.93 W
2025/02/16 21:30:24.809, 76.93 W
2025/02/16 21:30:24.820, 76.93 W
2025/02/16 21:30:24.830, 76.93 W
2025/02/16 21:30:24.840, 76.93 W
2025/02/16 21:30:24.850, 76.93 W
2025/02/16 21:30:24.860, 76.93 W
2025/02/16 21:30:24.870, 76.93 W
2025/02/16 21:30:24.880, 76.93 W
2025/02/16 21:30:24.890, 76.93 W
2025/02/16 21:30:24.900, 76.93 W
2025/02/16 21:30:24.910, 76.93 W
2025/02/16 21:30:24.920, 76.93 W
2025/02/16 21:30:24.930, 76.93 W
2025/02/16 21:30:24.940, 76.93 W
2025/02/16 21:30:24.950, 76.93 W
2025/02/16 21:30:24.960, 76.93 W
2025/02/16 21:30:24.971, 76.93 W
2025/02/16 21:30:24.981, 76.93 W
2025/02/16 21:30:24.991, 76.93 W
2025/02/16 21:30:25.001, 76.93 W
2025/02/16 21:30:25.011, 77.18 W
2025/02/16 21:30:25.021, 77.18 W
2025/02/16 21:30:25.031, 77.18 W
2025/02/16 21:30:25.041, 77.18 W
2025/02/16 21:30:25.051, 77.18 W
2025/02/16 21:30:25.061, 77.18 W
2025/02/16 21:30:25.071, 77.18 W
2025/02/16 21:30:25.081, 77.18 W
2025/02/16 21:30:25.091, 77.18 W
2025/02/16 21:30:25.101, 77.18 W
2025/02/16 21:30:25.111, 77.18 W
2025/02/16 21:30:25.122, 77.18 W
2025/02/16 21:30:25.132, 77.18 W
2025/02/16 21:30:25.142, 77.18 W
2025/02/16 21:30:25.152, 77.18 W
2025/02/16 21:30:25.162, 77.18 W
2025/02/16 21:30:25.172, 77.18 W
2025/02/16 21:30:25.182, 77.18 W
2025/02/16 21:30:25.192, 77.18 W
2025/02/16 21:30:25.202, 77.18 W
2025/02/16 21:30:25.212, 76.93 W
2025/02/16 21:30:25.222, 76.93 W
2025/02/16 21:30:25.232, 76.93 W
2025/02/16 21:30:25.242, 76.93 W
2025/02/16 21:30:25.252, 76.93 W
2025/02/16 21:30:25.262, 76.93 W
2025/02/16 21:30:25.273, 76.93 W
2025/02/16 21:30:25.283, 76.93 W
2025/02/16 21:30:25.293, 76.93 W
2025/02/16 21:30:25.303, 76.93 W
2025/02/16 21:30:25.313, 76.93 W
2025/02/16 21:30:25.323, 76.93 W
2025/02/16 21:30:25.333, 76.93 W
2025/02/16 21:30:25.343, 76.93 W
2025/02/16 21:30:25.353, 76.93 W
2025/02/16 21:30:25.363, 76.93 W
2025/02/16 21:30:25.373, 76.93 W
2025/02/16 21:30:25.383, 76.93 W
2025/02/16 21:30:25.393, 76.93 W
2025/02/16 21:30:25.403, 76.93 W
2025/02/16 21:30:25.413, 76.93 W
2025/02/16 21:30:25.424, 77.18 W
2025/02/16 21:30:25.434, 77.18 W
2025/02/16 21:30:25.444, 77.18 W
2025/02/16 21:30:25.454, 77.18 W
2025/02/16 21:30:25.464, 77.18 W
2025/02/16 21:30:25.474, 77.18 W
2025/02/16 21:30:25.484, 77.18 W
2025/02/16 21:30:25.494, 77.18 W
2025/02/16 21:30:25.504, 76.93 W
2025/02/16 21:30:25.514, 76.93 W
2025/02/16 21:30:25.524, 76.93 W
2025/02/16 21:30:25.534, 76.93 W
2025/02/16 21:30:25.544, 76.93 W
2025/02/16 21:30:25.554, 76.93 W
2025/02/16 21:30:25.564, 76.93 W
2025/02/16 21:30:25.575, 76.93 W
2025/02/16 21:30:25.585, 76.93 W
2025/02/16 21:30:25.595, 76.93 W
2025/02/16 21:30:25.605, 76.64 W
2025/02/16 21:30:25.615, 76.64 W
2025/02/16 21:30:25.625, 76.64 W
2025/02/16 21:30:25.635, 76.64 W
2025/02/16 21:30:25.645, 76.64 W
2025/02/16 21:30:25.655, 76.64 W
2025/02/16 21:30:25.665, 76.64 W
2025/02/16 21:30:25.675, 76.64 W
2025/02/16 21:30:25.685, 76.64 W
2025/02/16 21:30:25.695, 76.64 W
2025/02/16 21:30:25.705, 77.18 W
2025/02/16 21:30:25.715, 77.18 W
2025/02/16 21:30:25.726, 77.18 W
2025/02/16 21:30:25.736, 77.18 W
2025/02/16 21:30:25.746, 77.18 W
2025/02/16 21:30:25.756, 77.18 W
2025/02/16 21:30:25.766, 77.18 W
2025/02/16 21:30:25.776, 77.18 W
2025/02/16 21:30:25.786, 77.18 W
2025/02/16 21:30:25.796, 77.18 W
2025/02/16 21:30:25.806, 77.18 W
2025/02/16 21:30:25.816, 77.18 W
2025/02/16 21:30:25.826, 76.93 W
2025/02/16 21:30:25.836, 76.93 W
2025/02/16 21:30:25.846, 76.93 W
2025/02/16 21:30:25.856, 76.93 W
2025/02/16 21:30:25.866, 76.93 W
2025/02/16 21:30:25.877, 76.93 W
2025/02/16 21:30:25.887, 76.93 W
2025/02/16 21:30:25.897, 76.93 W
2025/02/16 21:30:25.907, 76.93 W
2025/02/16 21:30:25.917, 76.93 W
2025/02/16 21:30:25.927, 76.93 W
2025/02/16 21:30:25.937, 76.93 W
2025/02/16 21:30:25.947, 76.93 W
2025/02/16 21:30:25.957, 76.93 W
2025/02/16 21:30:25.967, 76.93 W
2025/02/16 21:30:25.977, 76.93 W
2025/02/16 21:30:25.987, 76.93 W
2025/02/16 21:30:25.997, 76.93 W
2025/02/16 21:30:26.007, 76.93 W
2025/02/16 21:30:26.017, 76.93 W
2025/02/16 21:30:26.027, 76.93 W
2025/02/16 21:30:26.038, 77.00 W
2025/02/16 21:30:26.048, 77.00 W
2025/02/16 21:30:26.058, 77.00 W
2025/02/16 21:30:26.068, 77.00 W
2025/02/16 21:30:26.078, 77.00 W
2025/02/16 21:30:26.088, 77.00 W
2025/02/16 21:30:26.098, 77.00 W
2025/02/16 21:30:26.108, 77.00 W
2025/02/16 21:30:26.118, 77.00 W
2025/02/16 21:30:26.128, 77.00 W
2025/02/16 21:30:26.138, 77.00 W
2025/02/16 21:30:26.148, 77.00 W
2025/02/16 21:30:26.158, 77.00 W
2025/02/16 21:30:26.168, 77.00 W
2025/02/16 21:30:26.178, 77.00 W
2025/02/16 21:30:26.189, 77.00 W
2025/02/16 21:30:26.199, 77.00 W
2025/02/16 21:30:26.209, 77.00 W
2025/02/16 21:30:26.219, 77.00 W
2025/02/16 21:30:26.229, 77.00 W
2025/02/16 21:30:26.239, 76.75 W
2025/02/16 21:30:26.249, 76.75 W
2025/02/16 21:30:26.259, 76.75 W
2025/02/16 21:30:26.269, 76.75 W
2025/02/16 21:30:26.279, 76.75 W
2025/02/16 21:30:26.289, 76.75 W
2025/02/16 21:30:26.299, 76.75 W
2025/02/16 21:30:26.309, 76.75 W
2025/02/16 21:30:26.319, 77.58 W
2025/02/16 21:30:26.329, 77.58 W
2025/02/16 21:30:26.340, 77.58 W
2025/02/16 21:30:26.350, 77.58 W
2025/02/16 21:30:26.360, 77.58 W
2025/02/16 21:30:26.370, 77.58 W
2025/02/16 21:30:26.380, 77.58 W
2025/02/16 21:30:26.390, 77.58 W
2025/02/16 21:30:26.400, 77.58 W
2025/02/16 21:30:26.410, 77.58 W
2025/02/16 21:30:26.420, 77.58 W
2025/02/16 21:30:26.430, 77.58 W
2025/02/16 21:30:26.440, 76.75 W
2025/02/16 21:30:26.450, 76.75 W
2025/02/16 21:30:26.460, 76.75 W
2025/02/16 21:30:26.470, 76.75 W
2025/02/16 21:30:26.480, 76.75 W
2025/02/16 21:30:26.491, 76.75 W
2025/02/16 21:30:26.501, 76.75 W
2025/02/16 21:30:26.511, 76.75 W
2025/02/16 21:30:26.521, 76.75 W
2025/02/16 21:30:26.531, 76.75 W
2025/02/16 21:30:26.541, 76.75 W
2025/02/16 21:30:26.551, 77.00 W
2025/02/16 21:30:26.561, 77.00 W
2025/02/16 21:30:26.571, 77.00 W
2025/02/16 21:30:26.581, 77.00 W
2025/02/16 21:30:26.591, 77.00 W
2025/02/16 21:30:26.601, 77.00 W
2025/02/16 21:30:26.611, 77.00 W
2025/02/16 21:30:26.621, 77.00 W
2025/02/16 21:30:26.631, 77.00 W
2025/02/16 21:30:26.641, 77.00 W
2025/02/16 21:30:26.652, 77.00 W
2025/02/16 21:30:26.662, 77.00 W
2025/02/16 21:30:26.672, 77.00 W
2025/02/16 21:30:26.682, 77.00 W
2025/02/16 21:30:26.692, 77.00 W
2025/02/16 21:30:26.702, 77.00 W
2025/02/16 21:30:26.712, 77.00 W
2025/02/16 21:30:26.722, 77.00 W
2025/02/16 21:30:26.732, 76.91 W
2025/02/16 21:30:26.742, 76.91 W
2025/02/16 21:30:26.752, 76.91 W
2025/02/16 21:30:26.762, 76.91 W
2025/02/16 21:30:26.772, 76.91 W
2025/02/16 21:30:26.782, 76.91 W
2025/02/16 21:30:26.792, 76.91 W
2025/02/16 21:30:26.803, 76.91 W
2025/02/16 21:30:26.813, 76.91 W
2025/02/16 21:30:26.823, 76.91 W
2025/02/16 21:30:26.833, 76.91 W
2025/02/16 21:30:26.843, 76.91 W
2025/02/16 21:30:26.853, 77.29 W
2025/02/16 21:30:26.863, 77.29 W
2025/02/16 21:30:26.873, 77.29 W
2025/02/16 21:30:26.883, 77.29 W
2025/02/16 21:30:26.893, 77.29 W
2025/02/16 21:30:26.903, 77.29 W
2025/02/16 21:30:26.913, 77.29 W
2025/02/16 21:30:26.923, 77.29 W
2025/02/16 21:30:26.933, 77.29 W
2025/02/16 21:30:26.943, 77.29 W
2025/02/16 21:30:26.954, 77.29 W
2025/02/16 21:30:26.964, 77.29 W
2025/02/16 21:30:26.974, 77.29 W
2025/02/16 21:30:26.984, 77.29 W
2025/02/16 21:30:26.994, 77.29 W
2025/02/16 21:30:27.004, 77.29 W
2025/02/16 21:30:27.014, 77.29 W
2025/02/16 21:30:27.024, 77.29 W
2025/02/16 21:30:27.034, 77.29 W
2025/02/16 21:30:27.044, 77.29 W
2025/02/16 21:30:27.054, 76.66 W
2025/02/16 21:30:27.064, 76.66 W
2025/02/16 21:30:27.074, 76.66 W
2025/02/16 21:30:27.084, 76.66 W
2025/02/16 21:30:27.094, 76.66 W
2025/02/16 21:30:27.105, 76.66 W
2025/02/16 21:30:27.115, 76.66 W
2025/02/16 21:30:27.125, 76.66 W
2025/02/16 21:30:27.135, 76.66 W
2025/02/16 21:30:27.145, 76.66 W
2025/02/16 21:30:27.155, 76.66 W
2025/02/16 21:30:27.165, 76.66 W
2025/02/16 21:30:27.175, 76.66 W
2025/02/16 21:30:27.185, 76.66 W
2025/02/16 21:30:27.195, 76.66 W
2025/02/16 21:30:27.205, 76.66 W
2025/02/16 21:30:27.215, 76.66 W
2025/02/16 21:30:27.225, 76.66 W
2025/02/16 21:30:27.235, 76.66 W
2025/02/16 21:30:27.245, 76.66 W
2025/02/16 21:30:27.255, 76.66 W
2025/02/16 21:30:27.266, 76.75 W
2025/02/16 21:30:27.276, 76.75 W
2025/02/16 21:30:27.287, 76.75 W
2025/02/16 21:30:27.297, 76.75 W
2025/02/16 21:30:27.308, 76.75 W
2025/02/16 21:30:27.318, 76.75 W
2025/02/16 21:30:27.328, 76.75 W
2025/02/16 21:30:27.338, 76.75 W
2025/02/16 21:30:27.348, 76.75 W
2025/02/16 21:30:27.358, 76.75 W
2025/02/16 21:30:27.368, 76.75 W
2025/02/16 21:30:27.378, 76.75 W
2025/02/16 21:30:27.388, 76.75 W
2025/02/16 21:30:27.398, 76.75 W
2025/02/16 21:30:27.408, 76.75 W
2025/02/16 21:30:27.418, 76.75 W
2025/02/16 21:30:27.428, 76.75 W
2025/02/16 21:30:27.438, 76.75 W
2025/02/16 21:30:27.448, 76.75 W
2025/02/16 21:30:27.459, 76.75 W
2025/02/16 21:30:27.469, 76.75 W
2025/02/16 21:30:27.479, 76.75 W
2025/02/16 21:30:27.489, 76.75 W
2025/02/16 21:30:27.499, 76.75 W
2025/02/16 21:30:27.509, 76.75 W
2025/02/16 21:30:27.519, 76.75 W
2025/02/16 21:30:27.529, 76.75 W
2025/02/16 21:30:27.539, 76.75 W
2025/02/16 21:30:27.549, 76.75 W
2025/02/16 21:30:27.559, 76.75 W
2025/02/16 21:30:27.569, 76.75 W
2025/02/16 21:30:27.579, 76.75 W
2025/02/16 21:30:27.589, 76.75 W
2025/02/16 21:30:27.599, 76.75 W
2025/02/16 21:30:27.609, 76.75 W
2025/02/16 21:30:27.620, 76.75 W
2025/02/16 21:30:27.630, 76.75 W
2025/02/16 21:30:27.640, 76.75 W
2025/02/16 21:30:27.650, 76.46 W
2025/02/16 21:30:27.660, 76.46 W
2025/02/16 21:30:27.670, 76.46 W
2025/02/16 21:30:27.680, 76.46 W
2025/02/16 21:30:27.690, 76.46 W
2025/02/16 21:30:27.700, 76.46 W
2025/02/16 21:30:27.710, 76.46 W
2025/02/16 21:30:27.720, 76.46 W
2025/02/16 21:30:27.730, 76.46 W
2025/02/16 21:30:27.740, 76.46 W
2025/02/16 21:30:27.750, 76.75 W
2025/02/16 21:30:27.760, 76.75 W
2025/02/16 21:30:27.771, 76.75 W
2025/02/16 21:30:27.781, 76.75 W
2025/02/16 21:30:27.791, 76.75 W
2025/02/16 21:30:27.801, 76.75 W
2025/02/16 21:30:27.811, 76.75 W
2025/02/16 21:30:27.821, 76.75 W
2025/02/16 21:30:27.831, 76.75 W
2025/02/16 21:30:27.841, 76.75 W
2025/02/16 21:30:27.851, 76.75 W
2025/02/16 21:30:27.861, 76.75 W
2025/02/16 21:30:27.871, 76.55 W
2025/02/16 21:30:27.881, 76.55 W
2025/02/16 21:30:27.891, 76.55 W
2025/02/16 21:30:27.901, 76.55 W
2025/02/16 21:30:27.911, 76.55 W
2025/02/16 21:30:27.922, 76.55 W
2025/02/16 21:30:27.932, 76.55 W
2025/02/16 21:30:27.942, 76.55 W
2025/02/16 21:30:27.952, 76.55 W
2025/02/16 21:30:27.962, 76.46 W
2025/02/16 21:30:27.972, 76.46 W
2025/02/16 21:30:27.982, 76.46 W
2025/02/16 21:30:27.992, 76.46 W
2025/02/16 21:30:28.002, 76.46 W
2025/02/16 21:30:28.012, 76.46 W
2025/02/16 21:30:28.022, 76.46 W
2025/02/16 21:30:28.032, 76.46 W
2025/02/16 21:30:28.042, 76.46 W
2025/02/16 21:30:28.052, 76.46 W
2025/02/16 21:30:28.062, 76.46 W
2025/02/16 21:30:28.072, 76.46 W
2025/02/16 21:30:28.083, 76.66 W
2025/02/16 21:30:28.093, 76.66 W
2025/02/16 21:30:28.103, 76.66 W
2025/02/16 21:30:28.113, 76.66 W
2025/02/16 21:30:28.123, 76.66 W
2025/02/16 21:30:28.133, 76.66 W
2025/02/16 21:30:28.143, 76.66 W
2025/02/16 21:30:28.153, 76.66 W
2025/02/16 21:30:28.163, 76.46 W
2025/02/16 21:30:28.173, 76.46 W
2025/02/16 21:30:28.183, 76.46 W
2025/02/16 21:30:28.193, 76.46 W
2025/02/16 21:30:28.203, 76.46 W
2025/02/16 21:30:28.213, 76.46 W
2025/02/16 21:30:28.223, 76.46 W
2025/02/16 21:30:28.234, 76.46 W
2025/02/16 21:30:28.244, 76.46 W
2025/02/16 21:30:28.254, 76.46 W
2025/02/16 21:30:28.264, 76.46 W
2025/02/16 21:30:28.274, 76.46 W
2025/02/16 21:30:28.284, 76.37 W
2025/02/16 21:30:28.294, 76.37 W
2025/02/16 21:30:28.304, 76.37 W
2025/02/16 21:30:28.314, 76.37 W
2025/02/16 21:30:28.324, 76.37 W
2025/02/16 21:30:28.334, 76.37 W
2025/02/16 21:30:28.344, 76.37 W
2025/02/16 21:30:28.354, 76.37 W
2025/02/16 21:30:28.364, 76.91 W
2025/02/16 21:30:28.374, 76.91 W
2025/02/16 21:30:28.385, 76.91 W
2025/02/16 21:30:28.395, 76.91 W
2025/02/16 21:30:28.405, 76.91 W
2025/02/16 21:30:28.415, 76.91 W
2025/02/16 21:30:28.425, 76.91 W
2025/02/16 21:30:28.435, 76.91 W
2025/02/16 21:30:28.445, 76.91 W
2025/02/16 21:30:28.455, 76.91 W
2025/02/16 21:30:28.465, 76.91 W
2025/02/16 21:30:28.475, 76.91 W
2025/02/16 21:30:28.485, 76.91 W
2025/02/16 21:30:28.495, 76.75 W
2025/02/16 21:30:28.505, 76.75 W
2025/02/16 21:30:28.515, 76.75 W
2025/02/16 21:30:28.525, 76.75 W
2025/02/16 21:30:28.535, 76.75 W
2025/02/16 21:30:28.546, 76.75 W
2025/02/16 21:30:28.556, 76.75 W
2025/02/16 21:30:28.566, 76.75 W
2025/02/16 21:30:28.576, 76.75 W
2025/02/16 21:30:28.586, 76.75 W
2025/02/16 21:30:28.596, 76.46 W
2025/02/16 21:30:28.606, 76.46 W
2025/02/16 21:30:28.616, 76.46 W
2025/02/16 21:30:28.626, 76.46 W
2025/02/16 21:30:28.636, 76.46 W
2025/02/16 21:30:28.646, 76.46 W
2025/02/16 21:30:28.656, 76.46 W
2025/02/16 21:30:28.666, 76.46 W
2025/02/16 21:30:28.676, 76.37 W
2025/02/16 21:30:28.687, 76.37 W
2025/02/16 21:30:28.697, 76.37 W
2025/02/16 21:30:28.707, 76.37 W
2025/02/16 21:30:28.717, 76.37 W
2025/02/16 21:30:28.727, 76.37 W
2025/02/16 21:30:28.737, 76.37 W
2025/02/16 21:30:28.747, 76.37 W
2025/02/16 21:30:28.757, 76.37 W
2025/02/16 21:30:28.767, 76.37 W
2025/02/16 21:30:28.777, 76.37 W
2025/02/16 21:30:28.787, 76.37 W
2025/02/16 21:30:28.797, 76.37 W
2025/02/16 21:30:28.807, 76.37 W
2025/02/16 21:30:28.817, 76.37 W
2025/02/16 21:30:28.827, 76.37 W
2025/02/16 21:30:28.838, 76.37 W
2025/02/16 21:30:28.848, 76.37 W
2025/02/16 21:30:28.858, 76.37 W
2025/02/16 21:30:28.868, 76.37 W
2025/02/16 21:30:28.878, 76.37 W
2025/02/16 21:30:28.888, 76.37 W
2025/02/16 21:30:28.898, 76.46 W
2025/02/16 21:30:28.908, 76.46 W
2025/02/16 21:30:28.918, 76.46 W
2025/02/16 21:30:28.928, 76.46 W
2025/02/16 21:30:28.938, 76.46 W
2025/02/16 21:30:28.948, 76.46 W
2025/02/16 21:30:28.958, 76.46 W
2025/02/16 21:30:28.968, 76.46 W
2025/02/16 21:30:28.978, 76.46 W
2025/02/16 21:30:28.989, 76.46 W
2025/02/16 21:30:28.999, 76.46 W
2025/02/16 21:30:29.009, 76.46 W
2025/02/16 21:30:29.019, 76.46 W
2025/02/16 21:30:29.029, 76.46 W
2025/02/16 21:30:29.039, 76.46 W
2025/02/16 21:30:29.049, 76.46 W
2025/02/16 21:30:29.059, 76.46 W
2025/02/16 21:30:29.069, 76.46 W
2025/02/16 21:30:29.079, 76.37 W
2025/02/16 21:30:29.089, 76.37 W
2025/02/16 21:30:29.099, 76.37 W
2025/02/16 21:30:29.109, 76.37 W
2025/02/16 21:30:29.119, 76.37 W
2025/02/16 21:30:29.130, 76.37 W
2025/02/16 21:30:29.140, 76.37 W
2025/02/16 21:30:29.150, 76.37 W
2025/02/16 21:30:29.160, 76.37 W
2025/02/16 21:30:29.170, 76.37 W
2025/02/16 21:30:29.180, 76.75 W
2025/02/16 21:30:29.190, 76.75 W
2025/02/16 21:30:29.200, 76.75 W
2025/02/16 21:30:29.210, 76.75 W
2025/02/16 21:30:29.220, 76.75 W
2025/02/16 21:30:29.230, 76.75 W
2025/02/16 21:30:29.240, 76.75 W
2025/02/16 21:30:29.250, 76.75 W
2025/02/16 21:30:29.260, 76.75 W
2025/02/16 21:30:29.271, 76.75 W
2025/02/16 21:30:29.281, 76.75 W
2025/02/16 21:30:29.291, 79.62 W
2025/02/16 21:30:29.301, 79.62 W
2025/02/16 21:30:29.311, 79.62 W
2025/02/16 21:30:29.321, 79.62 W
2025/02/16 21:30:29.331, 79.62 W
2025/02/16 21:30:29.341, 79.62 W
2025/02/16 21:30:29.351, 79.62 W
2025/02/16 21:30:29.361, 79.62 W
2025/02/16 21:30:29.371, 79.62 W
2025/02/16 21:30:29.381, 79.62 W
2025/02/16 21:30:29.391, 76.37 W
2025/02/16 21:30:29.402, 76.37 W
2025/02/16 21:30:29.412, 76.37 W
2025/02/16 21:30:29.422, 76.37 W
2025/02/16 21:30:29.432, 76.37 W
2025/02/16 21:30:29.442, 76.37 W
2025/02/16 21:30:29.452, 76.37 W
2025/02/16 21:30:29.462, 76.37 W
2025/02/16 21:30:29.472, 76.37 W
2025/02/16 21:30:29.482, 76.37 W
2025/02/16 21:30:29.492, 76.37 W
2025/02/16 21:30:29.502, 76.37 W
2025/02/16 21:30:29.512, 76.46 W
2025/02/16 21:30:29.522, 76.46 W
2025/02/16 21:30:29.532, 76.46 W
2025/02/16 21:30:29.543, 76.46 W
2025/02/16 21:30:29.553, 76.46 W
2025/02/16 21:30:29.563, 76.46 W
2025/02/16 21:30:29.573, 76.46 W
2025/02/16 21:30:29.583, 76.46 W
2025/02/16 21:30:29.593, 76.46 W
2025/02/16 21:30:29.603, 76.46 W
2025/02/16 21:30:29.613, 76.37 W
2025/02/16 21:30:29.623, 76.37 W
2025/02/16 21:30:29.633, 76.37 W
2025/02/16 21:30:29.643, 76.37 W
2025/02/16 21:30:29.653, 76.37 W
2025/02/16 21:30:29.663, 76.37 W
2025/02/16 21:30:29.673, 76.37 W
2025/02/16 21:30:29.684, 76.37 W
2025/02/16 21:30:29.694, 76.37 W
2025/02/16 21:30:29.704, 76.37 W
2025/02/16 21:30:29.714, 76.37 W
2025/02/16 21:30:29.724, 76.37 W
2025/02/16 21:30:29.734, 76.37 W
2025/02/16 21:30:29.744, 76.37 W
2025/02/16 21:30:29.754, 76.37 W
2025/02/16 21:30:29.764, 76.37 W
2025/02/16 21:30:29.774, 76.37 W
2025/02/16 21:30:29.784, 76.37 W
2025/02/16 21:30:29.794, 76.37 W
2025/02/16 21:30:29.804, 76.37 W
2025/02/16 21:30:29.815, 76.37 W
2025/02/16 21:30:29.825, 76.37 W
2025/02/16 21:30:29.835, 76.37 W
2025/02/16 21:30:29.845, 76.37 W
2025/02/16 21:30:29.855, 76.37 W
2025/02/16 21:30:29.865, 76.37 W
2025/02/16 21:30:29.875, 76.37 W
2025/02/16 21:30:29.885, 76.37 W
2025/02/16 21:30:29.895, 76.37 W
2025/02/16 21:30:29.905, 76.37 W
2025/02/16 21:30:29.915, 76.46 W
2025/02/16 21:30:29.925, 76.46 W
2025/02/16 21:30:29.935, 76.46 W
2025/02/16 21:30:29.945, 76.46 W
2025/02/16 21:30:29.956, 76.46 W
2025/02/16 21:30:29.966, 76.46 W
2025/02/16 21:30:29.976, 76.46 W
2025/02/16 21:30:29.986, 76.46 W
2025/02/16 21:30:29.996, 76.46 W
2025/02/16 21:30:30.006, 76.46 W
2025/02/16 21:30:30.016, 76.46 W
2025/02/16 21:30:30.026, 76.46 W
2025/02/16 21:30:30.036, 76.46 W
2025/02/16 21:30:30.046, 76.46 W
2025/02/16 21:30:30.056, 76.46 W
2025/02/16 21:30:30.066, 76.46 W
2025/02/16 21:30:30.076, 76.46 W
2025/02/16 21:30:30.087, 76.46 W
2025/02/16 21:30:30.097, 76.46 W
2025/02/16 21:30:30.107, 76.46 W
2025/02/16 21:30:30.117, 76.46 W
2025/02/16 21:30:30.127, 76.37 W
2025/02/16 21:30:30.137, 76.37 W
2025/02/16 21:30:30.147, 76.37 W
2025/02/16 21:30:30.157, 76.37 W
2025/02/16 21:30:30.167, 76.37 W
2025/02/16 21:30:30.177, 76.37 W
2025/02/16 21:30:30.187, 76.37 W
2025/02/16 21:30:30.197, 76.37 W
2025/02/16 21:30:30.207, 76.37 W
2025/02/16 21:30:30.217, 76.37 W
2025/02/16 21:30:30.228, 76.37 W
2025/02/16 21:30:30.238, 76.37 W
2025/02/16 21:30:30.248, 76.37 W
2025/02/16 21:30:30.258, 76.37 W
2025/02/16 21:30:30.268, 76.37 W
2025/02/16 21:30:30.278, 76.37 W
2025/02/16 21:30:30.288, 76.37 W
2025/02/16 21:30:30.298, 76.37 W
2025/02/16 21:30:30.308, 76.37 W
2025/02/16 21:30:30.318, 76.37 W
2025/02/16 21:30:30.328, 76.46 W
2025/02/16 21:30:30.338, 76.46 W
2025/02/16 21:30:30.348, 76.46 W
2025/02/16 21:30:30.358, 76.46 W
2025/02/16 21:30:30.369, 76.46 W
2025/02/16 21:30:30.379, 76.46 W
2025/02/16 21:30:30.389, 76.46 W
2025/02/16 21:30:30.399, 76.46 W
2025/02/16 21:30:30.409, 76.46 W
2025/02/16 21:30:30.419, 76.46 W
2025/02/16 21:30:30.429, 76.46 W
2025/02/16 21:30:30.439, 76.46 W
2025/02/16 21:30:30.449, 76.46 W
2025/02/16 21:30:30.459, 76.46 W
2025/02/16 21:30:30.469, 76.46 W
2025/02/16 21:30:30.479, 76.46 W
2025/02/16 21:30:30.489, 76.46 W
2025/02/16 21:30:30.500, 76.46 W
2025/02/16 21:30:30.510, 76.46 W
2025/02/16 21:30:30.520, 76.37 W
2025/02/16 21:30:30.530, 76.37 W
2025/02/16 21:30:30.540, 76.37 W
2025/02/16 21:30:30.550, 76.37 W
2025/02/16 21:30:30.560, 76.37 W
2025/02/16 21:30:30.570, 76.37 W
2025/02/16 21:30:30.580, 76.37 W
2025/02/16 21:30:30.590, 76.37 W
2025/02/16 21:30:30.600, 76.37 W
2025/02/16 21:30:30.610, 76.37 W
2025/02/16 21:30:30.620, 76.37 W
2025/02/16 21:30:30.630, 65.11 W
2025/02/16 21:30:30.641, 65.11 W
2025/02/16 21:30:30.651, 65.11 W
2025/02/16 21:30:30.661, 65.11 W
2025/02/16 21:30:30.671, 65.11 W
2025/02/16 21:30:30.681, 65.11 W
2025/02/16 21:30:30.691, 65.11 W
2025/02/16 21:30:30.701, 65.11 W
2025/02/16 21:30:30.711, 65.11 W
2025/02/16 21:30:30.721, 64.04 W
2025/02/16 21:30:30.731, 64.04 W
2025/02/16 21:30:30.741, 64.04 W
2025/02/16 21:30:30.751, 64.04 W
2025/02/16 21:30:30.761, 64.04 W
2025/02/16 21:30:30.771, 64.04 W
2025/02/16 21:30:30.782, 64.04 W
2025/02/16 21:30:30.792, 64.04 W
2025/02/16 21:30:30.802, 64.04 W
2025/02/16 21:30:30.812, 64.04 W
2025/02/16 21:30:30.822, 64.04 W
2025/02/16 21:30:30.832, 64.04 W
2025/02/16 21:30:30.842, 64.04 W
2025/02/16 21:30:30.852, 64.04 W
2025/02/16 21:30:30.862, 64.04 W
2025/02/16 21:30:30.872, 64.04 W
2025/02/16 21:30:30.882, 64.04 W
2025/02/16 21:30:30.892, 64.04 W
2025/02/16 21:30:30.902, 64.04 W
2025/02/16 21:30:30.912, 64.04 W
2025/02/16 21:30:30.923, 64.04 W
2025/02/16 21:30:30.933, 64.04 W
2025/02/16 21:30:30.943, 64.04 W
2025/02/16 21:30:30.953, 64.04 W
2025/02/16 21:30:30.963, 64.04 W
2025/02/16 21:30:30.973, 64.04 W
2025/02/16 21:30:30.983, 64.04 W
2025/02/16 21:30:30.993, 64.04 W
2025/02/16 21:30:31.003, 64.04 W
2025/02/16 21:30:31.013, 64.04 W
2025/02/16 21:30:31.023, 64.04 W
2025/02/16 21:30:31.033, 64.04 W
2025/02/16 21:30:31.043, 64.04 W
2025/02/16 21:30:31.053, 64.04 W
2025/02/16 21:30:31.064, 64.04 W
2025/02/16 21:30:31.074, 64.04 W
2025/02/16 21:30:31.084, 64.04 W
2025/02/16 21:30:31.094, 64.04 W
2025/02/16 21:30:31.104, 64.04 W
2025/02/16 21:30:31.114, 64.04 W
2025/02/16 21:30:31.124, 64.04 W
2025/02/16 21:30:31.134, 63.96 W
2025/02/16 21:30:31.144, 63.96 W
2025/02/16 21:30:31.154, 63.96 W
2025/02/16 21:30:31.164, 63.96 W
2025/02/16 21:30:31.174, 63.96 W
2025/02/16 21:30:31.184, 63.96 W
2025/02/16 21:30:31.195, 63.96 W
2025/02/16 21:30:31.205, 63.96 W
2025/02/16 21:30:31.215, 63.96 W
2025/02/16 21:30:31.225, 63.96 W
2025/02/16 21:30:31.235, 64.04 W
