timestamp, power.draw [W]
2025/02/16 20:18:58.474, 60.99 W
2025/02/16 20:18:58.486, 60.99 W
2025/02/16 20:18:58.496, 60.99 W
2025/02/16 20:18:58.506, 60.99 W
2025/02/16 20:18:58.516, 60.99 W
2025/02/16 20:18:58.526, 60.99 W
2025/02/16 20:18:58.536, 60.99 W
2025/02/16 20:18:58.546, 60.99 W
2025/02/16 20:18:58.556, 60.99 W
2025/02/16 20:18:58.567, 60.99 W
2025/02/16 20:18:58.577, 60.99 W
2025/02/16 20:18:58.587, 60.99 W
2025/02/16 20:18:58.597, 60.99 W
2025/02/16 20:18:58.607, 60.99 W
2025/02/16 20:18:58.617, 60.99 W
2025/02/16 20:18:58.627, 60.99 W
2025/02/16 20:18:58.637, 60.99 W
2025/02/16 20:18:58.647, 60.99 W
2025/02/16 20:18:58.657, 60.99 W
2025/02/16 20:18:58.667, 60.99 W
2025/02/16 20:18:58.677, 60.99 W
2025/02/16 20:18:58.687, 60.99 W
2025/02/16 20:18:58.698, 60.99 W
2025/02/16 20:18:58.708, 60.99 W
2025/02/16 20:18:58.718, 60.99 W
2025/02/16 20:18:58.728, 60.99 W
2025/02/16 20:18:58.738, 60.99 W
2025/02/16 20:18:58.748, 60.99 W
2025/02/16 20:18:58.758, 60.99 W
2025/02/16 20:18:58.768, 60.99 W
2025/02/16 20:18:58.778, 60.99 W
2025/02/16 20:18:58.788, 60.99 W
2025/02/16 20:18:58.798, 60.99 W
2025/02/16 20:18:58.808, 60.99 W
2025/02/16 20:18:58.818, 60.99 W
2025/02/16 20:18:58.828, 60.99 W
2025/02/16 20:18:58.839, 60.99 W
2025/02/16 20:18:58.849, 60.99 W
2025/02/16 20:18:58.859, 60.99 W
2025/02/16 20:18:58.869, 60.99 W
2025/02/16 20:18:58.879, 60.99 W
2025/02/16 20:18:58.889, 60.99 W
2025/02/16 20:18:58.899, 60.99 W
2025/02/16 20:18:58.909, 60.99 W
2025/02/16 20:18:58.919, 60.99 W
2025/02/16 20:18:58.929, 60.99 W
2025/02/16 20:18:58.939, 60.99 W
2025/02/16 20:18:58.949, 60.99 W
2025/02/16 20:18:58.959, 60.99 W
2025/02/16 20:18:58.970, 60.99 W
2025/02/16 20:18:58.980, 60.99 W
2025/02/16 20:18:58.990, 60.99 W
2025/02/16 20:18:59.000, 60.99 W
2025/02/16 20:18:59.010, 60.99 W
2025/02/16 20:18:59.020, 60.99 W
2025/02/16 20:18:59.030, 60.99 W
2025/02/16 20:18:59.040, 60.99 W
2025/02/16 20:18:59.050, 60.99 W
2025/02/16 20:18:59.060, 60.99 W
2025/02/16 20:18:59.070, 60.99 W
2025/02/16 20:18:59.080, 60.99 W
2025/02/16 20:18:59.090, 60.99 W
2025/02/16 20:18:59.100, 60.99 W
2025/02/16 20:18:59.111, 60.99 W
2025/02/16 20:18:59.121, 60.99 W
2025/02/16 20:18:59.131, 60.99 W
2025/02/16 20:18:59.141, 60.99 W
2025/02/16 20:18:59.151, 60.99 W
2025/02/16 20:18:59.161, 60.99 W
2025/02/16 20:18:59.171, 60.99 W
2025/02/16 20:18:59.181, 60.99 W
2025/02/16 20:18:59.191, 60.99 W
2025/02/16 20:18:59.201, 60.99 W
2025/02/16 20:18:59.211, 60.99 W
2025/02/16 20:18:59.221, 60.99 W
2025/02/16 20:18:59.231, 60.99 W
2025/02/16 20:18:59.241, 60.99 W
2025/02/16 20:18:59.252, 60.99 W
2025/02/16 20:18:59.262, 60.99 W
2025/02/16 20:18:59.272, 60.99 W
2025/02/16 20:18:59.282, 60.99 W
2025/02/16 20:18:59.292, 60.99 W
2025/02/16 20:18:59.302, 60.99 W
2025/02/16 20:18:59.312, 60.99 W
2025/02/16 20:18:59.322, 60.99 W
2025/02/16 20:18:59.332, 60.99 W
2025/02/16 20:18:59.342, 60.99 W
2025/02/16 20:18:59.352, 60.99 W
2025/02/16 20:18:59.362, 60.99 W
2025/02/16 20:18:59.372, 60.99 W
2025/02/16 20:18:59.382, 60.99 W
2025/02/16 20:18:59.393, 60.99 W
2025/02/16 20:18:59.403, 60.99 W
2025/02/16 20:18:59.413, 60.99 W
2025/02/16 20:18:59.423, 60.99 W
2025/02/16 20:18:59.433, 60.99 W
2025/02/16 20:18:59.443, 60.99 W
2025/02/16 20:18:59.453, 60.99 W
2025/02/16 20:18:59.463, 60.99 W
2025/02/16 20:18:59.473, 60.99 W
2025/02/16 20:18:59.483, 60.99 W
2025/02/16 20:18:59.493, 60.99 W
2025/02/16 20:18:59.503, 60.99 W
2025/02/16 20:18:59.513, 60.99 W
2025/02/16 20:18:59.523, 60.99 W
2025/02/16 20:18:59.534, 60.99 W
2025/02/16 20:18:59.544, 60.99 W
2025/02/16 20:18:59.554, 60.99 W
2025/02/16 20:18:59.564, 60.99 W
2025/02/16 20:18:59.574, 60.99 W
2025/02/16 20:18:59.584, 60.99 W
2025/02/16 20:18:59.594, 60.99 W
2025/02/16 20:18:59.604, 60.99 W
2025/02/16 20:18:59.614, 60.99 W
2025/02/16 20:18:59.624, 60.99 W
2025/02/16 20:18:59.634, 60.99 W
2025/02/16 20:18:59.644, 60.99 W
2025/02/16 20:18:59.654, 60.99 W
2025/02/16 20:18:59.665, 60.99 W
2025/02/16 20:18:59.675, 60.99 W
2025/02/16 20:18:59.685, 60.99 W
2025/02/16 20:18:59.695, 60.99 W
2025/02/16 20:18:59.705, 60.99 W
2025/02/16 20:18:59.715, 60.99 W
2025/02/16 20:18:59.725, 60.99 W
2025/02/16 20:18:59.735, 60.99 W
2025/02/16 20:18:59.745, 60.99 W
2025/02/16 20:18:59.755, 60.99 W
2025/02/16 20:18:59.765, 60.99 W
2025/02/16 20:18:59.775, 60.99 W
2025/02/16 20:18:59.785, 60.99 W
2025/02/16 20:18:59.795, 60.99 W
2025/02/16 20:18:59.806, 60.99 W
2025/02/16 20:18:59.816, 60.99 W
2025/02/16 20:18:59.826, 60.99 W
2025/02/16 20:18:59.836, 60.99 W
2025/02/16 20:18:59.846, 60.99 W
2025/02/16 20:18:59.856, 60.99 W
2025/02/16 20:18:59.866, 60.99 W
2025/02/16 20:18:59.876, 60.99 W
2025/02/16 20:18:59.886, 60.99 W
2025/02/16 20:18:59.896, 60.99 W
2025/02/16 20:18:59.906, 60.99 W
2025/02/16 20:18:59.916, 60.99 W
2025/02/16 20:18:59.926, 60.99 W
2025/02/16 20:18:59.936, 60.99 W
2025/02/16 20:18:59.947, 60.99 W
2025/02/16 20:18:59.957, 60.99 W
2025/02/16 20:18:59.967, 60.99 W
2025/02/16 20:18:59.977, 60.99 W
2025/02/16 20:18:59.987, 60.99 W
2025/02/16 20:18:59.997, 60.99 W
2025/02/16 20:19:00.007, 60.99 W
2025/02/16 20:19:00.017, 60.99 W
2025/02/16 20:19:00.027, 60.99 W
2025/02/16 20:19:00.037, 60.99 W
2025/02/16 20:19:00.047, 60.99 W
2025/02/16 20:19:00.057, 60.99 W
2025/02/16 20:19:00.067, 60.99 W
2025/02/16 20:19:00.077, 60.99 W
2025/02/16 20:19:00.088, 60.99 W
2025/02/16 20:19:00.098, 60.99 W
2025/02/16 20:19:00.108, 60.99 W
2025/02/16 20:19:00.118, 60.99 W
2025/02/16 20:19:00.128, 60.99 W
2025/02/16 20:19:00.138, 60.99 W
2025/02/16 20:19:00.148, 60.99 W
2025/02/16 20:19:00.158, 60.99 W
2025/02/16 20:19:00.168, 61.06 W
2025/02/16 20:19:00.178, 61.06 W
2025/02/16 20:19:00.188, 61.06 W
2025/02/16 20:19:00.198, 61.06 W
2025/02/16 20:19:00.208, 61.06 W
2025/02/16 20:19:00.219, 61.06 W
2025/02/16 20:19:00.229, 61.06 W
2025/02/16 20:19:00.239, 61.06 W
2025/02/16 20:19:00.249, 61.06 W
2025/02/16 20:19:00.259, 61.06 W
2025/02/16 20:19:00.269, 60.99 W
2025/02/16 20:19:00.279, 60.99 W
2025/02/16 20:19:00.289, 60.99 W
2025/02/16 20:19:00.299, 60.99 W
2025/02/16 20:19:00.309, 60.99 W
2025/02/16 20:19:00.319, 60.99 W
2025/02/16 20:19:00.329, 60.99 W
2025/02/16 20:19:00.339, 60.99 W
2025/02/16 20:19:00.349, 60.99 W
2025/02/16 20:19:00.360, 60.99 W
2025/02/16 20:19:00.370, 60.99 W
2025/02/16 20:19:00.380, 60.99 W
2025/02/16 20:19:00.390, 60.99 W
2025/02/16 20:19:00.400, 60.99 W
2025/02/16 20:19:00.410, 60.99 W
2025/02/16 20:19:00.420, 60.99 W
2025/02/16 20:19:00.430, 60.99 W
2025/02/16 20:19:00.440, 60.99 W
2025/02/16 20:19:00.450, 60.99 W
2025/02/16 20:19:00.460, 60.99 W
2025/02/16 20:19:00.470, 60.99 W
2025/02/16 20:19:00.480, 60.99 W
2025/02/16 20:19:00.490, 60.99 W
2025/02/16 20:19:00.501, 60.99 W
2025/02/16 20:19:00.511, 60.99 W
2025/02/16 20:19:00.521, 60.99 W
2025/02/16 20:19:00.531, 60.99 W
2025/02/16 20:19:00.541, 60.99 W
2025/02/16 20:19:00.551, 60.99 W
2025/02/16 20:19:00.561, 60.99 W
2025/02/16 20:19:00.571, 60.99 W
2025/02/16 20:19:00.581, 60.99 W
2025/02/16 20:19:00.591, 60.99 W
2025/02/16 20:19:00.601, 60.99 W
2025/02/16 20:19:00.611, 60.99 W
2025/02/16 20:19:00.621, 60.99 W
2025/02/16 20:19:00.631, 60.99 W
2025/02/16 20:19:00.642, 60.99 W
2025/02/16 20:19:00.652, 60.99 W
2025/02/16 20:19:00.662, 60.99 W
2025/02/16 20:19:00.672, 60.99 W
2025/02/16 20:19:00.682, 60.99 W
2025/02/16 20:19:00.692, 60.99 W
2025/02/16 20:19:00.702, 60.99 W
2025/02/16 20:19:00.712, 60.99 W
2025/02/16 20:19:00.722, 60.99 W
2025/02/16 20:19:00.732, 60.99 W
2025/02/16 20:19:00.742, 60.99 W
2025/02/16 20:19:00.752, 60.99 W
2025/02/16 20:19:00.762, 60.99 W
2025/02/16 20:19:00.772, 60.99 W
2025/02/16 20:19:00.783, 60.99 W
2025/02/16 20:19:00.793, 60.99 W
2025/02/16 20:19:00.803, 60.99 W
2025/02/16 20:19:00.813, 60.99 W
2025/02/16 20:19:00.823, 60.99 W
2025/02/16 20:19:00.833, 60.99 W
2025/02/16 20:19:00.843, 60.99 W
2025/02/16 20:19:00.853, 60.99 W
2025/02/16 20:19:00.863, 60.99 W
2025/02/16 20:19:00.873, 60.99 W
2025/02/16 20:19:00.883, 60.99 W
2025/02/16 20:19:00.893, 60.99 W
2025/02/16 20:19:00.903, 60.99 W
2025/02/16 20:19:00.913, 60.99 W
2025/02/16 20:19:00.923, 60.99 W
2025/02/16 20:19:00.934, 60.99 W
2025/02/16 20:19:00.944, 60.99 W
2025/02/16 20:19:00.954, 60.99 W
2025/02/16 20:19:00.964, 60.99 W
2025/02/16 20:19:00.974, 60.99 W
2025/02/16 20:19:00.984, 60.99 W
2025/02/16 20:19:00.994, 60.99 W
2025/02/16 20:19:01.004, 60.99 W
2025/02/16 20:19:01.014, 60.99 W
2025/02/16 20:19:01.024, 60.99 W
2025/02/16 20:19:01.034, 60.99 W
2025/02/16 20:19:01.044, 60.99 W
2025/02/16 20:19:01.054, 60.99 W
2025/02/16 20:19:01.064, 60.99 W
2025/02/16 20:19:01.075, 61.28 W
2025/02/16 20:19:01.085, 61.28 W
2025/02/16 20:19:01.095, 61.28 W
2025/02/16 20:19:01.105, 61.28 W
2025/02/16 20:19:01.115, 61.28 W
2025/02/16 20:19:01.125, 61.28 W
2025/02/16 20:19:01.135, 61.28 W
2025/02/16 20:19:01.145, 61.28 W
2025/02/16 20:19:01.155, 61.28 W
2025/02/16 20:19:01.165, 61.28 W
2025/02/16 20:19:01.175, 60.99 W
2025/02/16 20:19:01.185, 60.99 W
2025/02/16 20:19:01.195, 60.99 W
2025/02/16 20:19:01.206, 60.99 W
2025/02/16 20:19:01.216, 60.99 W
2025/02/16 20:19:01.226, 60.99 W
2025/02/16 20:19:01.236, 60.99 W
2025/02/16 20:19:01.246, 60.99 W
2025/02/16 20:19:01.256, 60.99 W
2025/02/16 20:19:01.266, 60.99 W
2025/02/16 20:19:01.276, 60.99 W
2025/02/16 20:19:01.286, 60.99 W
2025/02/16 20:19:01.296, 60.99 W
2025/02/16 20:19:01.306, 60.99 W
2025/02/16 20:19:01.316, 60.99 W
2025/02/16 20:19:01.326, 60.99 W
2025/02/16 20:19:01.336, 60.99 W
2025/02/16 20:19:01.347, 60.99 W
2025/02/16 20:19:01.357, 60.99 W
2025/02/16 20:19:01.367, 60.99 W
2025/02/16 20:19:01.377, 60.99 W
2025/02/16 20:19:01.387, 60.99 W
2025/02/16 20:19:01.397, 60.99 W
2025/02/16 20:19:01.407, 60.99 W
2025/02/16 20:19:01.417, 60.99 W
2025/02/16 20:19:01.427, 60.99 W
2025/02/16 20:19:01.437, 60.99 W
2025/02/16 20:19:01.447, 60.99 W
2025/02/16 20:19:01.457, 60.99 W
2025/02/16 20:19:01.467, 60.99 W
2025/02/16 20:19:01.477, 60.99 W
2025/02/16 20:19:01.488, 60.99 W
2025/02/16 20:19:01.498, 60.99 W
2025/02/16 20:19:01.508, 60.99 W
2025/02/16 20:19:01.518, 60.99 W
2025/02/16 20:19:01.528, 60.99 W
2025/02/16 20:19:01.538, 60.99 W
2025/02/16 20:19:01.548, 60.99 W
2025/02/16 20:19:01.558, 60.99 W
2025/02/16 20:19:01.568, 60.99 W
2025/02/16 20:19:01.578, 60.99 W
2025/02/16 20:19:01.588, 60.99 W
2025/02/16 20:19:01.598, 60.99 W
2025/02/16 20:19:01.608, 60.99 W
2025/02/16 20:19:01.619, 60.99 W
2025/02/16 20:19:01.629, 60.99 W
2025/02/16 20:19:01.639, 60.99 W
2025/02/16 20:19:01.649, 60.99 W
2025/02/16 20:19:01.659, 60.99 W
2025/02/16 20:19:01.669, 60.99 W
2025/02/16 20:19:01.679, 60.99 W
2025/02/16 20:19:01.689, 60.99 W
2025/02/16 20:19:01.699, 60.99 W
2025/02/16 20:19:01.709, 60.99 W
2025/02/16 20:19:01.719, 60.99 W
2025/02/16 20:19:01.729, 60.99 W
2025/02/16 20:19:01.739, 60.99 W
2025/02/16 20:19:01.749, 60.99 W
2025/02/16 20:19:01.760, 60.99 W
2025/02/16 20:19:01.770, 60.99 W
2025/02/16 20:19:01.780, 60.99 W
2025/02/16 20:19:01.790, 60.99 W
2025/02/16 20:19:01.800, 60.99 W
2025/02/16 20:19:01.810, 60.99 W
2025/02/16 20:19:01.820, 60.99 W
2025/02/16 20:19:01.830, 60.99 W
2025/02/16 20:19:01.841, 60.99 W
2025/02/16 20:19:01.851, 60.99 W
2025/02/16 20:19:01.861, 60.99 W
2025/02/16 20:19:01.871, 60.99 W
2025/02/16 20:19:01.881, 60.99 W
2025/02/16 20:19:01.891, 60.99 W
2025/02/16 20:19:01.901, 60.99 W
2025/02/16 20:19:01.911, 60.99 W
2025/02/16 20:19:01.921, 60.99 W
2025/02/16 20:19:01.931, 60.99 W
2025/02/16 20:19:01.941, 60.99 W
2025/02/16 20:19:01.952, 60.99 W
2025/02/16 20:19:01.962, 60.99 W
2025/02/16 20:19:01.972, 60.99 W
2025/02/16 20:19:01.982, 60.99 W
2025/02/16 20:19:01.992, 60.99 W
2025/02/16 20:19:02.002, 60.99 W
2025/02/16 20:19:02.012, 60.99 W
2025/02/16 20:19:02.022, 60.99 W
2025/02/16 20:19:02.032, 60.99 W
2025/02/16 20:19:02.042, 60.99 W
2025/02/16 20:19:02.052, 60.99 W
2025/02/16 20:19:02.062, 60.99 W
2025/02/16 20:19:02.072, 60.99 W
2025/02/16 20:19:02.082, 60.99 W
2025/02/16 20:19:02.092, 60.99 W
2025/02/16 20:19:02.103, 60.99 W
2025/02/16 20:19:02.113, 60.99 W
2025/02/16 20:19:02.123, 60.99 W
2025/02/16 20:19:02.133, 60.99 W
2025/02/16 20:19:02.143, 60.99 W
2025/02/16 20:19:02.153, 60.99 W
2025/02/16 20:19:02.163, 60.99 W
2025/02/16 20:19:02.173, 60.99 W
2025/02/16 20:19:02.183, 60.99 W
2025/02/16 20:19:02.193, 60.99 W
2025/02/16 20:19:02.203, 60.99 W
2025/02/16 20:19:02.213, 60.99 W
2025/02/16 20:19:02.223, 60.99 W
2025/02/16 20:19:02.233, 60.99 W
2025/02/16 20:19:02.243, 60.99 W
2025/02/16 20:19:02.254, 60.99 W
2025/02/16 20:19:02.264, 60.99 W
2025/02/16 20:19:02.274, 60.99 W
2025/02/16 20:19:02.284, 60.99 W
2025/02/16 20:19:02.294, 60.99 W
2025/02/16 20:19:02.304, 60.99 W
2025/02/16 20:19:02.314, 60.99 W
2025/02/16 20:19:02.324, 60.99 W
2025/02/16 20:19:02.334, 60.99 W
2025/02/16 20:19:02.344, 60.99 W
2025/02/16 20:19:02.354, 60.99 W
2025/02/16 20:19:02.364, 60.99 W
2025/02/16 20:19:02.374, 60.99 W
2025/02/16 20:19:02.384, 60.99 W
2025/02/16 20:19:02.395, 60.99 W
2025/02/16 20:19:02.405, 60.99 W
2025/02/16 20:19:02.415, 60.99 W
2025/02/16 20:19:02.425, 60.99 W
2025/02/16 20:19:02.435, 60.99 W
2025/02/16 20:19:02.445, 60.99 W
2025/02/16 20:19:02.455, 60.99 W
2025/02/16 20:19:02.465, 60.99 W
2025/02/16 20:19:02.475, 60.99 W
2025/02/16 20:19:02.485, 60.99 W
2025/02/16 20:19:02.495, 60.99 W
2025/02/16 20:19:02.505, 60.99 W
2025/02/16 20:19:02.515, 60.99 W
2025/02/16 20:19:02.526, 60.99 W
2025/02/16 20:19:02.536, 60.99 W
2025/02/16 20:19:02.546, 60.99 W
2025/02/16 20:19:02.556, 60.99 W
2025/02/16 20:19:02.566, 60.99 W
2025/02/16 20:19:02.576, 60.99 W
2025/02/16 20:19:02.586, 60.99 W
2025/02/16 20:19:02.596, 60.99 W
2025/02/16 20:19:02.606, 60.99 W
2025/02/16 20:19:02.616, 60.99 W
2025/02/16 20:19:02.626, 60.99 W
2025/02/16 20:19:02.636, 60.99 W
2025/02/16 20:19:02.646, 61.06 W
2025/02/16 20:19:02.656, 61.06 W
2025/02/16 20:19:02.667, 61.06 W
2025/02/16 20:19:02.677, 61.06 W
2025/02/16 20:19:02.687, 61.06 W
2025/02/16 20:19:02.697, 61.06 W
2025/02/16 20:19:02.707, 61.06 W
2025/02/16 20:19:02.717, 61.06 W
2025/02/16 20:19:02.727, 60.99 W
2025/02/16 20:19:02.737, 60.99 W
2025/02/16 20:19:02.747, 60.99 W
2025/02/16 20:19:02.757, 60.99 W
2025/02/16 20:19:02.767, 60.99 W
2025/02/16 20:19:02.777, 60.99 W
2025/02/16 20:19:02.787, 60.99 W
2025/02/16 20:19:02.797, 60.99 W
2025/02/16 20:19:02.808, 60.99 W
2025/02/16 20:19:02.818, 60.99 W
2025/02/16 20:19:02.828, 60.99 W
2025/02/16 20:19:02.838, 60.99 W
2025/02/16 20:19:02.848, 60.99 W
2025/02/16 20:19:02.858, 60.99 W
2025/02/16 20:19:02.868, 60.99 W
2025/02/16 20:19:02.878, 60.99 W
2025/02/16 20:19:02.888, 60.99 W
2025/02/16 20:19:02.898, 60.99 W
2025/02/16 20:19:02.908, 60.99 W
2025/02/16 20:19:02.918, 60.99 W
2025/02/16 20:19:02.928, 60.99 W
2025/02/16 20:19:02.938, 60.99 W
2025/02/16 20:19:02.949, 60.99 W
2025/02/16 20:19:02.959, 60.99 W
2025/02/16 20:19:02.969, 60.99 W
2025/02/16 20:19:02.979, 60.99 W
2025/02/16 20:19:02.989, 60.99 W
2025/02/16 20:19:02.999, 60.99 W
2025/02/16 20:19:03.009, 60.99 W
2025/02/16 20:19:03.019, 60.99 W
2025/02/16 20:19:03.029, 60.99 W
2025/02/16 20:19:03.039, 60.99 W
2025/02/16 20:19:03.049, 60.99 W
2025/02/16 20:19:03.059, 60.99 W
2025/02/16 20:19:03.069, 60.99 W
2025/02/16 20:19:03.080, 60.99 W
2025/02/16 20:19:03.090, 60.99 W
2025/02/16 20:19:03.100, 60.99 W
2025/02/16 20:19:03.110, 60.99 W
2025/02/16 20:19:03.120, 60.99 W
2025/02/16 20:19:03.130, 60.99 W
2025/02/16 20:19:03.140, 60.99 W
2025/02/16 20:19:03.150, 60.99 W
2025/02/16 20:19:03.160, 60.99 W
2025/02/16 20:19:03.170, 60.99 W
2025/02/16 20:19:03.180, 60.99 W
2025/02/16 20:19:03.190, 60.99 W
2025/02/16 20:19:03.200, 60.99 W
2025/02/16 20:19:03.210, 60.99 W
2025/02/16 20:19:03.221, 60.99 W
2025/02/16 20:19:03.231, 60.99 W
2025/02/16 20:19:03.241, 60.99 W
2025/02/16 20:19:03.251, 60.99 W
2025/02/16 20:19:03.261, 60.99 W
2025/02/16 20:19:03.271, 60.99 W
2025/02/16 20:19:03.281, 60.99 W
2025/02/16 20:19:03.291, 60.99 W
2025/02/16 20:19:03.301, 60.99 W
2025/02/16 20:19:03.311, 60.99 W
2025/02/16 20:19:03.321, 60.99 W
2025/02/16 20:19:03.331, 60.99 W
2025/02/16 20:19:03.341, 60.99 W
2025/02/16 20:19:03.351, 61.06 W
2025/02/16 20:19:03.362, 61.06 W
2025/02/16 20:19:03.372, 61.06 W
2025/02/16 20:19:03.382, 61.06 W
2025/02/16 20:19:03.392, 61.06 W
2025/02/16 20:19:03.402, 61.06 W
2025/02/16 20:19:03.412, 61.06 W
2025/02/16 20:19:03.422, 61.06 W
2025/02/16 20:19:03.432, 61.06 W
2025/02/16 20:19:03.442, 61.06 W
2025/02/16 20:19:03.452, 60.99 W
2025/02/16 20:19:03.462, 60.99 W
2025/02/16 20:19:03.472, 60.99 W
2025/02/16 20:19:03.482, 60.99 W
2025/02/16 20:19:03.493, 60.99 W
2025/02/16 20:19:03.503, 60.99 W
2025/02/16 20:19:03.513, 60.99 W
2025/02/16 20:19:03.523, 60.99 W
2025/02/16 20:19:03.533, 60.99 W
2025/02/16 20:19:03.543, 60.99 W
2025/02/16 20:19:03.553, 60.99 W
2025/02/16 20:19:03.563, 60.99 W
2025/02/16 20:19:03.573, 61.28 W
2025/02/16 20:19:03.583, 61.28 W
2025/02/16 20:19:03.593, 61.28 W
2025/02/16 20:19:03.603, 61.28 W
2025/02/16 20:19:03.613, 61.28 W
2025/02/16 20:19:03.623, 61.28 W
2025/02/16 20:19:03.634, 61.28 W
2025/02/16 20:19:03.644, 61.28 W
2025/02/16 20:19:03.654, 61.28 W
2025/02/16 20:19:03.664, 61.28 W
2025/02/16 20:19:03.674, 61.28 W
2025/02/16 20:19:03.684, 61.28 W
2025/02/16 20:19:03.694, 61.28 W
2025/02/16 20:19:03.704, 61.28 W
2025/02/16 20:19:03.714, 61.28 W
2025/02/16 20:19:03.724, 61.28 W
2025/02/16 20:19:03.734, 61.28 W
2025/02/16 20:19:03.744, 61.28 W
2025/02/16 20:19:03.754, 61.28 W
2025/02/16 20:19:03.764, 61.53 W
2025/02/16 20:19:03.775, 61.53 W
2025/02/16 20:19:03.785, 61.53 W
2025/02/16 20:19:03.795, 61.53 W
2025/02/16 20:19:03.805, 61.53 W
2025/02/16 20:19:03.815, 61.53 W
2025/02/16 20:19:03.825, 61.53 W
2025/02/16 20:19:03.835, 61.53 W
2025/02/16 20:19:03.845, 61.53 W
2025/02/16 20:19:03.855, 61.53 W
2025/02/16 20:19:03.865, 61.53 W
2025/02/16 20:19:03.875, 61.53 W
2025/02/16 20:19:03.885, 61.53 W
2025/02/16 20:19:03.895, 61.53 W
2025/02/16 20:19:03.906, 61.53 W
2025/02/16 20:19:03.916, 61.53 W
2025/02/16 20:19:03.926, 61.53 W
2025/02/16 20:19:03.936, 61.53 W
2025/02/16 20:19:03.946, 61.53 W
2025/02/16 20:19:03.956, 61.53 W
2025/02/16 20:19:03.966, 75.12 W
2025/02/16 20:19:03.976, 75.12 W
2025/02/16 20:19:03.986, 75.12 W
2025/02/16 20:19:03.996, 75.12 W
2025/02/16 20:19:04.006, 75.12 W
2025/02/16 20:19:04.016, 75.12 W
2025/02/16 20:19:04.026, 75.12 W
2025/02/16 20:19:04.036, 75.12 W
2025/02/16 20:19:04.047, 75.12 W
2025/02/16 20:19:04.057, 75.12 W
2025/02/16 20:19:04.067, 75.12 W
2025/02/16 20:19:04.077, 75.12 W
2025/02/16 20:19:04.087, 72.39 W
2025/02/16 20:19:04.097, 72.39 W
2025/02/16 20:19:04.107, 72.39 W
2025/02/16 20:19:04.117, 72.39 W
2025/02/16 20:19:04.127, 72.39 W
2025/02/16 20:19:04.137, 72.39 W
2025/02/16 20:19:04.147, 72.39 W
2025/02/16 20:19:04.157, 72.39 W
2025/02/16 20:19:04.167, 72.39 W
2025/02/16 20:19:04.177, 72.15 W
2025/02/16 20:19:04.188, 72.15 W
2025/02/16 20:19:04.198, 72.15 W
2025/02/16 20:19:04.208, 72.15 W
2025/02/16 20:19:04.218, 72.15 W
2025/02/16 20:19:04.228, 72.15 W
2025/02/16 20:19:04.238, 72.15 W
2025/02/16 20:19:04.248, 72.15 W
2025/02/16 20:19:04.258, 72.15 W
2025/02/16 20:19:04.268, 72.15 W
2025/02/16 20:19:04.278, 72.15 W
2025/02/16 20:19:04.288, 72.15 W
2025/02/16 20:19:04.298, 72.15 W
2025/02/16 20:19:04.308, 72.15 W
2025/02/16 20:19:04.318, 72.15 W
2025/02/16 20:19:04.329, 72.15 W
2025/02/16 20:19:04.339, 72.15 W
2025/02/16 20:19:04.349, 72.15 W
2025/02/16 20:19:04.359, 72.15 W
2025/02/16 20:19:04.369, 72.15 W
2025/02/16 20:19:04.379, 72.15 W
2025/02/16 20:19:04.389, 72.15 W
2025/02/16 20:19:04.399, 72.15 W
2025/02/16 20:19:04.409, 72.15 W
2025/02/16 20:19:04.419, 72.15 W
2025/02/16 20:19:04.429, 72.15 W
2025/02/16 20:19:04.439, 72.15 W
2025/02/16 20:19:04.449, 72.15 W
2025/02/16 20:19:04.460, 72.15 W
2025/02/16 20:19:04.470, 72.15 W
2025/02/16 20:19:04.480, 72.15 W
2025/02/16 20:19:04.490, 72.15 W
2025/02/16 20:19:04.500, 72.15 W
2025/02/16 20:19:04.510, 72.15 W
2025/02/16 20:19:04.520, 72.15 W
2025/02/16 20:19:04.530, 72.15 W
2025/02/16 20:19:04.540, 72.15 W
2025/02/16 20:19:04.550, 72.15 W
2025/02/16 20:19:04.560, 72.15 W
2025/02/16 20:19:04.570, 72.15 W
2025/02/16 20:19:04.580, 72.39 W
2025/02/16 20:19:04.590, 72.39 W
2025/02/16 20:19:04.600, 72.39 W
2025/02/16 20:19:04.611, 72.39 W
2025/02/16 20:19:04.621, 72.39 W
2025/02/16 20:19:04.631, 72.39 W
2025/02/16 20:19:04.641, 72.39 W
2025/02/16 20:19:04.651, 72.39 W
2025/02/16 20:19:04.661, 72.39 W
2025/02/16 20:19:04.671, 72.39 W
2025/02/16 20:19:04.681, 72.39 W
2025/02/16 20:19:04.691, 72.39 W
2025/02/16 20:19:04.701, 72.39 W
2025/02/16 20:19:04.711, 72.39 W
2025/02/16 20:19:04.721, 72.39 W
2025/02/16 20:19:04.731, 72.39 W
2025/02/16 20:19:04.741, 72.39 W
2025/02/16 20:19:04.752, 72.39 W
2025/02/16 20:19:04.762, 72.39 W
2025/02/16 20:19:04.772, 72.39 W
2025/02/16 20:19:04.782, 72.39 W
2025/02/16 20:19:04.792, 72.39 W
2025/02/16 20:19:04.802, 72.39 W
2025/02/16 20:19:04.812, 72.39 W
2025/02/16 20:19:04.822, 72.39 W
2025/02/16 20:19:04.832, 72.39 W
2025/02/16 20:19:04.842, 72.39 W
2025/02/16 20:19:04.852, 72.39 W
2025/02/16 20:19:04.862, 72.39 W
2025/02/16 20:19:04.872, 72.39 W
2025/02/16 20:19:04.882, 72.39 W
2025/02/16 20:19:04.893, 72.39 W
2025/02/16 20:19:04.903, 72.39 W
2025/02/16 20:19:04.913, 72.39 W
2025/02/16 20:19:04.923, 72.39 W
2025/02/16 20:19:04.933, 72.39 W
2025/02/16 20:19:04.943, 72.39 W
2025/02/16 20:19:04.953, 72.39 W
2025/02/16 20:19:04.963, 72.39 W
2025/02/16 20:19:04.973, 72.39 W
2025/02/16 20:19:04.983, 72.39 W
2025/02/16 20:19:04.993, 72.39 W
2025/02/16 20:19:05.003, 72.39 W
2025/02/16 20:19:05.013, 72.69 W
2025/02/16 20:19:05.023, 72.69 W
2025/02/16 20:19:05.034, 72.69 W
2025/02/16 20:19:05.044, 72.69 W
2025/02/16 20:19:05.054, 72.69 W
2025/02/16 20:19:05.064, 72.69 W
2025/02/16 20:19:05.074, 72.69 W
2025/02/16 20:19:05.084, 72.69 W
2025/02/16 20:19:05.094, 72.39 W
2025/02/16 20:19:05.104, 72.39 W
2025/02/16 20:19:05.114, 72.39 W
2025/02/16 20:19:05.124, 72.39 W
2025/02/16 20:19:05.134, 72.39 W
2025/02/16 20:19:05.144, 72.39 W
2025/02/16 20:19:05.154, 72.39 W
2025/02/16 20:19:05.164, 72.39 W
2025/02/16 20:19:05.175, 72.39 W
2025/02/16 20:19:05.185, 72.39 W
2025/02/16 20:19:05.195, 72.39 W
2025/02/16 20:19:05.205, 72.39 W
2025/02/16 20:19:05.215, 72.39 W
2025/02/16 20:19:05.225, 72.39 W
2025/02/16 20:19:05.235, 72.39 W
2025/02/16 20:19:05.245, 72.39 W
2025/02/16 20:19:05.255, 72.39 W
2025/02/16 20:19:05.265, 72.39 W
2025/02/16 20:19:05.275, 72.39 W
2025/02/16 20:19:05.285, 72.39 W
2025/02/16 20:19:05.295, 72.39 W
2025/02/16 20:19:05.305, 72.39 W
2025/02/16 20:19:05.316, 72.39 W
2025/02/16 20:19:05.326, 72.39 W
2025/02/16 20:19:05.336, 72.39 W
2025/02/16 20:19:05.346, 72.39 W
2025/02/16 20:19:05.356, 72.39 W
2025/02/16 20:19:05.366, 72.39 W
2025/02/16 20:19:05.376, 72.39 W
2025/02/16 20:19:05.386, 72.39 W
2025/02/16 20:19:05.396, 72.39 W
2025/02/16 20:19:05.406, 72.39 W
2025/02/16 20:19:05.416, 72.39 W
2025/02/16 20:19:05.426, 72.39 W
2025/02/16 20:19:05.436, 72.39 W
2025/02/16 20:19:05.446, 72.39 W
2025/02/16 20:19:05.457, 72.39 W
2025/02/16 20:19:05.467, 72.39 W
2025/02/16 20:19:05.477, 72.39 W
2025/02/16 20:19:05.487, 72.39 W
2025/02/16 20:19:05.497, 72.39 W
2025/02/16 20:19:05.507, 72.39 W
2025/02/16 20:19:05.517, 72.39 W
2025/02/16 20:19:05.527, 72.39 W
2025/02/16 20:19:05.537, 72.39 W
2025/02/16 20:19:05.547, 72.39 W
2025/02/16 20:19:05.557, 72.39 W
2025/02/16 20:19:05.567, 72.39 W
2025/02/16 20:19:05.577, 72.39 W
2025/02/16 20:19:05.587, 72.39 W
2025/02/16 20:19:05.598, 72.39 W
2025/02/16 20:19:05.608, 72.39 W
2025/02/16 20:19:05.618, 72.39 W
2025/02/16 20:19:05.628, 72.39 W
2025/02/16 20:19:05.638, 72.39 W
2025/02/16 20:19:05.648, 72.39 W
2025/02/16 20:19:05.658, 72.39 W
2025/02/16 20:19:05.668, 72.39 W
2025/02/16 20:19:05.678, 72.39 W
2025/02/16 20:19:05.688, 72.39 W
2025/02/16 20:19:05.698, 72.39 W
2025/02/16 20:19:05.708, 72.69 W
2025/02/16 20:19:05.718, 72.69 W
2025/02/16 20:19:05.728, 72.69 W
2025/02/16 20:19:05.739, 72.69 W
2025/02/16 20:19:05.749, 72.69 W
2025/02/16 20:19:05.759, 72.69 W
2025/02/16 20:19:05.769, 72.69 W
2025/02/16 20:19:05.779, 72.69 W
2025/02/16 20:19:05.789, 72.69 W
2025/02/16 20:19:05.799, 72.69 W
2025/02/16 20:19:05.809, 72.69 W
2025/02/16 20:19:05.819, 72.69 W
2025/02/16 20:19:05.829, 72.39 W
2025/02/16 20:19:05.839, 72.39 W
2025/02/16 20:19:05.849, 72.39 W
2025/02/16 20:19:05.859, 72.39 W
2025/02/16 20:19:05.869, 72.39 W
2025/02/16 20:19:05.880, 72.39 W
2025/02/16 20:19:05.890, 72.39 W
2025/02/16 20:19:05.900, 72.39 W
2025/02/16 20:19:05.910, 72.39 W
2025/02/16 20:19:05.920, 72.39 W
2025/02/16 20:19:05.930, 72.39 W
2025/02/16 20:19:05.940, 72.39 W
2025/02/16 20:19:05.950, 72.39 W
2025/02/16 20:19:05.960, 72.39 W
2025/02/16 20:19:05.970, 72.39 W
2025/02/16 20:19:05.980, 72.39 W
2025/02/16 20:19:05.990, 72.39 W
2025/02/16 20:19:06.000, 72.39 W
2025/02/16 20:19:06.010, 72.39 W
2025/02/16 20:19:06.021, 72.39 W
2025/02/16 20:19:06.031, 72.39 W
2025/02/16 20:19:06.041, 72.39 W
2025/02/16 20:19:06.051, 72.39 W
2025/02/16 20:19:06.061, 72.39 W
2025/02/16 20:19:06.071, 72.39 W
2025/02/16 20:19:06.081, 72.39 W
2025/02/16 20:19:06.091, 72.39 W
2025/02/16 20:19:06.101, 72.39 W
2025/02/16 20:19:06.111, 72.39 W
2025/02/16 20:19:06.121, 72.69 W
2025/02/16 20:19:06.131, 72.69 W
2025/02/16 20:19:06.141, 72.69 W
2025/02/16 20:19:06.151, 72.69 W
2025/02/16 20:19:06.162, 72.69 W
2025/02/16 20:19:06.172, 72.69 W
2025/02/16 20:19:06.182, 72.69 W
2025/02/16 20:19:06.192, 72.69 W
2025/02/16 20:19:06.202, 72.69 W
2025/02/16 20:19:06.212, 72.69 W
2025/02/16 20:19:06.222, 72.69 W
2025/02/16 20:19:06.232, 72.69 W
2025/02/16 20:19:06.242, 72.39 W
2025/02/16 20:19:06.252, 72.39 W
2025/02/16 20:19:06.262, 72.39 W
2025/02/16 20:19:06.272, 72.39 W
2025/02/16 20:19:06.282, 72.39 W
2025/02/16 20:19:06.292, 72.39 W
2025/02/16 20:19:06.303, 72.39 W
2025/02/16 20:19:06.313, 72.39 W
2025/02/16 20:19:06.323, 72.39 W
2025/02/16 20:19:06.333, 72.39 W
2025/02/16 20:19:06.343, 72.39 W
2025/02/16 20:19:06.353, 72.39 W
2025/02/16 20:19:06.363, 72.39 W
2025/02/16 20:19:06.373, 72.39 W
2025/02/16 20:19:06.383, 72.39 W
2025/02/16 20:19:06.393, 72.39 W
2025/02/16 20:19:06.403, 72.39 W
2025/02/16 20:19:06.413, 72.39 W
2025/02/16 20:19:06.423, 72.39 W
2025/02/16 20:19:06.433, 72.39 W
2025/02/16 20:19:06.444, 72.39 W
2025/02/16 20:19:06.454, 72.39 W
2025/02/16 20:19:06.464, 72.39 W
2025/02/16 20:19:06.474, 72.39 W
2025/02/16 20:19:06.484, 72.39 W
2025/02/16 20:19:06.494, 72.39 W
2025/02/16 20:19:06.504, 72.39 W
2025/02/16 20:19:06.514, 72.39 W
2025/02/16 20:19:06.524, 72.69 W
2025/02/16 20:19:06.534, 72.69 W
2025/02/16 20:19:06.544, 72.69 W
2025/02/16 20:19:06.554, 72.69 W
2025/02/16 20:19:06.564, 72.69 W
2025/02/16 20:19:06.574, 72.69 W
2025/02/16 20:19:06.585, 72.69 W
2025/02/16 20:19:06.595, 72.69 W
2025/02/16 20:19:06.605, 72.69 W
2025/02/16 20:19:06.615, 72.69 W
2025/02/16 20:19:06.625, 72.69 W
2025/02/16 20:19:06.635, 72.39 W
2025/02/16 20:19:06.645, 72.39 W
2025/02/16 20:19:06.655, 72.39 W
2025/02/16 20:19:06.665, 72.39 W
2025/02/16 20:19:06.675, 72.39 W
2025/02/16 20:19:06.685, 72.39 W
2025/02/16 20:19:06.695, 72.39 W
2025/02/16 20:19:06.705, 72.39 W
2025/02/16 20:19:06.715, 72.39 W
2025/02/16 20:19:06.726, 72.39 W
2025/02/16 20:19:06.736, 72.39 W
2025/02/16 20:19:06.746, 72.39 W
2025/02/16 20:19:06.756, 72.39 W
2025/02/16 20:19:06.766, 72.39 W
2025/02/16 20:19:06.776, 72.39 W
2025/02/16 20:19:06.786, 72.39 W
2025/02/16 20:19:06.796, 72.39 W
2025/02/16 20:19:06.806, 72.39 W
2025/02/16 20:19:06.816, 72.39 W
2025/02/16 20:19:06.826, 72.39 W
2025/02/16 20:19:06.836, 72.39 W
2025/02/16 20:19:06.846, 72.39 W
2025/02/16 20:19:06.856, 72.69 W
2025/02/16 20:19:06.867, 72.69 W
2025/02/16 20:19:06.877, 72.69 W
2025/02/16 20:19:06.887, 72.69 W
2025/02/16 20:19:06.897, 72.69 W
2025/02/16 20:19:06.907, 72.69 W
2025/02/16 20:19:06.917, 72.69 W
2025/02/16 20:19:06.927, 72.69 W
2025/02/16 20:19:06.937, 72.39 W
2025/02/16 20:19:06.947, 72.39 W
2025/02/16 20:19:06.957, 72.39 W
2025/02/16 20:19:06.967, 72.39 W
2025/02/16 20:19:06.977, 72.39 W
2025/02/16 20:19:06.987, 72.39 W
2025/02/16 20:19:06.997, 72.39 W
2025/02/16 20:19:07.007, 72.39 W
2025/02/16 20:19:07.018, 72.39 W
2025/02/16 20:19:07.028, 72.39 W
2025/02/16 20:19:07.038, 72.39 W
2025/02/16 20:19:07.048, 72.39 W
2025/02/16 20:19:07.058, 72.39 W
2025/02/16 20:19:07.068, 72.39 W
2025/02/16 20:19:07.078, 72.39 W
2025/02/16 20:19:07.088, 72.39 W
2025/02/16 20:19:07.098, 72.39 W
2025/02/16 20:19:07.108, 72.39 W
2025/02/16 20:19:07.118, 72.39 W
2025/02/16 20:19:07.128, 72.39 W
2025/02/16 20:19:07.138, 72.39 W
2025/02/16 20:19:07.148, 72.39 W
2025/02/16 20:19:07.159, 72.39 W
2025/02/16 20:19:07.169, 72.39 W
2025/02/16 20:19:07.179, 72.39 W
2025/02/16 20:19:07.189, 72.39 W
2025/02/16 20:19:07.199, 72.39 W
2025/02/16 20:19:07.209, 72.39 W
2025/02/16 20:19:07.219, 72.39 W
2025/02/16 20:19:07.229, 72.39 W
2025/02/16 20:19:07.239, 72.39 W
2025/02/16 20:19:07.249, 72.39 W
2025/02/16 20:19:07.259, 72.39 W
2025/02/16 20:19:07.269, 72.39 W
2025/02/16 20:19:07.279, 72.39 W
2025/02/16 20:19:07.289, 72.39 W
2025/02/16 20:19:07.300, 72.39 W
2025/02/16 20:19:07.310, 72.39 W
2025/02/16 20:19:07.320, 72.39 W
2025/02/16 20:19:07.330, 72.39 W
2025/02/16 20:19:07.340, 72.39 W
2025/02/16 20:19:07.350, 72.39 W
2025/02/16 20:19:07.360, 72.39 W
2025/02/16 20:19:07.370, 72.39 W
2025/02/16 20:19:07.380, 72.39 W
2025/02/16 20:19:07.390, 72.39 W
2025/02/16 20:19:07.400, 72.39 W
2025/02/16 20:19:07.410, 72.39 W
2025/02/16 20:19:07.420, 72.39 W
2025/02/16 20:19:07.430, 72.39 W
2025/02/16 20:19:07.441, 72.39 W
2025/02/16 20:19:07.451, 72.39 W
2025/02/16 20:19:07.461, 72.39 W
2025/02/16 20:19:07.471, 72.39 W
2025/02/16 20:19:07.481, 72.39 W
2025/02/16 20:19:07.491, 72.39 W
2025/02/16 20:19:07.501, 72.39 W
2025/02/16 20:19:07.511, 72.39 W
2025/02/16 20:19:07.521, 72.39 W
2025/02/16 20:19:07.531, 72.39 W
2025/02/16 20:19:07.541, 72.39 W
2025/02/16 20:19:07.551, 72.39 W
2025/02/16 20:19:07.561, 72.39 W
2025/02/16 20:19:07.571, 72.69 W
2025/02/16 20:19:07.582, 72.69 W
2025/02/16 20:19:07.592, 72.69 W
2025/02/16 20:19:07.602, 72.69 W
2025/02/16 20:19:07.612, 72.69 W
2025/02/16 20:19:07.622, 72.69 W
2025/02/16 20:19:07.632, 72.69 W
2025/02/16 20:19:07.642, 72.69 W
2025/02/16 20:19:07.652, 72.69 W
2025/02/16 20:19:07.662, 72.69 W
2025/02/16 20:19:07.672, 72.69 W
2025/02/16 20:19:07.682, 72.69 W
2025/02/16 20:19:07.692, 72.69 W
2025/02/16 20:19:07.702, 72.69 W
2025/02/16 20:19:07.712, 72.69 W
2025/02/16 20:19:07.723, 72.69 W
2025/02/16 20:19:07.733, 72.69 W
2025/02/16 20:19:07.743, 72.69 W
2025/02/16 20:19:07.753, 72.39 W
2025/02/16 20:19:07.763, 72.39 W
2025/02/16 20:19:07.773, 72.39 W
2025/02/16 20:19:07.783, 72.39 W
2025/02/16 20:19:07.793, 72.39 W
2025/02/16 20:19:07.803, 72.39 W
2025/02/16 20:19:07.813, 72.39 W
2025/02/16 20:19:07.823, 72.39 W
2025/02/16 20:19:07.833, 72.39 W
2025/02/16 20:19:07.843, 72.39 W
2025/02/16 20:19:07.853, 72.39 W
2025/02/16 20:19:07.864, 72.39 W
2025/02/16 20:19:07.874, 72.39 W
2025/02/16 20:19:07.884, 72.39 W
2025/02/16 20:19:07.894, 72.39 W
2025/02/16 20:19:07.904, 72.39 W
2025/02/16 20:19:07.914, 72.39 W
2025/02/16 20:19:07.924, 72.39 W
2025/02/16 20:19:07.934, 72.39 W
2025/02/16 20:19:07.944, 72.39 W
2025/02/16 20:19:07.954, 72.39 W
2025/02/16 20:19:07.964, 72.69 W
2025/02/16 20:19:07.974, 72.69 W
2025/02/16 20:19:07.984, 72.69 W
2025/02/16 20:19:07.994, 72.69 W
2025/02/16 20:19:08.004, 72.69 W
2025/02/16 20:19:08.015, 72.69 W
2025/02/16 20:19:08.025, 72.69 W
2025/02/16 20:19:08.035, 72.69 W
2025/02/16 20:19:08.045, 72.69 W
2025/02/16 20:19:08.055, 72.69 W
2025/02/16 20:19:08.065, 72.69 W
2025/02/16 20:19:08.075, 72.69 W
2025/02/16 20:19:08.085, 72.69 W
2025/02/16 20:19:08.095, 72.69 W
2025/02/16 20:19:08.105, 72.69 W
2025/02/16 20:19:08.115, 72.69 W
2025/02/16 20:19:08.125, 72.69 W
2025/02/16 20:19:08.135, 72.69 W
2025/02/16 20:19:08.145, 72.69 W
2025/02/16 20:19:08.156, 72.69 W
2025/02/16 20:19:08.166, 72.69 W
2025/02/16 20:19:08.176, 72.69 W
2025/02/16 20:19:08.186, 72.69 W
2025/02/16 20:19:08.196, 72.69 W
2025/02/16 20:19:08.206, 72.69 W
2025/02/16 20:19:08.216, 72.69 W
2025/02/16 20:19:08.226, 72.69 W
2025/02/16 20:19:08.236, 72.69 W
2025/02/16 20:19:08.246, 72.69 W
2025/02/16 20:19:08.256, 72.69 W
2025/02/16 20:19:08.266, 72.69 W
2025/02/16 20:19:08.276, 72.69 W
2025/02/16 20:19:08.286, 72.39 W
2025/02/16 20:19:08.297, 72.39 W
2025/02/16 20:19:08.307, 72.39 W
2025/02/16 20:19:08.317, 72.39 W
2025/02/16 20:19:08.327, 72.39 W
2025/02/16 20:19:08.337, 72.39 W
2025/02/16 20:19:08.347, 72.39 W
2025/02/16 20:19:08.357, 72.39 W
2025/02/16 20:19:08.367, 72.39 W
2025/02/16 20:19:08.377, 72.39 W
2025/02/16 20:19:08.387, 72.39 W
2025/02/16 20:19:08.397, 72.39 W
2025/02/16 20:19:08.407, 72.39 W
2025/02/16 20:19:08.417, 72.39 W
2025/02/16 20:19:08.427, 72.39 W
2025/02/16 20:19:08.438, 72.39 W
2025/02/16 20:19:08.448, 72.39 W
2025/02/16 20:19:08.458, 72.39 W
2025/02/16 20:19:08.468, 72.39 W
2025/02/16 20:19:08.478, 72.39 W
2025/02/16 20:19:08.488, 72.39 W
2025/02/16 20:19:08.498, 72.39 W
2025/02/16 20:19:08.508, 72.39 W
2025/02/16 20:19:08.518, 72.39 W
2025/02/16 20:19:08.528, 72.39 W
2025/02/16 20:19:08.538, 72.39 W
2025/02/16 20:19:08.548, 72.39 W
2025/02/16 20:19:08.558, 72.39 W
2025/02/16 20:19:08.568, 72.39 W
2025/02/16 20:19:08.579, 72.39 W
2025/02/16 20:19:08.589, 72.39 W
2025/02/16 20:19:08.599, 72.39 W
2025/02/16 20:19:08.609, 72.39 W
2025/02/16 20:19:08.619, 72.39 W
2025/02/16 20:19:08.629, 72.39 W
2025/02/16 20:19:08.639, 72.39 W
2025/02/16 20:19:08.649, 72.39 W
2025/02/16 20:19:08.659, 72.39 W
2025/02/16 20:19:08.669, 72.39 W
2025/02/16 20:19:08.679, 72.39 W
2025/02/16 20:19:08.689, 72.39 W
2025/02/16 20:19:08.699, 72.39 W
2025/02/16 20:19:08.709, 72.39 W
2025/02/16 20:19:08.720, 72.39 W
2025/02/16 20:19:08.730, 72.39 W
2025/02/16 20:19:08.740, 72.39 W
2025/02/16 20:19:08.750, 72.39 W
2025/02/16 20:19:08.760, 72.39 W
2025/02/16 20:19:08.770, 72.39 W
2025/02/16 20:19:08.780, 72.69 W
2025/02/16 20:19:08.790, 72.69 W
2025/02/16 20:19:08.800, 72.69 W
2025/02/16 20:19:08.810, 72.69 W
2025/02/16 20:19:08.820, 72.69 W
2025/02/16 20:19:08.830, 72.69 W
2025/02/16 20:19:08.840, 72.69 W
2025/02/16 20:19:08.850, 72.69 W
2025/02/16 20:19:08.861, 72.69 W
2025/02/16 20:19:08.871, 72.69 W
2025/02/16 20:19:08.881, 72.69 W
2025/02/16 20:19:08.891, 72.69 W
2025/02/16 20:19:08.901, 72.69 W
2025/02/16 20:19:08.911, 72.69 W
2025/02/16 20:19:08.921, 72.69 W
2025/02/16 20:19:08.931, 72.69 W
2025/02/16 20:19:08.941, 72.69 W
2025/02/16 20:19:08.951, 72.69 W
2025/02/16 20:19:08.961, 72.69 W
2025/02/16 20:19:08.971, 72.69 W
2025/02/16 20:19:08.981, 72.69 W
2025/02/16 20:19:08.991, 72.69 W
2025/02/16 20:19:09.001, 72.69 W
2025/02/16 20:19:09.012, 72.69 W
2025/02/16 20:19:09.022, 72.69 W
2025/02/16 20:19:09.032, 72.69 W
2025/02/16 20:19:09.042, 72.69 W
2025/02/16 20:19:09.052, 72.69 W
2025/02/16 20:19:09.062, 72.69 W
2025/02/16 20:19:09.072, 72.69 W
2025/02/16 20:19:09.082, 72.69 W
2025/02/16 20:19:09.092, 72.69 W
2025/02/16 20:19:09.102, 72.69 W
2025/02/16 20:19:09.112, 72.39 W
2025/02/16 20:19:09.122, 72.39 W
2025/02/16 20:19:09.132, 72.39 W
2025/02/16 20:19:09.142, 72.39 W
2025/02/16 20:19:09.153, 72.39 W
2025/02/16 20:19:09.163, 72.39 W
2025/02/16 20:19:09.173, 72.39 W
2025/02/16 20:19:09.183, 72.39 W
2025/02/16 20:19:09.193, 72.39 W
2025/02/16 20:19:09.203, 72.39 W
2025/02/16 20:19:09.213, 72.39 W
2025/02/16 20:19:09.223, 72.39 W
2025/02/16 20:19:09.233, 72.39 W
2025/02/16 20:19:09.243, 72.39 W
2025/02/16 20:19:09.253, 72.39 W
2025/02/16 20:19:09.263, 72.39 W
2025/02/16 20:19:09.273, 72.39 W
2025/02/16 20:19:09.283, 72.39 W
2025/02/16 20:19:09.294, 72.39 W
2025/02/16 20:19:09.304, 72.39 W
2025/02/16 20:19:09.314, 72.69 W
2025/02/16 20:19:09.324, 72.69 W
2025/02/16 20:19:09.334, 72.69 W
2025/02/16 20:19:09.344, 72.69 W
2025/02/16 20:19:09.354, 72.69 W
2025/02/16 20:19:09.364, 72.69 W
2025/02/16 20:19:09.374, 72.69 W
2025/02/16 20:19:09.384, 72.69 W
2025/02/16 20:19:09.394, 72.39 W
2025/02/16 20:19:09.404, 72.39 W
2025/02/16 20:19:09.414, 72.39 W
2025/02/16 20:19:09.424, 72.39 W
2025/02/16 20:19:09.435, 72.39 W
2025/02/16 20:19:09.445, 72.39 W
2025/02/16 20:19:09.455, 72.39 W
2025/02/16 20:19:09.465, 72.39 W
2025/02/16 20:19:09.475, 72.39 W
2025/02/16 20:19:09.485, 72.39 W
2025/02/16 20:19:09.495, 72.39 W
2025/02/16 20:19:09.505, 72.39 W
2025/02/16 20:19:09.515, 72.39 W
2025/02/16 20:19:09.525, 72.39 W
2025/02/16 20:19:09.535, 72.39 W
2025/02/16 20:19:09.545, 72.39 W
2025/02/16 20:19:09.555, 72.39 W
2025/02/16 20:19:09.565, 72.39 W
2025/02/16 20:19:09.576, 72.39 W
2025/02/16 20:19:09.586, 72.39 W
2025/02/16 20:19:09.596, 72.39 W
2025/02/16 20:19:09.606, 72.39 W
2025/02/16 20:19:09.616, 72.69 W
2025/02/16 20:19:09.626, 72.69 W
2025/02/16 20:19:09.636, 72.69 W
2025/02/16 20:19:09.646, 72.69 W
2025/02/16 20:19:09.656, 72.69 W
2025/02/16 20:19:09.666, 72.69 W
2025/02/16 20:19:09.676, 72.69 W
2025/02/16 20:19:09.686, 72.69 W
2025/02/16 20:19:09.696, 72.69 W
2025/02/16 20:19:09.706, 72.39 W
2025/02/16 20:19:09.717, 72.39 W
2025/02/16 20:19:09.727, 72.39 W
2025/02/16 20:19:09.737, 72.39 W
2025/02/16 20:19:09.747, 72.39 W
2025/02/16 20:19:09.757, 72.39 W
2025/02/16 20:19:09.767, 72.39 W
2025/02/16 20:19:09.777, 72.39 W
2025/02/16 20:19:09.787, 72.39 W
2025/02/16 20:19:09.797, 72.39 W
2025/02/16 20:19:09.807, 72.39 W
2025/02/16 20:19:09.817, 72.39 W
2025/02/16 20:19:09.827, 72.39 W
2025/02/16 20:19:09.837, 72.39 W
2025/02/16 20:19:09.847, 72.39 W
2025/02/16 20:19:09.857, 72.39 W
2025/02/16 20:19:09.868, 72.39 W
2025/02/16 20:19:09.878, 72.39 W
2025/02/16 20:19:09.888, 72.39 W
2025/02/16 20:19:09.898, 72.39 W
2025/02/16 20:19:09.908, 72.39 W
2025/02/16 20:19:09.918, 72.39 W
2025/02/16 20:19:09.928, 72.39 W
2025/02/16 20:19:09.938, 72.39 W
2025/02/16 20:19:09.948, 72.39 W
2025/02/16 20:19:09.958, 72.39 W
2025/02/16 20:19:09.968, 72.39 W
2025/02/16 20:19:09.978, 72.39 W
2025/02/16 20:19:09.988, 72.39 W
2025/02/16 20:19:09.998, 72.39 W
2025/02/16 20:19:10.009, 72.69 W
2025/02/16 20:19:10.019, 72.69 W
2025/02/16 20:19:10.029, 72.69 W
2025/02/16 20:19:10.039, 72.69 W
2025/02/16 20:19:10.049, 72.69 W
2025/02/16 20:19:10.059, 72.69 W
2025/02/16 20:19:10.069, 72.69 W
2025/02/16 20:19:10.079, 72.69 W
2025/02/16 20:19:10.089, 72.69 W
2025/02/16 20:19:10.099, 72.69 W
2025/02/16 20:19:10.109, 72.69 W
2025/02/16 20:19:10.119, 72.69 W
2025/02/16 20:19:10.129, 72.39 W
2025/02/16 20:19:10.139, 72.39 W
2025/02/16 20:19:10.150, 72.39 W
2025/02/16 20:19:10.160, 72.39 W
2025/02/16 20:19:10.170, 72.39 W
2025/02/16 20:19:10.180, 72.39 W
2025/02/16 20:19:10.190, 72.39 W
2025/02/16 20:19:10.200, 72.39 W
2025/02/16 20:19:10.210, 72.39 W
2025/02/16 20:19:10.220, 72.39 W
2025/02/16 20:19:10.230, 72.39 W
2025/02/16 20:19:10.240, 72.39 W
2025/02/16 20:19:10.250, 72.39 W
2025/02/16 20:19:10.260, 72.39 W
2025/02/16 20:19:10.270, 72.39 W
2025/02/16 20:19:10.280, 72.39 W
2025/02/16 20:19:10.291, 72.39 W
2025/02/16 20:19:10.301, 72.39 W
2025/02/16 20:19:10.311, 72.39 W
2025/02/16 20:19:10.321, 72.39 W
2025/02/16 20:19:10.331, 72.39 W
2025/02/16 20:19:10.341, 72.39 W
2025/02/16 20:19:10.351, 72.39 W
2025/02/16 20:19:10.361, 72.39 W
2025/02/16 20:19:10.371, 72.39 W
2025/02/16 20:19:10.381, 72.39 W
2025/02/16 20:19:10.391, 72.39 W
2025/02/16 20:19:10.401, 72.39 W
2025/02/16 20:19:10.411, 72.39 W
2025/02/16 20:19:10.421, 72.69 W
2025/02/16 20:19:10.432, 72.69 W
2025/02/16 20:19:10.442, 72.69 W
2025/02/16 20:19:10.452, 72.69 W
2025/02/16 20:19:10.462, 72.69 W
2025/02/16 20:19:10.472, 72.69 W
2025/02/16 20:19:10.482, 72.69 W
2025/02/16 20:19:10.492, 72.69 W
2025/02/16 20:19:10.502, 72.69 W
2025/02/16 20:19:10.512, 72.69 W
2025/02/16 20:19:10.522, 72.69 W
2025/02/16 20:19:10.532, 72.69 W
2025/02/16 20:19:10.542, 72.39 W
2025/02/16 20:19:10.552, 72.39 W
2025/02/16 20:19:10.562, 72.39 W
2025/02/16 20:19:10.573, 72.39 W
2025/02/16 20:19:10.583, 72.39 W
2025/02/16 20:19:10.593, 72.39 W
2025/02/16 20:19:10.603, 72.39 W
2025/02/16 20:19:10.613, 72.39 W
2025/02/16 20:19:10.623, 72.39 W
2025/02/16 20:19:10.633, 72.39 W
2025/02/16 20:19:10.643, 72.39 W
2025/02/16 20:19:10.653, 72.39 W
2025/02/16 20:19:10.663, 72.39 W
2025/02/16 20:19:10.673, 72.39 W
2025/02/16 20:19:10.683, 72.39 W
2025/02/16 20:19:10.693, 72.39 W
2025/02/16 20:19:10.703, 72.39 W
2025/02/16 20:19:10.714, 72.39 W
2025/02/16 20:19:10.724, 72.69 W
2025/02/16 20:19:10.734, 72.69 W
2025/02/16 20:19:10.744, 72.69 W
2025/02/16 20:19:10.754, 72.69 W
2025/02/16 20:19:10.764, 72.69 W
2025/02/16 20:19:10.774, 72.69 W
2025/02/16 20:19:10.784, 72.69 W
2025/02/16 20:19:10.794, 72.69 W
2025/02/16 20:19:10.804, 72.69 W
2025/02/16 20:19:10.814, 72.69 W
2025/02/16 20:19:10.824, 72.69 W
2025/02/16 20:19:10.834, 72.39 W
2025/02/16 20:19:10.844, 72.39 W
2025/02/16 20:19:10.854, 72.39 W
2025/02/16 20:19:10.865, 72.39 W
2025/02/16 20:19:10.875, 72.39 W
2025/02/16 20:19:10.885, 72.39 W
2025/02/16 20:19:10.895, 72.39 W
2025/02/16 20:19:10.905, 72.39 W
2025/02/16 20:19:10.915, 72.39 W
2025/02/16 20:19:10.925, 72.39 W
2025/02/16 20:19:10.935, 72.39 W
2025/02/16 20:19:10.945, 72.39 W
2025/02/16 20:19:10.955, 72.39 W
2025/02/16 20:19:10.965, 72.39 W
2025/02/16 20:19:10.975, 72.39 W
2025/02/16 20:19:10.985, 72.39 W
2025/02/16 20:19:10.995, 72.39 W
2025/02/16 20:19:11.006, 72.39 W
2025/02/16 20:19:11.016, 72.39 W
2025/02/16 20:19:11.026, 72.39 W
2025/02/16 20:19:11.036, 72.69 W
2025/02/16 20:19:11.046, 72.69 W
2025/02/16 20:19:11.056, 72.69 W
2025/02/16 20:19:11.066, 72.69 W
2025/02/16 20:19:11.076, 72.69 W
2025/02/16 20:19:11.086, 72.69 W
2025/02/16 20:19:11.096, 72.69 W
2025/02/16 20:19:11.106, 72.69 W
2025/02/16 20:19:11.116, 72.69 W
2025/02/16 20:19:11.126, 72.69 W
2025/02/16 20:19:11.136, 72.69 W
2025/02/16 20:19:11.147, 72.69 W
2025/02/16 20:19:11.157, 72.39 W
2025/02/16 20:19:11.167, 72.39 W
2025/02/16 20:19:11.177, 72.39 W
2025/02/16 20:19:11.187, 72.39 W
2025/02/16 20:19:11.197, 72.39 W
2025/02/16 20:19:11.207, 72.39 W
2025/02/16 20:19:11.217, 72.39 W
2025/02/16 20:19:11.227, 72.39 W
2025/02/16 20:19:11.237, 72.69 W
2025/02/16 20:19:11.247, 72.69 W
2025/02/16 20:19:11.257, 72.69 W
2025/02/16 20:19:11.267, 72.69 W
2025/02/16 20:19:11.277, 72.69 W
2025/02/16 20:19:11.288, 72.69 W
2025/02/16 20:19:11.298, 72.69 W
2025/02/16 20:19:11.308, 72.69 W
2025/02/16 20:19:11.318, 72.69 W
2025/02/16 20:19:11.328, 72.69 W
2025/02/16 20:19:11.338, 72.69 W
2025/02/16 20:19:11.348, 72.69 W
2025/02/16 20:19:11.358, 72.39 W
2025/02/16 20:19:11.368, 72.39 W
2025/02/16 20:19:11.378, 72.39 W
2025/02/16 20:19:11.388, 72.39 W
2025/02/16 20:19:11.398, 72.39 W
2025/02/16 20:19:11.408, 72.39 W
2025/02/16 20:19:11.418, 72.39 W
2025/02/16 20:19:11.429, 72.39 W
2025/02/16 20:19:11.439, 72.39 W
2025/02/16 20:19:11.449, 72.69 W
2025/02/16 20:19:11.459, 72.69 W
2025/02/16 20:19:11.469, 72.69 W
2025/02/16 20:19:11.479, 72.69 W
2025/02/16 20:19:11.489, 72.69 W
2025/02/16 20:19:11.499, 72.69 W
2025/02/16 20:19:11.509, 72.69 W
2025/02/16 20:19:11.519, 72.69 W
2025/02/16 20:19:11.529, 72.69 W
2025/02/16 20:19:11.539, 72.69 W
2025/02/16 20:19:11.549, 72.39 W
2025/02/16 20:19:11.559, 72.39 W
2025/02/16 20:19:11.570, 72.39 W
2025/02/16 20:19:11.580, 72.39 W
2025/02/16 20:19:11.590, 72.39 W
2025/02/16 20:19:11.600, 72.39 W
2025/02/16 20:19:11.610, 72.39 W
2025/02/16 20:19:11.620, 72.39 W
2025/02/16 20:19:11.630, 72.39 W
2025/02/16 20:19:11.640, 72.39 W
2025/02/16 20:19:11.650, 72.39 W
2025/02/16 20:19:11.660, 72.39 W
2025/02/16 20:19:11.670, 72.39 W
2025/02/16 20:19:11.680, 72.39 W
2025/02/16 20:19:11.690, 72.39 W
2025/02/16 20:19:11.700, 72.39 W
2025/02/16 20:19:11.711, 72.39 W
2025/02/16 20:19:11.721, 72.39 W
2025/02/16 20:19:11.731, 72.39 W
2025/02/16 20:19:11.741, 72.39 W
2025/02/16 20:19:11.751, 72.39 W
2025/02/16 20:19:11.761, 72.39 W
2025/02/16 20:19:11.771, 72.69 W
2025/02/16 20:19:11.781, 72.69 W
2025/02/16 20:19:11.791, 72.69 W
2025/02/16 20:19:11.801, 72.69 W
2025/02/16 20:19:11.811, 72.69 W
2025/02/16 20:19:11.821, 72.69 W
2025/02/16 20:19:11.831, 72.69 W
2025/02/16 20:19:11.841, 72.69 W
2025/02/16 20:19:11.851, 72.39 W
2025/02/16 20:19:11.862, 72.39 W
2025/02/16 20:19:11.872, 72.39 W
2025/02/16 20:19:11.882, 72.39 W
2025/02/16 20:19:11.892, 72.39 W
2025/02/16 20:19:11.902, 72.39 W
2025/02/16 20:19:11.912, 72.39 W
2025/02/16 20:19:11.922, 72.39 W
2025/02/16 20:19:11.932, 72.39 W
2025/02/16 20:19:11.942, 72.39 W
2025/02/16 20:19:11.952, 72.39 W
2025/02/16 20:19:11.962, 72.39 W
2025/02/16 20:19:11.972, 72.39 W
2025/02/16 20:19:11.982, 72.39 W
2025/02/16 20:19:11.993, 72.39 W
2025/02/16 20:19:12.003, 72.39 W
2025/02/16 20:19:12.013, 72.39 W
2025/02/16 20:19:12.023, 72.39 W
2025/02/16 20:19:12.033, 72.39 W
2025/02/16 20:19:12.043, 72.39 W
2025/02/16 20:19:12.053, 72.69 W
2025/02/16 20:19:12.063, 72.69 W
2025/02/16 20:19:12.073, 72.69 W
2025/02/16 20:19:12.083, 72.69 W
2025/02/16 20:19:12.093, 72.69 W
2025/02/16 20:19:12.103, 72.69 W
2025/02/16 20:19:12.113, 72.69 W
2025/02/16 20:19:12.123, 72.69 W
2025/02/16 20:19:12.133, 72.69 W
2025/02/16 20:19:12.144, 72.69 W
2025/02/16 20:19:12.154, 72.69 W
2025/02/16 20:19:12.164, 72.69 W
2025/02/16 20:19:12.174, 72.69 W
2025/02/16 20:19:12.184, 72.69 W
2025/02/16 20:19:12.194, 72.69 W
2025/02/16 20:19:12.204, 72.69 W
2025/02/16 20:19:12.214, 72.69 W
2025/02/16 20:19:12.224, 72.69 W
2025/02/16 20:19:12.234, 72.69 W
2025/02/16 20:19:12.244, 72.69 W
2025/02/16 20:19:12.254, 72.69 W
2025/02/16 20:19:12.264, 72.39 W
2025/02/16 20:19:12.274, 72.39 W
2025/02/16 20:19:12.285, 72.39 W
2025/02/16 20:19:12.295, 72.39 W
2025/02/16 20:19:12.305, 72.39 W
2025/02/16 20:19:12.315, 72.39 W
2025/02/16 20:19:12.325, 72.39 W
2025/02/16 20:19:12.335, 72.39 W
2025/02/16 20:19:12.345, 72.39 W
2025/02/16 20:19:12.355, 72.39 W
2025/02/16 20:19:12.365, 72.39 W
2025/02/16 20:19:12.375, 72.39 W
2025/02/16 20:19:12.385, 72.39 W
2025/02/16 20:19:12.395, 72.39 W
2025/02/16 20:19:12.405, 72.39 W
2025/02/16 20:19:12.415, 72.39 W
2025/02/16 20:19:12.426, 72.39 W
2025/02/16 20:19:12.436, 72.39 W
2025/02/16 20:19:12.446, 72.39 W
2025/02/16 20:19:12.456, 72.39 W
2025/02/16 20:19:12.466, 72.39 W
2025/02/16 20:19:12.476, 72.39 W
2025/02/16 20:19:12.486, 72.39 W
2025/02/16 20:19:12.496, 72.39 W
2025/02/16 20:19:12.506, 72.39 W
2025/02/16 20:19:12.516, 72.39 W
2025/02/16 20:19:12.526, 72.39 W
2025/02/16 20:19:12.536, 72.39 W
2025/02/16 20:19:12.546, 72.39 W
2025/02/16 20:19:12.556, 72.39 W
2025/02/16 20:19:12.567, 72.39 W
2025/02/16 20:19:12.577, 72.39 W
2025/02/16 20:19:12.587, 72.39 W
2025/02/16 20:19:12.597, 72.39 W
2025/02/16 20:19:12.607, 72.39 W
2025/02/16 20:19:12.617, 72.39 W
2025/02/16 20:19:12.627, 72.39 W
2025/02/16 20:19:12.637, 72.39 W
2025/02/16 20:19:12.647, 72.39 W
2025/02/16 20:19:12.657, 72.39 W
2025/02/16 20:19:12.667, 72.39 W
2025/02/16 20:19:12.677, 72.39 W
2025/02/16 20:19:12.687, 72.39 W
2025/02/16 20:19:12.698, 72.39 W
2025/02/16 20:19:12.708, 72.39 W
2025/02/16 20:19:12.718, 72.39 W
2025/02/16 20:19:12.728, 72.39 W
2025/02/16 20:19:12.738, 72.39 W
2025/02/16 20:19:12.748, 72.39 W
2025/02/16 20:19:12.758, 72.39 W
2025/02/16 20:19:12.768, 72.39 W
2025/02/16 20:19:12.778, 72.39 W
2025/02/16 20:19:12.788, 72.39 W
2025/02/16 20:19:12.798, 72.39 W
2025/02/16 20:19:12.808, 72.39 W
2025/02/16 20:19:12.818, 72.39 W
2025/02/16 20:19:12.828, 72.39 W
2025/02/16 20:19:12.839, 72.39 W
2025/02/16 20:19:12.849, 72.39 W
2025/02/16 20:19:12.859, 72.39 W
2025/02/16 20:19:12.869, 72.39 W
2025/02/16 20:19:12.879, 72.39 W
2025/02/16 20:19:12.889, 72.39 W
2025/02/16 20:19:12.899, 72.39 W
2025/02/16 20:19:12.909, 72.39 W
2025/02/16 20:19:12.919, 72.39 W
2025/02/16 20:19:12.929, 72.39 W
2025/02/16 20:19:12.939, 72.39 W
2025/02/16 20:19:12.949, 72.39 W
2025/02/16 20:19:12.959, 72.39 W
2025/02/16 20:19:12.969, 72.39 W
2025/02/16 20:19:12.980, 72.39 W
2025/02/16 20:19:12.990, 72.39 W
2025/02/16 20:19:13.000, 72.39 W
2025/02/16 20:19:13.010, 72.39 W
2025/02/16 20:19:13.020, 72.39 W
2025/02/16 20:19:13.030, 72.39 W
2025/02/16 20:19:13.040, 72.39 W
2025/02/16 20:19:13.050, 72.39 W
2025/02/16 20:19:13.060, 72.39 W
2025/02/16 20:19:13.070, 72.39 W
2025/02/16 20:19:13.080, 72.69 W
2025/02/16 20:19:13.090, 72.69 W
2025/02/16 20:19:13.100, 72.69 W
2025/02/16 20:19:13.110, 72.69 W
2025/02/16 20:19:13.121, 72.69 W
2025/02/16 20:19:13.131, 72.69 W
2025/02/16 20:19:13.141, 72.69 W
2025/02/16 20:19:13.151, 72.69 W
2025/02/16 20:19:13.161, 72.69 W
2025/02/16 20:19:13.171, 72.69 W
2025/02/16 20:19:13.181, 72.69 W
2025/02/16 20:19:13.191, 72.69 W
2025/02/16 20:19:13.201, 72.39 W
2025/02/16 20:19:13.211, 72.39 W
2025/02/16 20:19:13.221, 72.39 W
2025/02/16 20:19:13.231, 72.39 W
2025/02/16 20:19:13.241, 72.39 W
2025/02/16 20:19:13.252, 72.39 W
2025/02/16 20:19:13.262, 72.39 W
2025/02/16 20:19:13.272, 72.39 W
2025/02/16 20:19:13.282, 72.39 W
2025/02/16 20:19:13.292, 72.39 W
2025/02/16 20:19:13.302, 72.39 W
2025/02/16 20:19:13.312, 72.39 W
2025/02/16 20:19:13.322, 72.39 W
2025/02/16 20:19:13.332, 72.39 W
2025/02/16 20:19:13.342, 72.39 W
2025/02/16 20:19:13.352, 72.39 W
2025/02/16 20:19:13.362, 72.39 W
2025/02/16 20:19:13.372, 72.39 W
2025/02/16 20:19:13.382, 72.39 W
2025/02/16 20:19:13.393, 72.39 W
2025/02/16 20:19:13.403, 72.39 W
2025/02/16 20:19:13.413, 72.15 W
2025/02/16 20:19:13.423, 72.15 W
2025/02/16 20:19:13.433, 72.15 W
2025/02/16 20:19:13.443, 72.15 W
2025/02/16 20:19:13.453, 72.15 W
2025/02/16 20:19:13.463, 72.15 W
2025/02/16 20:19:13.473, 72.15 W
2025/02/16 20:19:13.483, 72.15 W
2025/02/16 20:19:13.493, 72.15 W
2025/02/16 20:19:13.503, 72.15 W
2025/02/16 20:19:13.513, 72.15 W
2025/02/16 20:19:13.523, 72.15 W
2025/02/16 20:19:13.534, 72.15 W
2025/02/16 20:19:13.544, 72.15 W
2025/02/16 20:19:13.554, 72.15 W
2025/02/16 20:19:13.564, 72.15 W
2025/02/16 20:19:13.574, 72.15 W
2025/02/16 20:19:13.584, 72.15 W
2025/02/16 20:19:13.594, 72.39 W
2025/02/16 20:19:13.604, 72.39 W
2025/02/16 20:19:13.614, 72.39 W
2025/02/16 20:19:13.624, 72.39 W
2025/02/16 20:19:13.634, 72.39 W
2025/02/16 20:19:13.644, 72.39 W
2025/02/16 20:19:13.655, 72.39 W
2025/02/16 20:19:13.665, 72.39 W
2025/02/16 20:19:13.675, 72.39 W
2025/02/16 20:19:13.685, 72.39 W
2025/02/16 20:19:13.695, 72.69 W
2025/02/16 20:19:13.705, 72.69 W
2025/02/16 20:19:13.715, 72.69 W
2025/02/16 20:19:13.725, 72.69 W
2025/02/16 20:19:13.735, 72.69 W
2025/02/16 20:19:13.745, 72.69 W
2025/02/16 20:19:13.755, 72.69 W
2025/02/16 20:19:13.765, 72.69 W
2025/02/16 20:19:13.775, 72.69 W
2025/02/16 20:19:13.785, 72.69 W
2025/02/16 20:19:13.796, 72.69 W
2025/02/16 20:19:13.806, 72.69 W
2025/02/16 20:19:13.816, 72.39 W
2025/02/16 20:19:13.826, 72.39 W
2025/02/16 20:19:13.836, 72.39 W
2025/02/16 20:19:13.846, 72.39 W
2025/02/16 20:19:13.856, 72.39 W
2025/02/16 20:19:13.866, 72.39 W
2025/02/16 20:19:13.876, 72.39 W
2025/02/16 20:19:13.886, 72.39 W
2025/02/16 20:19:13.896, 72.39 W
2025/02/16 20:19:13.906, 72.39 W
2025/02/16 20:19:13.916, 72.39 W
2025/02/16 20:19:13.926, 72.39 W
2025/02/16 20:19:13.937, 72.39 W
2025/02/16 20:19:13.947, 72.39 W
2025/02/16 20:19:13.957, 72.39 W
2025/02/16 20:19:13.967, 72.39 W
2025/02/16 20:19:13.977, 72.39 W
2025/02/16 20:19:13.987, 72.39 W
2025/02/16 20:19:13.997, 72.39 W
2025/02/16 20:19:14.007, 72.39 W
2025/02/16 20:19:14.017, 72.39 W
2025/02/16 20:19:14.027, 72.39 W
2025/02/16 20:19:14.037, 72.39 W
2025/02/16 20:19:14.047, 72.39 W
2025/02/16 20:19:14.057, 72.39 W
2025/02/16 20:19:14.067, 72.39 W
2025/02/16 20:19:14.078, 72.39 W
2025/02/16 20:19:14.088, 72.39 W
2025/02/16 20:19:14.098, 72.39 W
2025/02/16 20:19:14.108, 72.39 W
2025/02/16 20:19:14.118, 72.39 W
2025/02/16 20:19:14.128, 72.39 W
2025/02/16 20:19:14.138, 72.39 W
2025/02/16 20:19:14.148, 72.39 W
2025/02/16 20:19:14.158, 72.39 W
2025/02/16 20:19:14.168, 72.39 W
2025/02/16 20:19:14.178, 72.39 W
2025/02/16 20:19:14.188, 72.39 W
2025/02/16 20:19:14.198, 72.39 W
2025/02/16 20:19:14.208, 72.39 W
2025/02/16 20:19:14.218, 72.39 W
2025/02/16 20:19:14.229, 72.39 W
2025/02/16 20:19:14.239, 72.39 W
2025/02/16 20:19:14.249, 72.39 W
2025/02/16 20:19:14.259, 72.39 W
2025/02/16 20:19:14.269, 72.39 W
2025/02/16 20:19:14.279, 72.39 W
2025/02/16 20:19:14.289, 72.39 W
2025/02/16 20:19:14.299, 72.39 W
2025/02/16 20:19:14.309, 72.39 W
2025/02/16 20:19:14.319, 72.39 W
2025/02/16 20:19:14.329, 72.39 W
2025/02/16 20:19:14.339, 72.39 W
2025/02/16 20:19:14.349, 72.39 W
2025/02/16 20:19:14.359, 72.39 W
2025/02/16 20:19:14.370, 72.39 W
2025/02/16 20:19:14.380, 72.39 W
2025/02/16 20:19:14.390, 72.39 W
2025/02/16 20:19:14.400, 72.39 W
2025/02/16 20:19:14.410, 72.39 W
2025/02/16 20:19:14.420, 72.39 W
2025/02/16 20:19:14.430, 72.93 W
2025/02/16 20:19:14.440, 72.93 W
2025/02/16 20:19:14.450, 72.93 W
2025/02/16 20:19:14.460, 72.93 W
2025/02/16 20:19:14.470, 72.93 W
2025/02/16 20:19:14.480, 72.93 W
2025/02/16 20:19:14.490, 72.93 W
2025/02/16 20:19:14.500, 72.93 W
2025/02/16 20:19:14.511, 72.93 W
2025/02/16 20:19:14.521, 72.39 W
2025/02/16 20:19:14.531, 72.39 W
2025/02/16 20:19:14.541, 72.39 W
2025/02/16 20:19:14.551, 72.39 W
2025/02/16 20:19:14.561, 72.39 W
2025/02/16 20:19:14.571, 72.39 W
2025/02/16 20:19:14.581, 72.39 W
2025/02/16 20:19:14.591, 72.39 W
2025/02/16 20:19:14.601, 72.39 W
2025/02/16 20:19:14.611, 72.39 W
2025/02/16 20:19:14.621, 72.69 W
2025/02/16 20:19:14.631, 72.69 W
2025/02/16 20:19:14.641, 72.69 W
2025/02/16 20:19:14.652, 72.69 W
2025/02/16 20:19:14.662, 72.69 W
2025/02/16 20:19:14.672, 72.69 W
2025/02/16 20:19:14.682, 72.69 W
2025/02/16 20:19:14.692, 72.69 W
2025/02/16 20:19:14.702, 72.69 W
2025/02/16 20:19:14.712, 72.69 W
2025/02/16 20:19:14.722, 72.69 W
2025/02/16 20:19:14.732, 72.69 W
2025/02/16 20:19:14.742, 72.69 W
2025/02/16 20:19:14.752, 72.69 W
2025/02/16 20:19:14.762, 72.69 W
2025/02/16 20:19:14.772, 72.69 W
2025/02/16 20:19:14.782, 72.69 W
2025/02/16 20:19:14.793, 72.69 W
2025/02/16 20:19:14.803, 72.69 W
2025/02/16 20:19:14.813, 72.69 W
2025/02/16 20:19:14.823, 72.69 W
2025/02/16 20:19:14.833, 72.69 W
2025/02/16 20:19:14.843, 72.69 W
2025/02/16 20:19:14.853, 72.69 W
2025/02/16 20:19:14.863, 72.69 W
2025/02/16 20:19:14.873, 72.69 W
2025/02/16 20:19:14.883, 72.69 W
2025/02/16 20:19:14.893, 72.69 W
2025/02/16 20:19:14.903, 72.69 W
2025/02/16 20:19:14.913, 72.69 W
2025/02/16 20:19:14.923, 72.39 W
2025/02/16 20:19:14.934, 72.39 W
2025/02/16 20:19:14.944, 72.39 W
2025/02/16 20:19:14.954, 72.39 W
2025/02/16 20:19:14.964, 72.39 W
2025/02/16 20:19:14.974, 72.39 W
2025/02/16 20:19:14.984, 72.39 W
2025/02/16 20:19:14.994, 72.39 W
2025/02/16 20:19:15.004, 72.39 W
2025/02/16 20:19:15.014, 72.39 W
2025/02/16 20:19:15.024, 72.39 W
2025/02/16 20:19:15.034, 72.39 W
2025/02/16 20:19:15.044, 72.39 W
2025/02/16 20:19:15.054, 72.39 W
2025/02/16 20:19:15.064, 72.39 W
2025/02/16 20:19:15.075, 72.39 W
2025/02/16 20:19:15.085, 72.39 W
2025/02/16 20:19:15.095, 72.39 W
2025/02/16 20:19:15.105, 72.39 W
2025/02/16 20:19:15.115, 72.39 W
2025/02/16 20:19:15.125, 72.69 W
2025/02/16 20:19:15.135, 72.69 W
2025/02/16 20:19:15.145, 72.69 W
2025/02/16 20:19:15.155, 72.69 W
2025/02/16 20:19:15.165, 72.69 W
2025/02/16 20:19:15.175, 72.69 W
2025/02/16 20:19:15.185, 72.69 W
2025/02/16 20:19:15.195, 72.69 W
2025/02/16 20:19:15.205, 72.69 W
2025/02/16 20:19:15.216, 72.69 W
2025/02/16 20:19:15.226, 72.69 W
2025/02/16 20:19:15.236, 72.69 W
2025/02/16 20:19:15.246, 72.39 W
2025/02/16 20:19:15.256, 72.39 W
2025/02/16 20:19:15.266, 72.39 W
2025/02/16 20:19:15.276, 72.39 W
2025/02/16 20:19:15.286, 72.39 W
2025/02/16 20:19:15.296, 72.39 W
2025/02/16 20:19:15.306, 72.39 W
2025/02/16 20:19:15.316, 72.39 W
2025/02/16 20:19:15.326, 72.39 W
2025/02/16 20:19:15.336, 72.39 W
2025/02/16 20:19:15.346, 72.39 W
2025/02/16 20:19:15.356, 72.39 W
2025/02/16 20:19:15.367, 72.39 W
2025/02/16 20:19:15.377, 72.39 W
2025/02/16 20:19:15.387, 72.39 W
2025/02/16 20:19:15.397, 72.39 W
2025/02/16 20:19:15.407, 72.39 W
2025/02/16 20:19:15.417, 72.39 W
2025/02/16 20:19:15.427, 72.39 W
2025/02/16 20:19:15.437, 72.39 W
2025/02/16 20:19:15.447, 72.39 W
2025/02/16 20:19:15.457, 72.69 W
2025/02/16 20:19:15.467, 72.69 W
2025/02/16 20:19:15.477, 72.69 W
2025/02/16 20:19:15.487, 72.69 W
2025/02/16 20:19:15.498, 72.69 W
2025/02/16 20:19:15.508, 72.69 W
2025/02/16 20:19:15.518, 72.69 W
2025/02/16 20:19:15.528, 72.69 W
2025/02/16 20:19:15.538, 72.69 W
2025/02/16 20:19:15.548, 72.69 W
2025/02/16 20:19:15.558, 72.69 W
2025/02/16 20:19:15.568, 72.69 W
2025/02/16 20:19:15.578, 72.69 W
2025/02/16 20:19:15.588, 72.69 W
2025/02/16 20:19:15.598, 72.69 W
2025/02/16 20:19:15.608, 72.69 W
2025/02/16 20:19:15.618, 72.69 W
2025/02/16 20:19:15.628, 72.69 W
2025/02/16 20:19:15.638, 72.39 W
2025/02/16 20:19:15.649, 72.39 W
2025/02/16 20:19:15.659, 72.39 W
2025/02/16 20:19:15.669, 72.39 W
2025/02/16 20:19:15.679, 72.39 W
2025/02/16 20:19:15.689, 72.39 W
2025/02/16 20:19:15.699, 72.39 W
2025/02/16 20:19:15.709, 72.39 W
2025/02/16 20:19:15.719, 72.39 W
2025/02/16 20:19:15.729, 72.39 W
2025/02/16 20:19:15.739, 72.69 W
2025/02/16 20:19:15.749, 72.69 W
2025/02/16 20:19:15.759, 72.69 W
2025/02/16 20:19:15.769, 72.69 W
2025/02/16 20:19:15.779, 72.69 W
2025/02/16 20:19:15.790, 72.69 W
2025/02/16 20:19:15.800, 72.69 W
2025/02/16 20:19:15.810, 72.69 W
2025/02/16 20:19:15.820, 72.69 W
2025/02/16 20:19:15.830, 72.69 W
2025/02/16 20:19:15.840, 72.69 W
2025/02/16 20:19:15.850, 72.69 W
2025/02/16 20:19:15.860, 72.69 W
2025/02/16 20:19:15.870, 72.69 W
2025/02/16 20:19:15.880, 72.69 W
2025/02/16 20:19:15.890, 72.69 W
2025/02/16 20:19:15.900, 72.69 W
2025/02/16 20:19:15.910, 72.69 W
2025/02/16 20:19:15.920, 72.69 W
2025/02/16 20:19:15.931, 72.69 W
2025/02/16 20:19:15.941, 72.69 W
2025/02/16 20:19:15.951, 72.69 W
2025/02/16 20:19:15.961, 72.69 W
2025/02/16 20:19:15.971, 72.69 W
2025/02/16 20:19:15.981, 72.69 W
2025/02/16 20:19:15.991, 72.69 W
2025/02/16 20:19:16.001, 72.69 W
2025/02/16 20:19:16.011, 72.69 W
2025/02/16 20:19:16.021, 72.69 W
2025/02/16 20:19:16.031, 72.69 W
2025/02/16 20:19:16.041, 72.69 W
2025/02/16 20:19:16.051, 72.69 W
2025/02/16 20:19:16.061, 72.69 W
2025/02/16 20:19:16.072, 72.69 W
2025/02/16 20:19:16.082, 72.69 W
2025/02/16 20:19:16.092, 72.69 W
2025/02/16 20:19:16.102, 72.69 W
2025/02/16 20:19:16.112, 72.69 W
2025/02/16 20:19:16.122, 72.69 W
2025/02/16 20:19:16.132, 72.69 W
2025/02/16 20:19:16.142, 72.69 W
2025/02/16 20:19:16.152, 72.69 W
2025/02/16 20:19:16.162, 72.69 W
2025/02/16 20:19:16.172, 72.69 W
2025/02/16 20:19:16.182, 72.69 W
2025/02/16 20:19:16.192, 72.69 W
2025/02/16 20:19:16.202, 72.69 W
2025/02/16 20:19:16.213, 72.69 W
2025/02/16 20:19:16.223, 72.69 W
2025/02/16 20:19:16.233, 72.69 W
2025/02/16 20:19:16.243, 72.69 W
2025/02/16 20:19:16.253, 72.69 W
2025/02/16 20:19:16.263, 72.69 W
2025/02/16 20:19:16.273, 72.69 W
2025/02/16 20:19:16.283, 72.69 W
2025/02/16 20:19:16.293, 72.69 W
2025/02/16 20:19:16.303, 72.69 W
2025/02/16 20:19:16.313, 72.69 W
2025/02/16 20:19:16.323, 72.69 W
2025/02/16 20:19:16.333, 72.69 W
2025/02/16 20:19:16.343, 72.69 W
2025/02/16 20:19:16.354, 72.69 W
2025/02/16 20:19:16.364, 72.69 W
2025/02/16 20:19:16.374, 72.69 W
2025/02/16 20:19:16.384, 72.69 W
2025/02/16 20:19:16.394, 72.69 W
2025/02/16 20:19:16.404, 72.69 W
2025/02/16 20:19:16.414, 72.69 W
2025/02/16 20:19:16.424, 72.69 W
2025/02/16 20:19:16.434, 72.69 W
2025/02/16 20:19:16.444, 72.69 W
2025/02/16 20:19:16.454, 72.69 W
2025/02/16 20:19:16.464, 72.69 W
2025/02/16 20:19:16.474, 72.69 W
2025/02/16 20:19:16.484, 72.69 W
2025/02/16 20:19:16.494, 72.69 W
2025/02/16 20:19:16.505, 72.69 W
2025/02/16 20:19:16.515, 72.69 W
2025/02/16 20:19:16.525, 72.69 W
2025/02/16 20:19:16.535, 72.69 W
2025/02/16 20:19:16.545, 72.69 W
2025/02/16 20:19:16.555, 72.69 W
2025/02/16 20:19:16.565, 72.69 W
2025/02/16 20:19:16.575, 72.69 W
2025/02/16 20:19:16.585, 72.69 W
2025/02/16 20:19:16.595, 72.69 W
2025/02/16 20:19:16.605, 72.69 W
2025/02/16 20:19:16.615, 72.69 W
2025/02/16 20:19:16.625, 72.69 W
2025/02/16 20:19:16.635, 72.69 W
2025/02/16 20:19:16.646, 72.69 W
2025/02/16 20:19:16.656, 72.69 W
2025/02/16 20:19:16.666, 72.39 W
2025/02/16 20:19:16.676, 72.39 W
2025/02/16 20:19:16.686, 72.39 W
2025/02/16 20:19:16.696, 72.39 W
2025/02/16 20:19:16.706, 72.39 W
2025/02/16 20:19:16.716, 72.39 W
2025/02/16 20:19:16.726, 72.39 W
2025/02/16 20:19:16.736, 72.39 W
2025/02/16 20:19:16.746, 72.39 W
2025/02/16 20:19:16.756, 72.39 W
2025/02/16 20:19:16.766, 72.69 W
2025/02/16 20:19:16.776, 72.69 W
2025/02/16 20:19:16.787, 72.69 W
2025/02/16 20:19:16.797, 72.69 W
2025/02/16 20:19:16.807, 72.69 W
2025/02/16 20:19:16.817, 72.69 W
2025/02/16 20:19:16.827, 72.69 W
2025/02/16 20:19:16.837, 72.69 W
2025/02/16 20:19:16.847, 72.69 W
2025/02/16 20:19:16.857, 72.69 W
2025/02/16 20:19:16.867, 72.69 W
2025/02/16 20:19:16.877, 72.69 W
2025/02/16 20:19:16.887, 72.69 W
2025/02/16 20:19:16.897, 72.69 W
2025/02/16 20:19:16.907, 72.69 W
2025/02/16 20:19:16.917, 72.69 W
2025/02/16 20:19:16.927, 72.69 W
2025/02/16 20:19:16.938, 72.69 W
2025/02/16 20:19:16.948, 72.69 W
2025/02/16 20:19:16.958, 72.69 W
2025/02/16 20:19:16.968, 72.69 W
2025/02/16 20:19:16.978, 72.69 W
2025/02/16 20:19:16.988, 72.69 W
2025/02/16 20:19:16.998, 72.69 W
2025/02/16 20:19:17.008, 72.69 W
2025/02/16 20:19:17.018, 72.69 W
2025/02/16 20:19:17.028, 72.69 W
2025/02/16 20:19:17.038, 72.69 W
2025/02/16 20:19:17.048, 72.69 W
2025/02/16 20:19:17.058, 72.69 W
2025/02/16 20:19:17.068, 72.69 W
2025/02/16 20:19:17.079, 72.69 W
2025/02/16 20:19:17.089, 72.69 W
2025/02/16 20:19:17.099, 72.69 W
2025/02/16 20:19:17.109, 72.69 W
2025/02/16 20:19:17.119, 72.69 W
2025/02/16 20:19:17.129, 72.69 W
2025/02/16 20:19:17.139, 72.69 W
2025/02/16 20:19:17.149, 72.69 W
2025/02/16 20:19:17.159, 72.69 W
2025/02/16 20:19:17.169, 72.69 W
2025/02/16 20:19:17.179, 72.69 W
2025/02/16 20:19:17.189, 72.69 W
2025/02/16 20:19:17.199, 72.69 W
2025/02/16 20:19:17.209, 72.69 W
2025/02/16 20:19:17.220, 72.69 W
2025/02/16 20:19:17.230, 72.69 W
2025/02/16 20:19:17.240, 72.69 W
2025/02/16 20:19:17.250, 72.69 W
2025/02/16 20:19:17.260, 72.69 W
2025/02/16 20:19:17.270, 72.69 W
2025/02/16 20:19:17.280, 72.69 W
2025/02/16 20:19:17.290, 72.69 W
2025/02/16 20:19:17.300, 72.69 W
2025/02/16 20:19:17.310, 72.69 W
2025/02/16 20:19:17.320, 72.69 W
2025/02/16 20:19:17.330, 72.69 W
2025/02/16 20:19:17.340, 72.69 W
2025/02/16 20:19:17.350, 72.69 W
2025/02/16 20:19:17.361, 72.69 W
2025/02/16 20:19:17.371, 72.69 W
2025/02/16 20:19:17.381, 72.69 W
2025/02/16 20:19:17.391, 72.69 W
2025/02/16 20:19:17.401, 72.69 W
2025/02/16 20:19:17.411, 72.69 W
2025/02/16 20:19:17.421, 72.69 W
2025/02/16 20:19:17.431, 72.69 W
2025/02/16 20:19:17.441, 72.69 W
2025/02/16 20:19:17.451, 72.69 W
2025/02/16 20:19:17.461, 72.69 W
2025/02/16 20:19:17.471, 72.69 W
2025/02/16 20:19:17.481, 72.69 W
2025/02/16 20:19:17.491, 72.69 W
2025/02/16 20:19:17.501, 72.69 W
2025/02/16 20:19:17.512, 72.69 W
2025/02/16 20:19:17.522, 72.69 W
2025/02/16 20:19:17.532, 72.69 W
2025/02/16 20:19:17.542, 72.69 W
2025/02/16 20:19:17.552, 72.69 W
2025/02/16 20:19:17.562, 72.69 W
2025/02/16 20:19:17.572, 72.69 W
2025/02/16 20:19:17.582, 72.69 W
2025/02/16 20:19:17.592, 72.69 W
2025/02/16 20:19:17.602, 72.69 W
2025/02/16 20:19:17.612, 72.69 W
2025/02/16 20:19:17.622, 72.69 W
2025/02/16 20:19:17.632, 72.69 W
2025/02/16 20:19:17.642, 72.69 W
2025/02/16 20:19:17.653, 72.69 W
2025/02/16 20:19:17.663, 72.69 W
2025/02/16 20:19:17.673, 72.69 W
2025/02/16 20:19:17.683, 72.69 W
2025/02/16 20:19:17.693, 72.69 W
2025/02/16 20:19:17.703, 72.69 W
2025/02/16 20:19:17.713, 72.69 W
2025/02/16 20:19:17.723, 72.69 W
2025/02/16 20:19:17.733, 72.69 W
2025/02/16 20:19:17.743, 72.69 W
2025/02/16 20:19:17.753, 72.69 W
2025/02/16 20:19:17.763, 72.69 W
2025/02/16 20:19:17.773, 72.69 W
2025/02/16 20:19:17.783, 72.69 W
2025/02/16 20:19:17.793, 72.69 W
2025/02/16 20:19:17.804, 72.69 W
2025/02/16 20:19:17.814, 72.39 W
2025/02/16 20:19:17.824, 72.39 W
2025/02/16 20:19:17.834, 72.39 W
2025/02/16 20:19:17.844, 72.39 W
2025/02/16 20:19:17.854, 72.39 W
2025/02/16 20:19:17.864, 72.39 W
2025/02/16 20:19:17.874, 72.39 W
2025/02/16 20:19:17.884, 72.39 W
2025/02/16 20:19:17.894, 72.69 W
2025/02/16 20:19:17.904, 72.69 W
2025/02/16 20:19:17.914, 72.69 W
2025/02/16 20:19:17.924, 72.69 W
2025/02/16 20:19:17.934, 72.69 W
2025/02/16 20:19:17.945, 72.69 W
2025/02/16 20:19:17.955, 72.69 W
2025/02/16 20:19:17.965, 72.69 W
2025/02/16 20:19:17.975, 72.69 W
2025/02/16 20:19:17.985, 72.69 W
2025/02/16 20:19:17.995, 72.39 W
2025/02/16 20:19:18.005, 72.39 W
2025/02/16 20:19:18.015, 72.39 W
2025/02/16 20:19:18.025, 72.39 W
2025/02/16 20:19:18.035, 72.39 W
2025/02/16 20:19:18.045, 72.39 W
2025/02/16 20:19:18.055, 72.39 W
2025/02/16 20:19:18.065, 72.39 W
2025/02/16 20:19:18.076, 72.39 W
2025/02/16 20:19:18.086, 72.39 W
2025/02/16 20:19:18.096, 72.39 W
2025/02/16 20:19:18.106, 72.39 W
2025/02/16 20:19:18.116, 72.39 W
2025/02/16 20:19:18.126, 72.39 W
2025/02/16 20:19:18.136, 72.39 W
2025/02/16 20:19:18.146, 72.39 W
2025/02/16 20:19:18.156, 72.39 W
2025/02/16 20:19:18.166, 72.39 W
2025/02/16 20:19:18.176, 72.39 W
2025/02/16 20:19:18.186, 72.39 W
2025/02/16 20:19:18.196, 72.69 W
2025/02/16 20:19:18.206, 72.69 W
2025/02/16 20:19:18.216, 72.69 W
2025/02/16 20:19:18.227, 72.69 W
2025/02/16 20:19:18.237, 72.69 W
2025/02/16 20:19:18.247, 72.69 W
2025/02/16 20:19:18.257, 72.69 W
2025/02/16 20:19:18.267, 72.69 W
2025/02/16 20:19:18.277, 72.69 W
2025/02/16 20:19:18.287, 72.69 W
2025/02/16 20:19:18.297, 72.69 W
2025/02/16 20:19:18.307, 72.69 W
2025/02/16 20:19:18.317, 72.69 W
2025/02/16 20:19:18.327, 72.69 W
2025/02/16 20:19:18.337, 72.69 W
2025/02/16 20:19:18.347, 72.69 W
2025/02/16 20:19:18.357, 72.69 W
2025/02/16 20:19:18.367, 72.69 W
2025/02/16 20:19:18.377, 72.69 W
2025/02/16 20:19:18.388, 72.69 W
2025/02/16 20:19:18.398, 72.69 W
2025/02/16 20:19:18.408, 72.69 W
2025/02/16 20:19:18.418, 72.69 W
2025/02/16 20:19:18.428, 72.69 W
2025/02/16 20:19:18.438, 72.69 W
2025/02/16 20:19:18.448, 72.69 W
2025/02/16 20:19:18.458, 72.69 W
2025/02/16 20:19:18.468, 72.69 W
2025/02/16 20:19:18.478, 72.69 W
2025/02/16 20:19:18.488, 72.69 W
2025/02/16 20:19:18.498, 72.69 W
2025/02/16 20:19:18.508, 72.69 W
2025/02/16 20:19:18.518, 72.69 W
2025/02/16 20:19:18.528, 72.69 W
2025/02/16 20:19:18.539, 72.69 W
2025/02/16 20:19:18.549, 72.69 W
2025/02/16 20:19:18.559, 72.69 W
2025/02/16 20:19:18.569, 72.69 W
2025/02/16 20:19:18.579, 72.69 W
2025/02/16 20:19:18.589, 72.69 W
2025/02/16 20:19:18.599, 72.69 W
2025/02/16 20:19:18.609, 72.69 W
2025/02/16 20:19:18.619, 72.69 W
2025/02/16 20:19:18.629, 72.69 W
2025/02/16 20:19:18.639, 72.69 W
2025/02/16 20:19:18.649, 72.69 W
2025/02/16 20:19:18.659, 72.69 W
2025/02/16 20:19:18.669, 72.69 W
2025/02/16 20:19:18.679, 72.69 W
2025/02/16 20:19:18.689, 72.69 W
2025/02/16 20:19:18.700, 72.69 W
2025/02/16 20:19:18.710, 72.69 W
2025/02/16 20:19:18.720, 72.69 W
2025/02/16 20:19:18.730, 72.69 W
2025/02/16 20:19:18.740, 72.69 W
2025/02/16 20:19:18.750, 72.69 W
2025/02/16 20:19:18.760, 72.69 W
2025/02/16 20:19:18.770, 72.69 W
2025/02/16 20:19:18.780, 72.69 W
2025/02/16 20:19:18.790, 72.69 W
2025/02/16 20:19:18.800, 72.69 W
2025/02/16 20:19:18.810, 72.69 W
2025/02/16 20:19:18.820, 72.69 W
2025/02/16 20:19:18.830, 72.69 W
2025/02/16 20:19:18.840, 72.69 W
2025/02/16 20:19:18.851, 72.69 W
2025/02/16 20:19:18.861, 72.69 W
2025/02/16 20:19:18.871, 72.69 W
2025/02/16 20:19:18.881, 72.69 W
2025/02/16 20:19:18.891, 72.69 W
2025/02/16 20:19:18.901, 72.69 W
2025/02/16 20:19:18.911, 72.69 W
2025/02/16 20:19:18.921, 72.69 W
2025/02/16 20:19:18.931, 72.69 W
2025/02/16 20:19:18.941, 72.69 W
2025/02/16 20:19:18.951, 72.69 W
2025/02/16 20:19:18.961, 72.69 W
2025/02/16 20:19:18.971, 72.69 W
2025/02/16 20:19:18.981, 72.69 W
2025/02/16 20:19:18.991, 72.69 W
2025/02/16 20:19:19.001, 72.69 W
2025/02/16 20:19:19.012, 72.69 W
2025/02/16 20:19:19.022, 72.69 W
2025/02/16 20:19:19.032, 72.69 W
2025/02/16 20:19:19.042, 72.69 W
2025/02/16 20:19:19.052, 72.69 W
2025/02/16 20:19:19.062, 72.69 W
2025/02/16 20:19:19.072, 72.69 W
2025/02/16 20:19:19.082, 72.69 W
2025/02/16 20:19:19.092, 72.69 W
2025/02/16 20:19:19.102, 72.69 W
2025/02/16 20:19:19.112, 72.69 W
2025/02/16 20:19:19.122, 72.69 W
2025/02/16 20:19:19.132, 72.69 W
2025/02/16 20:19:19.142, 72.69 W
2025/02/16 20:19:19.152, 72.69 W
2025/02/16 20:19:19.163, 72.69 W
2025/02/16 20:19:19.173, 72.69 W
2025/02/16 20:19:19.183, 72.69 W
2025/02/16 20:19:19.193, 72.69 W
2025/02/16 20:19:19.203, 72.69 W
2025/02/16 20:19:19.213, 72.69 W
2025/02/16 20:19:19.223, 72.69 W
2025/02/16 20:19:19.233, 72.69 W
2025/02/16 20:19:19.243, 72.69 W
2025/02/16 20:19:19.253, 72.69 W
2025/02/16 20:19:19.263, 72.69 W
2025/02/16 20:19:19.273, 72.69 W
2025/02/16 20:19:19.283, 72.69 W
2025/02/16 20:19:19.293, 72.69 W
2025/02/16 20:19:19.303, 72.69 W
2025/02/16 20:19:19.313, 72.69 W
2025/02/16 20:19:19.324, 72.69 W
2025/02/16 20:19:19.334, 72.69 W
2025/02/16 20:19:19.344, 72.69 W
2025/02/16 20:19:19.354, 72.69 W
2025/02/16 20:19:19.364, 72.69 W
2025/02/16 20:19:19.374, 72.69 W
2025/02/16 20:19:19.384, 72.69 W
2025/02/16 20:19:19.394, 72.69 W
2025/02/16 20:19:19.404, 72.69 W
2025/02/16 20:19:19.414, 72.69 W
2025/02/16 20:19:19.424, 72.69 W
2025/02/16 20:19:19.434, 72.69 W
2025/02/16 20:19:19.444, 72.69 W
2025/02/16 20:19:19.454, 72.69 W
2025/02/16 20:19:19.464, 72.69 W
2025/02/16 20:19:19.474, 72.69 W
2025/02/16 20:19:19.485, 72.69 W
2025/02/16 20:19:19.495, 72.69 W
2025/02/16 20:19:19.505, 72.69 W
2025/02/16 20:19:19.515, 72.69 W
2025/02/16 20:19:19.525, 72.69 W
2025/02/16 20:19:19.535, 72.69 W
2025/02/16 20:19:19.545, 72.69 W
2025/02/16 20:19:19.555, 72.69 W
2025/02/16 20:19:19.565, 72.69 W
2025/02/16 20:19:19.575, 72.69 W
2025/02/16 20:19:19.585, 72.69 W
2025/02/16 20:19:19.595, 72.69 W
2025/02/16 20:19:19.605, 72.69 W
2025/02/16 20:19:19.615, 72.69 W
2025/02/16 20:19:19.625, 72.69 W
2025/02/16 20:19:19.636, 72.69 W
2025/02/16 20:19:19.646, 72.69 W
2025/02/16 20:19:19.656, 72.69 W
2025/02/16 20:19:19.666, 72.69 W
2025/02/16 20:19:19.676, 72.69 W
2025/02/16 20:19:19.686, 72.69 W
2025/02/16 20:19:19.696, 72.69 W
2025/02/16 20:19:19.706, 72.69 W
2025/02/16 20:19:19.716, 72.69 W
2025/02/16 20:19:19.726, 72.69 W
2025/02/16 20:19:19.736, 72.69 W
2025/02/16 20:19:19.746, 72.69 W
2025/02/16 20:19:19.756, 72.69 W
2025/02/16 20:19:19.766, 72.69 W
2025/02/16 20:19:19.776, 72.69 W
2025/02/16 20:19:19.786, 72.69 W
2025/02/16 20:19:19.797, 72.69 W
2025/02/16 20:19:19.807, 72.69 W
2025/02/16 20:19:19.817, 72.69 W
2025/02/16 20:19:19.827, 72.69 W
2025/02/16 20:19:19.837, 72.69 W
2025/02/16 20:19:19.847, 72.69 W
2025/02/16 20:19:19.857, 72.69 W
2025/02/16 20:19:19.867, 72.69 W
2025/02/16 20:19:19.877, 72.69 W
2025/02/16 20:19:19.887, 72.69 W
2025/02/16 20:19:19.897, 72.69 W
2025/02/16 20:19:19.907, 72.69 W
2025/02/16 20:19:19.917, 72.69 W
2025/02/16 20:19:19.927, 72.69 W
2025/02/16 20:19:19.937, 72.69 W
2025/02/16 20:19:19.948, 72.69 W
2025/02/16 20:19:19.958, 72.69 W
2025/02/16 20:19:19.968, 72.69 W
2025/02/16 20:19:19.978, 72.69 W
2025/02/16 20:19:19.988, 72.69 W
2025/02/16 20:19:19.998, 72.69 W
2025/02/16 20:19:20.008, 72.69 W
2025/02/16 20:19:20.018, 72.69 W
2025/02/16 20:19:20.028, 72.69 W
2025/02/16 20:19:20.038, 72.69 W
2025/02/16 20:19:20.048, 72.69 W
2025/02/16 20:19:20.058, 72.69 W
2025/02/16 20:19:20.068, 72.69 W
2025/02/16 20:19:20.078, 72.69 W
2025/02/16 20:19:20.088, 72.69 W
2025/02/16 20:19:20.098, 72.69 W
2025/02/16 20:19:20.109, 72.69 W
2025/02/16 20:19:20.119, 72.69 W
2025/02/16 20:19:20.129, 72.69 W
2025/02/16 20:19:20.139, 72.69 W
2025/02/16 20:19:20.149, 72.69 W
2025/02/16 20:19:20.159, 72.69 W
2025/02/16 20:19:20.169, 72.69 W
2025/02/16 20:19:20.179, 72.69 W
2025/02/16 20:19:20.189, 72.69 W
2025/02/16 20:19:20.199, 72.69 W
2025/02/16 20:19:20.209, 72.69 W
2025/02/16 20:19:20.219, 72.69 W
2025/02/16 20:19:20.229, 72.69 W
2025/02/16 20:19:20.239, 72.69 W
2025/02/16 20:19:20.249, 72.69 W
2025/02/16 20:19:20.259, 72.69 W
2025/02/16 20:19:20.270, 72.69 W
2025/02/16 20:19:20.280, 72.69 W
2025/02/16 20:19:20.290, 72.69 W
2025/02/16 20:19:20.300, 72.69 W
2025/02/16 20:19:20.310, 72.69 W
2025/02/16 20:19:20.320, 72.69 W
2025/02/16 20:19:20.330, 72.69 W
2025/02/16 20:19:20.340, 72.69 W
2025/02/16 20:19:20.350, 72.69 W
2025/02/16 20:19:20.360, 72.69 W
2025/02/16 20:19:20.370, 72.93 W
2025/02/16 20:19:20.380, 72.93 W
2025/02/16 20:19:20.390, 72.93 W
2025/02/16 20:19:20.400, 72.93 W
2025/02/16 20:19:20.410, 72.93 W
2025/02/16 20:19:20.421, 72.93 W
2025/02/16 20:19:20.431, 72.93 W
2025/02/16 20:19:20.441, 72.93 W
2025/02/16 20:19:20.451, 72.39 W
2025/02/16 20:19:20.461, 72.39 W
2025/02/16 20:19:20.471, 72.39 W
2025/02/16 20:19:20.481, 72.39 W
2025/02/16 20:19:20.491, 72.39 W
2025/02/16 20:19:20.501, 72.39 W
2025/02/16 20:19:20.511, 72.39 W
2025/02/16 20:19:20.521, 72.39 W
2025/02/16 20:19:20.531, 72.39 W
2025/02/16 20:19:20.541, 72.39 W
2025/02/16 20:19:20.551, 72.39 W
2025/02/16 20:19:20.561, 72.69 W
2025/02/16 20:19:20.571, 72.69 W
2025/02/16 20:19:20.582, 72.69 W
2025/02/16 20:19:20.592, 72.69 W
2025/02/16 20:19:20.602, 72.69 W
2025/02/16 20:19:20.612, 72.69 W
2025/02/16 20:19:20.622, 72.69 W
2025/02/16 20:19:20.632, 72.69 W
2025/02/16 20:19:20.642, 72.69 W
2025/02/16 20:19:20.652, 72.69 W
2025/02/16 20:19:20.662, 72.69 W
2025/02/16 20:19:20.672, 72.69 W
2025/02/16 20:19:20.682, 72.69 W
2025/02/16 20:19:20.692, 72.69 W
2025/02/16 20:19:20.702, 72.69 W
2025/02/16 20:19:20.712, 72.69 W
2025/02/16 20:19:20.722, 72.69 W
2025/02/16 20:19:20.733, 72.69 W
2025/02/16 20:19:20.743, 72.69 W
2025/02/16 20:19:20.753, 72.69 W
2025/02/16 20:19:20.763, 72.69 W
2025/02/16 20:19:20.773, 72.69 W
2025/02/16 20:19:20.783, 72.69 W
2025/02/16 20:19:20.793, 72.69 W
2025/02/16 20:19:20.803, 72.69 W
2025/02/16 20:19:20.813, 72.69 W
2025/02/16 20:19:20.823, 72.69 W
2025/02/16 20:19:20.833, 72.69 W
2025/02/16 20:19:20.843, 72.69 W
2025/02/16 20:19:20.853, 72.69 W
2025/02/16 20:19:20.863, 72.69 W
2025/02/16 20:19:20.873, 72.69 W
2025/02/16 20:19:20.883, 72.69 W
2025/02/16 20:19:20.894, 72.69 W
2025/02/16 20:19:20.904, 72.69 W
2025/02/16 20:19:20.914, 72.69 W
2025/02/16 20:19:20.924, 72.69 W
2025/02/16 20:19:20.934, 72.69 W
2025/02/16 20:19:20.944, 72.69 W
2025/02/16 20:19:20.954, 72.69 W
2025/02/16 20:19:20.964, 72.69 W
2025/02/16 20:19:20.974, 72.69 W
2025/02/16 20:19:20.984, 72.39 W
2025/02/16 20:19:20.994, 72.39 W
2025/02/16 20:19:21.004, 72.39 W
2025/02/16 20:19:21.014, 72.39 W
2025/02/16 20:19:21.024, 72.39 W
2025/02/16 20:19:21.034, 72.39 W
2025/02/16 20:19:21.052, 72.39 W
2025/02/16 20:19:21.062, 72.39 W
2025/02/16 20:19:21.072, 72.69 W
2025/02/16 20:19:21.082, 72.69 W
2025/02/16 20:19:21.092, 72.69 W
2025/02/16 20:19:21.102, 72.69 W
2025/02/16 20:19:21.112, 72.69 W
2025/02/16 20:19:21.122, 72.69 W
2025/02/16 20:19:21.132, 72.69 W
2025/02/16 20:19:21.142, 72.69 W
2025/02/16 20:19:21.152, 72.69 W
2025/02/16 20:19:21.162, 72.69 W
2025/02/16 20:19:21.172, 72.69 W
2025/02/16 20:19:21.182, 72.69 W
2025/02/16 20:19:21.192, 72.39 W
2025/02/16 20:19:21.203, 72.39 W
2025/02/16 20:19:21.213, 72.39 W
2025/02/16 20:19:21.223, 72.39 W
2025/02/16 20:19:21.233, 72.39 W
2025/02/16 20:19:21.243, 72.39 W
2025/02/16 20:19:21.253, 72.39 W
2025/02/16 20:19:21.263, 72.39 W
2025/02/16 20:19:21.273, 72.39 W
2025/02/16 20:19:21.283, 72.39 W
2025/02/16 20:19:21.293, 72.39 W
2025/02/16 20:19:21.303, 72.39 W
2025/02/16 20:19:21.313, 72.39 W
2025/02/16 20:19:21.323, 72.39 W
2025/02/16 20:19:21.333, 72.39 W
2025/02/16 20:19:21.343, 72.39 W
2025/02/16 20:19:21.354, 72.39 W
2025/02/16 20:19:21.364, 72.39 W
2025/02/16 20:19:21.374, 72.39 W
2025/02/16 20:19:21.384, 72.39 W
2025/02/16 20:19:21.394, 72.39 W
2025/02/16 20:19:21.404, 72.39 W
2025/02/16 20:19:21.414, 72.39 W
2025/02/16 20:19:21.424, 72.39 W
2025/02/16 20:19:21.434, 72.39 W
2025/02/16 20:19:21.444, 72.39 W
2025/02/16 20:19:21.454, 72.39 W
2025/02/16 20:19:21.464, 72.39 W
2025/02/16 20:19:21.474, 72.39 W
2025/02/16 20:19:21.484, 72.39 W
2025/02/16 20:19:21.494, 72.39 W
2025/02/16 20:19:21.504, 72.39 W
2025/02/16 20:19:21.515, 72.39 W
2025/02/16 20:19:21.525, 72.39 W
2025/02/16 20:19:21.535, 72.39 W
2025/02/16 20:19:21.545, 72.39 W
2025/02/16 20:19:21.555, 72.39 W
2025/02/16 20:19:21.565, 72.39 W
2025/02/16 20:19:21.575, 72.39 W
2025/02/16 20:19:21.585, 72.39 W
2025/02/16 20:19:21.595, 72.39 W
2025/02/16 20:19:21.605, 72.39 W
2025/02/16 20:19:21.615, 72.39 W
2025/02/16 20:19:21.625, 72.39 W
2025/02/16 20:19:21.635, 72.39 W
2025/02/16 20:19:21.645, 72.39 W
2025/02/16 20:19:21.655, 72.39 W
2025/02/16 20:19:21.666, 72.39 W
2025/02/16 20:19:21.676, 72.39 W
2025/02/16 20:19:21.686, 72.69 W
2025/02/16 20:19:21.696, 72.69 W
2025/02/16 20:19:21.706, 72.69 W
2025/02/16 20:19:21.716, 72.69 W
2025/02/16 20:19:21.726, 72.69 W
2025/02/16 20:19:21.736, 72.69 W
2025/02/16 20:19:21.746, 72.69 W
2025/02/16 20:19:21.756, 72.69 W
2025/02/16 20:19:21.766, 72.69 W
2025/02/16 20:19:21.776, 72.69 W
2025/02/16 20:19:21.786, 72.69 W
2025/02/16 20:19:21.796, 72.69 W
2025/02/16 20:19:21.806, 72.69 W
2025/02/16 20:19:21.816, 72.69 W
2025/02/16 20:19:21.827, 72.69 W
2025/02/16 20:19:21.837, 72.69 W
2025/02/16 20:19:21.847, 72.69 W
2025/02/16 20:19:21.857, 72.69 W
2025/02/16 20:19:21.867, 72.69 W
2025/02/16 20:19:21.877, 72.69 W
2025/02/16 20:19:21.887, 72.39 W
2025/02/16 20:19:21.897, 72.39 W
2025/02/16 20:19:21.907, 72.39 W
2025/02/16 20:19:21.917, 72.39 W
2025/02/16 20:19:21.927, 72.39 W
2025/02/16 20:19:21.937, 72.39 W
2025/02/16 20:19:21.947, 72.39 W
2025/02/16 20:19:21.957, 72.39 W
2025/02/16 20:19:21.967, 72.39 W
2025/02/16 20:19:21.977, 72.39 W
2025/02/16 20:19:21.988, 72.39 W
2025/02/16 20:19:21.998, 72.39 W
2025/02/16 20:19:22.008, 72.39 W
2025/02/16 20:19:22.018, 72.39 W
2025/02/16 20:19:22.028, 72.39 W
2025/02/16 20:19:22.038, 72.39 W
2025/02/16 20:19:22.048, 72.39 W
2025/02/16 20:19:22.058, 72.39 W
2025/02/16 20:19:22.068, 72.39 W
2025/02/16 20:19:22.078, 72.39 W
2025/02/16 20:19:22.088, 72.39 W
2025/02/16 20:19:22.098, 72.39 W
2025/02/16 20:19:22.108, 72.39 W
2025/02/16 20:19:22.118, 72.39 W
2025/02/16 20:19:22.128, 72.39 W
2025/02/16 20:19:22.139, 72.39 W
2025/02/16 20:19:22.149, 72.39 W
2025/02/16 20:19:22.159, 72.39 W
2025/02/16 20:19:22.169, 72.39 W
2025/02/16 20:19:22.179, 72.39 W
2025/02/16 20:19:22.189, 72.39 W
2025/02/16 20:19:22.199, 72.39 W
2025/02/16 20:19:22.209, 72.69 W
2025/02/16 20:19:22.219, 72.69 W
2025/02/16 20:19:22.229, 72.69 W
2025/02/16 20:19:22.239, 72.69 W
2025/02/16 20:19:22.249, 72.69 W
2025/02/16 20:19:22.259, 72.69 W
2025/02/16 20:19:22.270, 72.69 W
2025/02/16 20:19:22.280, 72.69 W
2025/02/16 20:19:22.290, 72.69 W
2025/02/16 20:19:22.300, 72.69 W
2025/02/16 20:19:22.310, 72.69 W
2025/02/16 20:19:22.320, 72.69 W
2025/02/16 20:19:22.330, 72.69 W
2025/02/16 20:19:22.340, 72.69 W
2025/02/16 20:19:22.350, 72.69 W
2025/02/16 20:19:22.360, 72.69 W
2025/02/16 20:19:22.370, 72.69 W
2025/02/16 20:19:22.380, 72.69 W
2025/02/16 20:19:22.390, 72.69 W
2025/02/16 20:19:22.400, 72.69 W
2025/02/16 20:19:22.410, 72.69 W
2025/02/16 20:19:22.421, 72.69 W
2025/02/16 20:19:22.431, 72.69 W
2025/02/16 20:19:22.441, 72.69 W
2025/02/16 20:19:22.451, 72.69 W
2025/02/16 20:19:22.461, 72.69 W
2025/02/16 20:19:22.471, 72.69 W
2025/02/16 20:19:22.481, 72.69 W
2025/02/16 20:19:22.491, 72.69 W
2025/02/16 20:19:22.501, 72.69 W
2025/02/16 20:19:22.511, 72.69 W
2025/02/16 20:19:22.521, 72.69 W
2025/02/16 20:19:22.531, 72.69 W
2025/02/16 20:19:22.541, 72.69 W
2025/02/16 20:19:22.551, 72.69 W
2025/02/16 20:19:22.561, 72.69 W
2025/02/16 20:19:22.571, 72.69 W
2025/02/16 20:19:22.582, 72.69 W
2025/02/16 20:19:22.592, 72.69 W
2025/02/16 20:19:22.602, 72.69 W
2025/02/16 20:19:22.612, 72.69 W
2025/02/16 20:19:22.622, 72.69 W
2025/02/16 20:19:22.632, 72.69 W
2025/02/16 20:19:22.642, 72.69 W
2025/02/16 20:19:22.652, 72.69 W
2025/02/16 20:19:22.662, 72.69 W
2025/02/16 20:19:22.672, 72.69 W
2025/02/16 20:19:22.682, 72.69 W
2025/02/16 20:19:22.692, 72.69 W
2025/02/16 20:19:22.702, 72.69 W
2025/02/16 20:19:22.712, 72.69 W
2025/02/16 20:19:22.722, 72.69 W
2025/02/16 20:19:22.733, 72.69 W
2025/02/16 20:19:22.743, 72.69 W
2025/02/16 20:19:22.753, 72.69 W
2025/02/16 20:19:22.763, 72.69 W
2025/02/16 20:19:22.773, 72.69 W
2025/02/16 20:19:22.783, 72.69 W
2025/02/16 20:19:22.793, 72.69 W
2025/02/16 20:19:22.803, 72.69 W
2025/02/16 20:19:22.813, 72.69 W
2025/02/16 20:19:22.823, 72.69 W
2025/02/16 20:19:22.833, 72.69 W
2025/02/16 20:19:22.843, 72.69 W
2025/02/16 20:19:22.853, 72.69 W
2025/02/16 20:19:22.863, 72.69 W
2025/02/16 20:19:22.873, 72.69 W
2025/02/16 20:19:22.883, 72.69 W
2025/02/16 20:19:22.894, 72.69 W
2025/02/16 20:19:22.904, 72.69 W
2025/02/16 20:19:22.914, 72.69 W
2025/02/16 20:19:22.924, 72.69 W
2025/02/16 20:19:22.934, 72.69 W
2025/02/16 20:19:22.944, 72.69 W
2025/02/16 20:19:22.954, 72.69 W
2025/02/16 20:19:22.964, 72.69 W
2025/02/16 20:19:22.974, 72.69 W
2025/02/16 20:19:22.984, 72.69 W
2025/02/16 20:19:22.994, 72.69 W
2025/02/16 20:19:23.004, 72.69 W
2025/02/16 20:19:23.014, 72.69 W
2025/02/16 20:19:23.024, 72.69 W
2025/02/16 20:19:23.034, 72.69 W
2025/02/16 20:19:23.045, 72.69 W
2025/02/16 20:19:23.055, 72.69 W
2025/02/16 20:19:23.065, 72.69 W
2025/02/16 20:19:23.075, 72.69 W
2025/02/16 20:19:23.085, 72.69 W
2025/02/16 20:19:23.095, 72.69 W
2025/02/16 20:19:23.105, 72.69 W
2025/02/16 20:19:23.115, 72.69 W
2025/02/16 20:19:23.125, 72.69 W
2025/02/16 20:19:23.135, 72.69 W
2025/02/16 20:19:23.145, 72.69 W
2025/02/16 20:19:23.155, 72.69 W
2025/02/16 20:19:23.165, 72.69 W
2025/02/16 20:19:23.175, 72.69 W
2025/02/16 20:19:23.185, 72.69 W
2025/02/16 20:19:23.195, 72.69 W
2025/02/16 20:19:23.206, 72.69 W
2025/02/16 20:19:23.216, 72.69 W
2025/02/16 20:19:23.226, 72.69 W
2025/02/16 20:19:23.236, 72.69 W
2025/02/16 20:19:23.246, 72.69 W
2025/02/16 20:19:23.256, 72.69 W
2025/02/16 20:19:23.266, 72.69 W
2025/02/16 20:19:23.276, 72.69 W
2025/02/16 20:19:23.286, 72.69 W
2025/02/16 20:19:23.296, 72.69 W
2025/02/16 20:19:23.306, 72.69 W
2025/02/16 20:19:23.316, 72.69 W
2025/02/16 20:19:23.326, 72.69 W
2025/02/16 20:19:23.336, 72.69 W
2025/02/16 20:19:23.346, 72.69 W
2025/02/16 20:19:23.357, 72.69 W
2025/02/16 20:19:23.367, 72.69 W
2025/02/16 20:19:23.377, 72.69 W
2025/02/16 20:19:23.387, 72.69 W
2025/02/16 20:19:23.397, 72.69 W
2025/02/16 20:19:23.407, 72.69 W
2025/02/16 20:19:23.417, 72.69 W
2025/02/16 20:19:23.427, 72.69 W
2025/02/16 20:19:23.437, 72.69 W
2025/02/16 20:19:23.447, 72.69 W
2025/02/16 20:19:23.457, 72.69 W
2025/02/16 20:19:23.467, 72.69 W
2025/02/16 20:19:23.477, 72.69 W
2025/02/16 20:19:23.487, 72.69 W
2025/02/16 20:19:23.497, 72.69 W
2025/02/16 20:19:23.507, 72.69 W
2025/02/16 20:19:23.518, 72.69 W
2025/02/16 20:19:23.528, 72.69 W
2025/02/16 20:19:23.538, 72.69 W
2025/02/16 20:19:23.548, 72.69 W
2025/02/16 20:19:23.558, 72.69 W
2025/02/16 20:19:23.568, 72.69 W
2025/02/16 20:19:23.578, 72.69 W
2025/02/16 20:19:23.588, 72.69 W
2025/02/16 20:19:23.598, 72.69 W
2025/02/16 20:19:23.608, 72.69 W
2025/02/16 20:19:23.618, 72.69 W
2025/02/16 20:19:23.628, 72.69 W
2025/02/16 20:19:23.638, 72.69 W
2025/02/16 20:19:23.648, 72.69 W
2025/02/16 20:19:23.658, 72.69 W
2025/02/16 20:19:23.668, 72.69 W
2025/02/16 20:19:23.679, 72.69 W
2025/02/16 20:19:23.689, 72.69 W
2025/02/16 20:19:23.699, 72.69 W
2025/02/16 20:19:23.709, 72.69 W
2025/02/16 20:19:23.719, 72.69 W
2025/02/16 20:19:23.729, 72.69 W
2025/02/16 20:19:23.739, 72.69 W
2025/02/16 20:19:23.749, 72.69 W
2025/02/16 20:19:23.759, 72.69 W
2025/02/16 20:19:23.769, 72.69 W
2025/02/16 20:19:23.779, 72.69 W
2025/02/16 20:19:23.789, 72.69 W
2025/02/16 20:19:23.799, 72.69 W
2025/02/16 20:19:23.809, 72.69 W
2025/02/16 20:19:23.819, 72.69 W
2025/02/16 20:19:23.830, 72.69 W
2025/02/16 20:19:23.840, 72.69 W
2025/02/16 20:19:23.850, 72.69 W
2025/02/16 20:19:23.860, 72.69 W
2025/02/16 20:19:23.870, 72.69 W
2025/02/16 20:19:23.880, 72.69 W
2025/02/16 20:19:23.890, 72.69 W
2025/02/16 20:19:23.900, 72.69 W
2025/02/16 20:19:23.910, 72.69 W
2025/02/16 20:19:23.920, 72.69 W
2025/02/16 20:19:23.930, 72.69 W
2025/02/16 20:19:23.940, 72.69 W
2025/02/16 20:19:23.950, 72.69 W
2025/02/16 20:19:23.960, 72.69 W
2025/02/16 20:19:23.970, 72.69 W
2025/02/16 20:19:23.980, 72.69 W
2025/02/16 20:19:23.991, 72.69 W
2025/02/16 20:19:24.001, 72.69 W
2025/02/16 20:19:24.011, 72.69 W
2025/02/16 20:19:24.021, 72.69 W
2025/02/16 20:19:24.031, 72.69 W
2025/02/16 20:19:24.041, 72.69 W
2025/02/16 20:19:24.051, 72.69 W
2025/02/16 20:19:24.061, 72.69 W
2025/02/16 20:19:24.071, 72.69 W
2025/02/16 20:19:24.081, 72.69 W
2025/02/16 20:19:24.091, 72.69 W
2025/02/16 20:19:24.101, 72.69 W
2025/02/16 20:19:24.111, 72.69 W
2025/02/16 20:19:24.121, 72.69 W
2025/02/16 20:19:24.131, 72.69 W
2025/02/16 20:19:24.142, 72.69 W
2025/02/16 20:19:24.152, 72.69 W
2025/02/16 20:19:24.162, 72.69 W
2025/02/16 20:19:24.172, 72.69 W
2025/02/16 20:19:24.182, 72.69 W
2025/02/16 20:19:24.192, 72.69 W
2025/02/16 20:19:24.202, 72.69 W
2025/02/16 20:19:24.212, 72.69 W
2025/02/16 20:19:24.222, 72.69 W
2025/02/16 20:19:24.232, 72.69 W
2025/02/16 20:19:24.242, 72.69 W
2025/02/16 20:19:24.252, 72.69 W
2025/02/16 20:19:24.262, 72.69 W
2025/02/16 20:19:24.272, 72.69 W
2025/02/16 20:19:24.282, 72.69 W
2025/02/16 20:19:24.292, 72.69 W
2025/02/16 20:19:24.303, 72.69 W
2025/02/16 20:19:24.313, 72.69 W
2025/02/16 20:19:24.323, 72.69 W
2025/02/16 20:19:24.333, 72.69 W
2025/02/16 20:19:24.343, 72.69 W
2025/02/16 20:19:24.353, 72.69 W
2025/02/16 20:19:24.363, 72.69 W
2025/02/16 20:19:24.373, 72.69 W
2025/02/16 20:19:24.383, 72.69 W
2025/02/16 20:19:24.393, 72.69 W
2025/02/16 20:19:24.403, 72.69 W
2025/02/16 20:19:24.413, 72.69 W
2025/02/16 20:19:24.423, 72.69 W
2025/02/16 20:19:24.433, 72.69 W
2025/02/16 20:19:24.443, 72.69 W
2025/02/16 20:19:24.454, 72.69 W
2025/02/16 20:19:24.464, 72.69 W
2025/02/16 20:19:24.474, 72.69 W
2025/02/16 20:19:24.484, 72.69 W
2025/02/16 20:19:24.494, 72.69 W
2025/02/16 20:19:24.504, 72.69 W
2025/02/16 20:19:24.514, 72.69 W
2025/02/16 20:19:24.524, 72.69 W
2025/02/16 20:19:24.534, 72.69 W
2025/02/16 20:19:24.544, 72.69 W
2025/02/16 20:19:24.554, 72.69 W
2025/02/16 20:19:24.564, 72.69 W
2025/02/16 20:19:24.574, 72.69 W
2025/02/16 20:19:24.584, 72.69 W
2025/02/16 20:19:24.594, 72.69 W
2025/02/16 20:19:24.604, 72.69 W
2025/02/16 20:19:24.615, 72.69 W
2025/02/16 20:19:24.625, 72.69 W
2025/02/16 20:19:24.635, 72.69 W
2025/02/16 20:19:24.645, 72.69 W
2025/02/16 20:19:24.655, 72.69 W
2025/02/16 20:19:24.665, 72.69 W
2025/02/16 20:19:24.675, 72.69 W
2025/02/16 20:19:24.685, 72.69 W
2025/02/16 20:19:24.695, 72.69 W
2025/02/16 20:19:24.705, 72.69 W
2025/02/16 20:19:24.715, 72.69 W
2025/02/16 20:19:24.725, 72.69 W
2025/02/16 20:19:24.735, 72.69 W
2025/02/16 20:19:24.745, 72.69 W
2025/02/16 20:19:24.755, 72.69 W
2025/02/16 20:19:24.766, 72.69 W
2025/02/16 20:19:24.776, 72.69 W
2025/02/16 20:19:24.786, 72.69 W
2025/02/16 20:19:24.796, 72.69 W
2025/02/16 20:19:24.806, 72.69 W
2025/02/16 20:19:24.816, 72.69 W
2025/02/16 20:19:24.826, 72.69 W
2025/02/16 20:19:24.836, 72.69 W
2025/02/16 20:19:24.846, 72.69 W
2025/02/16 20:19:24.856, 72.69 W
2025/02/16 20:19:24.866, 72.69 W
2025/02/16 20:19:24.876, 72.69 W
2025/02/16 20:19:24.886, 72.69 W
2025/02/16 20:19:24.896, 72.69 W
2025/02/16 20:19:24.906, 72.69 W
2025/02/16 20:19:24.916, 72.69 W
2025/02/16 20:19:24.927, 72.69 W
2025/02/16 20:19:24.937, 72.69 W
2025/02/16 20:19:24.947, 72.69 W
2025/02/16 20:19:24.957, 72.69 W
2025/02/16 20:19:24.967, 72.69 W
2025/02/16 20:19:24.977, 72.69 W
2025/02/16 20:19:24.987, 72.69 W
2025/02/16 20:19:24.997, 72.69 W
2025/02/16 20:19:25.007, 72.69 W
2025/02/16 20:19:25.017, 72.69 W
2025/02/16 20:19:25.027, 72.69 W
2025/02/16 20:19:25.037, 72.69 W
2025/02/16 20:19:25.047, 72.69 W
2025/02/16 20:19:25.057, 72.69 W
2025/02/16 20:19:25.067, 72.69 W
2025/02/16 20:19:25.078, 72.69 W
2025/02/16 20:19:25.088, 72.69 W
2025/02/16 20:19:25.098, 72.69 W
2025/02/16 20:19:25.108, 72.69 W
2025/02/16 20:19:25.118, 72.69 W
2025/02/16 20:19:25.128, 72.69 W
2025/02/16 20:19:25.138, 72.69 W
2025/02/16 20:19:25.148, 72.69 W
2025/02/16 20:19:25.158, 72.69 W
2025/02/16 20:19:25.168, 72.69 W
2025/02/16 20:19:25.178, 72.69 W
2025/02/16 20:19:25.188, 72.69 W
2025/02/16 20:19:25.198, 72.69 W
2025/02/16 20:19:25.208, 72.69 W
2025/02/16 20:19:25.218, 72.69 W
2025/02/16 20:19:25.228, 72.69 W
2025/02/16 20:19:25.239, 72.69 W
2025/02/16 20:19:25.249, 72.69 W
2025/02/16 20:19:25.259, 72.69 W
2025/02/16 20:19:25.269, 72.69 W
2025/02/16 20:19:25.279, 72.69 W
2025/02/16 20:19:25.289, 72.69 W
2025/02/16 20:19:25.299, 72.69 W
2025/02/16 20:19:25.309, 72.69 W
2025/02/16 20:19:25.319, 72.69 W
2025/02/16 20:19:25.329, 72.69 W
2025/02/16 20:19:25.339, 72.69 W
2025/02/16 20:19:25.349, 72.69 W
2025/02/16 20:19:25.359, 72.69 W
2025/02/16 20:19:25.369, 72.69 W
2025/02/16 20:19:25.379, 72.69 W
2025/02/16 20:19:25.389, 72.69 W
2025/02/16 20:19:25.400, 72.69 W
2025/02/16 20:19:25.410, 72.69 W
2025/02/16 20:19:25.420, 72.69 W
2025/02/16 20:19:25.430, 72.69 W
2025/02/16 20:19:25.440, 72.69 W
2025/02/16 20:19:25.450, 72.69 W
2025/02/16 20:19:25.460, 72.69 W
2025/02/16 20:19:25.470, 72.69 W
2025/02/16 20:19:25.480, 72.69 W
2025/02/16 20:19:25.490, 72.69 W
2025/02/16 20:19:25.500, 72.69 W
2025/02/16 20:19:25.510, 72.69 W
2025/02/16 20:19:25.520, 72.69 W
2025/02/16 20:19:25.530, 72.69 W
2025/02/16 20:19:25.540, 72.69 W
2025/02/16 20:19:25.551, 72.69 W
2025/02/16 20:19:25.561, 72.69 W
2025/02/16 20:19:25.571, 72.69 W
2025/02/16 20:19:25.581, 72.69 W
2025/02/16 20:19:25.591, 72.93 W
2025/02/16 20:19:25.601, 72.93 W
2025/02/16 20:19:25.611, 72.93 W
2025/02/16 20:19:25.621, 72.93 W
2025/02/16 20:19:25.631, 72.93 W
2025/02/16 20:19:25.641, 72.93 W
2025/02/16 20:19:25.651, 72.93 W
2025/02/16 20:19:25.661, 72.93 W
2025/02/16 20:19:25.671, 72.69 W
2025/02/16 20:19:25.681, 72.69 W
2025/02/16 20:19:25.691, 72.69 W
2025/02/16 20:19:25.701, 72.69 W
2025/02/16 20:19:25.712, 72.69 W
2025/02/16 20:19:25.722, 72.69 W
2025/02/16 20:19:25.732, 72.69 W
2025/02/16 20:19:25.742, 72.69 W
2025/02/16 20:19:25.752, 72.69 W
2025/02/16 20:19:25.762, 72.69 W
2025/02/16 20:19:25.772, 72.69 W
2025/02/16 20:19:25.782, 72.69 W
2025/02/16 20:19:25.792, 72.69 W
2025/02/16 20:19:25.802, 72.69 W
2025/02/16 20:19:25.812, 72.69 W
2025/02/16 20:19:25.822, 72.69 W
2025/02/16 20:19:25.832, 72.69 W
2025/02/16 20:19:25.842, 72.69 W
2025/02/16 20:19:25.852, 72.69 W
2025/02/16 20:19:25.863, 72.69 W
2025/02/16 20:19:25.873, 72.69 W
2025/02/16 20:19:25.883, 72.69 W
2025/02/16 20:19:25.893, 72.69 W
2025/02/16 20:19:25.903, 72.69 W
2025/02/16 20:19:25.913, 72.69 W
2025/02/16 20:19:25.923, 72.69 W
2025/02/16 20:19:25.933, 72.69 W
2025/02/16 20:19:25.943, 72.69 W
2025/02/16 20:19:25.953, 72.69 W
2025/02/16 20:19:25.963, 72.69 W
2025/02/16 20:19:25.973, 72.69 W
2025/02/16 20:19:25.983, 72.69 W
2025/02/16 20:19:25.993, 72.69 W
2025/02/16 20:19:26.003, 72.69 W
2025/02/16 20:19:26.013, 72.69 W
2025/02/16 20:19:26.024, 72.69 W
2025/02/16 20:19:26.034, 72.69 W
2025/02/16 20:19:26.044, 72.69 W
2025/02/16 20:19:26.054, 72.69 W
2025/02/16 20:19:26.064, 72.69 W
2025/02/16 20:19:26.074, 72.69 W
2025/02/16 20:19:26.084, 72.69 W
2025/02/16 20:19:26.094, 72.69 W
2025/02/16 20:19:26.104, 72.69 W
2025/02/16 20:19:26.114, 72.69 W
2025/02/16 20:19:26.124, 72.69 W
2025/02/16 20:19:26.134, 72.69 W
2025/02/16 20:19:26.144, 72.69 W
2025/02/16 20:19:26.154, 72.69 W
2025/02/16 20:19:26.164, 72.69 W
2025/02/16 20:19:26.174, 72.69 W
2025/02/16 20:19:26.185, 72.69 W
2025/02/16 20:19:26.195, 72.69 W
2025/02/16 20:19:26.205, 72.69 W
2025/02/16 20:19:26.215, 72.69 W
2025/02/16 20:19:26.225, 72.69 W
2025/02/16 20:19:26.235, 72.69 W
2025/02/16 20:19:26.245, 72.69 W
2025/02/16 20:19:26.255, 72.69 W
2025/02/16 20:19:26.265, 72.69 W
2025/02/16 20:19:26.275, 72.69 W
2025/02/16 20:19:26.285, 72.69 W
2025/02/16 20:19:26.295, 72.69 W
2025/02/16 20:19:26.305, 72.69 W
2025/02/16 20:19:26.315, 72.69 W
2025/02/16 20:19:26.325, 72.69 W
2025/02/16 20:19:26.336, 72.69 W
2025/02/16 20:19:26.346, 72.69 W
2025/02/16 20:19:26.356, 72.69 W
2025/02/16 20:19:26.366, 72.69 W
2025/02/16 20:19:26.376, 72.69 W
2025/02/16 20:19:26.386, 72.69 W
2025/02/16 20:19:26.396, 72.69 W
2025/02/16 20:19:26.406, 72.69 W
2025/02/16 20:19:26.416, 72.69 W
2025/02/16 20:19:26.426, 72.69 W
2025/02/16 20:19:26.436, 72.69 W
2025/02/16 20:19:26.446, 72.69 W
2025/02/16 20:19:26.456, 72.69 W
2025/02/16 20:19:26.466, 72.69 W
2025/02/16 20:19:26.476, 72.69 W
2025/02/16 20:19:26.486, 72.69 W
2025/02/16 20:19:26.497, 72.69 W
2025/02/16 20:19:26.507, 72.69 W
2025/02/16 20:19:26.517, 72.69 W
2025/02/16 20:19:26.527, 72.69 W
2025/02/16 20:19:26.537, 72.69 W
2025/02/16 20:19:26.547, 72.69 W
2025/02/16 20:19:26.557, 72.69 W
2025/02/16 20:19:26.567, 72.69 W
2025/02/16 20:19:26.577, 72.69 W
2025/02/16 20:19:26.587, 72.69 W
2025/02/16 20:19:26.597, 72.69 W
2025/02/16 20:19:26.607, 72.69 W
2025/02/16 20:19:26.617, 72.69 W
2025/02/16 20:19:26.627, 72.69 W
2025/02/16 20:19:26.637, 72.69 W
2025/02/16 20:19:26.648, 72.69 W
2025/02/16 20:19:26.658, 72.69 W
2025/02/16 20:19:26.668, 72.69 W
2025/02/16 20:19:26.678, 72.69 W
2025/02/16 20:19:26.688, 72.69 W
2025/02/16 20:19:26.698, 72.69 W
2025/02/16 20:19:26.708, 72.69 W
2025/02/16 20:19:26.718, 72.69 W
2025/02/16 20:19:26.728, 72.69 W
2025/02/16 20:19:26.738, 72.69 W
2025/02/16 20:19:26.748, 72.69 W
2025/02/16 20:19:26.758, 72.69 W
2025/02/16 20:19:26.768, 72.69 W
2025/02/16 20:19:26.778, 72.69 W
2025/02/16 20:19:26.788, 72.69 W
2025/02/16 20:19:26.798, 72.69 W
2025/02/16 20:19:26.809, 72.69 W
2025/02/16 20:19:26.819, 72.69 W
2025/02/16 20:19:26.829, 72.69 W
2025/02/16 20:19:26.839, 72.69 W
2025/02/16 20:19:26.849, 72.69 W
2025/02/16 20:19:26.859, 72.69 W
2025/02/16 20:19:26.869, 72.69 W
2025/02/16 20:19:26.879, 72.69 W
2025/02/16 20:19:26.889, 72.69 W
2025/02/16 20:19:26.899, 72.69 W
2025/02/16 20:19:26.909, 72.69 W
2025/02/16 20:19:26.919, 72.69 W
2025/02/16 20:19:26.929, 72.69 W
2025/02/16 20:19:26.939, 72.69 W
2025/02/16 20:19:26.949, 72.69 W
2025/02/16 20:19:26.960, 72.69 W
2025/02/16 20:19:26.970, 72.69 W
2025/02/16 20:19:26.980, 72.69 W
2025/02/16 20:19:26.990, 72.69 W
2025/02/16 20:19:27.000, 72.69 W
2025/02/16 20:19:27.010, 72.69 W
2025/02/16 20:19:27.020, 72.69 W
2025/02/16 20:19:27.030, 72.69 W
2025/02/16 20:19:27.040, 72.69 W
2025/02/16 20:19:27.050, 72.69 W
2025/02/16 20:19:27.060, 72.69 W
2025/02/16 20:19:27.070, 72.69 W
2025/02/16 20:19:27.080, 72.69 W
2025/02/16 20:19:27.090, 72.69 W
2025/02/16 20:19:27.100, 72.69 W
2025/02/16 20:19:27.110, 72.69 W
2025/02/16 20:19:27.121, 72.69 W
2025/02/16 20:19:27.131, 72.69 W
2025/02/16 20:19:27.141, 72.69 W
2025/02/16 20:19:27.151, 72.69 W
2025/02/16 20:19:27.161, 72.69 W
2025/02/16 20:19:27.171, 72.69 W
2025/02/16 20:19:27.181, 72.69 W
2025/02/16 20:19:27.191, 72.69 W
2025/02/16 20:19:27.201, 72.69 W
2025/02/16 20:19:27.211, 72.69 W
2025/02/16 20:19:27.221, 72.69 W
2025/02/16 20:19:27.231, 72.69 W
2025/02/16 20:19:27.241, 72.69 W
2025/02/16 20:19:27.251, 72.69 W
2025/02/16 20:19:27.261, 72.69 W
2025/02/16 20:19:27.271, 72.69 W
2025/02/16 20:19:27.282, 72.69 W
2025/02/16 20:19:27.292, 72.69 W
2025/02/16 20:19:27.302, 72.69 W
2025/02/16 20:19:27.312, 72.69 W
2025/02/16 20:19:27.322, 72.69 W
2025/02/16 20:19:27.332, 72.69 W
2025/02/16 20:19:27.342, 72.69 W
2025/02/16 20:19:27.352, 72.69 W
2025/02/16 20:19:27.362, 72.69 W
2025/02/16 20:19:27.372, 72.69 W
2025/02/16 20:19:27.382, 72.69 W
2025/02/16 20:19:27.392, 72.69 W
2025/02/16 20:19:27.402, 72.69 W
2025/02/16 20:19:27.412, 72.69 W
2025/02/16 20:19:27.422, 72.69 W
2025/02/16 20:19:27.433, 72.69 W
2025/02/16 20:19:27.443, 72.69 W
2025/02/16 20:19:27.453, 72.69 W
2025/02/16 20:19:27.463, 72.69 W
2025/02/16 20:19:27.473, 72.69 W
2025/02/16 20:19:27.483, 72.69 W
2025/02/16 20:19:27.493, 72.69 W
2025/02/16 20:19:27.503, 72.69 W
2025/02/16 20:19:27.513, 72.69 W
2025/02/16 20:19:27.523, 72.69 W
2025/02/16 20:19:27.533, 72.69 W
2025/02/16 20:19:27.543, 72.69 W
2025/02/16 20:19:27.553, 72.69 W
2025/02/16 20:19:27.563, 72.69 W
2025/02/16 20:19:27.573, 72.69 W
2025/02/16 20:19:27.583, 72.69 W
2025/02/16 20:19:27.594, 72.69 W
2025/02/16 20:19:27.604, 72.69 W
2025/02/16 20:19:27.614, 72.69 W
2025/02/16 20:19:27.624, 72.69 W
2025/02/16 20:19:27.634, 72.69 W
2025/02/16 20:19:27.644, 72.69 W
2025/02/16 20:19:27.654, 72.69 W
2025/02/16 20:19:27.664, 72.69 W
2025/02/16 20:19:27.674, 72.69 W
2025/02/16 20:19:27.684, 72.69 W
2025/02/16 20:19:27.694, 72.69 W
2025/02/16 20:19:27.704, 72.69 W
2025/02/16 20:19:27.714, 72.69 W
2025/02/16 20:19:27.724, 72.69 W
2025/02/16 20:19:27.734, 72.69 W
2025/02/16 20:19:27.745, 72.69 W
2025/02/16 20:19:27.755, 72.69 W
2025/02/16 20:19:27.765, 72.69 W
2025/02/16 20:19:27.775, 72.69 W
2025/02/16 20:19:27.785, 72.69 W
2025/02/16 20:19:27.795, 72.69 W
2025/02/16 20:19:27.805, 72.69 W
2025/02/16 20:19:27.815, 72.69 W
2025/02/16 20:19:27.825, 72.69 W
2025/02/16 20:19:27.835, 72.69 W
2025/02/16 20:19:27.845, 72.69 W
2025/02/16 20:19:27.855, 72.69 W
2025/02/16 20:19:27.865, 72.69 W
2025/02/16 20:19:27.875, 72.69 W
2025/02/16 20:19:27.885, 72.69 W
2025/02/16 20:19:27.895, 72.69 W
2025/02/16 20:19:27.906, 72.69 W
2025/02/16 20:19:27.916, 72.69 W
2025/02/16 20:19:27.926, 72.69 W
2025/02/16 20:19:27.936, 72.69 W
2025/02/16 20:19:27.946, 72.69 W
2025/02/16 20:19:27.956, 72.69 W
2025/02/16 20:19:27.966, 72.69 W
2025/02/16 20:19:27.976, 72.69 W
2025/02/16 20:19:27.986, 72.69 W
2025/02/16 20:19:27.996, 72.69 W
2025/02/16 20:19:28.006, 72.69 W
2025/02/16 20:19:28.016, 72.69 W
2025/02/16 20:19:28.026, 72.69 W
2025/02/16 20:19:28.036, 72.69 W
2025/02/16 20:19:28.046, 72.69 W
2025/02/16 20:19:28.056, 72.69 W
2025/02/16 20:19:28.067, 72.69 W
2025/02/16 20:19:28.077, 72.69 W
2025/02/16 20:19:28.087, 72.69 W
2025/02/16 20:19:28.097, 72.69 W
2025/02/16 20:19:28.107, 72.69 W
2025/02/16 20:19:28.117, 72.69 W
2025/02/16 20:19:28.127, 72.69 W
2025/02/16 20:19:28.137, 72.69 W
2025/02/16 20:19:28.147, 72.69 W
2025/02/16 20:19:28.157, 72.69 W
2025/02/16 20:19:28.167, 72.69 W
2025/02/16 20:19:28.177, 72.69 W
2025/02/16 20:19:28.187, 72.69 W
2025/02/16 20:19:28.197, 72.69 W
2025/02/16 20:19:28.207, 72.69 W
2025/02/16 20:19:28.218, 72.69 W
2025/02/16 20:19:28.228, 72.69 W
2025/02/16 20:19:28.238, 72.69 W
2025/02/16 20:19:28.248, 72.69 W
2025/02/16 20:19:28.258, 72.69 W
2025/02/16 20:19:28.268, 72.69 W
2025/02/16 20:19:28.278, 72.69 W
2025/02/16 20:19:28.288, 72.69 W
2025/02/16 20:19:28.298, 72.69 W
2025/02/16 20:19:28.308, 72.69 W
2025/02/16 20:19:28.318, 72.69 W
2025/02/16 20:19:28.328, 72.69 W
2025/02/16 20:19:28.338, 72.69 W
2025/02/16 20:19:28.348, 72.69 W
2025/02/16 20:19:28.358, 72.69 W
2025/02/16 20:19:28.369, 72.69 W
2025/02/16 20:19:28.379, 72.69 W
2025/02/16 20:19:28.389, 72.69 W
2025/02/16 20:19:28.399, 72.69 W
2025/02/16 20:19:28.409, 72.69 W
2025/02/16 20:19:28.419, 72.69 W
2025/02/16 20:19:28.429, 72.69 W
2025/02/16 20:19:28.439, 72.69 W
2025/02/16 20:19:28.449, 72.69 W
2025/02/16 20:19:28.459, 72.69 W
2025/02/16 20:19:28.469, 72.69 W
2025/02/16 20:19:28.479, 72.69 W
2025/02/16 20:19:28.489, 72.69 W
2025/02/16 20:19:28.499, 72.69 W
2025/02/16 20:19:28.509, 72.69 W
2025/02/16 20:19:28.519, 72.69 W
2025/02/16 20:19:28.530, 72.69 W
2025/02/16 20:19:28.540, 72.69 W
2025/02/16 20:19:28.550, 72.69 W
2025/02/16 20:19:28.560, 72.93 W
2025/02/16 20:19:28.570, 72.93 W
2025/02/16 20:19:28.580, 72.93 W
2025/02/16 20:19:28.590, 72.93 W
2025/02/16 20:19:28.600, 72.93 W
2025/02/16 20:19:28.610, 72.93 W
2025/02/16 20:19:28.620, 72.93 W
2025/02/16 20:19:28.630, 72.93 W
2025/02/16 20:19:28.640, 72.69 W
2025/02/16 20:19:28.650, 72.69 W
2025/02/16 20:19:28.660, 72.69 W
2025/02/16 20:19:28.670, 72.69 W
2025/02/16 20:19:28.681, 72.69 W
2025/02/16 20:19:28.691, 72.69 W
2025/02/16 20:19:28.701, 72.69 W
2025/02/16 20:19:28.711, 72.69 W
2025/02/16 20:19:28.721, 72.69 W
2025/02/16 20:19:28.731, 72.69 W
2025/02/16 20:19:28.741, 72.69 W
2025/02/16 20:19:28.751, 72.69 W
2025/02/16 20:19:28.761, 72.69 W
2025/02/16 20:19:28.771, 72.69 W
2025/02/16 20:19:28.781, 72.69 W
2025/02/16 20:19:28.791, 72.69 W
2025/02/16 20:19:28.801, 72.69 W
2025/02/16 20:19:28.811, 72.69 W
2025/02/16 20:19:28.821, 72.69 W
2025/02/16 20:19:28.831, 72.69 W
2025/02/16 20:19:28.842, 72.69 W
2025/02/16 20:19:28.852, 72.93 W
2025/02/16 20:19:28.862, 72.93 W
2025/02/16 20:19:28.872, 72.93 W
2025/02/16 20:19:28.882, 72.93 W
2025/02/16 20:19:28.892, 72.93 W
2025/02/16 20:19:28.902, 72.93 W
2025/02/16 20:19:28.912, 72.93 W
2025/02/16 20:19:28.922, 72.93 W
2025/02/16 20:19:28.932, 72.93 W
2025/02/16 20:19:28.942, 72.93 W
2025/02/16 20:19:28.952, 72.93 W
2025/02/16 20:19:28.962, 72.93 W
2025/02/16 20:19:28.972, 72.69 W
2025/02/16 20:19:28.982, 72.69 W
2025/02/16 20:19:28.992, 72.69 W
2025/02/16 20:19:29.003, 72.69 W
2025/02/16 20:19:29.013, 72.69 W
2025/02/16 20:19:29.023, 72.69 W
2025/02/16 20:19:29.033, 72.69 W
2025/02/16 20:19:29.043, 72.69 W
2025/02/16 20:19:29.053, 72.69 W
2025/02/16 20:19:29.063, 72.69 W
2025/02/16 20:19:29.073, 72.69 W
2025/02/16 20:19:29.083, 72.69 W
2025/02/16 20:19:29.093, 72.69 W
2025/02/16 20:19:29.103, 72.69 W
2025/02/16 20:19:29.113, 72.69 W
2025/02/16 20:19:29.123, 72.69 W
2025/02/16 20:19:29.133, 72.69 W
2025/02/16 20:19:29.143, 72.69 W
2025/02/16 20:19:29.154, 72.69 W
2025/02/16 20:19:29.164, 72.69 W
2025/02/16 20:19:29.174, 72.69 W
2025/02/16 20:19:29.184, 72.69 W
2025/02/16 20:19:29.194, 72.69 W
2025/02/16 20:19:29.204, 72.69 W
2025/02/16 20:19:29.214, 72.69 W
2025/02/16 20:19:29.224, 72.69 W
2025/02/16 20:19:29.234, 72.69 W
2025/02/16 20:19:29.244, 72.69 W
2025/02/16 20:19:29.254, 72.69 W
2025/02/16 20:19:29.264, 72.93 W
2025/02/16 20:19:29.274, 72.93 W
2025/02/16 20:19:29.284, 72.93 W
2025/02/16 20:19:29.294, 72.93 W
2025/02/16 20:19:29.304, 72.93 W
2025/02/16 20:19:29.315, 72.93 W
2025/02/16 20:19:29.325, 72.93 W
2025/02/16 20:19:29.335, 72.93 W
2025/02/16 20:19:29.345, 72.93 W
2025/02/16 20:19:29.355, 72.93 W
2025/02/16 20:19:29.365, 72.93 W
2025/02/16 20:19:29.375, 72.93 W
2025/02/16 20:19:29.385, 72.69 W
2025/02/16 20:19:29.395, 72.69 W
2025/02/16 20:19:29.405, 72.69 W
2025/02/16 20:19:29.415, 72.69 W
2025/02/16 20:19:29.425, 72.69 W
2025/02/16 20:19:29.435, 72.69 W
2025/02/16 20:19:29.445, 72.69 W
2025/02/16 20:19:29.455, 72.69 W
2025/02/16 20:19:29.466, 72.69 W
2025/02/16 20:19:29.476, 72.69 W
2025/02/16 20:19:29.486, 72.69 W
2025/02/16 20:19:29.496, 72.69 W
2025/02/16 20:19:29.506, 72.69 W
2025/02/16 20:19:29.516, 72.69 W
2025/02/16 20:19:29.526, 72.69 W
2025/02/16 20:19:29.536, 72.69 W
2025/02/16 20:19:29.546, 72.69 W
2025/02/16 20:19:29.556, 72.69 W
2025/02/16 20:19:29.566, 72.69 W
2025/02/16 20:19:29.576, 72.69 W
2025/02/16 20:19:29.586, 72.69 W
2025/02/16 20:19:29.596, 72.69 W
2025/02/16 20:19:29.606, 72.69 W
2025/02/16 20:19:29.616, 72.69 W
2025/02/16 20:19:29.633, 72.69 W
2025/02/16 20:19:29.643, 72.69 W
2025/02/16 20:19:29.653, 72.69 W
2025/02/16 20:19:29.663, 72.69 W
2025/02/16 20:19:29.673, 72.69 W
2025/02/16 20:19:29.683, 72.69 W
2025/02/16 20:19:29.693, 72.69 W
2025/02/16 20:19:29.703, 72.69 W
2025/02/16 20:19:29.713, 72.69 W
2025/02/16 20:19:29.724, 72.69 W
2025/02/16 20:19:29.734, 72.69 W
2025/02/16 20:19:29.744, 72.69 W
2025/02/16 20:19:29.754, 72.69 W
2025/02/16 20:19:29.764, 72.69 W
2025/02/16 20:19:29.774, 72.69 W
2025/02/16 20:19:29.784, 72.69 W
2025/02/16 20:19:29.794, 72.69 W
2025/02/16 20:19:29.804, 72.69 W
2025/02/16 20:19:29.814, 72.69 W
2025/02/16 20:19:29.824, 72.69 W
2025/02/16 20:19:29.834, 72.69 W
2025/02/16 20:19:29.844, 72.69 W
2025/02/16 20:19:29.854, 72.69 W
2025/02/16 20:19:29.864, 72.69 W
2025/02/16 20:19:29.874, 72.69 W
2025/02/16 20:19:29.885, 72.69 W
2025/02/16 20:19:29.895, 72.69 W
2025/02/16 20:19:29.905, 72.69 W
2025/02/16 20:19:29.915, 72.69 W
2025/02/16 20:19:29.925, 72.69 W
2025/02/16 20:19:29.935, 72.69 W
2025/02/16 20:19:29.945, 72.69 W
2025/02/16 20:19:29.955, 72.69 W
2025/02/16 20:19:29.965, 72.69 W
2025/02/16 20:19:29.975, 72.69 W
2025/02/16 20:19:29.985, 72.69 W
2025/02/16 20:19:29.995, 72.39 W
2025/02/16 20:19:30.005, 72.39 W
2025/02/16 20:19:30.015, 72.39 W
2025/02/16 20:19:30.025, 72.39 W
2025/02/16 20:19:30.035, 72.39 W
2025/02/16 20:19:30.046, 72.39 W
2025/02/16 20:19:30.056, 72.39 W
2025/02/16 20:19:30.066, 72.39 W
2025/02/16 20:19:30.076, 72.39 W
2025/02/16 20:19:30.086, 72.39 W
2025/02/16 20:19:30.096, 72.39 W
2025/02/16 20:19:30.106, 72.39 W
2025/02/16 20:19:30.116, 72.39 W
2025/02/16 20:19:30.126, 72.39 W
2025/02/16 20:19:30.136, 72.39 W
2025/02/16 20:19:30.146, 72.39 W
2025/02/16 20:19:30.156, 72.39 W
2025/02/16 20:19:30.166, 72.39 W
2025/02/16 20:19:30.176, 72.39 W
2025/02/16 20:19:30.186, 72.39 W
2025/02/16 20:19:30.197, 72.69 W
2025/02/16 20:19:30.207, 72.69 W
2025/02/16 20:19:30.217, 72.69 W
2025/02/16 20:19:30.227, 72.69 W
2025/02/16 20:19:30.237, 72.69 W
2025/02/16 20:19:30.247, 72.69 W
2025/02/16 20:19:30.257, 72.69 W
2025/02/16 20:19:30.267, 72.69 W
2025/02/16 20:19:30.277, 72.69 W
2025/02/16 20:19:30.287, 72.69 W
2025/02/16 20:19:30.297, 72.69 W
2025/02/16 20:19:30.307, 72.69 W
2025/02/16 20:19:30.317, 72.69 W
2025/02/16 20:19:30.327, 72.69 W
2025/02/16 20:19:30.337, 72.69 W
2025/02/16 20:19:30.347, 72.69 W
2025/02/16 20:19:30.358, 72.69 W
2025/02/16 20:19:30.368, 72.69 W
2025/02/16 20:19:30.378, 72.69 W
2025/02/16 20:19:30.388, 72.69 W
2025/02/16 20:19:30.398, 72.69 W
2025/02/16 20:19:30.408, 72.39 W
2025/02/16 20:19:30.418, 72.39 W
2025/02/16 20:19:30.428, 72.39 W
2025/02/16 20:19:30.438, 72.39 W
2025/02/16 20:19:30.448, 72.39 W
2025/02/16 20:19:30.458, 72.39 W
2025/02/16 20:19:30.468, 72.39 W
2025/02/16 20:19:30.478, 72.39 W
2025/02/16 20:19:30.488, 72.69 W
2025/02/16 20:19:30.498, 72.69 W
2025/02/16 20:19:30.509, 72.69 W
2025/02/16 20:19:30.519, 72.69 W
2025/02/16 20:19:30.529, 72.69 W
2025/02/16 20:19:30.539, 72.69 W
2025/02/16 20:19:30.549, 72.69 W
2025/02/16 20:19:30.559, 72.69 W
2025/02/16 20:19:30.569, 72.69 W
2025/02/16 20:19:30.579, 72.69 W
2025/02/16 20:19:30.589, 72.69 W
2025/02/16 20:19:30.599, 72.69 W
2025/02/16 20:19:30.609, 72.69 W
2025/02/16 20:19:30.619, 72.69 W
2025/02/16 20:19:30.629, 72.69 W
2025/02/16 20:19:30.639, 72.69 W
2025/02/16 20:19:30.649, 72.69 W
2025/02/16 20:19:30.659, 72.69 W
2025/02/16 20:19:30.670, 72.69 W
2025/02/16 20:19:30.680, 72.69 W
2025/02/16 20:19:30.690, 72.39 W
2025/02/16 20:19:30.700, 72.39 W
2025/02/16 20:19:30.710, 72.39 W
2025/02/16 20:19:30.720, 72.39 W
2025/02/16 20:19:30.730, 72.39 W
2025/02/16 20:19:30.740, 72.39 W
2025/02/16 20:19:30.750, 72.39 W
2025/02/16 20:19:30.760, 72.39 W
2025/02/16 20:19:30.770, 72.39 W
2025/02/16 20:19:30.780, 72.39 W
2025/02/16 20:19:30.793, 72.39 W
2025/02/16 20:19:30.803, 72.39 W
2025/02/16 20:19:30.813, 72.69 W
2025/02/16 20:19:30.823, 72.69 W
2025/02/16 20:19:30.833, 72.69 W
2025/02/16 20:19:30.843, 72.69 W
2025/02/16 20:19:30.853, 72.69 W
2025/02/16 20:19:30.863, 72.69 W
2025/02/16 20:19:30.873, 72.69 W
2025/02/16 20:19:30.883, 72.69 W
2025/02/16 20:19:30.893, 72.69 W
2025/02/16 20:19:30.903, 72.69 W
2025/02/16 20:19:30.913, 72.69 W
2025/02/16 20:19:30.923, 72.69 W
2025/02/16 20:19:30.934, 72.69 W
2025/02/16 20:19:30.944, 72.69 W
2025/02/16 20:19:30.954, 72.69 W
2025/02/16 20:19:30.964, 72.69 W
2025/02/16 20:19:30.974, 72.69 W
2025/02/16 20:19:30.984, 72.69 W
2025/02/16 20:19:30.994, 72.69 W
2025/02/16 20:19:31.004, 72.69 W
2025/02/16 20:19:31.014, 72.93 W
2025/02/16 20:19:31.024, 72.93 W
2025/02/16 20:19:31.034, 72.93 W
2025/02/16 20:19:31.044, 72.93 W
2025/02/16 20:19:31.054, 72.93 W
2025/02/16 20:19:31.064, 72.93 W
2025/02/16 20:19:31.074, 72.93 W
2025/02/16 20:19:31.085, 72.93 W
2025/02/16 20:19:31.095, 72.93 W
2025/02/16 20:19:31.105, 72.69 W
2025/02/16 20:19:31.115, 72.69 W
2025/02/16 20:19:31.125, 72.69 W
2025/02/16 20:19:31.135, 72.69 W
2025/02/16 20:19:31.145, 72.69 W
2025/02/16 20:19:31.155, 72.69 W
2025/02/16 20:19:31.165, 72.69 W
2025/02/16 20:19:31.175, 72.69 W
2025/02/16 20:19:31.185, 72.69 W
2025/02/16 20:19:31.195, 72.69 W
2025/02/16 20:19:31.205, 72.69 W
2025/02/16 20:19:31.215, 72.69 W
2025/02/16 20:19:31.225, 72.69 W
2025/02/16 20:19:31.235, 72.69 W
2025/02/16 20:19:31.246, 72.69 W
2025/02/16 20:19:31.256, 72.69 W
2025/02/16 20:19:31.266, 72.69 W
2025/02/16 20:19:31.276, 72.69 W
2025/02/16 20:19:31.286, 72.69 W
2025/02/16 20:19:31.296, 72.69 W
2025/02/16 20:19:31.306, 72.69 W
2025/02/16 20:19:31.316, 72.69 W
2025/02/16 20:19:31.326, 72.69 W
2025/02/16 20:19:31.336, 72.69 W
2025/02/16 20:19:31.346, 72.69 W
2025/02/16 20:19:31.356, 72.69 W
2025/02/16 20:19:31.366, 72.69 W
2025/02/16 20:19:31.376, 72.69 W
2025/02/16 20:19:31.386, 72.69 W
2025/02/16 20:19:31.397, 72.69 W
2025/02/16 20:19:31.407, 72.69 W
2025/02/16 20:19:31.417, 72.69 W
2025/02/16 20:19:31.427, 72.93 W
2025/02/16 20:19:31.437, 72.93 W
2025/02/16 20:19:31.447, 72.93 W
2025/02/16 20:19:31.457, 72.93 W
2025/02/16 20:19:31.467, 72.93 W
2025/02/16 20:19:31.477, 72.93 W
2025/02/16 20:19:31.487, 72.93 W
2025/02/16 20:19:31.497, 72.93 W
2025/02/16 20:19:31.507, 72.69 W
2025/02/16 20:19:31.517, 72.69 W
2025/02/16 20:19:31.527, 72.69 W
2025/02/16 20:19:31.538, 72.69 W
2025/02/16 20:19:31.548, 72.69 W
2025/02/16 20:19:31.558, 72.69 W
2025/02/16 20:19:31.568, 72.69 W
2025/02/16 20:19:31.578, 72.69 W
2025/02/16 20:19:31.588, 72.69 W
2025/02/16 20:19:31.598, 72.69 W
2025/02/16 20:19:31.608, 72.69 W
2025/02/16 20:19:31.618, 72.69 W
2025/02/16 20:19:31.628, 72.69 W
2025/02/16 20:19:31.638, 72.69 W
2025/02/16 20:19:31.648, 72.69 W
2025/02/16 20:19:31.658, 72.69 W
2025/02/16 20:19:31.668, 72.69 W
2025/02/16 20:19:31.679, 72.69 W
2025/02/16 20:19:31.689, 72.69 W
2025/02/16 20:19:31.699, 72.69 W
2025/02/16 20:19:31.709, 72.69 W
2025/02/16 20:19:31.719, 72.93 W
2025/02/16 20:19:31.729, 72.93 W
2025/02/16 20:19:31.739, 72.93 W
2025/02/16 20:19:31.749, 72.93 W
2025/02/16 20:19:31.759, 72.93 W
2025/02/16 20:19:31.769, 72.93 W
2025/02/16 20:19:31.779, 72.93 W
2025/02/16 20:19:31.789, 72.93 W
2025/02/16 20:19:31.799, 72.93 W
2025/02/16 20:19:31.810, 72.93 W
2025/02/16 20:19:31.820, 72.93 W
2025/02/16 20:19:31.830, 72.93 W
2025/02/16 20:19:31.840, 72.69 W
2025/02/16 20:19:31.850, 72.69 W
2025/02/16 20:19:31.860, 72.69 W
2025/02/16 20:19:31.870, 72.69 W
2025/02/16 20:19:31.880, 72.69 W
2025/02/16 20:19:31.890, 72.69 W
2025/02/16 20:19:31.900, 72.69 W
2025/02/16 20:19:31.910, 72.69 W
2025/02/16 20:19:31.920, 72.69 W
2025/02/16 20:19:31.930, 72.69 W
2025/02/16 20:19:31.940, 72.69 W
2025/02/16 20:19:31.950, 72.69 W
2025/02/16 20:19:31.960, 72.69 W
2025/02/16 20:19:31.971, 72.69 W
2025/02/16 20:19:31.981, 72.69 W
2025/02/16 20:19:31.991, 72.69 W
2025/02/16 20:19:32.001, 72.69 W
2025/02/16 20:19:32.011, 72.69 W
2025/02/16 20:19:32.021, 72.69 W
2025/02/16 20:19:32.031, 72.69 W
2025/02/16 20:19:32.041, 72.69 W
2025/02/16 20:19:32.051, 72.69 W
2025/02/16 20:19:32.061, 72.69 W
2025/02/16 20:19:32.071, 72.69 W
2025/02/16 20:19:32.081, 72.69 W
2025/02/16 20:19:32.091, 72.69 W
2025/02/16 20:19:32.101, 72.69 W
2025/02/16 20:19:32.111, 72.69 W
2025/02/16 20:19:32.121, 72.69 W
2025/02/16 20:19:32.132, 72.69 W
2025/02/16 20:19:32.142, 72.69 W
2025/02/16 20:19:32.152, 72.69 W
2025/02/16 20:19:32.162, 72.69 W
2025/02/16 20:19:32.172, 72.69 W
2025/02/16 20:19:32.182, 72.69 W
2025/02/16 20:19:32.192, 72.69 W
2025/02/16 20:19:32.202, 72.69 W
2025/02/16 20:19:32.212, 72.69 W
2025/02/16 20:19:32.222, 72.69 W
2025/02/16 20:19:32.232, 72.69 W
2025/02/16 20:19:32.242, 72.69 W
2025/02/16 20:19:32.252, 72.69 W
2025/02/16 20:19:32.262, 72.69 W
2025/02/16 20:19:32.272, 72.69 W
2025/02/16 20:19:32.283, 72.69 W
2025/02/16 20:19:32.293, 72.69 W
2025/02/16 20:19:32.303, 72.69 W
2025/02/16 20:19:32.313, 72.69 W
2025/02/16 20:19:32.323, 72.69 W
2025/02/16 20:19:32.333, 72.93 W
2025/02/16 20:19:32.343, 72.93 W
2025/02/16 20:19:32.353, 72.93 W
2025/02/16 20:19:32.363, 72.93 W
2025/02/16 20:19:32.373, 72.93 W
2025/02/16 20:19:32.383, 72.93 W
2025/02/16 20:19:32.393, 72.93 W
2025/02/16 20:19:32.403, 72.93 W
2025/02/16 20:19:32.413, 72.93 W
2025/02/16 20:19:32.423, 72.93 W
2025/02/16 20:19:32.434, 72.93 W
2025/02/16 20:19:32.444, 72.93 W
2025/02/16 20:19:32.454, 72.69 W
2025/02/16 20:19:32.464, 72.69 W
2025/02/16 20:19:32.474, 72.69 W
2025/02/16 20:19:32.484, 72.69 W
2025/02/16 20:19:32.494, 72.69 W
2025/02/16 20:19:32.504, 72.69 W
2025/02/16 20:19:32.514, 72.69 W
2025/02/16 20:19:32.524, 72.69 W
2025/02/16 20:19:32.534, 72.69 W
2025/02/16 20:19:32.544, 72.69 W
2025/02/16 20:19:32.554, 72.69 W
2025/02/16 20:19:32.564, 72.69 W
2025/02/16 20:19:32.574, 72.69 W
2025/02/16 20:19:32.584, 72.69 W
2025/02/16 20:19:32.595, 72.69 W
2025/02/16 20:19:32.605, 72.69 W
2025/02/16 20:19:32.615, 72.69 W
2025/02/16 20:19:32.625, 72.69 W
2025/02/16 20:19:32.635, 72.93 W
2025/02/16 20:19:32.645, 72.93 W
2025/02/16 20:19:32.655, 72.93 W
2025/02/16 20:19:32.665, 72.93 W
2025/02/16 20:19:32.675, 72.93 W
2025/02/16 20:19:32.685, 72.93 W
2025/02/16 20:19:32.695, 72.93 W
2025/02/16 20:19:32.705, 72.93 W
2025/02/16 20:19:32.715, 72.93 W
2025/02/16 20:19:32.725, 72.93 W
2025/02/16 20:19:32.735, 72.69 W
2025/02/16 20:19:32.746, 72.69 W
2025/02/16 20:19:32.756, 72.69 W
2025/02/16 20:19:32.766, 72.69 W
2025/02/16 20:19:32.776, 72.69 W
2025/02/16 20:19:32.786, 72.69 W
2025/02/16 20:19:32.796, 72.69 W
2025/02/16 20:19:32.806, 72.69 W
2025/02/16 20:19:32.816, 72.69 W
2025/02/16 20:19:32.826, 72.69 W
2025/02/16 20:19:32.836, 72.69 W
2025/02/16 20:19:32.846, 72.69 W
2025/02/16 20:19:32.856, 72.69 W
2025/02/16 20:19:32.866, 72.69 W
2025/02/16 20:19:32.876, 72.69 W
2025/02/16 20:19:32.886, 72.69 W
2025/02/16 20:19:32.896, 72.69 W
2025/02/16 20:19:32.907, 72.69 W
2025/02/16 20:19:32.917, 72.69 W
2025/02/16 20:19:32.927, 72.69 W
2025/02/16 20:19:32.937, 72.69 W
2025/02/16 20:19:32.947, 72.69 W
2025/02/16 20:19:32.957, 72.69 W
2025/02/16 20:19:32.967, 72.69 W
2025/02/16 20:19:32.977, 72.69 W
2025/02/16 20:19:32.987, 72.69 W
2025/02/16 20:19:32.997, 72.69 W
2025/02/16 20:19:33.007, 72.69 W
2025/02/16 20:19:33.017, 72.69 W
2025/02/16 20:19:33.027, 72.69 W
2025/02/16 20:19:33.037, 72.69 W
2025/02/16 20:19:33.047, 72.69 W
2025/02/16 20:19:33.058, 72.69 W
2025/02/16 20:19:33.068, 72.69 W
2025/02/16 20:19:33.078, 72.69 W
2025/02/16 20:19:33.088, 72.69 W
2025/02/16 20:19:33.098, 72.69 W
2025/02/16 20:19:33.108, 72.69 W
2025/02/16 20:19:33.118, 72.69 W
2025/02/16 20:19:33.128, 72.69 W
2025/02/16 20:19:33.138, 72.69 W
2025/02/16 20:19:33.148, 72.69 W
2025/02/16 20:19:33.158, 72.69 W
2025/02/16 20:19:33.168, 72.69 W
2025/02/16 20:19:33.178, 72.69 W
2025/02/16 20:19:33.188, 72.69 W
2025/02/16 20:19:33.198, 72.69 W
2025/02/16 20:19:33.208, 72.69 W
2025/02/16 20:19:33.219, 72.69 W
2025/02/16 20:19:33.229, 72.69 W
2025/02/16 20:19:33.239, 72.69 W
2025/02/16 20:19:33.249, 72.69 W
2025/02/16 20:19:33.259, 72.69 W
2025/02/16 20:19:33.269, 72.69 W
2025/02/16 20:19:33.279, 72.69 W
2025/02/16 20:19:33.289, 72.69 W
2025/02/16 20:19:33.299, 72.69 W
2025/02/16 20:19:33.309, 72.69 W
2025/02/16 20:19:33.319, 72.69 W
2025/02/16 20:19:33.329, 72.69 W
2025/02/16 20:19:33.339, 72.69 W
2025/02/16 20:19:33.349, 72.69 W
2025/02/16 20:19:33.359, 72.69 W
2025/02/16 20:19:33.370, 72.69 W
2025/02/16 20:19:33.380, 72.69 W
2025/02/16 20:19:33.390, 72.69 W
2025/02/16 20:19:33.400, 72.69 W
2025/02/16 20:19:33.410, 72.69 W
2025/02/16 20:19:33.420, 72.69 W
2025/02/16 20:19:33.430, 72.69 W
2025/02/16 20:19:33.440, 72.69 W
2025/02/16 20:19:33.450, 72.69 W
2025/02/16 20:19:33.460, 72.69 W
2025/02/16 20:19:33.470, 72.69 W
2025/02/16 20:19:33.480, 72.93 W
2025/02/16 20:19:33.490, 72.93 W
2025/02/16 20:19:33.500, 72.93 W
2025/02/16 20:19:33.510, 72.93 W
2025/02/16 20:19:33.520, 72.93 W
2025/02/16 20:19:33.531, 72.93 W
2025/02/16 20:19:33.541, 72.93 W
2025/02/16 20:19:33.551, 72.93 W
2025/02/16 20:19:33.561, 72.69 W
2025/02/16 20:19:33.571, 72.69 W
2025/02/16 20:19:33.581, 72.69 W
2025/02/16 20:19:33.591, 72.69 W
2025/02/16 20:19:33.601, 72.69 W
2025/02/16 20:19:33.611, 72.69 W
2025/02/16 20:19:33.621, 72.69 W
2025/02/16 20:19:33.631, 72.69 W
2025/02/16 20:19:33.641, 72.69 W
2025/02/16 20:19:33.651, 72.69 W
2025/02/16 20:19:33.661, 72.69 W
2025/02/16 20:19:33.671, 72.69 W
2025/02/16 20:19:33.681, 72.69 W
2025/02/16 20:19:33.692, 72.69 W
2025/02/16 20:19:33.702, 72.69 W
2025/02/16 20:19:33.712, 72.69 W
2025/02/16 20:19:33.722, 72.69 W
2025/02/16 20:19:33.732, 72.69 W
2025/02/16 20:19:33.742, 72.69 W
2025/02/16 20:19:33.752, 72.69 W
2025/02/16 20:19:33.762, 72.93 W
2025/02/16 20:19:33.772, 72.93 W
2025/02/16 20:19:33.782, 72.93 W
2025/02/16 20:19:33.792, 72.93 W
2025/02/16 20:19:33.802, 72.93 W
2025/02/16 20:19:33.812, 72.93 W
2025/02/16 20:19:33.822, 72.93 W
2025/02/16 20:19:33.832, 72.93 W
2025/02/16 20:19:33.843, 72.93 W
2025/02/16 20:19:33.853, 72.93 W
2025/02/16 20:19:33.863, 72.93 W
2025/02/16 20:19:33.873, 72.93 W
2025/02/16 20:19:33.883, 72.69 W
2025/02/16 20:19:33.893, 72.69 W
2025/02/16 20:19:33.903, 72.69 W
2025/02/16 20:19:33.913, 72.69 W
2025/02/16 20:19:33.923, 72.69 W
2025/02/16 20:19:33.933, 72.69 W
2025/02/16 20:19:33.943, 72.69 W
2025/02/16 20:19:33.953, 72.69 W
2025/02/16 20:19:33.963, 72.69 W
2025/02/16 20:19:33.973, 72.69 W
2025/02/16 20:19:33.983, 72.69 W
2025/02/16 20:19:33.993, 72.69 W
2025/02/16 20:19:34.004, 72.69 W
2025/02/16 20:19:34.014, 72.69 W
2025/02/16 20:19:34.024, 72.69 W
2025/02/16 20:19:34.034, 72.69 W
2025/02/16 20:19:34.044, 72.69 W
2025/02/16 20:19:34.054, 72.69 W
2025/02/16 20:19:34.064, 72.69 W
2025/02/16 20:19:34.074, 72.69 W
2025/02/16 20:19:34.084, 72.69 W
2025/02/16 20:19:34.094, 72.93 W
2025/02/16 20:19:34.104, 72.93 W
2025/02/16 20:19:34.114, 72.93 W
2025/02/16 20:19:34.124, 72.93 W
2025/02/16 20:19:34.134, 72.93 W
2025/02/16 20:19:34.144, 72.93 W
2025/02/16 20:19:34.155, 72.93 W
2025/02/16 20:19:34.165, 72.93 W
2025/02/16 20:19:34.175, 72.69 W
2025/02/16 20:19:34.185, 72.69 W
2025/02/16 20:19:34.195, 72.69 W
2025/02/16 20:19:34.205, 72.69 W
2025/02/16 20:19:34.215, 72.69 W
2025/02/16 20:19:34.225, 72.69 W
2025/02/16 20:19:34.235, 72.69 W
2025/02/16 20:19:34.245, 72.69 W
2025/02/16 20:19:34.255, 72.69 W
2025/02/16 20:19:34.265, 72.69 W
2025/02/16 20:19:34.275, 72.69 W
2025/02/16 20:19:34.285, 72.69 W
2025/02/16 20:19:34.295, 72.69 W
2025/02/16 20:19:34.305, 72.69 W
2025/02/16 20:19:34.316, 72.69 W
2025/02/16 20:19:34.326, 72.69 W
2025/02/16 20:19:34.336, 72.69 W
2025/02/16 20:19:34.346, 72.69 W
2025/02/16 20:19:34.356, 72.69 W
2025/02/16 20:19:34.366, 72.69 W
2025/02/16 20:19:34.376, 72.93 W
2025/02/16 20:19:34.386, 72.93 W
2025/02/16 20:19:34.396, 72.93 W
2025/02/16 20:19:34.406, 72.93 W
2025/02/16 20:19:34.416, 72.93 W
2025/02/16 20:19:34.426, 72.93 W
2025/02/16 20:19:34.436, 72.93 W
2025/02/16 20:19:34.446, 72.93 W
2025/02/16 20:19:34.456, 72.93 W
2025/02/16 20:19:34.467, 72.93 W
2025/02/16 20:19:34.477, 72.93 W
2025/02/16 20:19:34.487, 72.93 W
2025/02/16 20:19:34.497, 72.93 W
2025/02/16 20:19:34.507, 72.69 W
2025/02/16 20:19:34.517, 72.69 W
2025/02/16 20:19:34.527, 72.69 W
2025/02/16 20:19:34.537, 72.69 W
2025/02/16 20:19:34.547, 72.69 W
2025/02/16 20:19:34.557, 72.69 W
2025/02/16 20:19:34.567, 72.69 W
2025/02/16 20:19:34.577, 72.69 W
2025/02/16 20:19:34.587, 72.69 W
2025/02/16 20:19:34.597, 72.69 W
2025/02/16 20:19:34.607, 72.69 W
2025/02/16 20:19:34.617, 72.69 W
2025/02/16 20:19:34.628, 72.69 W
2025/02/16 20:19:34.638, 72.69 W
2025/02/16 20:19:34.648, 72.69 W
2025/02/16 20:19:34.658, 72.69 W
2025/02/16 20:19:34.668, 72.69 W
2025/02/16 20:19:34.678, 72.69 W
2025/02/16 20:19:34.688, 72.69 W
2025/02/16 20:19:34.698, 72.69 W
2025/02/16 20:19:34.708, 72.69 W
2025/02/16 20:19:34.718, 72.69 W
2025/02/16 20:19:34.728, 72.69 W
2025/02/16 20:19:34.738, 72.69 W
2025/02/16 20:19:34.748, 72.69 W
2025/02/16 20:19:34.758, 72.69 W
2025/02/16 20:19:34.768, 72.69 W
2025/02/16 20:19:34.779, 72.69 W
2025/02/16 20:19:34.789, 72.93 W
2025/02/16 20:19:34.799, 72.93 W
2025/02/16 20:19:34.809, 72.93 W
2025/02/16 20:19:34.819, 72.93 W
2025/02/16 20:19:34.829, 72.93 W
2025/02/16 20:19:34.839, 72.93 W
2025/02/16 20:19:34.849, 72.93 W
2025/02/16 20:19:34.859, 72.93 W
2025/02/16 20:19:34.869, 72.93 W
2025/02/16 20:19:34.879, 72.93 W
2025/02/16 20:19:34.889, 72.93 W
2025/02/16 20:19:34.899, 72.93 W
2025/02/16 20:19:34.909, 72.69 W
2025/02/16 20:19:34.919, 72.69 W
2025/02/16 20:19:34.929, 72.69 W
2025/02/16 20:19:34.940, 72.69 W
2025/02/16 20:19:34.950, 72.69 W
2025/02/16 20:19:34.960, 72.69 W
2025/02/16 20:19:34.970, 72.69 W
2025/02/16 20:19:34.980, 72.69 W
2025/02/16 20:19:34.990, 72.69 W
2025/02/16 20:19:35.000, 72.69 W
2025/02/16 20:19:35.010, 72.69 W
2025/02/16 20:19:35.020, 72.69 W
2025/02/16 20:19:35.030, 72.69 W
2025/02/16 20:19:35.040, 72.69 W
2025/02/16 20:19:35.050, 72.69 W
2025/02/16 20:19:35.060, 72.69 W
2025/02/16 20:19:35.070, 72.69 W
2025/02/16 20:19:35.080, 72.69 W
2025/02/16 20:19:35.091, 72.69 W
2025/02/16 20:19:35.101, 72.69 W
2025/02/16 20:19:35.111, 72.69 W
2025/02/16 20:19:35.121, 72.93 W
2025/02/16 20:19:35.131, 72.93 W
2025/02/16 20:19:35.141, 72.93 W
2025/02/16 20:19:35.151, 72.93 W
2025/02/16 20:19:35.161, 72.93 W
2025/02/16 20:19:35.171, 72.93 W
2025/02/16 20:19:35.181, 72.93 W
2025/02/16 20:19:35.191, 72.93 W
2025/02/16 20:19:35.201, 72.93 W
2025/02/16 20:19:35.211, 72.93 W
2025/02/16 20:19:35.221, 72.93 W
2025/02/16 20:19:35.231, 72.93 W
2025/02/16 20:19:35.241, 72.93 W
2025/02/16 20:19:35.252, 72.93 W
2025/02/16 20:19:35.262, 72.93 W
2025/02/16 20:19:35.272, 72.93 W
2025/02/16 20:19:35.282, 72.93 W
2025/02/16 20:19:35.292, 72.93 W
2025/02/16 20:19:35.302, 72.93 W
2025/02/16 20:19:35.312, 72.93 W
2025/02/16 20:19:35.322, 72.69 W
2025/02/16 20:19:35.332, 72.69 W
2025/02/16 20:19:35.342, 72.69 W
2025/02/16 20:19:35.352, 72.69 W
2025/02/16 20:19:35.362, 72.69 W
2025/02/16 20:19:35.372, 72.69 W
2025/02/16 20:19:35.382, 72.69 W
2025/02/16 20:19:35.392, 72.69 W
2025/02/16 20:19:35.403, 72.69 W
2025/02/16 20:19:35.413, 72.69 W
2025/02/16 20:19:35.423, 72.69 W
2025/02/16 20:19:35.433, 72.69 W
2025/02/16 20:19:35.443, 72.69 W
2025/02/16 20:19:35.453, 72.69 W
2025/02/16 20:19:35.463, 72.69 W
2025/02/16 20:19:35.473, 72.69 W
2025/02/16 20:19:35.483, 72.69 W
2025/02/16 20:19:35.493, 72.69 W
2025/02/16 20:19:35.503, 72.69 W
2025/02/16 20:19:35.513, 72.69 W
2025/02/16 20:19:35.523, 72.93 W
2025/02/16 20:19:35.533, 72.93 W
2025/02/16 20:19:35.543, 72.93 W
2025/02/16 20:19:35.553, 72.93 W
2025/02/16 20:19:35.564, 72.93 W
2025/02/16 20:19:35.574, 72.93 W
2025/02/16 20:19:35.584, 72.93 W
2025/02/16 20:19:35.594, 72.93 W
2025/02/16 20:19:35.604, 72.93 W
2025/02/16 20:19:35.614, 72.93 W
2025/02/16 20:19:35.624, 72.93 W
2025/02/16 20:19:35.634, 72.69 W
2025/02/16 20:19:35.644, 72.69 W
2025/02/16 20:19:35.654, 72.69 W
2025/02/16 20:19:35.664, 72.69 W
2025/02/16 20:19:35.674, 72.69 W
2025/02/16 20:19:35.684, 72.69 W
2025/02/16 20:19:35.694, 72.69 W
2025/02/16 20:19:35.704, 72.69 W
2025/02/16 20:19:35.715, 72.69 W
2025/02/16 20:19:35.725, 72.69 W
2025/02/16 20:19:35.735, 72.69 W
2025/02/16 20:19:35.745, 72.69 W
2025/02/16 20:19:35.755, 72.69 W
2025/02/16 20:19:35.765, 72.69 W
2025/02/16 20:19:35.775, 72.69 W
2025/02/16 20:19:35.785, 72.69 W
2025/02/16 20:19:35.795, 72.69 W
2025/02/16 20:19:35.805, 72.69 W
2025/02/16 20:19:35.815, 72.69 W
2025/02/16 20:19:35.825, 72.69 W
2025/02/16 20:19:35.835, 72.69 W
2025/02/16 20:19:35.845, 72.69 W
2025/02/16 20:19:35.855, 72.69 W
2025/02/16 20:19:35.865, 72.69 W
2025/02/16 20:19:35.876, 72.69 W
2025/02/16 20:19:35.886, 72.69 W
2025/02/16 20:19:35.896, 72.69 W
2025/02/16 20:19:35.906, 72.69 W
2025/02/16 20:19:35.916, 72.69 W
2025/02/16 20:19:35.926, 72.69 W
2025/02/16 20:19:35.936, 72.69 W
2025/02/16 20:19:35.946, 72.69 W
2025/02/16 20:19:35.956, 72.69 W
2025/02/16 20:19:35.966, 72.69 W
2025/02/16 20:19:35.976, 72.69 W
2025/02/16 20:19:35.986, 72.69 W
2025/02/16 20:19:35.996, 72.69 W
2025/02/16 20:19:36.006, 72.69 W
2025/02/16 20:19:36.016, 72.69 W
2025/02/16 20:19:36.026, 72.69 W
2025/02/16 20:19:36.037, 72.69 W
2025/02/16 20:19:36.047, 72.69 W
2025/02/16 20:19:36.057, 72.69 W
2025/02/16 20:19:36.067, 72.69 W
2025/02/16 20:19:36.077, 72.69 W
2025/02/16 20:19:36.087, 72.69 W
2025/02/16 20:19:36.097, 72.69 W
2025/02/16 20:19:36.107, 72.69 W
2025/02/16 20:19:36.117, 72.69 W
2025/02/16 20:19:36.127, 72.69 W
2025/02/16 20:19:36.137, 72.93 W
2025/02/16 20:19:36.147, 72.93 W
2025/02/16 20:19:36.157, 72.93 W
2025/02/16 20:19:36.167, 72.93 W
2025/02/16 20:19:36.177, 72.93 W
2025/02/16 20:19:36.188, 72.93 W
2025/02/16 20:19:36.198, 72.93 W
2025/02/16 20:19:36.208, 72.93 W
2025/02/16 20:19:36.218, 72.93 W
2025/02/16 20:19:36.228, 72.93 W
2025/02/16 20:19:36.238, 72.93 W
2025/02/16 20:19:36.248, 72.93 W
2025/02/16 20:19:36.258, 72.93 W
2025/02/16 20:19:36.268, 72.93 W
2025/02/16 20:19:36.278, 72.93 W
2025/02/16 20:19:36.288, 72.93 W
2025/02/16 20:19:36.298, 72.93 W
2025/02/16 20:19:36.308, 72.93 W
2025/02/16 20:19:36.318, 72.93 W
2025/02/16 20:19:36.328, 72.93 W
2025/02/16 20:19:36.338, 72.93 W
2025/02/16 20:19:36.349, 72.69 W
2025/02/16 20:19:36.359, 72.69 W
2025/02/16 20:19:36.369, 72.69 W
2025/02/16 20:19:36.379, 72.69 W
2025/02/16 20:19:36.389, 72.69 W
2025/02/16 20:19:36.399, 72.69 W
2025/02/16 20:19:36.409, 72.69 W
2025/02/16 20:19:36.419, 72.69 W
2025/02/16 20:19:36.429, 72.69 W
2025/02/16 20:19:36.439, 72.69 W
2025/02/16 20:19:36.449, 72.69 W
2025/02/16 20:19:36.459, 72.69 W
2025/02/16 20:19:36.469, 72.69 W
2025/02/16 20:19:36.479, 72.69 W
2025/02/16 20:19:36.489, 72.69 W
2025/02/16 20:19:36.500, 72.69 W
2025/02/16 20:19:36.510, 72.69 W
2025/02/16 20:19:36.520, 72.69 W
2025/02/16 20:19:36.530, 72.69 W
2025/02/16 20:19:36.540, 72.69 W
2025/02/16 20:19:36.550, 72.69 W
2025/02/16 20:19:36.560, 72.69 W
2025/02/16 20:19:36.570, 72.69 W
2025/02/16 20:19:36.580, 72.69 W
2025/02/16 20:19:36.590, 72.69 W
2025/02/16 20:19:36.600, 72.69 W
2025/02/16 20:19:36.610, 72.69 W
2025/02/16 20:19:36.620, 72.69 W
2025/02/16 20:19:36.630, 72.69 W
2025/02/16 20:19:36.640, 72.69 W
2025/02/16 20:19:36.650, 72.69 W
2025/02/16 20:19:36.661, 72.69 W
2025/02/16 20:19:36.671, 72.69 W
2025/02/16 20:19:36.681, 72.69 W
2025/02/16 20:19:36.691, 72.69 W
2025/02/16 20:19:36.701, 72.69 W
2025/02/16 20:19:36.711, 72.69 W
2025/02/16 20:19:36.721, 72.69 W
2025/02/16 20:19:36.731, 72.69 W
2025/02/16 20:19:36.741, 72.69 W
2025/02/16 20:19:36.751, 72.69 W
2025/02/16 20:19:36.761, 72.69 W
2025/02/16 20:19:36.771, 72.69 W
2025/02/16 20:19:36.781, 72.69 W
2025/02/16 20:19:36.791, 72.69 W
2025/02/16 20:19:36.801, 72.69 W
2025/02/16 20:19:36.812, 72.69 W
2025/02/16 20:19:36.822, 72.69 W
2025/02/16 20:19:36.832, 72.69 W
2025/02/16 20:19:36.842, 72.69 W
2025/02/16 20:19:36.852, 72.69 W
2025/02/16 20:19:36.862, 72.69 W
2025/02/16 20:19:36.872, 72.69 W
2025/02/16 20:19:36.882, 72.69 W
2025/02/16 20:19:36.892, 72.69 W
2025/02/16 20:19:36.902, 72.69 W
2025/02/16 20:19:36.912, 72.69 W
2025/02/16 20:19:36.922, 72.69 W
2025/02/16 20:19:36.932, 72.69 W
2025/02/16 20:19:36.942, 72.69 W
2025/02/16 20:19:36.952, 72.69 W
2025/02/16 20:19:36.962, 72.93 W
2025/02/16 20:19:36.973, 72.93 W
2025/02/16 20:19:36.983, 72.93 W
2025/02/16 20:19:36.993, 72.93 W
2025/02/16 20:19:37.003, 72.93 W
2025/02/16 20:19:37.013, 72.93 W
2025/02/16 20:19:37.023, 72.93 W
2025/02/16 20:19:37.033, 72.93 W
2025/02/16 20:19:37.043, 72.69 W
2025/02/16 20:19:37.053, 72.69 W
2025/02/16 20:19:37.063, 72.69 W
2025/02/16 20:19:37.073, 72.69 W
2025/02/16 20:19:37.083, 72.69 W
2025/02/16 20:19:37.093, 72.69 W
2025/02/16 20:19:37.103, 72.69 W
2025/02/16 20:19:37.113, 72.69 W
2025/02/16 20:19:37.124, 72.69 W
2025/02/16 20:19:37.134, 72.69 W
2025/02/16 20:19:37.144, 72.69 W
2025/02/16 20:19:37.154, 72.69 W
2025/02/16 20:19:37.164, 72.69 W
2025/02/16 20:19:37.174, 72.69 W
2025/02/16 20:19:37.184, 72.69 W
2025/02/16 20:19:37.194, 72.69 W
2025/02/16 20:19:37.204, 72.69 W
2025/02/16 20:19:37.214, 72.69 W
2025/02/16 20:19:37.224, 72.69 W
2025/02/16 20:19:37.234, 72.69 W
2025/02/16 20:19:37.244, 72.69 W
2025/02/16 20:19:37.254, 72.93 W
2025/02/16 20:19:37.264, 72.93 W
2025/02/16 20:19:37.274, 72.93 W
2025/02/16 20:19:37.285, 72.93 W
2025/02/16 20:19:37.295, 72.93 W
2025/02/16 20:19:37.305, 72.93 W
2025/02/16 20:19:37.315, 72.93 W
2025/02/16 20:19:37.325, 72.93 W
2025/02/16 20:19:37.335, 72.93 W
2025/02/16 20:19:37.345, 72.93 W
2025/02/16 20:19:37.355, 72.93 W
2025/02/16 20:19:37.365, 72.93 W
2025/02/16 20:19:37.375, 72.69 W
2025/02/16 20:19:37.385, 72.69 W
2025/02/16 20:19:37.395, 72.69 W
2025/02/16 20:19:37.405, 72.69 W
2025/02/16 20:19:37.415, 72.69 W
2025/02/16 20:19:37.425, 72.69 W
2025/02/16 20:19:37.436, 72.69 W
2025/02/16 20:19:37.446, 72.69 W
2025/02/16 20:19:37.456, 72.69 W
2025/02/16 20:19:37.466, 72.69 W
2025/02/16 20:19:37.476, 72.69 W
2025/02/16 20:19:37.486, 72.69 W
2025/02/16 20:19:37.496, 72.69 W
2025/02/16 20:19:37.506, 72.69 W
2025/02/16 20:19:37.516, 72.69 W
2025/02/16 20:19:37.526, 72.69 W
2025/02/16 20:19:37.536, 72.69 W
2025/02/16 20:19:37.546, 72.69 W
2025/02/16 20:19:37.556, 72.69 W
2025/02/16 20:19:37.566, 72.69 W
2025/02/16 20:19:37.576, 72.69 W
2025/02/16 20:19:37.586, 72.69 W
2025/02/16 20:19:37.597, 72.69 W
2025/02/16 20:19:37.607, 72.69 W
2025/02/16 20:19:37.617, 72.69 W
2025/02/16 20:19:37.627, 72.69 W
2025/02/16 20:19:37.637, 72.69 W
2025/02/16 20:19:37.647, 72.69 W
2025/02/16 20:19:37.657, 72.93 W
2025/02/16 20:19:37.667, 72.93 W
2025/02/16 20:19:37.677, 72.93 W
2025/02/16 20:19:37.687, 72.93 W
2025/02/16 20:19:37.697, 72.93 W
2025/02/16 20:19:37.707, 72.93 W
2025/02/16 20:19:37.717, 72.93 W
2025/02/16 20:19:37.727, 72.93 W
2025/02/16 20:19:37.737, 72.93 W
2025/02/16 20:19:37.748, 72.93 W
2025/02/16 20:19:37.758, 72.93 W
2025/02/16 20:19:37.768, 72.93 W
2025/02/16 20:19:37.778, 72.69 W
2025/02/16 20:19:37.788, 72.69 W
2025/02/16 20:19:37.798, 72.69 W
2025/02/16 20:19:37.808, 72.69 W
2025/02/16 20:19:37.818, 72.69 W
2025/02/16 20:19:37.828, 72.69 W
2025/02/16 20:19:37.838, 72.69 W
2025/02/16 20:19:37.848, 72.69 W
2025/02/16 20:19:37.858, 72.69 W
2025/02/16 20:19:37.868, 72.69 W
2025/02/16 20:19:37.878, 72.69 W
2025/02/16 20:19:37.888, 72.69 W
2025/02/16 20:19:37.898, 72.69 W
2025/02/16 20:19:37.909, 72.69 W
2025/02/16 20:19:37.919, 72.69 W
2025/02/16 20:19:37.929, 72.69 W
2025/02/16 20:19:37.939, 72.69 W
2025/02/16 20:19:37.949, 72.69 W
2025/02/16 20:19:37.959, 72.69 W
2025/02/16 20:19:37.969, 72.69 W
2025/02/16 20:19:37.979, 72.69 W
2025/02/16 20:19:37.989, 72.93 W
2025/02/16 20:19:37.999, 72.93 W
2025/02/16 20:19:38.009, 72.93 W
2025/02/16 20:19:38.019, 72.93 W
2025/02/16 20:19:38.029, 72.93 W
2025/02/16 20:19:38.039, 72.93 W
2025/02/16 20:19:38.049, 72.93 W
2025/02/16 20:19:38.060, 72.93 W
2025/02/16 20:19:38.070, 72.69 W
2025/02/16 20:19:38.080, 72.69 W
2025/02/16 20:19:38.090, 72.69 W
2025/02/16 20:19:38.100, 72.69 W
2025/02/16 20:19:38.110, 72.69 W
2025/02/16 20:19:38.120, 72.69 W
2025/02/16 20:19:38.130, 72.69 W
2025/02/16 20:19:38.140, 72.69 W
2025/02/16 20:19:38.150, 72.69 W
2025/02/16 20:19:38.160, 72.69 W
2025/02/16 20:19:38.170, 72.69 W
2025/02/16 20:19:38.180, 72.69 W
2025/02/16 20:19:38.190, 72.69 W
2025/02/16 20:19:38.200, 72.69 W
2025/02/16 20:19:38.216, 72.69 W
2025/02/16 20:19:38.226, 72.69 W
2025/02/16 20:19:38.236, 72.69 W
2025/02/16 20:19:38.246, 72.69 W
2025/02/16 20:19:38.256, 72.69 W
2025/02/16 20:19:38.266, 72.69 W
2025/02/16 20:19:38.276, 72.69 W
2025/02/16 20:19:38.286, 72.69 W
2025/02/16 20:19:38.296, 72.69 W
2025/02/16 20:19:38.306, 72.69 W
2025/02/16 20:19:38.316, 72.69 W
2025/02/16 20:19:38.326, 72.69 W
2025/02/16 20:19:38.337, 72.69 W
2025/02/16 20:19:38.347, 72.69 W
2025/02/16 20:19:38.357, 72.69 W
2025/02/16 20:19:38.367, 72.69 W
2025/02/16 20:19:38.377, 72.69 W
2025/02/16 20:19:38.387, 72.69 W
2025/02/16 20:19:38.397, 72.69 W
2025/02/16 20:19:38.407, 72.69 W
2025/02/16 20:19:38.417, 72.69 W
2025/02/16 20:19:38.427, 72.69 W
2025/02/16 20:19:38.437, 72.69 W
2025/02/16 20:19:38.447, 72.69 W
2025/02/16 20:19:38.457, 72.69 W
2025/02/16 20:19:38.467, 72.69 W
2025/02/16 20:19:38.477, 72.69 W
2025/02/16 20:19:38.487, 72.69 W
2025/02/16 20:19:38.498, 72.69 W
2025/02/16 20:19:38.508, 72.69 W
2025/02/16 20:19:38.518, 72.69 W
2025/02/16 20:19:38.528, 72.69 W
2025/02/16 20:19:38.538, 72.69 W
2025/02/16 20:19:38.548, 72.69 W
2025/02/16 20:19:38.558, 72.69 W
2025/02/16 20:19:38.568, 72.69 W
2025/02/16 20:19:38.578, 72.69 W
2025/02/16 20:19:38.588, 72.69 W
2025/02/16 20:19:38.598, 72.69 W
2025/02/16 20:19:38.608, 72.69 W
2025/02/16 20:19:38.618, 72.69 W
2025/02/16 20:19:38.628, 72.69 W
2025/02/16 20:19:38.638, 72.69 W
2025/02/16 20:19:38.649, 72.69 W
2025/02/16 20:19:38.659, 72.69 W
2025/02/16 20:19:38.669, 72.69 W
2025/02/16 20:19:38.679, 72.69 W
2025/02/16 20:19:38.689, 72.69 W
2025/02/16 20:19:38.699, 72.69 W
2025/02/16 20:19:38.709, 72.69 W
2025/02/16 20:19:38.719, 72.69 W
2025/02/16 20:19:38.729, 72.69 W
2025/02/16 20:19:38.739, 72.69 W
2025/02/16 20:19:38.749, 72.69 W
2025/02/16 20:19:38.759, 72.69 W
2025/02/16 20:19:38.769, 72.69 W
2025/02/16 20:19:38.779, 72.69 W
2025/02/16 20:19:38.789, 72.69 W
2025/02/16 20:19:38.799, 72.39 W
2025/02/16 20:19:38.810, 72.39 W
2025/02/16 20:19:38.820, 72.39 W
2025/02/16 20:19:38.830, 72.39 W
2025/02/16 20:19:38.840, 72.39 W
2025/02/16 20:19:38.850, 72.39 W
2025/02/16 20:19:38.860, 72.39 W
2025/02/16 20:19:38.870, 72.39 W
2025/02/16 20:19:38.880, 72.39 W
2025/02/16 20:19:38.890, 72.69 W
2025/02/16 20:19:38.900, 72.69 W
2025/02/16 20:19:38.910, 72.69 W
2025/02/16 20:19:38.920, 72.69 W
2025/02/16 20:19:38.930, 72.69 W
2025/02/16 20:19:38.940, 72.69 W
2025/02/16 20:19:38.950, 72.69 W
2025/02/16 20:19:38.961, 72.69 W
2025/02/16 20:19:38.971, 72.69 W
2025/02/16 20:19:38.981, 72.69 W
2025/02/16 20:19:38.991, 72.69 W
2025/02/16 20:19:39.001, 72.69 W
2025/02/16 20:19:39.011, 72.69 W
2025/02/16 20:19:39.021, 72.69 W
2025/02/16 20:19:39.031, 72.69 W
2025/02/16 20:19:39.041, 72.69 W
2025/02/16 20:19:39.051, 72.69 W
2025/02/16 20:19:39.061, 72.69 W
2025/02/16 20:19:39.071, 72.69 W
2025/02/16 20:19:39.081, 72.69 W
2025/02/16 20:19:39.091, 72.69 W
2025/02/16 20:19:39.101, 72.69 W
2025/02/16 20:19:39.112, 72.69 W
2025/02/16 20:19:39.122, 72.69 W
2025/02/16 20:19:39.132, 72.69 W
2025/02/16 20:19:39.142, 72.69 W
2025/02/16 20:19:39.152, 72.69 W
2025/02/16 20:19:39.162, 72.69 W
2025/02/16 20:19:39.172, 72.69 W
2025/02/16 20:19:39.182, 72.69 W
2025/02/16 20:19:39.192, 72.69 W
2025/02/16 20:19:39.202, 72.69 W
2025/02/16 20:19:39.212, 72.69 W
2025/02/16 20:19:39.222, 72.69 W
2025/02/16 20:19:39.232, 72.69 W
2025/02/16 20:19:39.242, 72.69 W
2025/02/16 20:19:39.252, 72.69 W
2025/02/16 20:19:39.262, 72.69 W
2025/02/16 20:19:39.273, 72.69 W
2025/02/16 20:19:39.283, 72.69 W
2025/02/16 20:19:39.293, 72.69 W
2025/02/16 20:19:39.303, 72.69 W
2025/02/16 20:19:39.313, 72.69 W
2025/02/16 20:19:39.323, 72.69 W
2025/02/16 20:19:39.333, 72.69 W
2025/02/16 20:19:39.343, 72.69 W
2025/02/16 20:19:39.353, 72.69 W
2025/02/16 20:19:39.363, 72.69 W
2025/02/16 20:19:39.373, 72.69 W
2025/02/16 20:19:39.385, 72.69 W
2025/02/16 20:19:39.395, 72.69 W
2025/02/16 20:19:39.405, 72.69 W
2025/02/16 20:19:39.415, 72.69 W
2025/02/16 20:19:39.425, 72.69 W
2025/02/16 20:19:39.436, 72.69 W
2025/02/16 20:19:39.446, 72.69 W
2025/02/16 20:19:39.456, 72.69 W
2025/02/16 20:19:39.466, 72.69 W
2025/02/16 20:19:39.476, 72.69 W
2025/02/16 20:19:39.486, 72.69 W
2025/02/16 20:19:39.496, 72.69 W
2025/02/16 20:19:39.506, 72.93 W
2025/02/16 20:19:39.516, 72.93 W
2025/02/16 20:19:39.526, 72.93 W
2025/02/16 20:19:39.536, 72.93 W
2025/02/16 20:19:39.546, 72.93 W
2025/02/16 20:19:39.556, 72.93 W
2025/02/16 20:19:39.566, 72.93 W
2025/02/16 20:19:39.576, 72.93 W
2025/02/16 20:19:39.587, 72.93 W
2025/02/16 20:19:39.597, 72.93 W
2025/02/16 20:19:39.607, 72.93 W
2025/02/16 20:19:39.617, 72.93 W
2025/02/16 20:19:39.627, 72.93 W
2025/02/16 20:19:39.637, 72.93 W
2025/02/16 20:19:39.647, 72.93 W
2025/02/16 20:19:39.657, 72.93 W
2025/02/16 20:19:39.667, 72.93 W
2025/02/16 20:19:39.677, 72.93 W
2025/02/16 20:19:39.687, 72.93 W
2025/02/16 20:19:39.697, 72.93 W
2025/02/16 20:19:39.707, 72.93 W
2025/02/16 20:19:39.717, 72.93 W
2025/02/16 20:19:39.727, 72.93 W
2025/02/16 20:19:39.737, 72.93 W
2025/02/16 20:19:39.748, 72.93 W
2025/02/16 20:19:39.758, 72.93 W
2025/02/16 20:19:39.768, 72.93 W
2025/02/16 20:19:39.778, 72.93 W
2025/02/16 20:19:39.788, 72.93 W
2025/02/16 20:19:39.798, 72.93 W
2025/02/16 20:19:39.808, 72.93 W
2025/02/16 20:19:39.818, 72.93 W
2025/02/16 20:19:39.828, 72.93 W
2025/02/16 20:19:39.838, 72.93 W
2025/02/16 20:19:39.848, 72.93 W
2025/02/16 20:19:39.858, 72.93 W
2025/02/16 20:19:39.868, 72.93 W
2025/02/16 20:19:39.878, 72.93 W
2025/02/16 20:19:39.888, 72.93 W
2025/02/16 20:19:39.899, 72.93 W
2025/02/16 20:19:39.909, 72.93 W
2025/02/16 20:19:39.919, 72.93 W
2025/02/16 20:19:39.929, 72.93 W
2025/02/16 20:19:39.939, 72.93 W
2025/02/16 20:19:39.949, 72.93 W
2025/02/16 20:19:39.959, 72.93 W
2025/02/16 20:19:39.969, 72.93 W
2025/02/16 20:19:39.979, 72.93 W
2025/02/16 20:19:39.989, 72.93 W
2025/02/16 20:19:39.999, 72.93 W
2025/02/16 20:19:40.009, 72.93 W
2025/02/16 20:19:40.019, 72.93 W
2025/02/16 20:19:40.029, 72.69 W
2025/02/16 20:19:40.039, 72.69 W
2025/02/16 20:19:40.049, 72.69 W
2025/02/16 20:19:40.060, 72.69 W
2025/02/16 20:19:40.070, 72.69 W
2025/02/16 20:19:40.080, 72.69 W
2025/02/16 20:19:40.090, 72.69 W
2025/02/16 20:19:40.100, 72.69 W
2025/02/16 20:19:40.110, 72.69 W
2025/02/16 20:19:40.120, 72.69 W
2025/02/16 20:19:40.130, 72.69 W
2025/02/16 20:19:40.140, 72.69 W
2025/02/16 20:19:40.150, 72.69 W
2025/02/16 20:19:40.160, 72.69 W
2025/02/16 20:19:40.170, 72.69 W
2025/02/16 20:19:40.180, 72.69 W
2025/02/16 20:19:40.190, 72.69 W
2025/02/16 20:19:40.200, 72.69 W
2025/02/16 20:19:40.210, 72.69 W
2025/02/16 20:19:40.221, 72.69 W
2025/02/16 20:19:40.231, 72.69 W
2025/02/16 20:19:40.241, 72.69 W
2025/02/16 20:19:40.251, 72.69 W
2025/02/16 20:19:40.261, 72.69 W
2025/02/16 20:19:40.271, 72.69 W
2025/02/16 20:19:40.281, 72.69 W
2025/02/16 20:19:40.291, 72.69 W
2025/02/16 20:19:40.301, 72.69 W
2025/02/16 20:19:40.311, 72.69 W
2025/02/16 20:19:40.321, 72.69 W
2025/02/16 20:19:40.331, 72.69 W
2025/02/16 20:19:40.341, 72.69 W
2025/02/16 20:19:40.351, 72.69 W
2025/02/16 20:19:40.361, 72.69 W
2025/02/16 20:19:40.372, 72.69 W
2025/02/16 20:19:40.382, 72.69 W
2025/02/16 20:19:40.392, 72.69 W
2025/02/16 20:19:40.402, 72.69 W
2025/02/16 20:19:40.412, 72.69 W
2025/02/16 20:19:40.422, 72.69 W
2025/02/16 20:19:40.432, 72.69 W
2025/02/16 20:19:40.442, 72.93 W
2025/02/16 20:19:40.452, 72.93 W
2025/02/16 20:19:40.462, 72.93 W
2025/02/16 20:19:40.472, 72.93 W
2025/02/16 20:19:40.482, 72.93 W
2025/02/16 20:19:40.492, 72.93 W
2025/02/16 20:19:40.502, 72.93 W
2025/02/16 20:19:40.512, 72.93 W
2025/02/16 20:19:40.522, 72.93 W
2025/02/16 20:19:40.533, 72.93 W
2025/02/16 20:19:40.543, 72.93 W
2025/02/16 20:19:40.553, 72.93 W
2025/02/16 20:19:40.563, 72.93 W
2025/02/16 20:19:40.573, 72.93 W
2025/02/16 20:19:40.583, 72.93 W
2025/02/16 20:19:40.593, 72.93 W
2025/02/16 20:19:40.603, 72.93 W
2025/02/16 20:19:40.613, 72.93 W
2025/02/16 20:19:40.623, 72.93 W
2025/02/16 20:19:40.633, 72.93 W
2025/02/16 20:19:40.643, 72.93 W
2025/02/16 20:19:40.653, 72.93 W
2025/02/16 20:19:40.663, 72.93 W
2025/02/16 20:19:40.673, 72.93 W
2025/02/16 20:19:40.684, 72.93 W
2025/02/16 20:19:40.694, 72.93 W
2025/02/16 20:19:40.704, 72.93 W
2025/02/16 20:19:40.714, 72.93 W
2025/02/16 20:19:40.724, 72.93 W
2025/02/16 20:19:40.734, 72.93 W
2025/02/16 20:19:40.744, 72.93 W
2025/02/16 20:19:40.754, 72.93 W
2025/02/16 20:19:40.764, 72.93 W
2025/02/16 20:19:40.774, 72.93 W
2025/02/16 20:19:40.784, 72.93 W
2025/02/16 20:19:40.794, 72.93 W
2025/02/16 20:19:40.804, 72.93 W
2025/02/16 20:19:40.814, 72.93 W
2025/02/16 20:19:40.824, 72.93 W
2025/02/16 20:19:40.834, 72.93 W
2025/02/16 20:19:40.845, 72.93 W
2025/02/16 20:19:40.855, 72.93 W
2025/02/16 20:19:40.865, 72.93 W
2025/02/16 20:19:40.875, 72.93 W
2025/02/16 20:19:40.885, 72.93 W
2025/02/16 20:19:40.895, 72.93 W
2025/02/16 20:19:40.905, 72.93 W
2025/02/16 20:19:40.915, 72.93 W
2025/02/16 20:19:40.925, 72.93 W
2025/02/16 20:19:40.935, 72.69 W
2025/02/16 20:19:40.945, 72.69 W
2025/02/16 20:19:40.955, 72.69 W
2025/02/16 20:19:40.965, 72.69 W
2025/02/16 20:19:40.975, 72.69 W
2025/02/16 20:19:40.985, 72.69 W
2025/02/16 20:19:40.996, 72.69 W
2025/02/16 20:19:41.006, 72.69 W
2025/02/16 20:19:41.016, 72.69 W
2025/02/16 20:19:41.026, 72.69 W
2025/02/16 20:19:41.036, 72.69 W
2025/02/16 20:19:41.046, 72.69 W
2025/02/16 20:19:41.056, 72.69 W
2025/02/16 20:19:41.066, 72.69 W
2025/02/16 20:19:41.076, 72.69 W
2025/02/16 20:19:41.086, 72.69 W
2025/02/16 20:19:41.096, 72.69 W
2025/02/16 20:19:41.106, 72.69 W
2025/02/16 20:19:41.116, 72.69 W
2025/02/16 20:19:41.126, 72.69 W
2025/02/16 20:19:41.136, 72.69 W
2025/02/16 20:19:41.146, 72.69 W
2025/02/16 20:19:41.157, 72.69 W
2025/02/16 20:19:41.167, 72.69 W
2025/02/16 20:19:41.177, 72.69 W
2025/02/16 20:19:41.187, 72.69 W
2025/02/16 20:19:41.197, 72.69 W
2025/02/16 20:19:41.207, 72.69 W
2025/02/16 20:19:41.217, 72.69 W
2025/02/16 20:19:41.227, 72.69 W
2025/02/16 20:19:41.237, 72.69 W
2025/02/16 20:19:41.247, 72.69 W
2025/02/16 20:19:41.257, 72.69 W
2025/02/16 20:19:41.267, 72.69 W
2025/02/16 20:19:41.277, 72.69 W
2025/02/16 20:19:41.287, 72.69 W
2025/02/16 20:19:41.297, 72.69 W
2025/02/16 20:19:41.307, 72.69 W
2025/02/16 20:19:41.318, 72.69 W
2025/02/16 20:19:41.328, 72.69 W
2025/02/16 20:19:41.338, 72.69 W
2025/02/16 20:19:41.348, 72.69 W
2025/02/16 20:19:41.358, 72.69 W
2025/02/16 20:19:41.368, 72.69 W
2025/02/16 20:19:41.378, 72.69 W
2025/02/16 20:19:41.388, 72.69 W
2025/02/16 20:19:41.398, 72.69 W
2025/02/16 20:19:41.408, 72.69 W
2025/02/16 20:19:41.418, 72.69 W
2025/02/16 20:19:41.428, 72.69 W
2025/02/16 20:19:41.438, 72.69 W
2025/02/16 20:19:41.448, 72.69 W
2025/02/16 20:19:41.458, 72.69 W
2025/02/16 20:19:41.469, 72.69 W
2025/02/16 20:19:41.479, 72.69 W
2025/02/16 20:19:41.489, 72.69 W
2025/02/16 20:19:41.499, 72.69 W
2025/02/16 20:19:41.509, 72.69 W
2025/02/16 20:19:41.519, 72.69 W
2025/02/16 20:19:41.529, 72.69 W
2025/02/16 20:19:41.539, 72.69 W
2025/02/16 20:19:41.549, 72.93 W
2025/02/16 20:19:41.559, 72.93 W
2025/02/16 20:19:41.569, 72.93 W
2025/02/16 20:19:41.579, 72.93 W
2025/02/16 20:19:41.589, 72.93 W
2025/02/16 20:19:41.599, 72.93 W
2025/02/16 20:19:41.609, 72.93 W
2025/02/16 20:19:41.619, 72.93 W
2025/02/16 20:19:41.630, 72.93 W
2025/02/16 20:19:41.640, 72.93 W
2025/02/16 20:19:41.650, 72.69 W
2025/02/16 20:19:41.660, 72.69 W
2025/02/16 20:19:41.670, 72.69 W
2025/02/16 20:19:41.680, 72.69 W
2025/02/16 20:19:41.690, 72.69 W
2025/02/16 20:19:41.700, 72.69 W
2025/02/16 20:19:41.710, 72.69 W
2025/02/16 20:19:41.720, 72.69 W
2025/02/16 20:19:41.730, 72.69 W
2025/02/16 20:19:41.740, 72.69 W
2025/02/16 20:19:41.750, 72.69 W
2025/02/16 20:19:41.761, 72.69 W
2025/02/16 20:19:41.771, 72.69 W
2025/02/16 20:19:41.781, 72.69 W
2025/02/16 20:19:41.791, 72.69 W
2025/02/16 20:19:41.801, 72.69 W
2025/02/16 20:19:41.811, 72.69 W
2025/02/16 20:19:41.821, 72.69 W
2025/02/16 20:19:41.831, 72.69 W
2025/02/16 20:19:41.841, 72.69 W
2025/02/16 20:19:41.851, 72.69 W
2025/02/16 20:19:41.861, 72.69 W
2025/02/16 20:19:41.871, 72.93 W
2025/02/16 20:19:41.881, 72.93 W
2025/02/16 20:19:41.891, 72.93 W
2025/02/16 20:19:41.901, 72.93 W
2025/02/16 20:19:41.911, 72.93 W
2025/02/16 20:19:41.922, 72.93 W
2025/02/16 20:19:41.932, 72.93 W
2025/02/16 20:19:41.942, 72.93 W
2025/02/16 20:19:41.952, 72.93 W
2025/02/16 20:19:41.962, 72.69 W
2025/02/16 20:19:41.972, 72.69 W
2025/02/16 20:19:41.982, 72.69 W
2025/02/16 20:19:41.992, 72.69 W
2025/02/16 20:19:42.002, 72.69 W
2025/02/16 20:19:42.012, 72.69 W
2025/02/16 20:19:42.022, 72.69 W
2025/02/16 20:19:42.032, 72.69 W
2025/02/16 20:19:42.042, 72.69 W
2025/02/16 20:19:42.052, 72.69 W
2025/02/16 20:19:42.062, 72.69 W
2025/02/16 20:19:42.073, 72.69 W
2025/02/16 20:19:42.083, 72.69 W
2025/02/16 20:19:42.093, 72.69 W
2025/02/16 20:19:42.103, 72.69 W
2025/02/16 20:19:42.113, 72.69 W
2025/02/16 20:19:42.123, 72.69 W
2025/02/16 20:19:42.133, 72.69 W
2025/02/16 20:19:42.143, 72.69 W
2025/02/16 20:19:42.153, 72.69 W
2025/02/16 20:19:42.163, 72.93 W
2025/02/16 20:19:42.173, 72.93 W
2025/02/16 20:19:42.183, 72.93 W
2025/02/16 20:19:42.193, 72.93 W
2025/02/16 20:19:42.203, 72.93 W
2025/02/16 20:19:42.213, 72.93 W
2025/02/16 20:19:42.223, 72.93 W
2025/02/16 20:19:42.234, 72.93 W
2025/02/16 20:19:42.244, 72.93 W
2025/02/16 20:19:42.254, 72.93 W
2025/02/16 20:19:42.264, 72.93 W
2025/02/16 20:19:42.274, 72.93 W
2025/02/16 20:19:42.284, 72.69 W
2025/02/16 20:19:42.294, 72.69 W
2025/02/16 20:19:42.304, 72.69 W
2025/02/16 20:19:42.314, 72.69 W
2025/02/16 20:19:42.324, 72.69 W
2025/02/16 20:19:42.334, 72.69 W
2025/02/16 20:19:42.344, 72.69 W
2025/02/16 20:19:42.354, 72.69 W
2025/02/16 20:19:42.364, 72.69 W
2025/02/16 20:19:42.374, 72.69 W
2025/02/16 20:19:42.385, 72.69 W
2025/02/16 20:19:42.395, 72.69 W
2025/02/16 20:19:42.405, 72.69 W
2025/02/16 20:19:42.415, 72.69 W
2025/02/16 20:19:42.425, 72.69 W
2025/02/16 20:19:42.435, 72.69 W
2025/02/16 20:19:42.445, 72.69 W
2025/02/16 20:19:42.455, 72.69 W
2025/02/16 20:19:42.465, 72.69 W
2025/02/16 20:19:42.475, 72.69 W
2025/02/16 20:19:42.485, 72.93 W
2025/02/16 20:19:42.495, 72.93 W
2025/02/16 20:19:42.505, 72.93 W
2025/02/16 20:19:42.515, 72.93 W
2025/02/16 20:19:42.525, 72.93 W
2025/02/16 20:19:42.535, 72.93 W
2025/02/16 20:19:42.546, 72.93 W
2025/02/16 20:19:42.556, 72.93 W
2025/02/16 20:19:42.566, 72.93 W
2025/02/16 20:19:42.576, 72.93 W
2025/02/16 20:19:42.586, 72.69 W
2025/02/16 20:19:42.600, 72.69 W
2025/02/16 20:19:42.610, 72.69 W
2025/02/16 20:19:42.620, 72.69 W
2025/02/16 20:19:42.630, 72.69 W
2025/02/16 20:19:42.640, 72.69 W
2025/02/16 20:19:42.650, 72.69 W
2025/02/16 20:19:42.660, 72.69 W
2025/02/16 20:19:42.670, 72.93 W
2025/02/16 20:19:42.680, 72.93 W
2025/02/16 20:19:42.690, 72.93 W
2025/02/16 20:19:42.700, 72.93 W
2025/02/16 20:19:42.711, 72.93 W
2025/02/16 20:19:42.721, 72.93 W
2025/02/16 20:19:42.731, 72.93 W
2025/02/16 20:19:42.741, 72.93 W
2025/02/16 20:19:42.751, 72.93 W
2025/02/16 20:19:42.761, 72.93 W
2025/02/16 20:19:42.771, 72.93 W
2025/02/16 20:19:42.781, 72.93 W
2025/02/16 20:19:42.791, 72.93 W
2025/02/16 20:19:42.801, 72.93 W
2025/02/16 20:19:42.811, 72.93 W
2025/02/16 20:19:42.821, 72.93 W
2025/02/16 20:19:42.831, 72.93 W
2025/02/16 20:19:42.841, 72.93 W
2025/02/16 20:19:42.851, 72.93 W
2025/02/16 20:19:42.862, 72.93 W
2025/02/16 20:19:42.872, 72.93 W
2025/02/16 20:19:42.882, 72.93 W
2025/02/16 20:19:42.892, 72.93 W
2025/02/16 20:19:42.902, 72.69 W
2025/02/16 20:19:42.912, 72.69 W
2025/02/16 20:19:42.922, 72.69 W
2025/02/16 20:19:42.932, 72.69 W
2025/02/16 20:19:42.942, 72.69 W
2025/02/16 20:19:42.952, 72.69 W
2025/02/16 20:19:42.962, 72.69 W
2025/02/16 20:19:42.972, 72.69 W
2025/02/16 20:19:42.982, 72.69 W
2025/02/16 20:19:42.992, 72.69 W
2025/02/16 20:19:43.002, 72.69 W
2025/02/16 20:19:43.012, 72.69 W
2025/02/16 20:19:43.023, 72.69 W
2025/02/16 20:19:43.033, 72.69 W
2025/02/16 20:19:43.043, 72.69 W
2025/02/16 20:19:43.053, 72.69 W
2025/02/16 20:19:43.063, 72.69 W
2025/02/16 20:19:43.073, 72.69 W
2025/02/16 20:19:43.083, 72.69 W
2025/02/16 20:19:43.093, 72.69 W
2025/02/16 20:19:43.103, 72.69 W
2025/02/16 20:19:43.113, 72.69 W
2025/02/16 20:19:43.123, 72.69 W
2025/02/16 20:19:43.133, 72.69 W
2025/02/16 20:19:43.143, 72.69 W
2025/02/16 20:19:43.153, 72.69 W
2025/02/16 20:19:43.163, 72.69 W
2025/02/16 20:19:43.174, 72.69 W
2025/02/16 20:19:43.184, 72.69 W
2025/02/16 20:19:43.194, 72.69 W
2025/02/16 20:19:43.204, 72.69 W
2025/02/16 20:19:43.214, 72.69 W
2025/02/16 20:19:43.224, 72.69 W
2025/02/16 20:19:43.234, 72.69 W
2025/02/16 20:19:43.244, 72.69 W
2025/02/16 20:19:43.254, 72.69 W
2025/02/16 20:19:43.264, 72.69 W
2025/02/16 20:19:43.274, 72.69 W
2025/02/16 20:19:43.284, 72.69 W
2025/02/16 20:19:43.294, 72.69 W
2025/02/16 20:19:43.304, 72.69 W
2025/02/16 20:19:43.314, 72.69 W
2025/02/16 20:19:43.324, 72.69 W
2025/02/16 20:19:43.335, 72.69 W
2025/02/16 20:19:43.345, 72.69 W
2025/02/16 20:19:43.355, 72.69 W
2025/02/16 20:19:43.365, 72.69 W
2025/02/16 20:19:43.375, 72.69 W
2025/02/16 20:19:43.385, 72.69 W
2025/02/16 20:19:43.395, 72.69 W
2025/02/16 20:19:43.405, 72.69 W
2025/02/16 20:19:43.415, 72.69 W
2025/02/16 20:19:43.425, 72.69 W
2025/02/16 20:19:43.435, 72.69 W
2025/02/16 20:19:43.445, 72.69 W
2025/02/16 20:19:43.455, 72.69 W
2025/02/16 20:19:43.465, 72.69 W
2025/02/16 20:19:43.475, 72.69 W
2025/02/16 20:19:43.486, 72.69 W
2025/02/16 20:19:43.496, 72.69 W
2025/02/16 20:19:43.506, 72.69 W
2025/02/16 20:19:43.516, 72.93 W
2025/02/16 20:19:43.526, 72.93 W
2025/02/16 20:19:43.536, 72.93 W
2025/02/16 20:19:43.546, 72.93 W
2025/02/16 20:19:43.556, 72.93 W
2025/02/16 20:19:43.566, 72.93 W
2025/02/16 20:19:43.576, 72.93 W
2025/02/16 20:19:43.586, 72.93 W
2025/02/16 20:19:43.596, 72.93 W
2025/02/16 20:19:43.606, 72.93 W
2025/02/16 20:19:43.616, 72.69 W
2025/02/16 20:19:43.626, 72.69 W
2025/02/16 20:19:43.636, 72.69 W
2025/02/16 20:19:43.647, 72.69 W
2025/02/16 20:19:43.657, 72.69 W
2025/02/16 20:19:43.667, 72.69 W
2025/02/16 20:19:43.677, 72.69 W
2025/02/16 20:19:43.687, 72.69 W
2025/02/16 20:19:43.697, 72.93 W
2025/02/16 20:19:43.707, 72.93 W
2025/02/16 20:19:43.717, 72.93 W
2025/02/16 20:19:43.727, 72.93 W
2025/02/16 20:19:43.737, 72.93 W
2025/02/16 20:19:43.747, 72.93 W
2025/02/16 20:19:43.757, 72.93 W
2025/02/16 20:19:43.767, 72.93 W
2025/02/16 20:19:43.777, 72.93 W
2025/02/16 20:19:43.787, 72.93 W
2025/02/16 20:19:43.798, 72.69 W
2025/02/16 20:19:43.808, 72.69 W
2025/02/16 20:19:43.818, 72.69 W
2025/02/16 20:19:43.828, 72.69 W
2025/02/16 20:19:43.838, 72.69 W
2025/02/16 20:19:43.848, 72.69 W
2025/02/16 20:19:43.858, 72.69 W
2025/02/16 20:19:43.868, 72.69 W
2025/02/16 20:19:43.878, 72.69 W
2025/02/16 20:19:43.888, 72.69 W
2025/02/16 20:19:43.898, 72.69 W
2025/02/16 20:19:43.908, 72.69 W
2025/02/16 20:19:43.918, 72.93 W
2025/02/16 20:19:43.928, 72.93 W
2025/02/16 20:19:43.938, 72.93 W
2025/02/16 20:19:43.948, 72.93 W
2025/02/16 20:19:43.959, 72.93 W
2025/02/16 20:19:43.969, 72.93 W
2025/02/16 20:19:43.979, 72.93 W
2025/02/16 20:19:43.989, 72.93 W
2025/02/16 20:19:43.999, 72.93 W
2025/02/16 20:19:44.009, 72.93 W
2025/02/16 20:19:44.019, 72.93 W
2025/02/16 20:19:44.029, 72.93 W
2025/02/16 20:19:44.039, 72.93 W
2025/02/16 20:19:44.049, 72.93 W
2025/02/16 20:19:44.059, 72.93 W
2025/02/16 20:19:44.069, 72.93 W
2025/02/16 20:19:44.079, 72.93 W
2025/02/16 20:19:44.089, 72.93 W
2025/02/16 20:19:44.099, 72.93 W
2025/02/16 20:19:44.110, 72.93 W
2025/02/16 20:19:44.120, 72.93 W
2025/02/16 20:19:44.130, 72.93 W
2025/02/16 20:19:44.140, 72.93 W
2025/02/16 20:19:44.150, 72.93 W
2025/02/16 20:19:44.160, 72.93 W
2025/02/16 20:19:44.170, 72.93 W
2025/02/16 20:19:44.180, 72.93 W
2025/02/16 20:19:44.190, 72.93 W
2025/02/16 20:19:44.200, 72.93 W
2025/02/16 20:19:44.210, 72.93 W
2025/02/16 20:19:44.220, 72.93 W
2025/02/16 20:19:44.230, 72.93 W
2025/02/16 20:19:44.240, 72.93 W
2025/02/16 20:19:44.250, 72.93 W
2025/02/16 20:19:44.260, 72.93 W
2025/02/16 20:19:44.271, 72.93 W
2025/02/16 20:19:44.281, 72.93 W
2025/02/16 20:19:44.291, 72.93 W
2025/02/16 20:19:44.301, 72.93 W
2025/02/16 20:19:44.311, 72.93 W
2025/02/16 20:19:44.321, 72.93 W
2025/02/16 20:19:44.331, 72.69 W
2025/02/16 20:19:44.341, 72.69 W
2025/02/16 20:19:44.351, 72.69 W
2025/02/16 20:19:44.361, 72.69 W
2025/02/16 20:19:44.371, 72.69 W
2025/02/16 20:19:44.381, 72.69 W
2025/02/16 20:19:44.391, 72.69 W
2025/02/16 20:19:44.401, 72.69 W
2025/02/16 20:19:44.411, 73.22 W
2025/02/16 20:19:44.422, 73.22 W
2025/02/16 20:19:44.432, 73.22 W
2025/02/16 20:19:44.442, 73.22 W
2025/02/16 20:19:44.452, 73.22 W
2025/02/16 20:19:44.462, 73.22 W
2025/02/16 20:19:44.472, 73.22 W
2025/02/16 20:19:44.482, 73.22 W
2025/02/16 20:19:44.492, 73.22 W
2025/02/16 20:19:44.502, 73.22 W
2025/02/16 20:19:44.512, 73.22 W
2025/02/16 20:19:44.522, 73.22 W
2025/02/16 20:19:44.532, 72.93 W
2025/02/16 20:19:44.542, 72.93 W
2025/02/16 20:19:44.552, 72.93 W
2025/02/16 20:19:44.562, 72.93 W
2025/02/16 20:19:44.573, 72.93 W
2025/02/16 20:19:44.583, 72.93 W
2025/02/16 20:19:44.593, 72.93 W
2025/02/16 20:19:44.603, 72.93 W
2025/02/16 20:19:44.613, 72.93 W
2025/02/16 20:19:44.623, 72.93 W
2025/02/16 20:19:44.633, 72.93 W
2025/02/16 20:19:44.643, 72.93 W
2025/02/16 20:19:44.653, 72.93 W
2025/02/16 20:19:44.663, 72.93 W
2025/02/16 20:19:44.673, 72.93 W
2025/02/16 20:19:44.683, 72.93 W
2025/02/16 20:19:44.693, 72.93 W
2025/02/16 20:19:44.703, 72.93 W
2025/02/16 20:19:44.713, 72.93 W
2025/02/16 20:19:44.723, 72.93 W
2025/02/16 20:19:44.734, 72.93 W
2025/02/16 20:19:44.744, 72.93 W
2025/02/16 20:19:44.754, 72.93 W
2025/02/16 20:19:44.764, 72.93 W
2025/02/16 20:19:44.774, 72.93 W
2025/02/16 20:19:44.784, 72.93 W
2025/02/16 20:19:44.794, 72.93 W
2025/02/16 20:19:44.804, 72.93 W
2025/02/16 20:19:44.814, 72.93 W
2025/02/16 20:19:44.824, 72.93 W
2025/02/16 20:19:44.834, 72.93 W
2025/02/16 20:19:44.844, 72.93 W
2025/02/16 20:19:44.854, 72.93 W
2025/02/16 20:19:44.864, 72.93 W
2025/02/16 20:19:44.874, 72.93 W
2025/02/16 20:19:44.885, 72.93 W
2025/02/16 20:19:44.895, 72.93 W
2025/02/16 20:19:44.905, 72.93 W
2025/02/16 20:19:44.915, 72.93 W
2025/02/16 20:19:44.925, 72.93 W
2025/02/16 20:19:44.935, 72.93 W
2025/02/16 20:19:44.945, 72.69 W
2025/02/16 20:19:44.955, 72.69 W
2025/02/16 20:19:44.965, 72.69 W
2025/02/16 20:19:44.975, 72.69 W
2025/02/16 20:19:44.985, 72.69 W
2025/02/16 20:19:44.995, 72.69 W
2025/02/16 20:19:45.005, 72.69 W
2025/02/16 20:19:45.015, 72.69 W
2025/02/16 20:19:45.025, 72.69 W
2025/02/16 20:19:45.035, 72.93 W
2025/02/16 20:19:45.046, 72.93 W
2025/02/16 20:19:45.056, 72.93 W
2025/02/16 20:19:45.066, 72.93 W
2025/02/16 20:19:45.076, 72.93 W
2025/02/16 20:19:45.086, 72.93 W
2025/02/16 20:19:45.096, 72.93 W
2025/02/16 20:19:45.106, 72.93 W
2025/02/16 20:19:45.116, 72.93 W
2025/02/16 20:19:45.126, 72.93 W
2025/02/16 20:19:45.136, 72.93 W
2025/02/16 20:19:45.146, 72.93 W
2025/02/16 20:19:45.156, 72.93 W
2025/02/16 20:19:45.166, 72.93 W
2025/02/16 20:19:45.176, 72.93 W
2025/02/16 20:19:45.186, 72.93 W
2025/02/16 20:19:45.196, 72.93 W
2025/02/16 20:19:45.207, 72.93 W
2025/02/16 20:19:45.217, 72.93 W
2025/02/16 20:19:45.227, 72.93 W
2025/02/16 20:19:45.237, 72.93 W
2025/02/16 20:19:45.247, 72.93 W
2025/02/16 20:19:45.257, 72.93 W
2025/02/16 20:19:45.267, 72.93 W
2025/02/16 20:19:45.277, 72.93 W
2025/02/16 20:19:45.287, 72.93 W
2025/02/16 20:19:45.297, 72.93 W
2025/02/16 20:19:45.307, 72.93 W
2025/02/16 20:19:45.317, 72.93 W
2025/02/16 20:19:45.327, 72.93 W
2025/02/16 20:19:45.337, 72.93 W
2025/02/16 20:19:45.347, 72.93 W
2025/02/16 20:19:45.358, 72.69 W
2025/02/16 20:19:45.368, 72.69 W
2025/02/16 20:19:45.378, 72.69 W
2025/02/16 20:19:45.388, 72.69 W
2025/02/16 20:19:45.398, 72.69 W
2025/02/16 20:19:45.408, 72.69 W
2025/02/16 20:19:45.418, 72.69 W
2025/02/16 20:19:45.428, 72.69 W
2025/02/16 20:19:45.438, 72.69 W
2025/02/16 20:19:45.448, 72.69 W
2025/02/16 20:19:45.458, 72.69 W
2025/02/16 20:19:45.468, 72.69 W
2025/02/16 20:19:45.478, 72.69 W
2025/02/16 20:19:45.488, 72.69 W
2025/02/16 20:19:45.498, 72.69 W
2025/02/16 20:19:45.508, 72.69 W
2025/02/16 20:19:45.519, 72.69 W
2025/02/16 20:19:45.529, 72.69 W
2025/02/16 20:19:45.539, 72.69 W
2025/02/16 20:19:45.549, 72.69 W
2025/02/16 20:19:45.559, 72.69 W
2025/02/16 20:19:45.569, 72.69 W
2025/02/16 20:19:45.579, 72.69 W
2025/02/16 20:19:45.589, 72.69 W
2025/02/16 20:19:45.599, 72.69 W
2025/02/16 20:19:45.609, 72.69 W
2025/02/16 20:19:45.619, 72.69 W
2025/02/16 20:19:45.629, 72.69 W
2025/02/16 20:19:45.639, 72.69 W
2025/02/16 20:19:45.649, 72.69 W
2025/02/16 20:19:45.659, 72.69 W
2025/02/16 20:19:45.670, 72.93 W
2025/02/16 20:19:45.680, 72.93 W
2025/02/16 20:19:45.690, 72.93 W
2025/02/16 20:19:45.700, 72.93 W
2025/02/16 20:19:45.710, 72.93 W
2025/02/16 20:19:45.720, 72.93 W
2025/02/16 20:19:45.730, 72.93 W
2025/02/16 20:19:45.740, 72.93 W
2025/02/16 20:19:45.750, 72.93 W
2025/02/16 20:19:45.760, 72.93 W
2025/02/16 20:19:45.770, 72.93 W
2025/02/16 20:19:45.780, 72.93 W
2025/02/16 20:19:45.790, 72.93 W
2025/02/16 20:19:45.800, 72.93 W
2025/02/16 20:19:45.810, 72.93 W
2025/02/16 20:19:45.820, 72.93 W
2025/02/16 20:19:45.831, 72.93 W
2025/02/16 20:19:45.841, 72.93 W
2025/02/16 20:19:45.851, 72.93 W
2025/02/16 20:19:45.861, 72.93 W
2025/02/16 20:19:45.871, 72.93 W
2025/02/16 20:19:45.881, 72.93 W
2025/02/16 20:19:45.891, 72.93 W
2025/02/16 20:19:45.901, 72.93 W
2025/02/16 20:19:45.911, 72.93 W
2025/02/16 20:19:45.921, 72.93 W
2025/02/16 20:19:45.931, 72.93 W
2025/02/16 20:19:45.941, 72.93 W
2025/02/16 20:19:45.951, 72.93 W
2025/02/16 20:19:45.961, 72.93 W
2025/02/16 20:19:45.971, 72.69 W
2025/02/16 20:19:45.982, 72.69 W
2025/02/16 20:19:45.992, 72.69 W
2025/02/16 20:19:46.002, 72.69 W
2025/02/16 20:19:46.012, 72.69 W
2025/02/16 20:19:46.022, 72.69 W
2025/02/16 20:19:46.032, 72.69 W
2025/02/16 20:19:46.042, 72.69 W
2025/02/16 20:19:46.052, 72.69 W
2025/02/16 20:19:46.062, 72.69 W
2025/02/16 20:19:46.072, 72.69 W
2025/02/16 20:19:46.082, 72.69 W
2025/02/16 20:19:46.092, 72.69 W
2025/02/16 20:19:46.102, 72.69 W
2025/02/16 20:19:46.112, 72.69 W
2025/02/16 20:19:46.122, 72.69 W
2025/02/16 20:19:46.132, 72.69 W
2025/02/16 20:19:46.143, 72.69 W
2025/02/16 20:19:46.153, 72.69 W
2025/02/16 20:19:46.163, 72.69 W
2025/02/16 20:19:46.173, 72.93 W
2025/02/16 20:19:46.183, 72.93 W
2025/02/16 20:19:46.193, 72.93 W
2025/02/16 20:19:46.203, 72.93 W
2025/02/16 20:19:46.213, 72.93 W
2025/02/16 20:19:46.223, 72.93 W
2025/02/16 20:19:46.233, 72.93 W
2025/02/16 20:19:46.243, 72.93 W
2025/02/16 20:19:46.253, 72.93 W
2025/02/16 20:19:46.263, 72.69 W
2025/02/16 20:19:46.273, 72.69 W
2025/02/16 20:19:46.283, 72.69 W
2025/02/16 20:19:46.294, 72.69 W
2025/02/16 20:19:46.304, 72.69 W
2025/02/16 20:19:46.314, 72.69 W
2025/02/16 20:19:46.324, 72.69 W
2025/02/16 20:19:46.334, 72.69 W
2025/02/16 20:19:46.344, 72.69 W
2025/02/16 20:19:46.354, 72.69 W
2025/02/16 20:19:46.364, 72.69 W
2025/02/16 20:19:46.374, 72.69 W
2025/02/16 20:19:46.384, 72.93 W
2025/02/16 20:19:46.394, 72.93 W
2025/02/16 20:19:46.404, 72.93 W
2025/02/16 20:19:46.414, 72.93 W
2025/02/16 20:19:46.424, 72.93 W
2025/02/16 20:19:46.434, 72.93 W
2025/02/16 20:19:46.444, 72.93 W
2025/02/16 20:19:46.455, 72.93 W
2025/02/16 20:19:46.465, 72.69 W
2025/02/16 20:19:46.475, 72.69 W
2025/02/16 20:19:46.485, 72.69 W
2025/02/16 20:19:46.495, 72.69 W
2025/02/16 20:19:46.505, 72.69 W
2025/02/16 20:19:46.515, 72.69 W
2025/02/16 20:19:46.525, 72.69 W
2025/02/16 20:19:46.535, 72.69 W
2025/02/16 20:19:46.545, 72.69 W
2025/02/16 20:19:46.555, 72.69 W
2025/02/16 20:19:46.565, 72.93 W
2025/02/16 20:19:46.575, 72.93 W
2025/02/16 20:19:46.585, 72.93 W
2025/02/16 20:19:46.596, 72.93 W
2025/02/16 20:19:46.606, 72.93 W
2025/02/16 20:19:46.616, 72.93 W
2025/02/16 20:19:46.626, 72.93 W
2025/02/16 20:19:46.636, 72.93 W
2025/02/16 20:19:46.646, 72.93 W
2025/02/16 20:19:46.656, 72.93 W
2025/02/16 20:19:46.666, 72.69 W
2025/02/16 20:19:46.676, 72.69 W
2025/02/16 20:19:46.686, 72.69 W
2025/02/16 20:19:46.696, 72.69 W
2025/02/16 20:19:46.706, 72.69 W
2025/02/16 20:19:46.716, 72.69 W
2025/02/16 20:19:46.726, 72.69 W
2025/02/16 20:19:46.736, 72.69 W
2025/02/16 20:19:46.747, 72.69 W
2025/02/16 20:19:46.757, 72.69 W
2025/02/16 20:19:46.767, 72.69 W
2025/02/16 20:19:46.777, 72.69 W
2025/02/16 20:19:46.787, 72.69 W
2025/02/16 20:19:46.801, 72.69 W
2025/02/16 20:19:46.812, 72.69 W
2025/02/16 20:19:46.822, 72.69 W
2025/02/16 20:19:46.832, 72.69 W
2025/02/16 20:19:46.842, 72.69 W
2025/02/16 20:19:46.852, 72.69 W
2025/02/16 20:19:46.862, 72.69 W
2025/02/16 20:19:46.873, 72.69 W
2025/02/16 20:19:46.883, 72.69 W
2025/02/16 20:19:46.893, 72.69 W
2025/02/16 20:19:46.903, 72.69 W
2025/02/16 20:19:46.913, 72.69 W
2025/02/16 20:19:46.923, 72.69 W
2025/02/16 20:19:46.933, 72.69 W
2025/02/16 20:19:46.943, 72.69 W
2025/02/16 20:19:46.953, 72.69 W
2025/02/16 20:19:46.963, 72.69 W
2025/02/16 20:19:46.973, 72.69 W
2025/02/16 20:19:46.983, 72.69 W
2025/02/16 20:19:46.993, 72.69 W
2025/02/16 20:19:47.003, 72.69 W
2025/02/16 20:19:47.013, 72.69 W
2025/02/16 20:19:47.024, 72.69 W
2025/02/16 20:19:47.034, 72.69 W
2025/02/16 20:19:47.044, 72.69 W
2025/02/16 20:19:47.054, 72.69 W
2025/02/16 20:19:47.064, 72.69 W
2025/02/16 20:19:47.074, 72.69 W
2025/02/16 20:19:47.084, 72.69 W
2025/02/16 20:19:47.094, 72.69 W
2025/02/16 20:19:47.104, 72.69 W
2025/02/16 20:19:47.114, 72.69 W
2025/02/16 20:19:47.124, 72.69 W
2025/02/16 20:19:47.134, 72.69 W
2025/02/16 20:19:47.144, 72.69 W
2025/02/16 20:19:47.154, 72.69 W
2025/02/16 20:19:47.164, 72.69 W
2025/02/16 20:19:47.174, 72.69 W
2025/02/16 20:19:47.185, 72.69 W
2025/02/16 20:19:47.195, 72.69 W
2025/02/16 20:19:47.205, 72.69 W
2025/02/16 20:19:47.215, 72.69 W
2025/02/16 20:19:47.225, 72.69 W
2025/02/16 20:19:47.235, 72.69 W
2025/02/16 20:19:47.245, 72.69 W
2025/02/16 20:19:47.255, 72.69 W
2025/02/16 20:19:47.265, 72.69 W
2025/02/16 20:19:47.275, 72.69 W
2025/02/16 20:19:47.285, 72.69 W
2025/02/16 20:19:47.295, 72.69 W
2025/02/16 20:19:47.305, 72.69 W
2025/02/16 20:19:47.315, 72.69 W
2025/02/16 20:19:47.325, 72.69 W
2025/02/16 20:19:47.336, 72.69 W
2025/02/16 20:19:47.346, 72.69 W
2025/02/16 20:19:47.356, 72.69 W
2025/02/16 20:19:47.366, 72.69 W
2025/02/16 20:19:47.376, 72.69 W
2025/02/16 20:19:47.386, 72.69 W
2025/02/16 20:19:47.396, 72.69 W
2025/02/16 20:19:47.406, 72.69 W
2025/02/16 20:19:47.416, 72.69 W
2025/02/16 20:19:47.426, 72.69 W
2025/02/16 20:19:47.436, 72.69 W
2025/02/16 20:19:47.446, 72.69 W
2025/02/16 20:19:47.456, 72.69 W
2025/02/16 20:19:47.466, 72.69 W
2025/02/16 20:19:47.476, 72.69 W
2025/02/16 20:19:47.487, 72.69 W
2025/02/16 20:19:47.497, 72.69 W
2025/02/16 20:19:47.507, 72.69 W
2025/02/16 20:19:47.517, 72.69 W
2025/02/16 20:19:47.527, 72.69 W
2025/02/16 20:19:47.537, 72.69 W
2025/02/16 20:19:47.547, 72.69 W
2025/02/16 20:19:47.557, 72.69 W
2025/02/16 20:19:47.567, 72.69 W
2025/02/16 20:19:47.577, 72.69 W
2025/02/16 20:19:47.587, 72.69 W
2025/02/16 20:19:47.597, 72.69 W
2025/02/16 20:19:47.607, 72.69 W
2025/02/16 20:19:47.617, 72.69 W
2025/02/16 20:19:47.627, 72.69 W
2025/02/16 20:19:47.637, 72.69 W
2025/02/16 20:19:47.648, 72.69 W
2025/02/16 20:19:47.658, 72.69 W
2025/02/16 20:19:47.668, 72.69 W
2025/02/16 20:19:47.678, 72.69 W
2025/02/16 20:19:47.688, 72.69 W
2025/02/16 20:19:47.698, 72.69 W
2025/02/16 20:19:47.708, 72.69 W
2025/02/16 20:19:47.718, 72.69 W
2025/02/16 20:19:47.728, 72.69 W
2025/02/16 20:19:47.738, 72.69 W
2025/02/16 20:19:47.748, 72.69 W
2025/02/16 20:19:47.758, 72.69 W
2025/02/16 20:19:47.768, 72.69 W
2025/02/16 20:19:47.778, 72.69 W
2025/02/16 20:19:47.788, 72.69 W
2025/02/16 20:19:47.798, 72.69 W
2025/02/16 20:19:47.809, 72.69 W
2025/02/16 20:19:47.819, 72.69 W
2025/02/16 20:19:47.829, 72.69 W
2025/02/16 20:19:47.839, 72.69 W
2025/02/16 20:19:47.849, 72.69 W
2025/02/16 20:19:47.859, 72.69 W
2025/02/16 20:19:47.869, 72.69 W
2025/02/16 20:19:47.879, 72.69 W
2025/02/16 20:19:47.889, 72.69 W
2025/02/16 20:19:47.899, 72.69 W
2025/02/16 20:19:47.909, 72.69 W
2025/02/16 20:19:47.919, 72.69 W
2025/02/16 20:19:47.929, 72.69 W
2025/02/16 20:19:47.939, 72.69 W
2025/02/16 20:19:47.949, 72.69 W
2025/02/16 20:19:47.960, 72.69 W
2025/02/16 20:19:47.970, 72.69 W
2025/02/16 20:19:47.980, 72.69 W
2025/02/16 20:19:47.990, 72.69 W
2025/02/16 20:19:48.000, 72.69 W
2025/02/16 20:19:48.010, 72.69 W
2025/02/16 20:19:48.020, 72.69 W
2025/02/16 20:19:48.030, 72.69 W
2025/02/16 20:19:48.040, 72.69 W
2025/02/16 20:19:48.050, 72.69 W
2025/02/16 20:19:48.060, 72.69 W
2025/02/16 20:19:48.070, 72.69 W
2025/02/16 20:19:48.080, 72.69 W
2025/02/16 20:19:48.090, 72.69 W
2025/02/16 20:19:48.100, 72.69 W
2025/02/16 20:19:48.111, 72.69 W
2025/02/16 20:19:48.121, 72.69 W
2025/02/16 20:19:48.131, 72.69 W
2025/02/16 20:19:48.141, 72.69 W
2025/02/16 20:19:48.151, 72.69 W
2025/02/16 20:19:48.161, 72.69 W
2025/02/16 20:19:48.171, 72.69 W
2025/02/16 20:19:48.181, 72.69 W
2025/02/16 20:19:48.191, 72.69 W
2025/02/16 20:19:48.201, 72.69 W
2025/02/16 20:19:48.211, 72.69 W
2025/02/16 20:19:48.221, 72.39 W
2025/02/16 20:19:48.231, 72.39 W
2025/02/16 20:19:48.241, 72.39 W
2025/02/16 20:19:48.251, 72.39 W
2025/02/16 20:19:48.262, 72.39 W
2025/02/16 20:19:48.272, 72.39 W
2025/02/16 20:19:48.282, 72.39 W
2025/02/16 20:19:48.292, 72.39 W
2025/02/16 20:19:48.302, 72.39 W
2025/02/16 20:19:48.312, 72.39 W
2025/02/16 20:19:48.322, 72.39 W
2025/02/16 20:19:48.332, 72.39 W
2025/02/16 20:19:48.342, 72.39 W
2025/02/16 20:19:48.352, 72.39 W
2025/02/16 20:19:48.362, 72.39 W
2025/02/16 20:19:48.372, 72.39 W
2025/02/16 20:19:48.382, 72.39 W
2025/02/16 20:19:48.392, 72.39 W
2025/02/16 20:19:48.402, 72.39 W
2025/02/16 20:19:48.412, 72.39 W
2025/02/16 20:19:48.423, 72.39 W
2025/02/16 20:19:48.433, 72.39 W
2025/02/16 20:19:48.443, 72.39 W
2025/02/16 20:19:48.453, 72.39 W
2025/02/16 20:19:48.463, 72.39 W
2025/02/16 20:19:48.473, 72.39 W
2025/02/16 20:19:48.483, 72.39 W
2025/02/16 20:19:48.493, 72.39 W
2025/02/16 20:19:48.503, 72.39 W
2025/02/16 20:19:48.513, 72.39 W
2025/02/16 20:19:48.523, 72.39 W
2025/02/16 20:19:48.533, 72.39 W
2025/02/16 20:19:48.543, 72.39 W
2025/02/16 20:19:48.553, 72.39 W
2025/02/16 20:19:48.564, 72.39 W
2025/02/16 20:19:48.574, 72.39 W
2025/02/16 20:19:48.584, 72.39 W
2025/02/16 20:19:48.594, 72.39 W
2025/02/16 20:19:48.604, 72.39 W
2025/02/16 20:19:48.614, 74.83 W
2025/02/16 20:19:48.624, 74.83 W
2025/02/16 20:19:48.634, 74.83 W
2025/02/16 20:19:48.644, 74.83 W
2025/02/16 20:19:48.654, 74.83 W
2025/02/16 20:19:48.664, 74.83 W
2025/02/16 20:19:48.674, 74.83 W
2025/02/16 20:19:48.684, 74.83 W
2025/02/16 20:19:48.694, 74.83 W
2025/02/16 20:19:48.705, 74.83 W
2025/02/16 20:19:48.715, 74.58 W
2025/02/16 20:19:48.725, 74.58 W
2025/02/16 20:19:48.735, 74.58 W
2025/02/16 20:19:48.745, 74.58 W
2025/02/16 20:19:48.755, 74.58 W
2025/02/16 20:19:48.765, 74.58 W
2025/02/16 20:19:48.775, 74.58 W
2025/02/16 20:19:48.785, 74.58 W
2025/02/16 20:19:48.795, 74.58 W
2025/02/16 20:19:48.805, 74.58 W
2025/02/16 20:19:48.815, 74.58 W
2025/02/16 20:19:48.825, 74.58 W
2025/02/16 20:19:48.835, 73.22 W
2025/02/16 20:19:48.846, 73.22 W
2025/02/16 20:19:48.856, 73.22 W
2025/02/16 20:19:48.866, 73.22 W
2025/02/16 20:19:48.876, 73.22 W
2025/02/16 20:19:48.886, 73.22 W
2025/02/16 20:19:48.896, 73.22 W
2025/02/16 20:19:48.906, 73.22 W
2025/02/16 20:19:48.916, 72.39 W
2025/02/16 20:19:48.926, 72.39 W
2025/02/16 20:19:48.936, 72.39 W
2025/02/16 20:19:48.946, 72.39 W
2025/02/16 20:19:48.956, 72.39 W
2025/02/16 20:19:48.966, 72.39 W
2025/02/16 20:19:48.976, 72.39 W
2025/02/16 20:19:48.986, 72.39 W
2025/02/16 20:19:48.997, 72.39 W
2025/02/16 20:19:49.007, 72.39 W
2025/02/16 20:19:49.017, 72.39 W
2025/02/16 20:19:49.027, 72.39 W
2025/02/16 20:19:49.037, 72.69 W
2025/02/16 20:19:49.047, 72.69 W
2025/02/16 20:19:49.057, 72.69 W
2025/02/16 20:19:49.067, 72.69 W
2025/02/16 20:19:49.077, 72.69 W
2025/02/16 20:19:49.087, 72.69 W
2025/02/16 20:19:49.097, 72.69 W
2025/02/16 20:19:49.107, 72.69 W
2025/02/16 20:19:49.117, 72.69 W
2025/02/16 20:19:49.127, 72.39 W
2025/02/16 20:19:49.138, 72.39 W
2025/02/16 20:19:49.148, 72.39 W
2025/02/16 20:19:49.158, 72.39 W
2025/02/16 20:19:49.168, 72.39 W
2025/02/16 20:19:49.178, 72.39 W
2025/02/16 20:19:49.188, 72.39 W
2025/02/16 20:19:49.198, 72.39 W
2025/02/16 20:19:49.208, 72.39 W
2025/02/16 20:19:49.218, 72.39 W
2025/02/16 20:19:49.228, 72.39 W
2025/02/16 20:19:49.238, 72.39 W
2025/02/16 20:19:49.248, 72.69 W
2025/02/16 20:19:49.258, 72.69 W
2025/02/16 20:19:49.269, 72.69 W
2025/02/16 20:19:49.279, 72.69 W
2025/02/16 20:19:49.289, 72.69 W
2025/02/16 20:19:49.299, 72.69 W
2025/02/16 20:19:49.309, 72.69 W
2025/02/16 20:19:49.319, 72.69 W
2025/02/16 20:19:49.329, 72.39 W
2025/02/16 20:19:49.339, 72.39 W
2025/02/16 20:19:49.349, 72.39 W
2025/02/16 20:19:49.359, 72.39 W
2025/02/16 20:19:49.369, 72.39 W
2025/02/16 20:19:49.379, 72.39 W
2025/02/16 20:19:49.389, 72.39 W
2025/02/16 20:19:49.399, 72.39 W
2025/02/16 20:19:49.410, 72.39 W
2025/02/16 20:19:49.420, 72.39 W
2025/02/16 20:19:49.430, 72.39 W
2025/02/16 20:19:49.440, 72.39 W
2025/02/16 20:19:49.450, 72.39 W
2025/02/16 20:19:49.460, 72.39 W
2025/02/16 20:19:49.470, 72.39 W
2025/02/16 20:19:49.480, 72.39 W
2025/02/16 20:19:49.490, 72.39 W
2025/02/16 20:19:49.500, 72.39 W
2025/02/16 20:19:49.510, 72.39 W
2025/02/16 20:19:49.520, 72.39 W
2025/02/16 20:19:49.530, 72.39 W
2025/02/16 20:19:49.540, 72.39 W
2025/02/16 20:19:49.551, 72.39 W
2025/02/16 20:19:49.561, 72.39 W
2025/02/16 20:19:49.571, 72.39 W
2025/02/16 20:19:49.581, 72.39 W
2025/02/16 20:19:49.591, 72.39 W
2025/02/16 20:19:49.601, 72.39 W
2025/02/16 20:19:49.611, 72.39 W
2025/02/16 20:19:49.621, 72.39 W
2025/02/16 20:19:49.631, 72.39 W
2025/02/16 20:19:49.641, 72.69 W
2025/02/16 20:19:49.651, 72.69 W
2025/02/16 20:19:49.661, 72.69 W
2025/02/16 20:19:49.672, 72.69 W
2025/02/16 20:19:49.682, 72.69 W
2025/02/16 20:19:49.692, 72.69 W
2025/02/16 20:19:49.702, 72.69 W
2025/02/16 20:19:49.712, 72.69 W
2025/02/16 20:19:49.722, 72.69 W
2025/02/16 20:19:49.732, 72.69 W
2025/02/16 20:19:49.742, 72.39 W
2025/02/16 20:19:49.752, 72.39 W
2025/02/16 20:19:49.762, 72.39 W
2025/02/16 20:19:49.772, 72.39 W
2025/02/16 20:19:49.782, 72.39 W
2025/02/16 20:19:49.792, 72.39 W
2025/02/16 20:19:49.803, 72.39 W
2025/02/16 20:19:49.813, 72.39 W
2025/02/16 20:19:49.823, 72.39 W
2025/02/16 20:19:49.833, 72.39 W
2025/02/16 20:19:49.843, 72.39 W
2025/02/16 20:19:49.853, 72.39 W
2025/02/16 20:19:49.863, 72.39 W
2025/02/16 20:19:49.873, 72.39 W
2025/02/16 20:19:49.883, 72.39 W
2025/02/16 20:19:49.893, 72.39 W
2025/02/16 20:19:49.903, 72.39 W
2025/02/16 20:19:49.913, 72.39 W
2025/02/16 20:19:49.923, 72.39 W
2025/02/16 20:19:49.933, 72.39 W
2025/02/16 20:19:49.944, 72.69 W
2025/02/16 20:19:49.954, 72.69 W
2025/02/16 20:19:49.964, 72.69 W
2025/02/16 20:19:49.974, 72.69 W
2025/02/16 20:19:49.984, 72.69 W
2025/02/16 20:19:49.994, 72.69 W
2025/02/16 20:19:50.004, 72.69 W
2025/02/16 20:19:50.014, 72.69 W
2025/02/16 20:19:50.024, 72.69 W
2025/02/16 20:19:50.034, 72.69 W
2025/02/16 20:19:50.044, 72.69 W
2025/02/16 20:19:50.054, 72.69 W
2025/02/16 20:19:50.064, 72.39 W
2025/02/16 20:19:50.074, 72.39 W
2025/02/16 20:19:50.085, 72.39 W
2025/02/16 20:19:50.095, 72.39 W
2025/02/16 20:19:50.105, 72.39 W
2025/02/16 20:19:50.115, 72.39 W
2025/02/16 20:19:50.125, 72.39 W
2025/02/16 20:19:50.135, 72.39 W
2025/02/16 20:19:50.145, 72.69 W
2025/02/16 20:19:50.155, 72.69 W
2025/02/16 20:19:50.165, 72.69 W
2025/02/16 20:19:50.175, 72.69 W
2025/02/16 20:19:50.185, 72.69 W
2025/02/16 20:19:50.195, 72.69 W
2025/02/16 20:19:50.205, 72.69 W
2025/02/16 20:19:50.215, 72.69 W
2025/02/16 20:19:50.226, 72.69 W
2025/02/16 20:19:50.236, 72.69 W
2025/02/16 20:19:50.246, 72.69 W
2025/02/16 20:19:50.256, 72.69 W
2025/02/16 20:19:50.266, 72.69 W
2025/02/16 20:19:50.276, 72.69 W
2025/02/16 20:19:50.286, 72.69 W
2025/02/16 20:19:50.296, 72.69 W
2025/02/16 20:19:50.306, 72.69 W
2025/02/16 20:19:50.316, 72.69 W
2025/02/16 20:19:50.326, 72.69 W
2025/02/16 20:19:50.336, 72.69 W
2025/02/16 20:19:50.346, 72.69 W
2025/02/16 20:19:50.356, 72.69 W
2025/02/16 20:19:50.367, 72.69 W
2025/02/16 20:19:50.377, 72.69 W
2025/02/16 20:19:50.387, 72.69 W
2025/02/16 20:19:50.397, 72.69 W
2025/02/16 20:19:50.407, 72.69 W
2025/02/16 20:19:50.417, 72.69 W
2025/02/16 20:19:50.427, 72.69 W
2025/02/16 20:19:50.437, 72.69 W
2025/02/16 20:19:50.447, 72.69 W
2025/02/16 20:19:50.457, 72.69 W
2025/02/16 20:19:50.467, 72.69 W
2025/02/16 20:19:50.477, 72.39 W
2025/02/16 20:19:50.487, 72.39 W
2025/02/16 20:19:50.498, 72.39 W
2025/02/16 20:19:50.508, 72.39 W
2025/02/16 20:19:50.518, 72.39 W
2025/02/16 20:19:50.528, 72.39 W
2025/02/16 20:19:50.538, 72.39 W
2025/02/16 20:19:50.548, 72.39 W
2025/02/16 20:19:50.558, 72.39 W
2025/02/16 20:19:50.568, 72.39 W
2025/02/16 20:19:50.578, 72.39 W
2025/02/16 20:19:50.588, 72.39 W
2025/02/16 20:19:50.598, 72.39 W
2025/02/16 20:19:50.608, 72.39 W
2025/02/16 20:19:50.618, 72.39 W
2025/02/16 20:19:50.628, 72.39 W
2025/02/16 20:19:50.639, 72.39 W
2025/02/16 20:19:50.649, 72.39 W
2025/02/16 20:19:50.659, 72.39 W
2025/02/16 20:19:50.669, 72.39 W
2025/02/16 20:19:50.679, 72.39 W
2025/02/16 20:19:50.689, 61.82 W
2025/02/16 20:19:50.699, 61.82 W
2025/02/16 20:19:50.709, 61.82 W
2025/02/16 20:19:50.719, 61.82 W
2025/02/16 20:19:50.729, 61.82 W
2025/02/16 20:19:50.739, 61.82 W
2025/02/16 20:19:50.749, 61.82 W
2025/02/16 20:19:50.759, 61.82 W
2025/02/16 20:19:50.769, 61.82 W
2025/02/16 20:19:50.780, 61.82 W
2025/02/16 20:19:50.790, 61.53 W
2025/02/16 20:19:50.800, 61.53 W
2025/02/16 20:19:50.810, 61.53 W
2025/02/16 20:19:50.820, 61.53 W
2025/02/16 20:19:50.830, 61.53 W
2025/02/16 20:19:50.840, 61.53 W
2025/02/16 20:19:50.850, 61.53 W
2025/02/16 20:19:50.860, 61.53 W
2025/02/16 20:19:50.870, 61.53 W
2025/02/16 20:19:50.880, 61.53 W
2025/02/16 20:19:50.890, 61.53 W
2025/02/16 20:19:50.900, 61.53 W
2025/02/16 20:19:50.910, 61.53 W
2025/02/16 20:19:50.921, 61.53 W
2025/02/16 20:19:50.931, 61.53 W
2025/02/16 20:19:50.941, 61.53 W
2025/02/16 20:19:50.951, 61.53 W
2025/02/16 20:19:50.961, 61.53 W
2025/02/16 20:19:50.971, 61.53 W
2025/02/16 20:19:50.981, 61.53 W
2025/02/16 20:19:50.991, 61.60 W
2025/02/16 20:19:51.001, 61.60 W
2025/02/16 20:19:51.011, 61.60 W
2025/02/16 20:19:51.021, 61.60 W
2025/02/16 20:19:51.031, 61.60 W
2025/02/16 20:19:51.041, 61.60 W
2025/02/16 20:19:51.051, 61.60 W
2025/02/16 20:19:51.062, 61.60 W
2025/02/16 20:19:51.072, 61.60 W
2025/02/16 20:19:51.082, 61.60 W
2025/02/16 20:19:51.092, 61.60 W
2025/02/16 20:19:51.102, 61.53 W
2025/02/16 20:19:51.112, 61.53 W
2025/02/16 20:19:51.122, 61.53 W
2025/02/16 20:19:51.132, 61.53 W
2025/02/16 20:19:51.142, 61.53 W
2025/02/16 20:19:51.152, 61.53 W
2025/02/16 20:19:51.162, 61.53 W
2025/02/16 20:19:51.172, 61.53 W
2025/02/16 20:19:51.182, 61.53 W
2025/02/16 20:19:51.193, 61.53 W
2025/02/16 20:19:51.203, 61.53 W
2025/02/16 20:19:51.213, 61.53 W
2025/02/16 20:19:51.223, 61.53 W
2025/02/16 20:19:51.233, 61.53 W
2025/02/16 20:19:51.243, 61.53 W
2025/02/16 20:19:51.253, 61.53 W
2025/02/16 20:19:51.263, 61.53 W
2025/02/16 20:19:51.273, 61.53 W
2025/02/16 20:19:51.283, 61.53 W
2025/02/16 20:19:51.293, 61.53 W
2025/02/16 20:19:51.303, 61.53 W
2025/02/16 20:19:51.313, 61.53 W
2025/02/16 20:19:51.323, 61.53 W
2025/02/16 20:19:51.334, 61.53 W
2025/02/16 20:19:51.344, 61.53 W
2025/02/16 20:19:51.354, 61.53 W
2025/02/16 20:19:51.364, 61.53 W
2025/02/16 20:19:51.374, 61.53 W
2025/02/16 20:19:51.384, 61.53 W
2025/02/16 20:19:51.394, 61.28 W
2025/02/16 20:19:51.404, 61.28 W
2025/02/16 20:19:51.414, 61.28 W
2025/02/16 20:19:51.424, 61.28 W
2025/02/16 20:19:51.434, 61.28 W
2025/02/16 20:19:51.444, 61.28 W
2025/02/16 20:19:51.454, 61.28 W
2025/02/16 20:19:51.464, 61.28 W
2025/02/16 20:19:51.475, 61.28 W
2025/02/16 20:19:51.485, 61.28 W
2025/02/16 20:19:51.495, 61.28 W
2025/02/16 20:19:51.505, 61.28 W
2025/02/16 20:19:51.515, 61.28 W
2025/02/16 20:19:51.525, 61.28 W
2025/02/16 20:19:51.535, 61.28 W
2025/02/16 20:19:51.545, 61.28 W
2025/02/16 20:19:51.555, 61.28 W
2025/02/16 20:19:51.565, 61.28 W
2025/02/16 20:19:51.575, 61.28 W
2025/02/16 20:19:51.585, 61.28 W
2025/02/16 20:19:51.595, 61.28 W
2025/02/16 20:19:51.605, 61.28 W
2025/02/16 20:19:51.616, 61.28 W
2025/02/16 20:19:51.626, 61.28 W
2025/02/16 20:19:51.636, 61.28 W
2025/02/16 20:19:51.646, 61.28 W
2025/02/16 20:19:51.656, 61.28 W
2025/02/16 20:19:51.666, 61.28 W
2025/02/16 20:19:51.676, 61.28 W
2025/02/16 20:19:51.686, 61.28 W
2025/02/16 20:19:51.696, 61.28 W
2025/02/16 20:19:51.706, 61.28 W
2025/02/16 20:19:51.716, 61.28 W
2025/02/16 20:19:51.726, 61.28 W
2025/02/16 20:19:51.736, 61.28 W
2025/02/16 20:19:51.746, 61.28 W
2025/02/16 20:19:51.757, 61.28 W
2025/02/16 20:19:51.767, 61.28 W
2025/02/16 20:19:51.777, 61.28 W
2025/02/16 20:19:51.787, 61.28 W
2025/02/16 20:19:51.797, 61.28 W
2025/02/16 20:19:51.807, 61.28 W
2025/02/16 20:19:51.817, 61.28 W
2025/02/16 20:19:51.827, 61.28 W
2025/02/16 20:19:51.837, 61.28 W
2025/02/16 20:19:51.847, 61.28 W
2025/02/16 20:19:51.857, 61.28 W
2025/02/16 20:19:51.867, 61.28 W
2025/02/16 20:19:51.877, 61.28 W
2025/02/16 20:19:51.888, 61.28 W
2025/02/16 20:19:51.898, 61.28 W
2025/02/16 20:19:51.908, 61.28 W
2025/02/16 20:19:51.918, 61.28 W
2025/02/16 20:19:51.928, 61.28 W
2025/02/16 20:19:51.938, 61.28 W
2025/02/16 20:19:51.948, 61.28 W
2025/02/16 20:19:51.958, 61.28 W
2025/02/16 20:19:51.968, 61.28 W
2025/02/16 20:19:51.978, 61.28 W
2025/02/16 20:19:51.988, 61.28 W
2025/02/16 20:19:51.998, 61.28 W
2025/02/16 20:19:52.008, 61.28 W
2025/02/16 20:19:52.018, 61.28 W
2025/02/16 20:19:52.029, 61.28 W
2025/02/16 20:19:52.039, 61.28 W
2025/02/16 20:19:52.049, 61.28 W
2025/02/16 20:19:52.059, 61.28 W
2025/02/16 20:19:52.069, 61.28 W
2025/02/16 20:19:52.079, 61.28 W
2025/02/16 20:19:52.089, 61.28 W
2025/02/16 20:19:52.099, 61.28 W
2025/02/16 20:19:52.109, 61.28 W
2025/02/16 20:19:52.119, 61.28 W
2025/02/16 20:19:52.129, 61.28 W
2025/02/16 20:19:52.139, 61.28 W
2025/02/16 20:19:52.149, 61.28 W
2025/02/16 20:19:52.159, 61.28 W
2025/02/16 20:19:52.170, 61.28 W
2025/02/16 20:19:52.180, 61.28 W
2025/02/16 20:19:52.190, 61.28 W
2025/02/16 20:19:52.200, 61.28 W
2025/02/16 20:19:52.210, 61.28 W
2025/02/16 20:19:52.220, 61.28 W
2025/02/16 20:19:52.230, 61.28 W
2025/02/16 20:19:52.240, 61.28 W
2025/02/16 20:19:52.250, 61.28 W
2025/02/16 20:19:52.260, 61.28 W
2025/02/16 20:19:52.270, 61.28 W
2025/02/16 20:19:52.280, 61.28 W
2025/02/16 20:19:52.290, 61.28 W
2025/02/16 20:19:52.300, 61.28 W
2025/02/16 20:19:52.311, 61.28 W
2025/02/16 20:19:52.321, 61.28 W
2025/02/16 20:19:52.331, 61.28 W
2025/02/16 20:19:52.341, 61.28 W
2025/02/16 20:19:52.351, 61.28 W
2025/02/16 20:19:52.361, 61.28 W
2025/02/16 20:19:52.371, 61.28 W
2025/02/16 20:19:52.381, 61.28 W
2025/02/16 20:19:52.391, 61.28 W
2025/02/16 20:19:52.401, 61.28 W
2025/02/16 20:19:52.411, 61.28 W
2025/02/16 20:19:52.421, 61.28 W
2025/02/16 20:19:52.431, 61.28 W
2025/02/16 20:19:52.441, 61.28 W
2025/02/16 20:19:52.452, 61.28 W
2025/02/16 20:19:52.462, 61.28 W
2025/02/16 20:19:52.472, 61.28 W
2025/02/16 20:19:52.482, 61.28 W
2025/02/16 20:19:52.492, 61.28 W
2025/02/16 20:19:52.502, 61.28 W
2025/02/16 20:19:52.512, 61.28 W
2025/02/16 20:19:52.522, 61.28 W
2025/02/16 20:19:52.532, 61.28 W
2025/02/16 20:19:52.542, 61.35 W
2025/02/16 20:19:52.552, 61.35 W
2025/02/16 20:19:52.562, 61.35 W
2025/02/16 20:19:52.572, 61.35 W
2025/02/16 20:19:52.582, 61.35 W
2025/02/16 20:19:52.593, 61.35 W
2025/02/16 20:19:52.603, 61.35 W
2025/02/16 20:19:52.613, 61.35 W
2025/02/16 20:19:52.623, 61.35 W
2025/02/16 20:19:52.633, 61.35 W
2025/02/16 20:19:52.643, 61.35 W
2025/02/16 20:19:52.653, 61.28 W
2025/02/16 20:19:52.663, 61.28 W
2025/02/16 20:19:52.673, 61.28 W
2025/02/16 20:19:52.683, 61.28 W
2025/02/16 20:19:52.693, 61.28 W
2025/02/16 20:19:52.703, 61.28 W
2025/02/16 20:19:52.713, 61.28 W
2025/02/16 20:19:52.724, 61.28 W
2025/02/16 20:19:52.734, 61.28 W
2025/02/16 20:19:52.744, 61.28 W
2025/02/16 20:19:52.754, 61.28 W
2025/02/16 20:19:52.764, 61.28 W
2025/02/16 20:19:52.774, 61.28 W
2025/02/16 20:19:52.784, 61.28 W
2025/02/16 20:19:52.794, 61.28 W
2025/02/16 20:19:52.804, 61.28 W
2025/02/16 20:19:52.814, 61.28 W
2025/02/16 20:19:52.824, 61.28 W
2025/02/16 20:19:52.834, 61.28 W
2025/02/16 20:19:52.844, 61.28 W
2025/02/16 20:19:52.854, 61.28 W
2025/02/16 20:19:52.865, 61.28 W
2025/02/16 20:19:52.875, 61.28 W
2025/02/16 20:19:52.885, 61.28 W
2025/02/16 20:19:52.895, 61.28 W
2025/02/16 20:19:52.905, 61.28 W
2025/02/16 20:19:52.915, 61.28 W
2025/02/16 20:19:52.925, 61.28 W
2025/02/16 20:19:52.935, 61.28 W
2025/02/16 20:19:52.945, 61.28 W
2025/02/16 20:19:52.955, 61.28 W
2025/02/16 20:19:52.965, 61.28 W
2025/02/16 20:19:52.975, 61.28 W
2025/02/16 20:19:52.985, 61.28 W
2025/02/16 20:19:52.995, 61.28 W
2025/02/16 20:19:53.006, 61.28 W
2025/02/16 20:19:53.016, 61.28 W
2025/02/16 20:19:53.026, 61.28 W
2025/02/16 20:19:53.036, 61.28 W
2025/02/16 20:19:53.046, 61.28 W
2025/02/16 20:19:53.056, 61.28 W
2025/02/16 20:19:53.066, 61.28 W
2025/02/16 20:19:53.076, 61.28 W
2025/02/16 20:19:53.086, 61.28 W
2025/02/16 20:19:53.096, 61.28 W
2025/02/16 20:19:53.106, 61.28 W
2025/02/16 20:19:53.116, 61.28 W
2025/02/16 20:19:53.126, 61.28 W
2025/02/16 20:19:53.136, 61.28 W
2025/02/16 20:19:53.147, 61.28 W
2025/02/16 20:19:53.157, 61.28 W
2025/02/16 20:19:53.167, 61.28 W
2025/02/16 20:19:53.177, 61.28 W
2025/02/16 20:19:53.187, 61.28 W
2025/02/16 20:19:53.197, 61.28 W
2025/02/16 20:19:53.207, 61.28 W
2025/02/16 20:19:53.217, 61.28 W
2025/02/16 20:19:53.227, 61.28 W
2025/02/16 20:19:53.237, 61.28 W
2025/02/16 20:19:53.247, 61.28 W
2025/02/16 20:19:53.257, 61.28 W
2025/02/16 20:19:53.267, 61.28 W
2025/02/16 20:19:53.277, 61.28 W
2025/02/16 20:19:53.288, 61.28 W
2025/02/16 20:19:53.298, 61.28 W
2025/02/16 20:19:53.308, 61.28 W
2025/02/16 20:19:53.318, 61.28 W
2025/02/16 20:19:53.328, 61.28 W
2025/02/16 20:19:53.338, 61.28 W
2025/02/16 20:19:53.348, 61.28 W
2025/02/16 20:19:53.358, 61.28 W
2025/02/16 20:19:53.368, 61.28 W
2025/02/16 20:19:53.378, 61.28 W
2025/02/16 20:19:53.388, 61.28 W
2025/02/16 20:19:53.398, 61.28 W
2025/02/16 20:19:53.408, 61.28 W
2025/02/16 20:19:53.418, 61.28 W
2025/02/16 20:19:53.429, 61.28 W
2025/02/16 20:19:53.439, 61.28 W
2025/02/16 20:19:53.449, 61.28 W
2025/02/16 20:19:53.459, 61.28 W
2025/02/16 20:19:53.469, 61.28 W
2025/02/16 20:19:53.479, 61.28 W
2025/02/16 20:19:53.489, 61.28 W
2025/02/16 20:19:53.499, 61.28 W
2025/02/16 20:19:53.509, 61.28 W
2025/02/16 20:19:53.519, 61.28 W
2025/02/16 20:19:53.529, 61.28 W
2025/02/16 20:19:53.539, 61.28 W
2025/02/16 20:19:53.549, 61.28 W
2025/02/16 20:19:53.560, 61.28 W
2025/02/16 20:19:53.570, 61.28 W
2025/02/16 20:19:53.580, 61.28 W
2025/02/16 20:19:53.590, 61.28 W
2025/02/16 20:19:53.600, 61.28 W
2025/02/16 20:19:53.610, 61.28 W
2025/02/16 20:19:53.620, 61.28 W
2025/02/16 20:19:53.630, 61.28 W
2025/02/16 20:19:53.640, 61.28 W
2025/02/16 20:19:53.650, 61.28 W
2025/02/16 20:19:53.660, 61.28 W
2025/02/16 20:19:53.670, 61.28 W
2025/02/16 20:19:53.680, 61.28 W
2025/02/16 20:19:53.690, 61.28 W
2025/02/16 20:19:53.701, 61.28 W
2025/02/16 20:19:53.711, 61.28 W
2025/02/16 20:19:53.721, 61.28 W
2025/02/16 20:19:53.731, 61.28 W
2025/02/16 20:19:53.741, 61.28 W
2025/02/16 20:19:53.751, 61.28 W
2025/02/16 20:19:53.761, 61.28 W
2025/02/16 20:19:53.771, 61.28 W
2025/02/16 20:19:53.781, 61.28 W
2025/02/16 20:19:53.791, 61.28 W
2025/02/16 20:19:53.801, 61.28 W
2025/02/16 20:19:53.811, 61.28 W
2025/02/16 20:19:53.821, 61.28 W
2025/02/16 20:19:53.831, 61.28 W
2025/02/16 20:19:53.842, 61.28 W
2025/02/16 20:19:53.852, 61.28 W
2025/02/16 20:19:53.862, 61.28 W
2025/02/16 20:19:53.872, 61.28 W
2025/02/16 20:19:53.882, 61.28 W
2025/02/16 20:19:53.892, 61.28 W
2025/02/16 20:19:53.902, 61.28 W
2025/02/16 20:19:53.912, 61.28 W
2025/02/16 20:19:53.922, 61.28 W
2025/02/16 20:19:53.932, 61.28 W
2025/02/16 20:19:53.942, 61.28 W
2025/02/16 20:19:53.952, 61.28 W
2025/02/16 20:19:53.962, 61.28 W
2025/02/16 20:19:53.972, 61.28 W
2025/02/16 20:19:53.983, 61.28 W
2025/02/16 20:19:53.993, 61.28 W
2025/02/16 20:19:54.003, 61.28 W
2025/02/16 20:19:54.013, 61.28 W
2025/02/16 20:19:54.023, 61.28 W
2025/02/16 20:19:54.033, 61.28 W
2025/02/16 20:19:54.043, 61.28 W
2025/02/16 20:19:54.053, 61.28 W
2025/02/16 20:19:54.063, 61.28 W
2025/02/16 20:19:54.073, 61.28 W
2025/02/16 20:19:54.083, 61.28 W
2025/02/16 20:19:54.093, 61.28 W
2025/02/16 20:19:54.103, 61.28 W
2025/02/16 20:19:54.113, 61.28 W
2025/02/16 20:19:54.124, 61.28 W
2025/02/16 20:19:54.134, 61.28 W
2025/02/16 20:19:54.144, 61.28 W
2025/02/16 20:19:54.154, 61.28 W
2025/02/16 20:19:54.164, 61.28 W
2025/02/16 20:19:54.174, 61.28 W
2025/02/16 20:19:54.184, 61.28 W
2025/02/16 20:19:54.194, 61.28 W
2025/02/16 20:19:54.204, 61.28 W
2025/02/16 20:19:54.214, 61.28 W
2025/02/16 20:19:54.224, 61.28 W
2025/02/16 20:19:54.234, 61.28 W
2025/02/16 20:19:54.244, 61.28 W
2025/02/16 20:19:54.254, 61.28 W
2025/02/16 20:19:54.265, 61.28 W
2025/02/16 20:19:54.275, 61.28 W
2025/02/16 20:19:54.285, 61.28 W
2025/02/16 20:19:54.295, 61.28 W
2025/02/16 20:19:54.305, 61.28 W
2025/02/16 20:19:54.315, 61.28 W
2025/02/16 20:19:54.325, 61.28 W
2025/02/16 20:19:54.335, 61.28 W
2025/02/16 20:19:54.345, 61.28 W
2025/02/16 20:19:54.355, 61.28 W
2025/02/16 20:19:54.365, 61.28 W
2025/02/16 20:19:54.375, 61.28 W
2025/02/16 20:19:54.385, 61.28 W
2025/02/16 20:19:54.395, 61.28 W
2025/02/16 20:19:54.406, 61.28 W
2025/02/16 20:19:54.416, 61.28 W
2025/02/16 20:19:54.426, 61.28 W
2025/02/16 20:19:54.436, 61.28 W
2025/02/16 20:19:54.446, 61.28 W
2025/02/16 20:19:54.456, 61.28 W
2025/02/16 20:19:54.466, 61.28 W
2025/02/16 20:19:54.476, 61.28 W
2025/02/16 20:19:54.486, 61.28 W
2025/02/16 20:19:54.496, 61.28 W
2025/02/16 20:19:54.506, 61.28 W
2025/02/16 20:19:54.516, 61.28 W
2025/02/16 20:19:54.526, 61.28 W
2025/02/16 20:19:54.536, 61.28 W
2025/02/16 20:19:54.547, 61.28 W
2025/02/16 20:19:54.557, 61.28 W
2025/02/16 20:19:54.567, 61.28 W
2025/02/16 20:19:54.577, 61.28 W
2025/02/16 20:19:54.587, 61.28 W
2025/02/16 20:19:54.597, 61.28 W
2025/02/16 20:19:54.607, 61.28 W
2025/02/16 20:19:54.617, 61.28 W
2025/02/16 20:19:54.627, 61.28 W
2025/02/16 20:19:54.637, 61.28 W
2025/02/16 20:19:54.647, 61.28 W
2025/02/16 20:19:54.657, 61.28 W
2025/02/16 20:19:54.667, 61.28 W
2025/02/16 20:19:54.677, 61.28 W
2025/02/16 20:19:54.688, 61.28 W
2025/02/16 20:19:54.698, 61.28 W
2025/02/16 20:19:54.708, 61.28 W
2025/02/16 20:19:54.718, 61.28 W
2025/02/16 20:19:54.728, 61.28 W
2025/02/16 20:19:54.738, 61.28 W
2025/02/16 20:19:54.748, 61.28 W
2025/02/16 20:19:54.758, 61.28 W
2025/02/16 20:19:54.768, 61.28 W
2025/02/16 20:19:54.778, 61.28 W
2025/02/16 20:19:54.788, 61.28 W
2025/02/16 20:19:54.798, 61.28 W
2025/02/16 20:19:54.808, 61.28 W
2025/02/16 20:19:54.818, 61.28 W
2025/02/16 20:19:54.829, 61.28 W
2025/02/16 20:19:54.839, 61.28 W
2025/02/16 20:19:54.849, 61.28 W
2025/02/16 20:19:54.859, 61.28 W
2025/02/16 20:19:54.869, 61.28 W
2025/02/16 20:19:54.879, 61.28 W
2025/02/16 20:19:54.889, 61.28 W
2025/02/16 20:19:54.899, 61.28 W
2025/02/16 20:19:54.909, 61.28 W
2025/02/16 20:19:54.919, 61.28 W
2025/02/16 20:19:54.929, 61.28 W
2025/02/16 20:19:54.939, 61.28 W
2025/02/16 20:19:54.949, 61.28 W
2025/02/16 20:19:54.959, 61.28 W
2025/02/16 20:19:54.970, 61.28 W
2025/02/16 20:19:54.980, 61.28 W
2025/02/16 20:19:54.990, 61.28 W
2025/02/16 20:19:55.000, 61.28 W
2025/02/16 20:19:55.010, 61.28 W
2025/02/16 20:19:55.020, 61.28 W
2025/02/16 20:19:55.030, 61.28 W
2025/02/16 20:19:55.040, 61.28 W
2025/02/16 20:19:55.050, 61.28 W
2025/02/16 20:19:55.060, 61.28 W
2025/02/16 20:19:55.070, 61.28 W
2025/02/16 20:19:55.080, 61.28 W
2025/02/16 20:19:55.090, 61.28 W
2025/02/16 20:19:55.101, 61.28 W
2025/02/16 20:19:55.111, 61.28 W
2025/02/16 20:19:55.121, 61.28 W
2025/02/16 20:19:55.131, 61.28 W
2025/02/16 20:19:55.141, 61.28 W
2025/02/16 20:19:55.151, 61.28 W
2025/02/16 20:19:55.161, 61.28 W
2025/02/16 20:19:55.171, 61.28 W
2025/02/16 20:19:55.181, 61.28 W
2025/02/16 20:19:55.191, 61.28 W
2025/02/16 20:19:55.201, 61.28 W
2025/02/16 20:19:55.211, 61.28 W
2025/02/16 20:19:55.221, 61.28 W
2025/02/16 20:19:55.231, 61.28 W
2025/02/16 20:19:55.242, 61.28 W
2025/02/16 20:19:55.252, 61.28 W
2025/02/16 20:19:55.262, 61.28 W
2025/02/16 20:19:55.272, 61.28 W
2025/02/16 20:19:55.282, 61.28 W
2025/02/16 20:19:55.292, 61.28 W
2025/02/16 20:19:55.302, 61.28 W
2025/02/16 20:19:55.312, 61.28 W
2025/02/16 20:19:55.322, 61.28 W
2025/02/16 20:19:55.332, 61.28 W
2025/02/16 20:19:55.342, 61.28 W
2025/02/16 20:19:55.352, 61.28 W
2025/02/16 20:19:55.362, 61.28 W
2025/02/16 20:19:55.372, 61.28 W
2025/02/16 20:19:55.383, 61.28 W
2025/02/16 20:19:55.393, 61.28 W
2025/02/16 20:19:55.403, 61.28 W
2025/02/16 20:19:55.413, 61.28 W
2025/02/16 20:19:55.423, 61.28 W
2025/02/16 20:19:55.433, 61.28 W
2025/02/16 20:19:55.443, 61.28 W
2025/02/16 20:19:55.453, 61.28 W
2025/02/16 20:19:55.463, 61.28 W
2025/02/16 20:19:55.473, 61.28 W
2025/02/16 20:19:55.483, 61.28 W
2025/02/16 20:19:55.493, 61.28 W
2025/02/16 20:19:55.503, 61.28 W
2025/02/16 20:19:55.513, 61.28 W
2025/02/16 20:19:55.524, 61.28 W
2025/02/16 20:19:55.534, 61.28 W
2025/02/16 20:19:55.544, 61.28 W
2025/02/16 20:19:55.554, 61.28 W
2025/02/16 20:19:55.564, 61.28 W
2025/02/16 20:19:55.574, 61.28 W
2025/02/16 20:19:55.584, 61.28 W
2025/02/16 20:19:55.594, 61.28 W
2025/02/16 20:19:55.604, 61.28 W
2025/02/16 20:19:55.614, 61.28 W
2025/02/16 20:19:55.624, 61.28 W
2025/02/16 20:19:55.634, 61.28 W
2025/02/16 20:19:55.644, 61.28 W
2025/02/16 20:19:55.654, 61.28 W
2025/02/16 20:19:55.665, 61.28 W
2025/02/16 20:19:55.675, 61.28 W
2025/02/16 20:19:55.685, 61.28 W
2025/02/16 20:19:55.695, 61.28 W
2025/02/16 20:19:55.705, 61.28 W
2025/02/16 20:19:55.715, 61.28 W
2025/02/16 20:19:55.725, 61.28 W
2025/02/16 20:19:55.735, 61.28 W
2025/02/16 20:19:55.745, 61.28 W
2025/02/16 20:19:55.755, 61.28 W
2025/02/16 20:19:55.765, 61.28 W
2025/02/16 20:19:55.775, 61.28 W
2025/02/16 20:19:55.785, 61.28 W
2025/02/16 20:19:55.795, 61.28 W
2025/02/16 20:19:55.806, 61.28 W
2025/02/16 20:19:55.816, 61.28 W
2025/02/16 20:19:55.826, 61.28 W
2025/02/16 20:19:55.836, 61.28 W
2025/02/16 20:19:55.846, 61.28 W
2025/02/16 20:19:55.856, 61.28 W
2025/02/16 20:19:55.866, 61.28 W
2025/02/16 20:19:55.876, 61.28 W
2025/02/16 20:19:55.886, 61.28 W
2025/02/16 20:19:55.896, 61.28 W
2025/02/16 20:19:55.906, 61.28 W
2025/02/16 20:19:55.916, 61.28 W
2025/02/16 20:19:55.926, 61.28 W
2025/02/16 20:19:55.936, 61.28 W
2025/02/16 20:19:55.947, 61.28 W
2025/02/16 20:19:55.957, 61.28 W
2025/02/16 20:19:55.967, 61.28 W
2025/02/16 20:19:55.977, 61.28 W
2025/02/16 20:19:55.987, 61.28 W
2025/02/16 20:19:55.997, 61.28 W
2025/02/16 20:19:56.007, 61.28 W
2025/02/16 20:19:56.017, 61.28 W
2025/02/16 20:19:56.027, 61.28 W
2025/02/16 20:19:56.037, 61.28 W
2025/02/16 20:19:56.047, 61.28 W
2025/02/16 20:19:56.057, 61.28 W
2025/02/16 20:19:56.067, 61.28 W
2025/02/16 20:19:56.078, 61.28 W
2025/02/16 20:19:56.088, 61.28 W
2025/02/16 20:19:56.098, 61.28 W
2025/02/16 20:19:56.108, 61.28 W
2025/02/16 20:19:56.118, 61.28 W
2025/02/16 20:19:56.128, 61.28 W
2025/02/16 20:19:56.138, 61.28 W
2025/02/16 20:19:56.148, 61.28 W
2025/02/16 20:19:56.158, 61.28 W
2025/02/16 20:19:56.168, 61.28 W
2025/02/16 20:19:56.178, 61.28 W
2025/02/16 20:19:56.188, 61.28 W
2025/02/16 20:19:56.198, 61.28 W
2025/02/16 20:19:56.208, 61.28 W
2025/02/16 20:19:56.219, 61.28 W
2025/02/16 20:19:56.229, 61.28 W
2025/02/16 20:19:56.239, 61.28 W
2025/02/16 20:19:56.249, 61.28 W
2025/02/16 20:19:56.259, 61.28 W
2025/02/16 20:19:56.269, 61.28 W
2025/02/16 20:19:56.279, 61.28 W
2025/02/16 20:19:56.289, 61.28 W
2025/02/16 20:19:56.299, 61.28 W
2025/02/16 20:19:56.309, 61.28 W
2025/02/16 20:19:56.319, 61.28 W
2025/02/16 20:19:56.329, 61.28 W
2025/02/16 20:19:56.339, 61.28 W
2025/02/16 20:19:56.349, 61.28 W
2025/02/16 20:19:56.360, 61.28 W
2025/02/16 20:19:56.370, 61.28 W
2025/02/16 20:19:56.380, 60.99 W
2025/02/16 20:19:56.390, 60.99 W
2025/02/16 20:19:56.400, 60.99 W
2025/02/16 20:19:56.410, 60.99 W
2025/02/16 20:19:56.420, 60.99 W
2025/02/16 20:19:56.430, 60.99 W
2025/02/16 20:19:56.440, 60.99 W
2025/02/16 20:19:56.450, 60.99 W
2025/02/16 20:19:56.460, 60.99 W
2025/02/16 20:19:56.470, 60.99 W
2025/02/16 20:19:56.480, 61.28 W
2025/02/16 20:19:56.490, 61.28 W
2025/02/16 20:19:56.501, 61.28 W
2025/02/16 20:19:56.511, 61.28 W
2025/02/16 20:19:56.521, 61.28 W
2025/02/16 20:19:56.531, 61.28 W
2025/02/16 20:19:56.541, 61.28 W
2025/02/16 20:19:56.551, 61.28 W
2025/02/16 20:19:56.561, 61.28 W
2025/02/16 20:19:56.571, 61.28 W
2025/02/16 20:19:56.581, 61.28 W
2025/02/16 20:19:56.591, 61.28 W
2025/02/16 20:19:56.601, 61.28 W
2025/02/16 20:19:56.611, 61.28 W
2025/02/16 20:19:56.621, 61.28 W
2025/02/16 20:19:56.631, 61.28 W
2025/02/16 20:19:56.642, 61.28 W
2025/02/16 20:19:56.652, 61.28 W
2025/02/16 20:19:56.662, 61.28 W
2025/02/16 20:19:56.672, 61.28 W
2025/02/16 20:19:56.682, 61.28 W
2025/02/16 20:19:56.692, 61.28 W
2025/02/16 20:19:56.702, 61.28 W
2025/02/16 20:19:56.712, 61.28 W
2025/02/16 20:19:56.722, 61.28 W
2025/02/16 20:19:56.732, 61.28 W
2025/02/16 20:19:56.742, 61.28 W
2025/02/16 20:19:56.752, 61.28 W
2025/02/16 20:19:56.762, 61.28 W
2025/02/16 20:19:56.772, 61.28 W
2025/02/16 20:19:56.783, 61.28 W
2025/02/16 20:19:56.793, 61.28 W
2025/02/16 20:19:56.803, 61.28 W
2025/02/16 20:19:56.813, 61.28 W
2025/02/16 20:19:56.823, 61.28 W
2025/02/16 20:19:56.833, 61.28 W
2025/02/16 20:19:56.843, 61.28 W
2025/02/16 20:19:56.853, 61.28 W
2025/02/16 20:19:56.863, 61.28 W
2025/02/16 20:19:56.873, 61.28 W
2025/02/16 20:19:56.883, 61.28 W
2025/02/16 20:19:56.893, 61.28 W
2025/02/16 20:19:56.903, 61.28 W
2025/02/16 20:19:56.913, 61.28 W
2025/02/16 20:19:56.924, 61.28 W
2025/02/16 20:19:56.934, 61.28 W
2025/02/16 20:19:56.944, 61.28 W
2025/02/16 20:19:56.954, 61.28 W
2025/02/16 20:19:56.964, 61.28 W
2025/02/16 20:19:56.974, 61.28 W
2025/02/16 20:19:56.984, 61.28 W
2025/02/16 20:19:56.994, 61.28 W
2025/02/16 20:19:57.004, 61.28 W
2025/02/16 20:19:57.014, 61.28 W
2025/02/16 20:19:57.024, 61.28 W
2025/02/16 20:19:57.034, 61.28 W
2025/02/16 20:19:57.044, 61.28 W
2025/02/16 20:19:57.055, 61.28 W
2025/02/16 20:19:57.065, 61.28 W
2025/02/16 20:19:57.075, 61.28 W
2025/02/16 20:19:57.085, 61.28 W
2025/02/16 20:19:57.095, 61.28 W
2025/02/16 20:19:57.105, 61.28 W
2025/02/16 20:19:57.115, 61.28 W
2025/02/16 20:19:57.125, 61.28 W
2025/02/16 20:19:57.135, 61.28 W
2025/02/16 20:19:57.145, 61.28 W
2025/02/16 20:19:57.155, 61.28 W
2025/02/16 20:19:57.165, 61.28 W
2025/02/16 20:19:57.175, 61.28 W
2025/02/16 20:19:57.185, 61.28 W
2025/02/16 20:19:57.196, 61.28 W
2025/02/16 20:19:57.206, 61.28 W
2025/02/16 20:19:57.216, 61.28 W
2025/02/16 20:19:57.226, 61.28 W
2025/02/16 20:19:57.236, 61.28 W
2025/02/16 20:19:57.246, 61.28 W
2025/02/16 20:19:57.256, 61.28 W
2025/02/16 20:19:57.266, 61.28 W
2025/02/16 20:19:57.276, 61.28 W
2025/02/16 20:19:57.286, 61.28 W
2025/02/16 20:19:57.296, 61.28 W
2025/02/16 20:19:57.306, 61.28 W
2025/02/16 20:19:57.316, 61.28 W
2025/02/16 20:19:57.326, 61.28 W
2025/02/16 20:19:57.337, 61.28 W
2025/02/16 20:19:57.347, 61.28 W
2025/02/16 20:19:57.357, 61.28 W
2025/02/16 20:19:57.367, 61.28 W
2025/02/16 20:19:57.377, 61.28 W
2025/02/16 20:19:57.387, 61.28 W
2025/02/16 20:19:57.397, 61.28 W
2025/02/16 20:19:57.407, 61.28 W
2025/02/16 20:19:57.417, 61.28 W
2025/02/16 20:19:57.427, 61.28 W
2025/02/16 20:19:57.437, 61.28 W
2025/02/16 20:19:57.447, 61.28 W
2025/02/16 20:19:57.457, 61.28 W
2025/02/16 20:19:57.467, 61.28 W
2025/02/16 20:19:57.478, 61.28 W
2025/02/16 20:19:57.488, 61.28 W
2025/02/16 20:19:57.498, 61.28 W
2025/02/16 20:19:57.508, 61.28 W
2025/02/16 20:19:57.518, 61.28 W
2025/02/16 20:19:57.528, 61.28 W
2025/02/16 20:19:57.538, 61.28 W
2025/02/16 20:19:57.548, 61.28 W
2025/02/16 20:19:57.558, 61.28 W
2025/02/16 20:19:57.568, 61.28 W
2025/02/16 20:19:57.578, 61.28 W
2025/02/16 20:19:57.588, 61.28 W
2025/02/16 20:19:57.598, 61.28 W
2025/02/16 20:19:57.608, 61.28 W
2025/02/16 20:19:57.619, 61.28 W
2025/02/16 20:19:57.629, 61.28 W
2025/02/16 20:19:57.639, 61.28 W
2025/02/16 20:19:57.649, 61.28 W
2025/02/16 20:19:57.659, 61.28 W
2025/02/16 20:19:57.669, 61.28 W
2025/02/16 20:19:57.679, 61.28 W
2025/02/16 20:19:57.689, 61.28 W
2025/02/16 20:19:57.699, 61.28 W
2025/02/16 20:19:57.709, 61.28 W
2025/02/16 20:19:57.719, 61.28 W
2025/02/16 20:19:57.729, 61.28 W
2025/02/16 20:19:57.739, 61.28 W
2025/02/16 20:19:57.749, 61.28 W
2025/02/16 20:19:57.760, 61.28 W
2025/02/16 20:19:57.770, 61.28 W
2025/02/16 20:19:57.780, 61.28 W
2025/02/16 20:19:57.790, 61.28 W
2025/02/16 20:19:57.800, 61.28 W
2025/02/16 20:19:57.810, 61.28 W
2025/02/16 20:19:57.820, 61.28 W
2025/02/16 20:19:57.830, 61.28 W
2025/02/16 20:19:57.840, 61.28 W
2025/02/16 20:19:57.850, 61.28 W
2025/02/16 20:19:57.860, 61.28 W
2025/02/16 20:19:57.870, 61.28 W
2025/02/16 20:19:57.880, 61.28 W
2025/02/16 20:19:57.890, 61.28 W
2025/02/16 20:19:57.901, 61.28 W
2025/02/16 20:19:57.911, 61.28 W
2025/02/16 20:19:57.921, 61.28 W
2025/02/16 20:19:57.931, 61.28 W
2025/02/16 20:19:57.941, 61.28 W
2025/02/16 20:19:57.951, 61.28 W
2025/02/16 20:19:57.961, 61.28 W
2025/02/16 20:19:57.971, 61.28 W
2025/02/16 20:19:57.981, 61.28 W
2025/02/16 20:19:57.991, 61.28 W
2025/02/16 20:19:58.001, 61.28 W
2025/02/16 20:19:58.011, 61.28 W
2025/02/16 20:19:58.021, 61.28 W
2025/02/16 20:19:58.031, 61.28 W
2025/02/16 20:19:58.042, 61.28 W
2025/02/16 20:19:58.052, 61.28 W
2025/02/16 20:19:58.062, 61.28 W
2025/02/16 20:19:58.072, 61.28 W
2025/02/16 20:19:58.082, 61.28 W
2025/02/16 20:19:58.092, 61.28 W
2025/02/16 20:19:58.102, 61.28 W
2025/02/16 20:19:58.112, 61.28 W
2025/02/16 20:19:58.122, 61.28 W
2025/02/16 20:19:58.132, 61.28 W
2025/02/16 20:19:58.142, 61.28 W
2025/02/16 20:19:58.152, 61.28 W
2025/02/16 20:19:58.162, 61.28 W
2025/02/16 20:19:58.172, 61.28 W
2025/02/16 20:19:58.183, 61.28 W
2025/02/16 20:19:58.193, 61.28 W
2025/02/16 20:19:58.203, 61.28 W
2025/02/16 20:19:58.213, 61.28 W
2025/02/16 20:19:58.223, 61.28 W
2025/02/16 20:19:58.233, 61.28 W
2025/02/16 20:19:58.243, 61.28 W
2025/02/16 20:19:58.253, 61.28 W
2025/02/16 20:19:58.263, 61.28 W
2025/02/16 20:19:58.273, 61.28 W
2025/02/16 20:19:58.283, 61.28 W
2025/02/16 20:19:58.293, 61.28 W
2025/02/16 20:19:58.303, 61.28 W
2025/02/16 20:19:58.314, 61.28 W
2025/02/16 20:19:58.324, 61.28 W
2025/02/16 20:19:58.334, 61.28 W
2025/02/16 20:19:58.344, 61.28 W
2025/02/16 20:19:58.354, 61.28 W
2025/02/16 20:19:58.364, 61.28 W
2025/02/16 20:19:58.374, 61.28 W
2025/02/16 20:19:58.384, 61.28 W
2025/02/16 20:19:58.394, 61.28 W
2025/02/16 20:19:58.404, 61.28 W
2025/02/16 20:19:58.414, 61.28 W
2025/02/16 20:19:58.424, 61.28 W
2025/02/16 20:19:58.434, 61.28 W
2025/02/16 20:19:58.444, 61.28 W
2025/02/16 20:19:58.455, 61.28 W
2025/02/16 20:19:58.465, 61.28 W
2025/02/16 20:19:58.475, 61.28 W
2025/02/16 20:19:58.485, 61.28 W
2025/02/16 20:19:58.495, 61.28 W
2025/02/16 20:19:58.505, 61.28 W
2025/02/16 20:19:58.515, 61.28 W
2025/02/16 20:19:58.525, 61.28 W
2025/02/16 20:19:58.535, 61.28 W
2025/02/16 20:19:58.545, 61.28 W
2025/02/16 20:19:58.555, 61.28 W
2025/02/16 20:19:58.565, 61.28 W
2025/02/16 20:19:58.575, 61.28 W
2025/02/16 20:19:58.585, 61.28 W
2025/02/16 20:19:58.596, 61.28 W
2025/02/16 20:19:58.606, 61.28 W
2025/02/16 20:19:58.616, 61.28 W
2025/02/16 20:19:58.626, 61.28 W
2025/02/16 20:19:58.636, 61.28 W
2025/02/16 20:19:58.646, 61.28 W
2025/02/16 20:19:58.656, 61.28 W
2025/02/16 20:19:58.666, 61.28 W
2025/02/16 20:19:58.676, 61.28 W
2025/02/16 20:19:58.686, 61.28 W
2025/02/16 20:19:58.696, 61.28 W
2025/02/16 20:19:58.706, 61.28 W
2025/02/16 20:19:58.716, 61.28 W
2025/02/16 20:19:58.726, 61.28 W
2025/02/16 20:19:58.737, 61.28 W
2025/02/16 20:19:58.747, 61.28 W
2025/02/16 20:19:58.757, 61.28 W
2025/02/16 20:19:58.767, 61.28 W
2025/02/16 20:19:58.777, 61.28 W
2025/02/16 20:19:58.787, 61.28 W
2025/02/16 20:19:58.797, 61.28 W
2025/02/16 20:19:58.807, 61.28 W
2025/02/16 20:19:58.817, 61.28 W
2025/02/16 20:19:58.827, 61.28 W
2025/02/16 20:19:58.837, 61.28 W
2025/02/16 20:19:58.847, 61.28 W
2025/02/16 20:19:58.857, 61.28 W
2025/02/16 20:19:58.867, 61.28 W
2025/02/16 20:19:58.878, 61.28 W
2025/02/16 20:19:58.888, 61.28 W
2025/02/16 20:19:58.898, 61.28 W
2025/02/16 20:19:58.908, 61.28 W
2025/02/16 20:19:58.918, 61.28 W
2025/02/16 20:19:58.928, 61.28 W
2025/02/16 20:19:58.938, 61.28 W
2025/02/16 20:19:58.948, 61.28 W
2025/02/16 20:19:58.958, 61.28 W
2025/02/16 20:19:58.968, 61.28 W
2025/02/16 20:19:58.978, 61.28 W
2025/02/16 20:19:58.988, 61.28 W
2025/02/16 20:19:58.998, 61.28 W
2025/02/16 20:19:59.008, 61.28 W
2025/02/16 20:19:59.019, 61.28 W
2025/02/16 20:19:59.029, 61.28 W
2025/02/16 20:19:59.039, 61.28 W
2025/02/16 20:19:59.049, 61.28 W
2025/02/16 20:19:59.059, 61.28 W
2025/02/16 20:19:59.069, 61.28 W
2025/02/16 20:19:59.079, 61.28 W
2025/02/16 20:19:59.089, 61.28 W
2025/02/16 20:19:59.099, 61.28 W
2025/02/16 20:19:59.109, 61.28 W
2025/02/16 20:19:59.119, 61.28 W
2025/02/16 20:19:59.129, 61.28 W
2025/02/16 20:19:59.139, 61.28 W
2025/02/16 20:19:59.149, 61.28 W
2025/02/16 20:19:59.160, 61.28 W
2025/02/16 20:19:59.170, 61.28 W
2025/02/16 20:19:59.180, 61.28 W
2025/02/16 20:19:59.190, 61.28 W
2025/02/16 20:19:59.200, 61.28 W
2025/02/16 20:19:59.210, 61.28 W
2025/02/16 20:19:59.220, 61.28 W
2025/02/16 20:19:59.230, 61.28 W
2025/02/16 20:19:59.240, 61.28 W
2025/02/16 20:19:59.250, 61.28 W
2025/02/16 20:19:59.260, 61.28 W
2025/02/16 20:19:59.270, 61.28 W
2025/02/16 20:19:59.280, 61.28 W
2025/02/16 20:19:59.290, 61.28 W
2025/02/16 20:19:59.301, 61.28 W
2025/02/16 20:19:59.311, 61.28 W
2025/02/16 20:19:59.321, 61.28 W
2025/02/16 20:19:59.331, 61.28 W
2025/02/16 20:19:59.341, 61.28 W
2025/02/16 20:19:59.351, 61.28 W
2025/02/16 20:19:59.361, 61.28 W
2025/02/16 20:19:59.371, 61.28 W
2025/02/16 20:19:59.381, 61.28 W
2025/02/16 20:19:59.391, 61.28 W
2025/02/16 20:19:59.401, 61.28 W
2025/02/16 20:19:59.411, 61.28 W
2025/02/16 20:19:59.421, 61.28 W
2025/02/16 20:19:59.431, 61.28 W
2025/02/16 20:19:59.442, 61.28 W
2025/02/16 20:19:59.452, 61.28 W
2025/02/16 20:19:59.462, 61.28 W
2025/02/16 20:19:59.472, 61.28 W
2025/02/16 20:19:59.482, 61.28 W
2025/02/16 20:19:59.492, 61.28 W
2025/02/16 20:19:59.502, 61.28 W
2025/02/16 20:19:59.512, 61.28 W
2025/02/16 20:19:59.522, 61.28 W
2025/02/16 20:19:59.532, 61.28 W
2025/02/16 20:19:59.542, 61.28 W
2025/02/16 20:19:59.552, 61.28 W
2025/02/16 20:19:59.562, 61.28 W
2025/02/16 20:19:59.573, 61.28 W
2025/02/16 20:19:59.583, 61.28 W
2025/02/16 20:19:59.593, 61.28 W
2025/02/16 20:19:59.603, 61.28 W
2025/02/16 20:19:59.613, 61.28 W
2025/02/16 20:19:59.623, 61.28 W
2025/02/16 20:19:59.633, 61.28 W
2025/02/16 20:19:59.643, 61.28 W
2025/02/16 20:19:59.653, 61.28 W
2025/02/16 20:19:59.663, 61.28 W
2025/02/16 20:19:59.673, 61.28 W
2025/02/16 20:19:59.683, 61.28 W
2025/02/16 20:19:59.693, 61.28 W
2025/02/16 20:19:59.703, 61.28 W
2025/02/16 20:19:59.714, 61.28 W
2025/02/16 20:19:59.724, 61.28 W
2025/02/16 20:19:59.734, 61.28 W
2025/02/16 20:19:59.744, 61.28 W
2025/02/16 20:19:59.754, 61.28 W
2025/02/16 20:19:59.764, 61.28 W
2025/02/16 20:19:59.774, 61.28 W
2025/02/16 20:19:59.784, 61.28 W
2025/02/16 20:19:59.794, 61.28 W
2025/02/16 20:19:59.804, 61.28 W
2025/02/16 20:19:59.814, 61.28 W
2025/02/16 20:19:59.824, 61.28 W
2025/02/16 20:19:59.834, 61.28 W
2025/02/16 20:19:59.844, 61.28 W
2025/02/16 20:19:59.855, 61.28 W
2025/02/16 20:19:59.865, 61.28 W
2025/02/16 20:19:59.875, 61.28 W
2025/02/16 20:19:59.885, 61.28 W
2025/02/16 20:19:59.895, 61.28 W
2025/02/16 20:19:59.905, 61.28 W
2025/02/16 20:19:59.915, 61.28 W
2025/02/16 20:19:59.925, 61.28 W
2025/02/16 20:19:59.935, 61.28 W
2025/02/16 20:19:59.945, 61.28 W
2025/02/16 20:19:59.955, 61.28 W
2025/02/16 20:19:59.965, 61.28 W
2025/02/16 20:19:59.975, 61.28 W
2025/02/16 20:19:59.985, 61.28 W
2025/02/16 20:19:59.996, 61.28 W
2025/02/16 20:20:00.006, 61.28 W
2025/02/16 20:20:00.016, 61.28 W
2025/02/16 20:20:00.026, 61.28 W
2025/02/16 20:20:00.036, 61.28 W
2025/02/16 20:20:00.046, 61.28 W
2025/02/16 20:20:00.056, 61.28 W
2025/02/16 20:20:00.066, 61.28 W
2025/02/16 20:20:00.076, 61.28 W
2025/02/16 20:20:00.086, 61.28 W
2025/02/16 20:20:00.096, 61.28 W
2025/02/16 20:20:00.106, 61.28 W
2025/02/16 20:20:00.116, 61.28 W
2025/02/16 20:20:00.126, 61.28 W
2025/02/16 20:20:00.137, 61.28 W
2025/02/16 20:20:00.147, 61.28 W
2025/02/16 20:20:00.157, 61.28 W
2025/02/16 20:20:00.167, 61.28 W
2025/02/16 20:20:00.177, 61.28 W
2025/02/16 20:20:00.187, 61.28 W
2025/02/16 20:20:00.197, 61.28 W
2025/02/16 20:20:00.207, 61.28 W
2025/02/16 20:20:00.217, 61.28 W
2025/02/16 20:20:00.227, 61.28 W
2025/02/16 20:20:00.237, 61.28 W
2025/02/16 20:20:00.247, 61.28 W
2025/02/16 20:20:00.257, 61.28 W
2025/02/16 20:20:00.267, 61.28 W
2025/02/16 20:20:00.278, 61.28 W
2025/02/16 20:20:00.288, 61.28 W
2025/02/16 20:20:00.298, 61.28 W
2025/02/16 20:20:00.308, 61.28 W
2025/02/16 20:20:00.318, 61.28 W
2025/02/16 20:20:00.328, 61.28 W
2025/02/16 20:20:00.338, 61.28 W
2025/02/16 20:20:00.348, 61.28 W
2025/02/16 20:20:00.358, 61.28 W
2025/02/16 20:20:00.368, 61.28 W
2025/02/16 20:20:00.378, 61.28 W
2025/02/16 20:20:00.388, 61.28 W
2025/02/16 20:20:00.398, 61.28 W
2025/02/16 20:20:00.408, 61.28 W
2025/02/16 20:20:00.419, 61.28 W
2025/02/16 20:20:00.429, 61.28 W
2025/02/16 20:20:00.439, 61.28 W
2025/02/16 20:20:00.449, 61.28 W
2025/02/16 20:20:00.459, 61.28 W
2025/02/16 20:20:00.469, 61.28 W
2025/02/16 20:20:00.479, 61.28 W
2025/02/16 20:20:00.489, 61.28 W
2025/02/16 20:20:00.499, 60.99 W
2025/02/16 20:20:00.509, 60.99 W
2025/02/16 20:20:00.519, 60.99 W
2025/02/16 20:20:00.529, 60.99 W
2025/02/16 20:20:00.539, 60.99 W
2025/02/16 20:20:00.549, 60.99 W
2025/02/16 20:20:00.560, 60.99 W
2025/02/16 20:20:00.570, 60.99 W
2025/02/16 20:20:00.580, 60.99 W
2025/02/16 20:20:00.590, 60.99 W
2025/02/16 20:20:00.600, 60.99 W
2025/02/16 20:20:00.610, 60.99 W
2025/02/16 20:20:00.620, 61.28 W
2025/02/16 20:20:00.630, 61.28 W
2025/02/16 20:20:00.640, 61.28 W
2025/02/16 20:20:00.650, 61.28 W
2025/02/16 20:20:00.660, 61.28 W
2025/02/16 20:20:00.670, 61.28 W
2025/02/16 20:20:00.680, 61.28 W
2025/02/16 20:20:00.690, 61.28 W
2025/02/16 20:20:00.701, 61.28 W
2025/02/16 20:20:00.711, 61.28 W
2025/02/16 20:20:00.721, 61.28 W
2025/02/16 20:20:00.731, 61.28 W
2025/02/16 20:20:00.741, 61.28 W
2025/02/16 20:20:00.751, 61.28 W
2025/02/16 20:20:00.761, 61.28 W
2025/02/16 20:20:00.771, 61.28 W
2025/02/16 20:20:00.781, 61.28 W
2025/02/16 20:20:00.791, 61.28 W
2025/02/16 20:20:00.801, 60.99 W
2025/02/16 20:20:00.811, 60.99 W
2025/02/16 20:20:00.821, 60.99 W
2025/02/16 20:20:00.832, 60.99 W
2025/02/16 20:20:00.842, 60.99 W
2025/02/16 20:20:00.852, 60.99 W
2025/02/16 20:20:00.862, 60.99 W
2025/02/16 20:20:00.872, 60.99 W
2025/02/16 20:20:00.882, 60.99 W
2025/02/16 20:20:00.892, 60.99 W
2025/02/16 20:20:00.902, 60.99 W
2025/02/16 20:20:00.912, 61.28 W
2025/02/16 20:20:00.922, 61.28 W
2025/02/16 20:20:00.932, 61.28 W
2025/02/16 20:20:00.942, 61.28 W
2025/02/16 20:20:00.952, 61.28 W
2025/02/16 20:20:00.962, 61.28 W
2025/02/16 20:20:00.973, 61.28 W
2025/02/16 20:20:00.983, 61.28 W
2025/02/16 20:20:00.993, 61.28 W
2025/02/16 20:20:01.003, 61.28 W
2025/02/16 20:20:01.013, 61.28 W
2025/02/16 20:20:01.023, 61.28 W
2025/02/16 20:20:01.033, 61.28 W
2025/02/16 20:20:01.043, 61.28 W
2025/02/16 20:20:01.053, 61.28 W
2025/02/16 20:20:01.063, 61.28 W
2025/02/16 20:20:01.073, 61.28 W
2025/02/16 20:20:01.083, 61.28 W
2025/02/16 20:20:01.093, 61.28 W
2025/02/16 20:20:01.103, 61.28 W
2025/02/16 20:20:01.114, 61.28 W
2025/02/16 20:20:01.124, 61.28 W
2025/02/16 20:20:01.134, 61.28 W
2025/02/16 20:20:01.144, 61.28 W
2025/02/16 20:20:01.154, 61.28 W
2025/02/16 20:20:01.164, 61.28 W
2025/02/16 20:20:01.174, 61.28 W
2025/02/16 20:20:01.184, 61.28 W
2025/02/16 20:20:01.194, 61.28 W
2025/02/16 20:20:01.204, 61.28 W
2025/02/16 20:20:01.214, 61.28 W
2025/02/16 20:20:01.224, 61.28 W
2025/02/16 20:20:01.234, 61.28 W
2025/02/16 20:20:01.244, 61.28 W
2025/02/16 20:20:01.255, 61.28 W
2025/02/16 20:20:01.265, 61.28 W
2025/02/16 20:20:01.275, 61.28 W
2025/02/16 20:20:01.285, 61.28 W
2025/02/16 20:20:01.295, 61.28 W
2025/02/16 20:20:01.305, 61.28 W
2025/02/16 20:20:01.315, 61.28 W
2025/02/16 20:20:01.325, 61.28 W
2025/02/16 20:20:01.335, 61.28 W
2025/02/16 20:20:01.345, 61.28 W
2025/02/16 20:20:01.355, 61.28 W
2025/02/16 20:20:01.365, 61.28 W
2025/02/16 20:20:01.375, 61.28 W
2025/02/16 20:20:01.385, 61.28 W
2025/02/16 20:20:01.396, 61.28 W
2025/02/16 20:20:01.406, 61.28 W
2025/02/16 20:20:01.416, 61.28 W
2025/02/16 20:20:01.426, 61.28 W
2025/02/16 20:20:01.436, 61.28 W
2025/02/16 20:20:01.446, 61.28 W
2025/02/16 20:20:01.456, 61.28 W
2025/02/16 20:20:01.466, 61.28 W
2025/02/16 20:20:01.476, 61.28 W
2025/02/16 20:20:01.486, 61.28 W
2025/02/16 20:20:01.496, 61.28 W
2025/02/16 20:20:01.507, 61.28 W
2025/02/16 20:20:01.517, 61.28 W
2025/02/16 20:20:01.527, 60.99 W
2025/02/16 20:20:01.537, 60.99 W
2025/02/16 20:20:01.547, 60.99 W
2025/02/16 20:20:01.557, 60.99 W
2025/02/16 20:20:01.567, 60.99 W
2025/02/16 20:20:01.577, 60.99 W
2025/02/16 20:20:01.587, 60.99 W
2025/02/16 20:20:01.597, 60.99 W
2025/02/16 20:20:01.607, 60.99 W
2025/02/16 20:20:01.617, 60.99 W
2025/02/16 20:20:01.627, 61.28 W
2025/02/16 20:20:01.637, 61.28 W
2025/02/16 20:20:01.648, 61.28 W
2025/02/16 20:20:01.658, 61.28 W
2025/02/16 20:20:01.668, 61.28 W
2025/02/16 20:20:01.678, 61.28 W
2025/02/16 20:20:01.688, 61.28 W
2025/02/16 20:20:01.698, 61.28 W
2025/02/16 20:20:01.708, 61.28 W
2025/02/16 20:20:01.718, 61.28 W
2025/02/16 20:20:01.728, 61.28 W
2025/02/16 20:20:01.738, 61.28 W
2025/02/16 20:20:01.748, 61.28 W
2025/02/16 20:20:01.758, 61.28 W
2025/02/16 20:20:01.768, 61.28 W
2025/02/16 20:20:01.778, 61.28 W
2025/02/16 20:20:01.789, 61.28 W
2025/02/16 20:20:01.799, 61.28 W
2025/02/16 20:20:01.809, 61.28 W
2025/02/16 20:20:01.819, 61.28 W
2025/02/16 20:20:01.829, 61.28 W
2025/02/16 20:20:01.839, 61.28 W
2025/02/16 20:20:01.849, 61.28 W
2025/02/16 20:20:01.859, 61.28 W
2025/02/16 20:20:01.869, 61.28 W
2025/02/16 20:20:01.879, 61.28 W
2025/02/16 20:20:01.889, 61.28 W
2025/02/16 20:20:01.899, 61.28 W
2025/02/16 20:20:01.909, 61.28 W
2025/02/16 20:20:01.919, 61.28 W
2025/02/16 20:20:01.930, 61.28 W
2025/02/16 20:20:01.940, 61.28 W
2025/02/16 20:20:01.950, 61.28 W
2025/02/16 20:20:01.960, 61.28 W
2025/02/16 20:20:01.970, 61.28 W
2025/02/16 20:20:01.980, 61.28 W
2025/02/16 20:20:01.990, 61.28 W
2025/02/16 20:20:02.000, 61.28 W
2025/02/16 20:20:02.010, 61.28 W
2025/02/16 20:20:02.020, 61.28 W
2025/02/16 20:20:02.030, 61.28 W
2025/02/16 20:20:02.040, 61.28 W
2025/02/16 20:20:02.050, 61.28 W
2025/02/16 20:20:02.061, 61.28 W
2025/02/16 20:20:02.071, 61.28 W
2025/02/16 20:20:02.081, 61.28 W
2025/02/16 20:20:02.091, 61.28 W
2025/02/16 20:20:02.101, 61.28 W
2025/02/16 20:20:02.111, 61.28 W
2025/02/16 20:20:02.121, 61.28 W
2025/02/16 20:20:02.131, 61.28 W
2025/02/16 20:20:02.141, 61.28 W
2025/02/16 20:20:02.151, 61.28 W
2025/02/16 20:20:02.161, 61.28 W
2025/02/16 20:20:02.171, 61.28 W
2025/02/16 20:20:02.181, 61.28 W
2025/02/16 20:20:02.191, 61.28 W
2025/02/16 20:20:02.202, 61.28 W
2025/02/16 20:20:02.212, 61.28 W
2025/02/16 20:20:02.222, 61.28 W
2025/02/16 20:20:02.232, 61.28 W
2025/02/16 20:20:02.242, 61.28 W
2025/02/16 20:20:02.252, 61.28 W
2025/02/16 20:20:02.262, 61.28 W
2025/02/16 20:20:02.272, 61.28 W
2025/02/16 20:20:02.282, 61.28 W
2025/02/16 20:20:02.292, 61.28 W
2025/02/16 20:20:02.302, 61.28 W
2025/02/16 20:20:02.312, 61.28 W
2025/02/16 20:20:02.322, 61.28 W
2025/02/16 20:20:02.332, 61.28 W
2025/02/16 20:20:02.343, 61.28 W
2025/02/16 20:20:02.353, 61.28 W
2025/02/16 20:20:02.363, 61.28 W
2025/02/16 20:20:02.373, 61.28 W
2025/02/16 20:20:02.383, 61.28 W
2025/02/16 20:20:02.393, 61.28 W
2025/02/16 20:20:02.403, 61.28 W
2025/02/16 20:20:02.413, 61.28 W
2025/02/16 20:20:02.423, 61.28 W
2025/02/16 20:20:02.433, 61.28 W
2025/02/16 20:20:02.443, 61.28 W
2025/02/16 20:20:02.453, 61.28 W
2025/02/16 20:20:02.463, 61.28 W
2025/02/16 20:20:02.473, 61.28 W
2025/02/16 20:20:02.484, 61.28 W
2025/02/16 20:20:02.494, 61.28 W
2025/02/16 20:20:02.504, 61.28 W
2025/02/16 20:20:02.514, 61.28 W
2025/02/16 20:20:02.524, 61.28 W
2025/02/16 20:20:02.534, 61.28 W
2025/02/16 20:20:02.544, 61.28 W
2025/02/16 20:20:02.554, 61.28 W
2025/02/16 20:20:02.564, 61.28 W
2025/02/16 20:20:02.574, 61.28 W
2025/02/16 20:20:02.584, 61.28 W
2025/02/16 20:20:02.594, 61.28 W
2025/02/16 20:20:02.604, 61.28 W
2025/02/16 20:20:02.614, 61.28 W
2025/02/16 20:20:02.625, 61.28 W
2025/02/16 20:20:02.635, 61.28 W
2025/02/16 20:20:02.645, 61.28 W
2025/02/16 20:20:02.655, 61.28 W
2025/02/16 20:20:02.665, 61.28 W
2025/02/16 20:20:02.675, 61.28 W
2025/02/16 20:20:02.685, 61.28 W
2025/02/16 20:20:02.695, 61.28 W
2025/02/16 20:20:02.705, 61.28 W
2025/02/16 20:20:02.715, 61.28 W
2025/02/16 20:20:02.725, 61.28 W
2025/02/16 20:20:02.735, 61.28 W
2025/02/16 20:20:02.745, 61.28 W
2025/02/16 20:20:02.755, 61.28 W
2025/02/16 20:20:02.766, 61.28 W
2025/02/16 20:20:02.776, 61.35 W
2025/02/16 20:20:02.786, 61.35 W
2025/02/16 20:20:02.796, 61.35 W
2025/02/16 20:20:02.806, 61.35 W
2025/02/16 20:20:02.816, 61.35 W
2025/02/16 20:20:02.826, 61.35 W
2025/02/16 20:20:02.836, 61.35 W
2025/02/16 20:20:02.846, 61.35 W
2025/02/16 20:20:02.856, 61.35 W
2025/02/16 20:20:02.866, 61.35 W
2025/02/16 20:20:02.876, 61.28 W
2025/02/16 20:20:02.886, 61.28 W
2025/02/16 20:20:02.896, 61.28 W
2025/02/16 20:20:02.907, 61.28 W
2025/02/16 20:20:02.917, 61.28 W
2025/02/16 20:20:02.927, 61.28 W
2025/02/16 20:20:02.937, 61.28 W
2025/02/16 20:20:02.947, 61.28 W
2025/02/16 20:20:02.957, 61.28 W
2025/02/16 20:20:02.967, 61.28 W
2025/02/16 20:20:02.977, 60.99 W
2025/02/16 20:20:02.987, 60.99 W
2025/02/16 20:20:02.997, 60.99 W
2025/02/16 20:20:03.007, 60.99 W
2025/02/16 20:20:03.017, 60.99 W
2025/02/16 20:20:03.027, 60.99 W
2025/02/16 20:20:03.037, 60.99 W
2025/02/16 20:20:03.048, 60.99 W
2025/02/16 20:20:03.058, 60.99 W
2025/02/16 20:20:03.068, 60.99 W
2025/02/16 20:20:03.078, 61.28 W
2025/02/16 20:20:03.088, 61.28 W
2025/02/16 20:20:03.098, 61.28 W
2025/02/16 20:20:03.108, 61.28 W
2025/02/16 20:20:03.118, 61.28 W
2025/02/16 20:20:03.128, 61.28 W
2025/02/16 20:20:03.138, 61.28 W
2025/02/16 20:20:03.148, 61.28 W
2025/02/16 20:20:03.158, 61.28 W
2025/02/16 20:20:03.168, 61.28 W
2025/02/16 20:20:03.178, 61.28 W
2025/02/16 20:20:03.189, 61.28 W
2025/02/16 20:20:03.199, 61.28 W
2025/02/16 20:20:03.209, 61.28 W
2025/02/16 20:20:03.219, 61.28 W
2025/02/16 20:20:03.229, 61.28 W
2025/02/16 20:20:03.239, 61.28 W
2025/02/16 20:20:03.249, 61.28 W
2025/02/16 20:20:03.259, 61.28 W
2025/02/16 20:20:03.269, 61.28 W
2025/02/16 20:20:03.279, 61.28 W
2025/02/16 20:20:03.289, 61.28 W
2025/02/16 20:20:03.299, 61.28 W
2025/02/16 20:20:03.309, 61.28 W
2025/02/16 20:20:03.319, 61.28 W
2025/02/16 20:20:03.330, 61.28 W
2025/02/16 20:20:03.340, 61.28 W
2025/02/16 20:20:03.350, 61.28 W
2025/02/16 20:20:03.360, 61.28 W
2025/02/16 20:20:03.370, 61.28 W
2025/02/16 20:20:03.380, 61.28 W
2025/02/16 20:20:03.390, 61.28 W
2025/02/16 20:20:03.400, 61.28 W
2025/02/16 20:20:03.410, 61.28 W
2025/02/16 20:20:03.420, 61.28 W
2025/02/16 20:20:03.430, 61.28 W
2025/02/16 20:20:03.440, 61.28 W
2025/02/16 20:20:03.450, 61.28 W
2025/02/16 20:20:03.461, 61.28 W
