timestamp, power.draw [W]
2025/02/16 20:11:58.690, 61.28 W
2025/02/16 20:11:58.701, 61.28 W
2025/02/16 20:11:58.711, 61.28 W
2025/02/16 20:11:58.721, 61.28 W
2025/02/16 20:11:58.731, 61.28 W
2025/02/16 20:11:58.741, 61.28 W
2025/02/16 20:11:58.751, 61.28 W
2025/02/16 20:11:58.761, 61.28 W
2025/02/16 20:11:58.771, 61.28 W
2025/02/16 20:11:58.781, 61.28 W
2025/02/16 20:11:58.791, 61.28 W
2025/02/16 20:11:58.801, 61.28 W
2025/02/16 20:11:58.811, 61.28 W
2025/02/16 20:11:58.821, 61.28 W
2025/02/16 20:11:58.832, 61.28 W
2025/02/16 20:11:58.842, 61.28 W
2025/02/16 20:11:58.852, 61.28 W
2025/02/16 20:11:58.862, 61.28 W
2025/02/16 20:11:58.872, 61.28 W
2025/02/16 20:11:58.882, 61.28 W
2025/02/16 20:11:58.892, 61.28 W
2025/02/16 20:11:58.902, 61.28 W
2025/02/16 20:11:58.912, 61.28 W
2025/02/16 20:11:58.922, 61.28 W
2025/02/16 20:11:58.932, 61.28 W
2025/02/16 20:11:58.942, 61.28 W
2025/02/16 20:11:58.952, 61.28 W
2025/02/16 20:11:58.962, 61.28 W
2025/02/16 20:11:58.973, 61.53 W
2025/02/16 20:11:58.983, 61.53 W
2025/02/16 20:11:58.993, 61.53 W
2025/02/16 20:11:59.003, 61.53 W
2025/02/16 20:11:59.013, 61.53 W
2025/02/16 20:11:59.023, 61.53 W
2025/02/16 20:11:59.033, 61.53 W
2025/02/16 20:11:59.043, 61.53 W
2025/02/16 20:11:59.053, 61.53 W
2025/02/16 20:11:59.063, 61.53 W
2025/02/16 20:11:59.073, 61.53 W
2025/02/16 20:11:59.083, 61.28 W
2025/02/16 20:11:59.093, 61.28 W
2025/02/16 20:11:59.103, 61.28 W
2025/02/16 20:11:59.113, 61.28 W
2025/02/16 20:11:59.124, 61.28 W
2025/02/16 20:11:59.134, 61.28 W
2025/02/16 20:11:59.144, 61.28 W
2025/02/16 20:11:59.154, 61.28 W
2025/02/16 20:11:59.164, 61.28 W
2025/02/16 20:11:59.174, 61.28 W
2025/02/16 20:11:59.184, 61.90 W
2025/02/16 20:11:59.194, 61.90 W
2025/02/16 20:11:59.204, 61.90 W
2025/02/16 20:11:59.214, 61.90 W
2025/02/16 20:11:59.224, 61.90 W
2025/02/16 20:11:59.234, 61.90 W
2025/02/16 20:11:59.244, 61.90 W
2025/02/16 20:11:59.254, 61.90 W
2025/02/16 20:11:59.264, 61.90 W
2025/02/16 20:11:59.275, 61.90 W
2025/02/16 20:11:59.285, 61.90 W
2025/02/16 20:11:59.295, 61.68 W
2025/02/16 20:11:59.305, 61.68 W
2025/02/16 20:11:59.315, 61.68 W
2025/02/16 20:11:59.325, 61.68 W
2025/02/16 20:11:59.335, 61.68 W
2025/02/16 20:11:59.345, 61.68 W
2025/02/16 20:11:59.355, 61.68 W
2025/02/16 20:11:59.365, 61.68 W
2025/02/16 20:11:59.375, 61.68 W
2025/02/16 20:11:59.385, 61.68 W
2025/02/16 20:11:59.395, 61.68 W
2025/02/16 20:11:59.406, 72.44 W
2025/02/16 20:11:59.416, 72.44 W
2025/02/16 20:11:59.426, 72.44 W
2025/02/16 20:11:59.436, 72.44 W
2025/02/16 20:11:59.446, 72.44 W
2025/02/16 20:11:59.456, 72.44 W
2025/02/16 20:11:59.466, 72.44 W
2025/02/16 20:11:59.476, 72.44 W
2025/02/16 20:11:59.486, 72.44 W
2025/02/16 20:11:59.496, 72.44 W
2025/02/16 20:11:59.506, 72.44 W
2025/02/16 20:11:59.516, 72.44 W
2025/02/16 20:11:59.526, 72.44 W
2025/02/16 20:11:59.536, 72.44 W
2025/02/16 20:11:59.546, 72.44 W
2025/02/16 20:11:59.557, 72.44 W
2025/02/16 20:11:59.567, 72.44 W
2025/02/16 20:11:59.577, 72.44 W
2025/02/16 20:11:59.587, 72.44 W
2025/02/16 20:11:59.597, 72.44 W
2025/02/16 20:11:59.607, 72.44 W
2025/02/16 20:11:59.617, 72.14 W
2025/02/16 20:11:59.627, 72.14 W
2025/02/16 20:11:59.637, 72.14 W
2025/02/16 20:11:59.647, 72.14 W
2025/02/16 20:11:59.657, 72.14 W
2025/02/16 20:11:59.667, 72.14 W
2025/02/16 20:11:59.677, 72.14 W
2025/02/16 20:11:59.687, 72.14 W
2025/02/16 20:11:59.697, 72.52 W
2025/02/16 20:11:59.708, 72.52 W
2025/02/16 20:11:59.718, 72.52 W
2025/02/16 20:11:59.728, 72.52 W
2025/02/16 20:11:59.738, 72.52 W
2025/02/16 20:11:59.748, 72.52 W
2025/02/16 20:11:59.758, 72.52 W
2025/02/16 20:11:59.768, 72.52 W
2025/02/16 20:11:59.778, 72.52 W
2025/02/16 20:11:59.788, 72.52 W
2025/02/16 20:11:59.798, 72.52 W
2025/02/16 20:11:59.808, 72.52 W
2025/02/16 20:11:59.818, 72.52 W
2025/02/16 20:11:59.828, 72.52 W
2025/02/16 20:11:59.838, 72.52 W
2025/02/16 20:11:59.848, 72.52 W
2025/02/16 20:11:59.859, 72.52 W
2025/02/16 20:11:59.869, 72.52 W
2025/02/16 20:11:59.879, 72.52 W
2025/02/16 20:11:59.889, 72.52 W
2025/02/16 20:11:59.899, 75.28 W
2025/02/16 20:11:59.909, 75.28 W
2025/02/16 20:11:59.919, 75.28 W
2025/02/16 20:11:59.929, 75.28 W
2025/02/16 20:11:59.939, 75.28 W
2025/02/16 20:11:59.953, 75.28 W
2025/02/16 20:11:59.963, 75.28 W
2025/02/16 20:11:59.973, 75.28 W
2025/02/16 20:11:59.984, 75.28 W
2025/02/16 20:11:59.994, 75.28 W
2025/02/16 20:12:00.004, 73.79 W
2025/02/16 20:12:00.014, 73.79 W
2025/02/16 20:12:00.024, 73.79 W
2025/02/16 20:12:00.034, 73.79 W
2025/02/16 20:12:00.044, 73.79 W
2025/02/16 20:12:00.054, 73.79 W
2025/02/16 20:12:00.064, 73.79 W
2025/02/16 20:12:00.074, 73.79 W
2025/02/16 20:12:00.084, 73.79 W
2025/02/16 20:12:00.094, 73.79 W
2025/02/16 20:12:00.104, 72.44 W
2025/02/16 20:12:00.114, 72.44 W
2025/02/16 20:12:00.125, 72.44 W
2025/02/16 20:12:00.135, 72.44 W
2025/02/16 20:12:00.145, 72.44 W
2025/02/16 20:12:00.155, 72.44 W
2025/02/16 20:12:00.165, 72.44 W
2025/02/16 20:12:00.175, 72.44 W
2025/02/16 20:12:00.185, 72.44 W
2025/02/16 20:12:00.195, 72.44 W
2025/02/16 20:12:00.205, 72.44 W
2025/02/16 20:12:00.215, 72.44 W
2025/02/16 20:12:00.225, 72.68 W
2025/02/16 20:12:00.235, 72.68 W
2025/02/16 20:12:00.245, 72.68 W
2025/02/16 20:12:00.255, 72.68 W
2025/02/16 20:12:00.265, 72.68 W
2025/02/16 20:12:00.276, 72.68 W
2025/02/16 20:12:00.286, 72.68 W
2025/02/16 20:12:00.296, 72.68 W
2025/02/16 20:12:00.306, 72.68 W
2025/02/16 20:12:00.316, 72.68 W
2025/02/16 20:12:00.326, 72.68 W
2025/02/16 20:12:00.336, 73.79 W
2025/02/16 20:12:00.346, 73.79 W
2025/02/16 20:12:00.356, 73.79 W
2025/02/16 20:12:00.366, 73.79 W
2025/02/16 20:12:00.376, 73.79 W
2025/02/16 20:12:00.386, 73.79 W
2025/02/16 20:12:00.396, 73.79 W
2025/02/16 20:12:00.406, 73.79 W
2025/02/16 20:12:00.416, 73.88 W
2025/02/16 20:12:00.427, 73.88 W
2025/02/16 20:12:00.437, 73.88 W
2025/02/16 20:12:00.447, 73.88 W
2025/02/16 20:12:00.457, 73.88 W
2025/02/16 20:12:00.467, 73.88 W
2025/02/16 20:12:00.477, 73.88 W
2025/02/16 20:12:00.487, 73.88 W
2025/02/16 20:12:00.497, 73.88 W
2025/02/16 20:12:00.507, 73.88 W
2025/02/16 20:12:00.517, 73.79 W
2025/02/16 20:12:00.527, 73.79 W
2025/02/16 20:12:00.537, 73.79 W
2025/02/16 20:12:00.547, 73.79 W
2025/02/16 20:12:00.557, 73.79 W
2025/02/16 20:12:00.567, 73.79 W
2025/02/16 20:12:00.577, 73.79 W
2025/02/16 20:12:00.588, 73.79 W
2025/02/16 20:12:00.598, 73.79 W
2025/02/16 20:12:00.608, 73.79 W
2025/02/16 20:12:00.618, 73.79 W
2025/02/16 20:12:00.628, 73.79 W
2025/02/16 20:12:00.638, 73.79 W
2025/02/16 20:12:00.648, 73.79 W
2025/02/16 20:12:00.658, 73.79 W
2025/02/16 20:12:00.668, 73.79 W
2025/02/16 20:12:00.678, 73.79 W
2025/02/16 20:12:00.688, 73.79 W
2025/02/16 20:12:00.698, 73.79 W
2025/02/16 20:12:00.708, 73.79 W
2025/02/16 20:12:00.718, 73.79 W
2025/02/16 20:12:00.728, 73.79 W
2025/02/16 20:12:00.739, 73.79 W
2025/02/16 20:12:00.749, 73.79 W
2025/02/16 20:12:00.759, 73.79 W
2025/02/16 20:12:00.769, 73.79 W
2025/02/16 20:12:00.779, 73.79 W
2025/02/16 20:12:00.789, 73.79 W
2025/02/16 20:12:00.799, 73.79 W
2025/02/16 20:12:00.809, 73.79 W
2025/02/16 20:12:00.819, 73.79 W
2025/02/16 20:12:00.829, 73.79 W
2025/02/16 20:12:00.839, 73.88 W
2025/02/16 20:12:00.849, 73.88 W
2025/02/16 20:12:00.859, 73.88 W
2025/02/16 20:12:00.869, 73.88 W
2025/02/16 20:12:00.879, 73.88 W
2025/02/16 20:12:00.889, 73.88 W
2025/02/16 20:12:00.900, 73.88 W
2025/02/16 20:12:00.910, 73.88 W
2025/02/16 20:12:00.920, 73.88 W
2025/02/16 20:12:00.930, 73.88 W
2025/02/16 20:12:00.940, 73.88 W
2025/02/16 20:12:00.950, 73.88 W
2025/02/16 20:12:00.960, 73.88 W
2025/02/16 20:12:00.970, 73.88 W
2025/02/16 20:12:00.980, 73.88 W
2025/02/16 20:12:00.990, 73.88 W
2025/02/16 20:12:01.000, 73.88 W
2025/02/16 20:12:01.010, 73.88 W
2025/02/16 20:12:01.020, 73.88 W
2025/02/16 20:12:01.030, 73.88 W
2025/02/16 20:12:01.040, 73.88 W
2025/02/16 20:12:01.050, 74.05 W
2025/02/16 20:12:01.061, 74.05 W
2025/02/16 20:12:01.071, 74.05 W
2025/02/16 20:12:01.081, 74.05 W
2025/02/16 20:12:01.091, 74.05 W
2025/02/16 20:12:01.101, 74.05 W
2025/02/16 20:12:01.111, 74.05 W
2025/02/16 20:12:01.121, 74.05 W
2025/02/16 20:12:01.131, 74.05 W
2025/02/16 20:12:01.141, 74.05 W
2025/02/16 20:12:01.151, 74.05 W
2025/02/16 20:12:01.161, 74.05 W
2025/02/16 20:12:01.171, 74.05 W
2025/02/16 20:12:01.181, 74.05 W
2025/02/16 20:12:01.191, 74.05 W
2025/02/16 20:12:01.201, 74.05 W
2025/02/16 20:12:01.212, 74.05 W
2025/02/16 20:12:01.222, 74.05 W
2025/02/16 20:12:01.232, 74.05 W
2025/02/16 20:12:01.242, 74.05 W
2025/02/16 20:12:01.252, 74.05 W
2025/02/16 20:12:01.262, 74.05 W
2025/02/16 20:12:01.272, 74.05 W
2025/02/16 20:12:01.282, 74.05 W
2025/02/16 20:12:01.292, 74.05 W
2025/02/16 20:12:01.302, 74.05 W
2025/02/16 20:12:01.312, 74.05 W
2025/02/16 20:12:01.322, 74.05 W
2025/02/16 20:12:01.332, 74.05 W
2025/02/16 20:12:01.342, 74.05 W
2025/02/16 20:12:01.352, 74.05 W
2025/02/16 20:12:01.363, 74.05 W
2025/02/16 20:12:01.373, 74.05 W
2025/02/16 20:12:01.383, 74.05 W
2025/02/16 20:12:01.393, 74.05 W
2025/02/16 20:12:01.403, 74.05 W
2025/02/16 20:12:01.413, 74.05 W
2025/02/16 20:12:01.423, 74.05 W
2025/02/16 20:12:01.433, 74.05 W
2025/02/16 20:12:01.443, 74.05 W
2025/02/16 20:12:01.453, 74.05 W
2025/02/16 20:12:01.463, 74.05 W
2025/02/16 20:12:01.473, 74.05 W
2025/02/16 20:12:01.483, 74.05 W
2025/02/16 20:12:01.493, 74.05 W
2025/02/16 20:12:01.503, 74.05 W
2025/02/16 20:12:01.513, 74.05 W
2025/02/16 20:12:01.524, 74.05 W
2025/02/16 20:12:01.534, 74.05 W
2025/02/16 20:12:01.544, 73.76 W
2025/02/16 20:12:01.554, 73.76 W
2025/02/16 20:12:01.564, 73.76 W
2025/02/16 20:12:01.574, 73.76 W
2025/02/16 20:12:01.584, 73.76 W
2025/02/16 20:12:01.594, 73.76 W
2025/02/16 20:12:01.604, 73.76 W
2025/02/16 20:12:01.614, 73.76 W
2025/02/16 20:12:01.624, 73.76 W
2025/02/16 20:12:01.634, 73.76 W
2025/02/16 20:12:01.644, 73.76 W
2025/02/16 20:12:01.654, 73.76 W
2025/02/16 20:12:01.664, 74.05 W
2025/02/16 20:12:01.674, 74.05 W
2025/02/16 20:12:01.685, 74.05 W
2025/02/16 20:12:01.695, 74.05 W
2025/02/16 20:12:01.705, 74.05 W
2025/02/16 20:12:01.715, 74.05 W
2025/02/16 20:12:01.725, 74.05 W
2025/02/16 20:12:01.735, 74.05 W
2025/02/16 20:12:01.745, 74.05 W
2025/02/16 20:12:01.755, 74.05 W
2025/02/16 20:12:01.765, 74.05 W
2025/02/16 20:12:01.775, 74.05 W
2025/02/16 20:12:01.785, 74.05 W
2025/02/16 20:12:01.795, 74.05 W
2025/02/16 20:12:01.805, 74.05 W
2025/02/16 20:12:01.815, 74.05 W
2025/02/16 20:12:01.825, 74.05 W
2025/02/16 20:12:01.836, 74.05 W
2025/02/16 20:12:01.846, 74.05 W
2025/02/16 20:12:01.856, 74.05 W
2025/02/16 20:12:01.866, 73.76 W
2025/02/16 20:12:01.876, 73.76 W
2025/02/16 20:12:01.886, 73.76 W
2025/02/16 20:12:01.896, 73.76 W
2025/02/16 20:12:01.906, 73.76 W
2025/02/16 20:12:01.916, 73.76 W
2025/02/16 20:12:01.926, 73.76 W
2025/02/16 20:12:01.936, 73.76 W
2025/02/16 20:12:01.946, 73.76 W
2025/02/16 20:12:01.956, 73.76 W
2025/02/16 20:12:01.966, 73.76 W
2025/02/16 20:12:01.976, 73.76 W
2025/02/16 20:12:01.986, 73.76 W
2025/02/16 20:12:01.997, 73.76 W
2025/02/16 20:12:02.007, 73.76 W
2025/02/16 20:12:02.017, 73.76 W
2025/02/16 20:12:02.027, 73.76 W
2025/02/16 20:12:02.037, 73.76 W
2025/02/16 20:12:02.047, 73.76 W
2025/02/16 20:12:02.057, 73.76 W
2025/02/16 20:12:02.067, 73.76 W
2025/02/16 20:12:02.077, 74.05 W
2025/02/16 20:12:02.087, 74.05 W
2025/02/16 20:12:02.097, 74.05 W
2025/02/16 20:12:02.107, 74.05 W
2025/02/16 20:12:02.117, 74.05 W
2025/02/16 20:12:02.127, 74.05 W
2025/02/16 20:12:02.137, 74.05 W
2025/02/16 20:12:02.148, 74.05 W
2025/02/16 20:12:02.158, 74.05 W
2025/02/16 20:12:02.168, 74.05 W
2025/02/16 20:12:02.178, 74.05 W
2025/02/16 20:12:02.188, 74.05 W
2025/02/16 20:12:02.198, 74.05 W
2025/02/16 20:12:02.208, 74.05 W
2025/02/16 20:12:02.218, 74.05 W
2025/02/16 20:12:02.228, 74.05 W
2025/02/16 20:12:02.238, 74.05 W
2025/02/16 20:12:02.248, 74.05 W
2025/02/16 20:12:02.258, 74.05 W
2025/02/16 20:12:02.268, 74.05 W
2025/02/16 20:12:02.278, 74.05 W
2025/02/16 20:12:02.288, 74.05 W
2025/02/16 20:12:02.298, 74.05 W
2025/02/16 20:12:02.309, 74.05 W
2025/02/16 20:12:02.319, 74.05 W
2025/02/16 20:12:02.329, 74.05 W
2025/02/16 20:12:02.339, 74.05 W
2025/02/16 20:12:02.349, 74.05 W
2025/02/16 20:12:02.359, 74.05 W
2025/02/16 20:12:02.369, 74.05 W
2025/02/16 20:12:02.379, 74.05 W
2025/02/16 20:12:02.389, 74.05 W
2025/02/16 20:12:02.399, 74.05 W
2025/02/16 20:12:02.409, 74.05 W
2025/02/16 20:12:02.419, 74.05 W
2025/02/16 20:12:02.429, 74.05 W
2025/02/16 20:12:02.439, 74.05 W
2025/02/16 20:12:02.449, 74.05 W
2025/02/16 20:12:02.460, 74.05 W
2025/02/16 20:12:02.470, 74.05 W
2025/02/16 20:12:02.480, 74.05 W
2025/02/16 20:12:02.490, 74.05 W
2025/02/16 20:12:02.500, 74.05 W
2025/02/16 20:12:02.510, 74.05 W
2025/02/16 20:12:02.520, 74.05 W
2025/02/16 20:12:02.530, 74.05 W
2025/02/16 20:12:02.540, 74.05 W
2025/02/16 20:12:02.550, 74.05 W
2025/02/16 20:12:02.560, 74.05 W
2025/02/16 20:12:02.570, 74.05 W
2025/02/16 20:12:02.581, 74.05 W
2025/02/16 20:12:02.591, 74.05 W
2025/02/16 20:12:02.601, 74.05 W
2025/02/16 20:12:02.611, 74.05 W
2025/02/16 20:12:02.621, 74.05 W
2025/02/16 20:12:02.631, 74.05 W
2025/02/16 20:12:02.641, 74.05 W
2025/02/16 20:12:02.651, 74.05 W
2025/02/16 20:12:02.661, 74.05 W
2025/02/16 20:12:02.671, 74.05 W
2025/02/16 20:12:02.681, 74.05 W
2025/02/16 20:12:02.691, 74.05 W
2025/02/16 20:12:02.701, 74.05 W
2025/02/16 20:12:02.711, 74.05 W
2025/02/16 20:12:02.721, 74.05 W
2025/02/16 20:12:02.731, 74.05 W
2025/02/16 20:12:02.742, 74.05 W
2025/02/16 20:12:02.752, 74.05 W
2025/02/16 20:12:02.762, 74.05 W
2025/02/16 20:12:02.772, 74.05 W
2025/02/16 20:12:02.782, 74.05 W
2025/02/16 20:12:02.792, 74.05 W
2025/02/16 20:12:02.802, 74.05 W
2025/02/16 20:12:02.812, 74.05 W
2025/02/16 20:12:02.822, 74.05 W
2025/02/16 20:12:02.832, 74.05 W
2025/02/16 20:12:02.842, 74.05 W
2025/02/16 20:12:02.852, 74.05 W
2025/02/16 20:12:02.862, 74.05 W
2025/02/16 20:12:02.872, 74.05 W
2025/02/16 20:12:02.882, 74.05 W
2025/02/16 20:12:02.893, 74.05 W
2025/02/16 20:12:02.903, 74.05 W
2025/02/16 20:12:02.913, 74.05 W
2025/02/16 20:12:02.923, 74.05 W
2025/02/16 20:12:02.933, 74.05 W
2025/02/16 20:12:02.943, 74.05 W
2025/02/16 20:12:02.953, 74.05 W
2025/02/16 20:12:02.963, 74.05 W
2025/02/16 20:12:02.973, 74.05 W
2025/02/16 20:12:02.983, 74.05 W
2025/02/16 20:12:02.993, 74.05 W
2025/02/16 20:12:03.003, 74.05 W
2025/02/16 20:12:03.013, 74.05 W
2025/02/16 20:12:03.023, 74.05 W
2025/02/16 20:12:03.033, 74.05 W
2025/02/16 20:12:03.044, 74.05 W
2025/02/16 20:12:03.054, 74.05 W
2025/02/16 20:12:03.064, 74.05 W
2025/02/16 20:12:03.074, 74.05 W
2025/02/16 20:12:03.084, 74.05 W
2025/02/16 20:12:03.094, 74.05 W
2025/02/16 20:12:03.104, 74.05 W
2025/02/16 20:12:03.114, 74.05 W
2025/02/16 20:12:03.124, 74.05 W
2025/02/16 20:12:03.134, 74.05 W
2025/02/16 20:12:03.144, 74.05 W
2025/02/16 20:12:03.154, 74.05 W
2025/02/16 20:12:03.164, 74.05 W
2025/02/16 20:12:03.174, 74.05 W
2025/02/16 20:12:03.184, 74.05 W
2025/02/16 20:12:03.195, 74.05 W
2025/02/16 20:12:03.205, 74.05 W
2025/02/16 20:12:03.215, 74.05 W
2025/02/16 20:12:03.225, 74.05 W
2025/02/16 20:12:03.235, 74.05 W
2025/02/16 20:12:03.245, 74.05 W
2025/02/16 20:12:03.255, 74.05 W
2025/02/16 20:12:03.265, 74.05 W
2025/02/16 20:12:03.275, 74.05 W
2025/02/16 20:12:03.285, 74.05 W
2025/02/16 20:12:03.295, 74.05 W
2025/02/16 20:12:03.305, 74.05 W
2025/02/16 20:12:03.315, 74.05 W
2025/02/16 20:12:03.325, 74.05 W
2025/02/16 20:12:03.335, 74.05 W
2025/02/16 20:12:03.345, 74.05 W
2025/02/16 20:12:03.356, 74.05 W
2025/02/16 20:12:03.366, 74.05 W
2025/02/16 20:12:03.376, 74.05 W
2025/02/16 20:12:03.386, 74.05 W
2025/02/16 20:12:03.396, 74.05 W
2025/02/16 20:12:03.406, 74.05 W
2025/02/16 20:12:03.416, 74.05 W
2025/02/16 20:12:03.426, 74.05 W
2025/02/16 20:12:03.436, 74.05 W
2025/02/16 20:12:03.446, 74.05 W
2025/02/16 20:12:03.456, 74.05 W
2025/02/16 20:12:03.466, 74.05 W
2025/02/16 20:12:03.476, 74.05 W
2025/02/16 20:12:03.486, 74.05 W
2025/02/16 20:12:03.496, 74.05 W
2025/02/16 20:12:03.507, 73.76 W
2025/02/16 20:12:03.517, 73.76 W
2025/02/16 20:12:03.527, 73.76 W
2025/02/16 20:12:03.537, 73.76 W
2025/02/16 20:12:03.547, 73.76 W
2025/02/16 20:12:03.557, 73.76 W
2025/02/16 20:12:03.567, 73.76 W
2025/02/16 20:12:03.577, 73.76 W
2025/02/16 20:12:03.587, 74.05 W
2025/02/16 20:12:03.597, 74.05 W
2025/02/16 20:12:03.607, 74.05 W
2025/02/16 20:12:03.617, 74.05 W
2025/02/16 20:12:03.627, 74.05 W
2025/02/16 20:12:03.637, 74.05 W
2025/02/16 20:12:03.647, 74.05 W
2025/02/16 20:12:03.664, 74.05 W
2025/02/16 20:12:03.674, 74.05 W
2025/02/16 20:12:03.684, 74.05 W
2025/02/16 20:12:03.694, 74.05 W
2025/02/16 20:12:03.704, 74.05 W
2025/02/16 20:12:03.715, 73.79 W
2025/02/16 20:12:03.725, 73.79 W
2025/02/16 20:12:03.735, 73.79 W
2025/02/16 20:12:03.745, 73.79 W
2025/02/16 20:12:03.755, 73.79 W
2025/02/16 20:12:03.765, 73.79 W
2025/02/16 20:12:03.775, 73.79 W
2025/02/16 20:12:03.785, 73.79 W
2025/02/16 20:12:03.795, 73.79 W
2025/02/16 20:12:03.805, 73.79 W
2025/02/16 20:12:03.815, 73.79 W
2025/02/16 20:12:03.825, 73.79 W
2025/02/16 20:12:03.835, 73.79 W
2025/02/16 20:12:03.845, 73.79 W
2025/02/16 20:12:03.855, 73.79 W
2025/02/16 20:12:03.865, 73.79 W
2025/02/16 20:12:03.876, 73.79 W
2025/02/16 20:12:03.886, 73.79 W
2025/02/16 20:12:03.896, 73.79 W
2025/02/16 20:12:03.906, 73.79 W
2025/02/16 20:12:03.916, 73.79 W
2025/02/16 20:12:03.926, 73.79 W
2025/02/16 20:12:03.936, 73.79 W
2025/02/16 20:12:03.946, 73.79 W
2025/02/16 20:12:03.956, 73.79 W
2025/02/16 20:12:03.966, 73.79 W
2025/02/16 20:12:03.976, 73.79 W
2025/02/16 20:12:03.986, 73.79 W
2025/02/16 20:12:03.996, 73.79 W
2025/02/16 20:12:04.006, 73.79 W
2025/02/16 20:12:04.016, 73.79 W
2025/02/16 20:12:04.027, 73.79 W
2025/02/16 20:12:04.037, 73.79 W
2025/02/16 20:12:04.047, 73.79 W
2025/02/16 20:12:04.057, 73.79 W
2025/02/16 20:12:04.067, 73.79 W
2025/02/16 20:12:04.077, 73.79 W
2025/02/16 20:12:04.087, 73.79 W
2025/02/16 20:12:04.097, 73.79 W
2025/02/16 20:12:04.107, 73.79 W
2025/02/16 20:12:04.117, 73.79 W
2025/02/16 20:12:04.127, 73.79 W
2025/02/16 20:12:04.137, 73.79 W
2025/02/16 20:12:04.147, 73.79 W
2025/02/16 20:12:04.157, 73.79 W
2025/02/16 20:12:04.167, 73.79 W
2025/02/16 20:12:04.177, 73.79 W
2025/02/16 20:12:04.188, 73.79 W
2025/02/16 20:12:04.198, 73.79 W
2025/02/16 20:12:04.208, 73.79 W
2025/02/16 20:12:04.218, 73.79 W
2025/02/16 20:12:04.228, 73.79 W
2025/02/16 20:12:04.238, 73.79 W
2025/02/16 20:12:04.248, 73.79 W
2025/02/16 20:12:04.258, 73.79 W
2025/02/16 20:12:04.268, 73.79 W
2025/02/16 20:12:04.278, 73.79 W
2025/02/16 20:12:04.288, 73.79 W
2025/02/16 20:12:04.298, 73.79 W
2025/02/16 20:12:04.308, 74.12 W
2025/02/16 20:12:04.318, 74.12 W
2025/02/16 20:12:04.328, 74.12 W
2025/02/16 20:12:04.339, 74.12 W
2025/02/16 20:12:04.349, 74.12 W
2025/02/16 20:12:04.359, 74.12 W
2025/02/16 20:12:04.369, 74.12 W
2025/02/16 20:12:04.379, 74.12 W
2025/02/16 20:12:04.389, 74.12 W
2025/02/16 20:12:04.399, 74.12 W
2025/02/16 20:12:04.409, 73.96 W
2025/02/16 20:12:04.419, 73.96 W
2025/02/16 20:12:04.429, 73.96 W
2025/02/16 20:12:04.439, 73.96 W
2025/02/16 20:12:04.449, 73.96 W
2025/02/16 20:12:04.459, 73.96 W
2025/02/16 20:12:04.469, 73.96 W
2025/02/16 20:12:04.479, 73.96 W
2025/02/16 20:12:04.489, 73.96 W
2025/02/16 20:12:04.500, 73.96 W
2025/02/16 20:12:04.510, 73.96 W
2025/02/16 20:12:04.520, 73.96 W
2025/02/16 20:12:04.530, 74.04 W
2025/02/16 20:12:04.540, 74.04 W
2025/02/16 20:12:04.550, 74.04 W
2025/02/16 20:12:04.560, 74.04 W
2025/02/16 20:12:04.570, 74.04 W
2025/02/16 20:12:04.580, 74.04 W
2025/02/16 20:12:04.590, 74.04 W
2025/02/16 20:12:04.600, 74.04 W
2025/02/16 20:12:04.610, 74.04 W
2025/02/16 20:12:04.620, 74.04 W
2025/02/16 20:12:04.630, 74.04 W
2025/02/16 20:12:04.640, 74.04 W
2025/02/16 20:12:04.650, 74.04 W
2025/02/16 20:12:04.661, 74.04 W
2025/02/16 20:12:04.671, 74.04 W
2025/02/16 20:12:04.681, 74.04 W
2025/02/16 20:12:04.691, 74.04 W
2025/02/16 20:12:04.701, 74.04 W
2025/02/16 20:12:04.711, 74.04 W
2025/02/16 20:12:04.721, 74.04 W
2025/02/16 20:12:04.731, 74.04 W
2025/02/16 20:12:04.741, 73.79 W
2025/02/16 20:12:04.751, 73.79 W
2025/02/16 20:12:04.761, 73.79 W
2025/02/16 20:12:04.771, 73.79 W
2025/02/16 20:12:04.781, 73.79 W
2025/02/16 20:12:04.791, 73.79 W
2025/02/16 20:12:04.801, 73.79 W
2025/02/16 20:12:04.812, 73.79 W
2025/02/16 20:12:04.822, 73.79 W
2025/02/16 20:12:04.832, 73.79 W
2025/02/16 20:12:04.842, 73.79 W
2025/02/16 20:12:04.852, 73.79 W
2025/02/16 20:12:04.862, 73.79 W
2025/02/16 20:12:04.872, 73.79 W
2025/02/16 20:12:04.882, 73.79 W
2025/02/16 20:12:04.892, 73.79 W
2025/02/16 20:12:04.902, 73.79 W
2025/02/16 20:12:04.912, 73.79 W
2025/02/16 20:12:04.922, 73.79 W
2025/02/16 20:12:04.932, 73.79 W
2025/02/16 20:12:04.942, 73.79 W
2025/02/16 20:12:04.952, 73.79 W
2025/02/16 20:12:04.962, 73.79 W
2025/02/16 20:12:04.973, 73.79 W
2025/02/16 20:12:04.983, 73.79 W
2025/02/16 20:12:04.993, 73.79 W
2025/02/16 20:12:05.003, 73.79 W
2025/02/16 20:12:05.013, 73.79 W
2025/02/16 20:12:05.023, 74.12 W
2025/02/16 20:12:05.033, 74.12 W
2025/02/16 20:12:05.043, 74.12 W
2025/02/16 20:12:05.053, 74.12 W
2025/02/16 20:12:05.063, 74.12 W
2025/02/16 20:12:05.073, 74.12 W
2025/02/16 20:12:05.083, 74.12 W
2025/02/16 20:12:05.093, 74.12 W
2025/02/16 20:12:05.103, 74.12 W
2025/02/16 20:12:05.113, 74.12 W
2025/02/16 20:12:05.124, 74.12 W
2025/02/16 20:12:05.134, 74.12 W
2025/02/16 20:12:05.144, 73.88 W
2025/02/16 20:12:05.154, 73.88 W
2025/02/16 20:12:05.164, 73.88 W
2025/02/16 20:12:05.174, 73.88 W
2025/02/16 20:12:05.184, 73.88 W
2025/02/16 20:12:05.194, 73.88 W
2025/02/16 20:12:05.204, 73.88 W
2025/02/16 20:12:05.214, 73.88 W
2025/02/16 20:12:05.224, 74.04 W
2025/02/16 20:12:05.234, 74.04 W
2025/02/16 20:12:05.244, 74.04 W
2025/02/16 20:12:05.254, 74.04 W
2025/02/16 20:12:05.264, 74.04 W
2025/02/16 20:12:05.274, 74.04 W
2025/02/16 20:12:05.285, 74.04 W
2025/02/16 20:12:05.295, 74.04 W
2025/02/16 20:12:05.305, 74.04 W
2025/02/16 20:12:05.315, 74.04 W
2025/02/16 20:12:05.325, 74.04 W
2025/02/16 20:12:05.335, 73.79 W
2025/02/16 20:12:05.345, 73.79 W
2025/02/16 20:12:05.355, 73.79 W
2025/02/16 20:12:05.365, 73.79 W
2025/02/16 20:12:05.375, 73.79 W
2025/02/16 20:12:05.385, 73.79 W
2025/02/16 20:12:05.395, 73.79 W
2025/02/16 20:12:05.405, 73.79 W
2025/02/16 20:12:05.415, 73.79 W
2025/02/16 20:12:05.425, 73.79 W
2025/02/16 20:12:05.435, 73.88 W
2025/02/16 20:12:05.446, 73.88 W
2025/02/16 20:12:05.456, 73.88 W
2025/02/16 20:12:05.466, 73.88 W
2025/02/16 20:12:05.476, 73.88 W
2025/02/16 20:12:05.486, 73.88 W
2025/02/16 20:12:05.496, 73.88 W
2025/02/16 20:12:05.506, 73.88 W
2025/02/16 20:12:05.516, 73.88 W
2025/02/16 20:12:05.526, 73.88 W
2025/02/16 20:12:05.536, 73.88 W
2025/02/16 20:12:05.546, 73.88 W
2025/02/16 20:12:05.556, 74.05 W
2025/02/16 20:12:05.566, 74.05 W
2025/02/16 20:12:05.576, 74.05 W
2025/02/16 20:12:05.586, 74.05 W
2025/02/16 20:12:05.597, 74.05 W
2025/02/16 20:12:05.607, 74.05 W
2025/02/16 20:12:05.617, 74.05 W
2025/02/16 20:12:05.627, 74.05 W
2025/02/16 20:12:05.637, 74.05 W
2025/02/16 20:12:05.647, 74.05 W
2025/02/16 20:12:05.657, 74.05 W
2025/02/16 20:12:05.667, 74.05 W
2025/02/16 20:12:05.677, 74.05 W
2025/02/16 20:12:05.687, 74.05 W
2025/02/16 20:12:05.697, 74.05 W
2025/02/16 20:12:05.707, 74.05 W
2025/02/16 20:12:05.717, 74.05 W
2025/02/16 20:12:05.727, 74.05 W
2025/02/16 20:12:05.737, 74.05 W
2025/02/16 20:12:05.747, 74.05 W
2025/02/16 20:12:05.758, 73.76 W
2025/02/16 20:12:05.768, 73.76 W
2025/02/16 20:12:05.778, 73.76 W
2025/02/16 20:12:05.788, 73.76 W
2025/02/16 20:12:05.798, 73.76 W
2025/02/16 20:12:05.808, 73.76 W
2025/02/16 20:12:05.818, 73.76 W
2025/02/16 20:12:05.828, 73.76 W
2025/02/16 20:12:05.838, 73.76 W
2025/02/16 20:12:05.848, 73.76 W
2025/02/16 20:12:05.858, 73.76 W
2025/02/16 20:12:05.868, 73.76 W
2025/02/16 20:12:05.878, 73.76 W
2025/02/16 20:12:05.888, 73.76 W
2025/02/16 20:12:05.898, 73.76 W
2025/02/16 20:12:05.909, 73.76 W
2025/02/16 20:12:05.919, 73.76 W
2025/02/16 20:12:05.929, 73.76 W
2025/02/16 20:12:05.939, 73.76 W
2025/02/16 20:12:05.949, 73.76 W
2025/02/16 20:12:05.959, 73.76 W
2025/02/16 20:12:05.969, 74.05 W
2025/02/16 20:12:05.979, 74.05 W
2025/02/16 20:12:05.989, 74.05 W
2025/02/16 20:12:05.999, 74.05 W
2025/02/16 20:12:06.009, 74.05 W
2025/02/16 20:12:06.019, 74.05 W
2025/02/16 20:12:06.029, 74.05 W
2025/02/16 20:12:06.039, 74.05 W
2025/02/16 20:12:06.049, 74.05 W
2025/02/16 20:12:06.059, 74.05 W
2025/02/16 20:12:06.070, 74.05 W
2025/02/16 20:12:06.080, 74.05 W
2025/02/16 20:12:06.090, 74.05 W
2025/02/16 20:12:06.100, 74.05 W
2025/02/16 20:12:06.110, 74.05 W
2025/02/16 20:12:06.120, 74.05 W
2025/02/16 20:12:06.130, 74.05 W
2025/02/16 20:12:06.140, 74.05 W
2025/02/16 20:12:06.150, 74.05 W
2025/02/16 20:12:06.160, 74.05 W
2025/02/16 20:12:06.170, 74.05 W
2025/02/16 20:12:06.180, 74.05 W
2025/02/16 20:12:06.190, 74.05 W
2025/02/16 20:12:06.200, 74.05 W
2025/02/16 20:12:06.210, 74.05 W
2025/02/16 20:12:06.221, 74.05 W
2025/02/16 20:12:06.231, 74.05 W
2025/02/16 20:12:06.241, 74.05 W
2025/02/16 20:12:06.251, 74.05 W
2025/02/16 20:12:06.261, 74.05 W
2025/02/16 20:12:06.271, 74.05 W
2025/02/16 20:12:06.281, 74.05 W
2025/02/16 20:12:06.291, 74.05 W
2025/02/16 20:12:06.301, 74.05 W
2025/02/16 20:12:06.311, 74.05 W
2025/02/16 20:12:06.321, 74.05 W
2025/02/16 20:12:06.331, 74.05 W
2025/02/16 20:12:06.341, 74.05 W
2025/02/16 20:12:06.351, 74.05 W
2025/02/16 20:12:06.361, 74.05 W
2025/02/16 20:12:06.371, 74.05 W
2025/02/16 20:12:06.382, 74.05 W
2025/02/16 20:12:06.392, 74.05 W
2025/02/16 20:12:06.402, 74.05 W
2025/02/16 20:12:06.412, 74.05 W
2025/02/16 20:12:06.422, 74.05 W
2025/02/16 20:12:06.432, 74.05 W
2025/02/16 20:12:06.442, 74.05 W
2025/02/16 20:12:06.452, 74.05 W
2025/02/16 20:12:06.462, 74.05 W
2025/02/16 20:12:06.472, 74.05 W
2025/02/16 20:12:06.482, 74.05 W
2025/02/16 20:12:06.492, 74.05 W
2025/02/16 20:12:06.502, 74.05 W
2025/02/16 20:12:06.512, 74.05 W
2025/02/16 20:12:06.522, 74.05 W
2025/02/16 20:12:06.533, 74.05 W
2025/02/16 20:12:06.543, 74.05 W
2025/02/16 20:12:06.553, 74.05 W
2025/02/16 20:12:06.563, 74.05 W
2025/02/16 20:12:06.573, 74.05 W
2025/02/16 20:12:06.583, 74.05 W
2025/02/16 20:12:06.593, 74.05 W
2025/02/16 20:12:06.603, 74.05 W
2025/02/16 20:12:06.613, 74.05 W
2025/02/16 20:12:06.623, 74.05 W
2025/02/16 20:12:06.633, 74.05 W
2025/02/16 20:12:06.643, 74.05 W
2025/02/16 20:12:06.653, 74.05 W
2025/02/16 20:12:06.663, 74.05 W
2025/02/16 20:12:06.673, 74.05 W
2025/02/16 20:12:06.683, 74.05 W
2025/02/16 20:12:06.694, 74.05 W
2025/02/16 20:12:06.704, 74.05 W
2025/02/16 20:12:06.714, 74.05 W
2025/02/16 20:12:06.724, 74.05 W
2025/02/16 20:12:06.734, 74.05 W
2025/02/16 20:12:06.744, 74.05 W
2025/02/16 20:12:06.754, 74.05 W
2025/02/16 20:12:06.764, 74.05 W
2025/02/16 20:12:06.774, 74.05 W
2025/02/16 20:12:06.784, 74.05 W
2025/02/16 20:12:06.794, 74.05 W
2025/02/16 20:12:06.804, 74.05 W
2025/02/16 20:12:06.814, 74.05 W
2025/02/16 20:12:06.824, 74.05 W
2025/02/16 20:12:06.834, 74.05 W
2025/02/16 20:12:06.845, 74.05 W
2025/02/16 20:12:06.855, 74.05 W
2025/02/16 20:12:06.865, 74.05 W
2025/02/16 20:12:06.875, 74.05 W
2025/02/16 20:12:06.885, 74.05 W
2025/02/16 20:12:06.895, 74.05 W
2025/02/16 20:12:06.905, 74.05 W
2025/02/16 20:12:06.915, 74.05 W
2025/02/16 20:12:06.925, 74.05 W
2025/02/16 20:12:06.935, 74.05 W
2025/02/16 20:12:06.945, 74.05 W
2025/02/16 20:12:06.955, 74.05 W
2025/02/16 20:12:06.965, 74.05 W
2025/02/16 20:12:06.975, 74.05 W
2025/02/16 20:12:06.985, 74.05 W
2025/02/16 20:12:06.995, 74.05 W
2025/02/16 20:12:07.006, 74.05 W
2025/02/16 20:12:07.016, 74.05 W
2025/02/16 20:12:07.026, 74.05 W
2025/02/16 20:12:07.036, 74.05 W
2025/02/16 20:12:07.046, 74.05 W
2025/02/16 20:12:07.056, 74.05 W
2025/02/16 20:12:07.066, 74.05 W
2025/02/16 20:12:07.076, 74.05 W
2025/02/16 20:12:07.086, 74.05 W
2025/02/16 20:12:07.096, 74.05 W
2025/02/16 20:12:07.106, 74.05 W
2025/02/16 20:12:07.116, 74.05 W
2025/02/16 20:12:07.126, 74.05 W
2025/02/16 20:12:07.136, 74.05 W
2025/02/16 20:12:07.146, 74.05 W
2025/02/16 20:12:07.157, 74.05 W
2025/02/16 20:12:07.167, 74.05 W
2025/02/16 20:12:07.177, 74.05 W
2025/02/16 20:12:07.187, 74.05 W
2025/02/16 20:12:07.197, 74.05 W
2025/02/16 20:12:07.207, 74.05 W
2025/02/16 20:12:07.217, 74.05 W
2025/02/16 20:12:07.227, 74.05 W
2025/02/16 20:12:07.237, 74.05 W
2025/02/16 20:12:07.247, 74.05 W
2025/02/16 20:12:07.257, 74.05 W
2025/02/16 20:12:07.267, 74.05 W
2025/02/16 20:12:07.277, 74.05 W
2025/02/16 20:12:07.287, 74.05 W
2025/02/16 20:12:07.297, 74.05 W
2025/02/16 20:12:07.307, 74.05 W
2025/02/16 20:12:07.318, 74.05 W
2025/02/16 20:12:07.328, 74.05 W
2025/02/16 20:12:07.338, 74.05 W
2025/02/16 20:12:07.348, 74.05 W
2025/02/16 20:12:07.358, 74.05 W
2025/02/16 20:12:07.368, 74.05 W
2025/02/16 20:12:07.378, 74.05 W
2025/02/16 20:12:07.388, 74.05 W
2025/02/16 20:12:07.398, 74.05 W
2025/02/16 20:12:07.408, 74.05 W
2025/02/16 20:12:07.418, 74.05 W
2025/02/16 20:12:07.428, 74.05 W
2025/02/16 20:12:07.438, 74.05 W
2025/02/16 20:12:07.448, 74.05 W
2025/02/16 20:12:07.458, 74.05 W
2025/02/16 20:12:07.469, 74.05 W
2025/02/16 20:12:07.479, 74.05 W
2025/02/16 20:12:07.489, 74.05 W
2025/02/16 20:12:07.499, 74.05 W
2025/02/16 20:12:07.509, 74.05 W
2025/02/16 20:12:07.519, 74.05 W
2025/02/16 20:12:07.529, 74.05 W
2025/02/16 20:12:07.539, 74.05 W
2025/02/16 20:12:07.549, 74.05 W
2025/02/16 20:12:07.559, 74.05 W
2025/02/16 20:12:07.569, 74.05 W
2025/02/16 20:12:07.579, 74.05 W
2025/02/16 20:12:07.589, 74.05 W
2025/02/16 20:12:07.599, 74.05 W
2025/02/16 20:12:07.609, 74.05 W
2025/02/16 20:12:07.619, 74.05 W
2025/02/16 20:12:07.630, 74.05 W
2025/02/16 20:12:07.640, 74.05 W
2025/02/16 20:12:07.650, 74.05 W
2025/02/16 20:12:07.660, 74.05 W
2025/02/16 20:12:07.670, 74.05 W
2025/02/16 20:12:07.680, 74.05 W
2025/02/16 20:12:07.690, 74.05 W
2025/02/16 20:12:07.700, 74.05 W
2025/02/16 20:12:07.710, 74.05 W
2025/02/16 20:12:07.720, 74.05 W
2025/02/16 20:12:07.730, 74.05 W
2025/02/16 20:12:07.740, 74.05 W
2025/02/16 20:12:07.750, 74.05 W
2025/02/16 20:12:07.760, 74.05 W
2025/02/16 20:12:07.770, 74.05 W
2025/02/16 20:12:07.780, 74.05 W
2025/02/16 20:12:07.791, 74.05 W
2025/02/16 20:12:07.801, 74.05 W
2025/02/16 20:12:07.811, 74.05 W
2025/02/16 20:12:07.821, 74.05 W
2025/02/16 20:12:07.831, 74.05 W
2025/02/16 20:12:07.841, 74.05 W
2025/02/16 20:12:07.851, 74.05 W
2025/02/16 20:12:07.861, 74.05 W
2025/02/16 20:12:07.871, 74.05 W
2025/02/16 20:12:07.881, 74.05 W
2025/02/16 20:12:07.891, 74.05 W
2025/02/16 20:12:07.901, 74.05 W
2025/02/16 20:12:07.911, 74.05 W
2025/02/16 20:12:07.921, 74.05 W
2025/02/16 20:12:07.931, 74.05 W
2025/02/16 20:12:07.942, 74.05 W
2025/02/16 20:12:07.952, 74.05 W
2025/02/16 20:12:07.962, 74.05 W
2025/02/16 20:12:07.972, 74.05 W
2025/02/16 20:12:07.982, 74.05 W
2025/02/16 20:12:07.992, 74.05 W
2025/02/16 20:12:08.002, 74.05 W
2025/02/16 20:12:08.012, 74.05 W
2025/02/16 20:12:08.022, 74.05 W
2025/02/16 20:12:08.032, 74.05 W
2025/02/16 20:12:08.042, 74.05 W
2025/02/16 20:12:08.052, 74.05 W
2025/02/16 20:12:08.062, 74.05 W
2025/02/16 20:12:08.072, 74.05 W
2025/02/16 20:12:08.082, 74.05 W
2025/02/16 20:12:08.092, 73.76 W
2025/02/16 20:12:08.103, 73.76 W
2025/02/16 20:12:08.113, 73.76 W
2025/02/16 20:12:08.123, 73.76 W
2025/02/16 20:12:08.133, 73.76 W
2025/02/16 20:12:08.143, 73.76 W
2025/02/16 20:12:08.153, 73.76 W
2025/02/16 20:12:08.163, 73.76 W
2025/02/16 20:12:08.173, 73.76 W
2025/02/16 20:12:08.183, 73.76 W
2025/02/16 20:12:08.193, 73.76 W
2025/02/16 20:12:08.203, 73.76 W
2025/02/16 20:12:08.213, 74.05 W
2025/02/16 20:12:08.223, 74.05 W
2025/02/16 20:12:08.233, 74.05 W
2025/02/16 20:12:08.243, 74.05 W
2025/02/16 20:12:08.253, 74.05 W
2025/02/16 20:12:08.264, 74.05 W
2025/02/16 20:12:08.274, 74.05 W
2025/02/16 20:12:08.284, 74.05 W
2025/02/16 20:12:08.294, 74.05 W
2025/02/16 20:12:08.304, 73.79 W
2025/02/16 20:12:08.314, 73.79 W
2025/02/16 20:12:08.324, 73.79 W
2025/02/16 20:12:08.334, 73.79 W
2025/02/16 20:12:08.344, 73.79 W
2025/02/16 20:12:08.354, 73.79 W
2025/02/16 20:12:08.364, 73.79 W
2025/02/16 20:12:08.374, 73.79 W
2025/02/16 20:12:08.384, 73.79 W
2025/02/16 20:12:08.394, 73.79 W
2025/02/16 20:12:08.404, 74.04 W
2025/02/16 20:12:08.415, 74.04 W
2025/02/16 20:12:08.425, 74.04 W
2025/02/16 20:12:08.435, 74.04 W
2025/02/16 20:12:08.445, 74.04 W
2025/02/16 20:12:08.455, 74.04 W
2025/02/16 20:12:08.465, 74.04 W
2025/02/16 20:12:08.475, 74.04 W
2025/02/16 20:12:08.485, 74.04 W
2025/02/16 20:12:08.495, 74.04 W
2025/02/16 20:12:08.505, 74.04 W
2025/02/16 20:12:08.515, 74.04 W
2025/02/16 20:12:08.525, 73.88 W
2025/02/16 20:12:08.535, 73.88 W
2025/02/16 20:12:08.545, 73.88 W
2025/02/16 20:12:08.555, 73.88 W
2025/02/16 20:12:08.565, 73.88 W
2025/02/16 20:12:08.576, 73.88 W
2025/02/16 20:12:08.586, 73.88 W
2025/02/16 20:12:08.596, 73.88 W
2025/02/16 20:12:08.606, 73.79 W
2025/02/16 20:12:08.616, 73.79 W
2025/02/16 20:12:08.626, 73.79 W
2025/02/16 20:12:08.636, 73.79 W
2025/02/16 20:12:08.646, 73.79 W
2025/02/16 20:12:08.656, 73.79 W
2025/02/16 20:12:08.666, 73.79 W
2025/02/16 20:12:08.676, 73.79 W
2025/02/16 20:12:08.686, 73.79 W
2025/02/16 20:12:08.696, 73.79 W
2025/02/16 20:12:08.706, 74.04 W
2025/02/16 20:12:08.716, 74.04 W
2025/02/16 20:12:08.727, 74.04 W
2025/02/16 20:12:08.737, 74.04 W
2025/02/16 20:12:08.747, 74.04 W
2025/02/16 20:12:08.757, 74.04 W
2025/02/16 20:12:08.767, 74.04 W
2025/02/16 20:12:08.777, 74.04 W
2025/02/16 20:12:08.787, 74.04 W
2025/02/16 20:12:08.797, 74.04 W
2025/02/16 20:12:08.807, 74.04 W
2025/02/16 20:12:08.817, 74.04 W
2025/02/16 20:12:08.827, 73.88 W
2025/02/16 20:12:08.837, 73.88 W
2025/02/16 20:12:08.847, 73.88 W
2025/02/16 20:12:08.857, 73.88 W
2025/02/16 20:12:08.867, 73.88 W
2025/02/16 20:12:08.877, 73.88 W
2025/02/16 20:12:08.888, 73.88 W
2025/02/16 20:12:08.898, 73.88 W
2025/02/16 20:12:08.908, 73.88 W
2025/02/16 20:12:08.918, 73.88 W
2025/02/16 20:12:08.928, 73.88 W
2025/02/16 20:12:08.938, 73.88 W
2025/02/16 20:12:08.948, 73.88 W
2025/02/16 20:12:08.958, 73.88 W
2025/02/16 20:12:08.968, 73.88 W
2025/02/16 20:12:08.978, 73.88 W
2025/02/16 20:12:08.988, 73.88 W
2025/02/16 20:12:08.998, 73.88 W
2025/02/16 20:12:09.008, 73.88 W
2025/02/16 20:12:09.018, 73.88 W
2025/02/16 20:12:09.028, 73.88 W
2025/02/16 20:12:09.038, 73.96 W
2025/02/16 20:12:09.049, 73.96 W
2025/02/16 20:12:09.059, 73.96 W
2025/02/16 20:12:09.069, 73.96 W
2025/02/16 20:12:09.079, 73.96 W
2025/02/16 20:12:09.089, 73.96 W
2025/02/16 20:12:09.099, 73.96 W
2025/02/16 20:12:09.109, 73.96 W
2025/02/16 20:12:09.119, 74.04 W
2025/02/16 20:12:09.129, 74.04 W
2025/02/16 20:12:09.139, 74.04 W
2025/02/16 20:12:09.149, 74.04 W
2025/02/16 20:12:09.159, 74.04 W
2025/02/16 20:12:09.169, 74.04 W
2025/02/16 20:12:09.179, 74.04 W
2025/02/16 20:12:09.189, 74.04 W
2025/02/16 20:12:09.200, 74.04 W
2025/02/16 20:12:09.210, 74.04 W
2025/02/16 20:12:09.220, 74.04 W
2025/02/16 20:12:09.230, 74.04 W
2025/02/16 20:12:09.240, 73.79 W
2025/02/16 20:12:09.250, 73.79 W
2025/02/16 20:12:09.260, 73.79 W
2025/02/16 20:12:09.270, 73.79 W
2025/02/16 20:12:09.280, 73.79 W
2025/02/16 20:12:09.290, 73.79 W
2025/02/16 20:12:09.300, 73.79 W
2025/02/16 20:12:09.310, 73.79 W
2025/02/16 20:12:09.320, 73.79 W
2025/02/16 20:12:09.330, 73.79 W
2025/02/16 20:12:09.340, 74.04 W
2025/02/16 20:12:09.350, 74.04 W
2025/02/16 20:12:09.361, 74.04 W
2025/02/16 20:12:09.371, 74.04 W
2025/02/16 20:12:09.381, 74.04 W
2025/02/16 20:12:09.391, 74.04 W
2025/02/16 20:12:09.401, 74.04 W
2025/02/16 20:12:09.411, 74.04 W
2025/02/16 20:12:09.421, 74.04 W
2025/02/16 20:12:09.431, 74.04 W
2025/02/16 20:12:09.441, 74.04 W
2025/02/16 20:12:09.451, 74.04 W
2025/02/16 20:12:09.461, 74.04 W
2025/02/16 20:12:09.471, 74.04 W
2025/02/16 20:12:09.481, 74.04 W
2025/02/16 20:12:09.491, 74.04 W
2025/02/16 20:12:09.501, 74.04 W
2025/02/16 20:12:09.511, 74.04 W
2025/02/16 20:12:09.522, 74.04 W
2025/02/16 20:12:09.532, 73.79 W
2025/02/16 20:12:09.542, 73.79 W
2025/02/16 20:12:09.552, 73.79 W
2025/02/16 20:12:09.562, 73.79 W
2025/02/16 20:12:09.572, 73.79 W
2025/02/16 20:12:09.582, 73.79 W
2025/02/16 20:12:09.592, 73.79 W
2025/02/16 20:12:09.602, 73.79 W
2025/02/16 20:12:09.612, 73.79 W
2025/02/16 20:12:09.622, 73.79 W
2025/02/16 20:12:09.632, 73.79 W
2025/02/16 20:12:09.642, 73.79 W
2025/02/16 20:12:09.652, 74.04 W
2025/02/16 20:12:09.662, 74.04 W
2025/02/16 20:12:09.673, 74.04 W
2025/02/16 20:12:09.683, 74.04 W
2025/02/16 20:12:09.693, 74.04 W
2025/02/16 20:12:09.703, 74.04 W
2025/02/16 20:12:09.713, 74.04 W
2025/02/16 20:12:09.723, 74.04 W
2025/02/16 20:12:09.733, 73.96 W
2025/02/16 20:12:09.743, 73.96 W
2025/02/16 20:12:09.753, 73.96 W
2025/02/16 20:12:09.763, 73.96 W
2025/02/16 20:12:09.773, 73.96 W
2025/02/16 20:12:09.783, 73.96 W
2025/02/16 20:12:09.793, 73.96 W
2025/02/16 20:12:09.803, 73.96 W
2025/02/16 20:12:09.813, 73.96 W
2025/02/16 20:12:09.823, 73.96 W
2025/02/16 20:12:09.834, 73.96 W
2025/02/16 20:12:09.844, 73.96 W
2025/02/16 20:12:09.854, 73.79 W
2025/02/16 20:12:09.864, 73.79 W
2025/02/16 20:12:09.874, 73.79 W
2025/02/16 20:12:09.884, 73.79 W
2025/02/16 20:12:09.894, 73.79 W
2025/02/16 20:12:09.904, 73.79 W
2025/02/16 20:12:09.914, 73.79 W
2025/02/16 20:12:09.924, 73.79 W
2025/02/16 20:12:09.934, 73.79 W
2025/02/16 20:12:09.944, 73.79 W
2025/02/16 20:12:09.954, 73.79 W
2025/02/16 20:12:09.964, 73.79 W
2025/02/16 20:12:09.974, 73.79 W
2025/02/16 20:12:09.985, 73.79 W
2025/02/16 20:12:09.995, 73.79 W
2025/02/16 20:12:10.005, 73.79 W
2025/02/16 20:12:10.015, 73.79 W
2025/02/16 20:12:10.025, 73.79 W
2025/02/16 20:12:10.035, 73.79 W
2025/02/16 20:12:10.045, 73.79 W
2025/02/16 20:12:10.055, 73.88 W
2025/02/16 20:12:10.065, 73.88 W
2025/02/16 20:12:10.075, 73.88 W
2025/02/16 20:12:10.085, 73.88 W
2025/02/16 20:12:10.095, 73.88 W
2025/02/16 20:12:10.105, 73.88 W
2025/02/16 20:12:10.115, 73.88 W
2025/02/16 20:12:10.125, 73.88 W
2025/02/16 20:12:10.135, 73.88 W
2025/02/16 20:12:10.146, 73.96 W
2025/02/16 20:12:10.156, 73.96 W
2025/02/16 20:12:10.166, 73.96 W
2025/02/16 20:12:10.176, 73.96 W
2025/02/16 20:12:10.186, 73.96 W
2025/02/16 20:12:10.196, 73.96 W
2025/02/16 20:12:10.206, 73.96 W
2025/02/16 20:12:10.216, 73.96 W
2025/02/16 20:12:10.226, 73.96 W
2025/02/16 20:12:10.236, 73.96 W
2025/02/16 20:12:10.246, 73.96 W
2025/02/16 20:12:10.256, 73.96 W
2025/02/16 20:12:10.266, 74.05 W
2025/02/16 20:12:10.276, 74.05 W
2025/02/16 20:12:10.286, 74.05 W
2025/02/16 20:12:10.297, 74.05 W
2025/02/16 20:12:10.307, 74.05 W
2025/02/16 20:12:10.317, 74.05 W
2025/02/16 20:12:10.327, 74.05 W
2025/02/16 20:12:10.337, 74.05 W
2025/02/16 20:12:10.347, 74.05 W
2025/02/16 20:12:10.357, 74.05 W
2025/02/16 20:12:10.367, 74.05 W
2025/02/16 20:12:10.377, 74.05 W
2025/02/16 20:12:10.387, 74.05 W
2025/02/16 20:12:10.397, 74.05 W
2025/02/16 20:12:10.407, 74.05 W
2025/02/16 20:12:10.417, 74.05 W
2025/02/16 20:12:10.427, 74.05 W
2025/02/16 20:12:10.437, 74.05 W
2025/02/16 20:12:10.447, 74.05 W
2025/02/16 20:12:10.458, 74.05 W
2025/02/16 20:12:10.468, 74.05 W
2025/02/16 20:12:10.478, 74.05 W
2025/02/16 20:12:10.488, 74.05 W
2025/02/16 20:12:10.498, 74.05 W
2025/02/16 20:12:10.508, 74.05 W
2025/02/16 20:12:10.518, 74.05 W
2025/02/16 20:12:10.528, 74.05 W
2025/02/16 20:12:10.538, 74.05 W
2025/02/16 20:12:10.548, 74.05 W
2025/02/16 20:12:10.558, 74.05 W
2025/02/16 20:12:10.568, 74.05 W
2025/02/16 20:12:10.578, 74.05 W
2025/02/16 20:12:10.588, 74.05 W
2025/02/16 20:12:10.598, 74.05 W
2025/02/16 20:12:10.609, 74.05 W
2025/02/16 20:12:10.619, 74.05 W
2025/02/16 20:12:10.629, 74.05 W
2025/02/16 20:12:10.639, 74.05 W
2025/02/16 20:12:10.649, 74.05 W
2025/02/16 20:12:10.659, 74.05 W
2025/02/16 20:12:10.669, 74.05 W
2025/02/16 20:12:10.679, 74.05 W
2025/02/16 20:12:10.689, 74.05 W
2025/02/16 20:12:10.699, 74.05 W
2025/02/16 20:12:10.709, 74.05 W
2025/02/16 20:12:10.719, 74.05 W
2025/02/16 20:12:10.729, 74.05 W
2025/02/16 20:12:10.739, 74.05 W
2025/02/16 20:12:10.749, 74.05 W
2025/02/16 20:12:10.759, 74.05 W
2025/02/16 20:12:10.770, 74.05 W
2025/02/16 20:12:10.780, 74.05 W
2025/02/16 20:12:10.790, 74.05 W
2025/02/16 20:12:10.800, 74.05 W
2025/02/16 20:12:10.810, 74.05 W
2025/02/16 20:12:10.820, 74.05 W
2025/02/16 20:12:10.830, 74.05 W
2025/02/16 20:12:10.840, 74.05 W
2025/02/16 20:12:10.850, 74.05 W
2025/02/16 20:12:10.860, 74.05 W
2025/02/16 20:12:10.870, 74.05 W
2025/02/16 20:12:10.880, 74.05 W
2025/02/16 20:12:10.890, 74.05 W
2025/02/16 20:12:10.900, 74.05 W
2025/02/16 20:12:10.910, 74.05 W
2025/02/16 20:12:10.921, 74.05 W
2025/02/16 20:12:10.931, 74.05 W
2025/02/16 20:12:10.941, 74.05 W
2025/02/16 20:12:10.951, 74.05 W
2025/02/16 20:12:10.961, 74.05 W
2025/02/16 20:12:10.971, 74.05 W
2025/02/16 20:12:10.981, 74.05 W
2025/02/16 20:12:10.991, 74.05 W
2025/02/16 20:12:11.001, 74.05 W
2025/02/16 20:12:11.011, 74.05 W
2025/02/16 20:12:11.021, 74.05 W
2025/02/16 20:12:11.031, 74.05 W
2025/02/16 20:12:11.041, 74.05 W
2025/02/16 20:12:11.051, 74.05 W
2025/02/16 20:12:11.061, 74.05 W
2025/02/16 20:12:11.071, 74.05 W
2025/02/16 20:12:11.082, 74.05 W
2025/02/16 20:12:11.092, 74.05 W
2025/02/16 20:12:11.102, 74.05 W
2025/02/16 20:12:11.112, 74.05 W
2025/02/16 20:12:11.122, 74.05 W
2025/02/16 20:12:11.132, 74.05 W
2025/02/16 20:12:11.142, 74.05 W
2025/02/16 20:12:11.152, 74.05 W
2025/02/16 20:12:11.162, 74.05 W
2025/02/16 20:12:11.172, 74.05 W
2025/02/16 20:12:11.182, 74.05 W
2025/02/16 20:12:11.192, 74.05 W
2025/02/16 20:12:11.202, 74.05 W
2025/02/16 20:12:11.212, 74.05 W
2025/02/16 20:12:11.222, 74.05 W
2025/02/16 20:12:11.233, 74.05 W
2025/02/16 20:12:11.243, 74.05 W
2025/02/16 20:12:11.253, 74.05 W
2025/02/16 20:12:11.263, 74.05 W
2025/02/16 20:12:11.273, 74.05 W
2025/02/16 20:12:11.283, 74.05 W
2025/02/16 20:12:11.293, 73.96 W
2025/02/16 20:12:11.303, 73.96 W
2025/02/16 20:12:11.313, 73.96 W
2025/02/16 20:12:11.323, 73.96 W
2025/02/16 20:12:11.333, 73.96 W
2025/02/16 20:12:11.343, 73.96 W
2025/02/16 20:12:11.353, 73.96 W
2025/02/16 20:12:11.363, 73.96 W
2025/02/16 20:12:11.373, 73.96 W
2025/02/16 20:12:11.383, 73.96 W
2025/02/16 20:12:11.394, 74.05 W
2025/02/16 20:12:11.404, 74.05 W
2025/02/16 20:12:11.414, 74.05 W
2025/02/16 20:12:11.424, 74.05 W
2025/02/16 20:12:11.434, 74.05 W
2025/02/16 20:12:11.444, 74.05 W
2025/02/16 20:12:11.454, 74.05 W
2025/02/16 20:12:11.464, 74.05 W
2025/02/16 20:12:11.474, 74.05 W
2025/02/16 20:12:11.484, 74.05 W
2025/02/16 20:12:11.494, 74.05 W
2025/02/16 20:12:11.504, 74.05 W
2025/02/16 20:12:11.514, 74.05 W
2025/02/16 20:12:11.524, 74.05 W
2025/02/16 20:12:11.534, 74.05 W
2025/02/16 20:12:11.544, 74.05 W
2025/02/16 20:12:11.555, 74.05 W
2025/02/16 20:12:11.565, 74.05 W
2025/02/16 20:12:11.575, 74.05 W
2025/02/16 20:12:11.585, 74.05 W
2025/02/16 20:12:11.595, 74.05 W
2025/02/16 20:12:11.605, 74.05 W
2025/02/16 20:12:11.615, 74.05 W
2025/02/16 20:12:11.625, 74.05 W
2025/02/16 20:12:11.635, 74.05 W
2025/02/16 20:12:11.645, 74.05 W
2025/02/16 20:12:11.655, 74.05 W
2025/02/16 20:12:11.665, 74.05 W
2025/02/16 20:12:11.675, 74.05 W
2025/02/16 20:12:11.685, 74.05 W
2025/02/16 20:12:11.695, 74.05 W
2025/02/16 20:12:11.706, 74.05 W
2025/02/16 20:12:11.716, 74.05 W
2025/02/16 20:12:11.726, 74.05 W
2025/02/16 20:12:11.736, 74.05 W
2025/02/16 20:12:11.746, 74.05 W
2025/02/16 20:12:11.756, 74.05 W
2025/02/16 20:12:11.766, 74.05 W
2025/02/16 20:12:11.776, 74.05 W
2025/02/16 20:12:11.786, 74.05 W
2025/02/16 20:12:11.796, 74.05 W
2025/02/16 20:12:11.806, 74.05 W
2025/02/16 20:12:11.816, 74.05 W
2025/02/16 20:12:11.826, 74.05 W
2025/02/16 20:12:11.836, 74.05 W
2025/02/16 20:12:11.846, 74.05 W
2025/02/16 20:12:11.857, 74.05 W
2025/02/16 20:12:11.867, 74.05 W
2025/02/16 20:12:11.877, 74.05 W
2025/02/16 20:12:11.887, 74.05 W
2025/02/16 20:12:11.897, 74.05 W
2025/02/16 20:12:11.907, 74.05 W
2025/02/16 20:12:11.917, 74.05 W
2025/02/16 20:12:11.927, 74.05 W
2025/02/16 20:12:11.937, 74.05 W
2025/02/16 20:12:11.947, 74.05 W
2025/02/16 20:12:11.957, 74.05 W
2025/02/16 20:12:11.967, 74.05 W
2025/02/16 20:12:11.977, 74.05 W
2025/02/16 20:12:11.987, 74.05 W
2025/02/16 20:12:11.997, 74.05 W
2025/02/16 20:12:12.007, 74.05 W
2025/02/16 20:12:12.018, 74.05 W
2025/02/16 20:12:12.028, 74.05 W
2025/02/16 20:12:12.038, 74.05 W
2025/02/16 20:12:12.048, 74.05 W
2025/02/16 20:12:12.058, 74.05 W
2025/02/16 20:12:12.068, 74.05 W
2025/02/16 20:12:12.078, 74.05 W
2025/02/16 20:12:12.088, 74.05 W
2025/02/16 20:12:12.098, 74.05 W
2025/02/16 20:12:12.108, 74.05 W
2025/02/16 20:12:12.118, 74.05 W
2025/02/16 20:12:12.128, 74.05 W
2025/02/16 20:12:12.138, 74.05 W
2025/02/16 20:12:12.148, 74.05 W
2025/02/16 20:12:12.158, 74.05 W
2025/02/16 20:12:12.169, 74.05 W
2025/02/16 20:12:12.179, 74.05 W
2025/02/16 20:12:12.189, 74.05 W
2025/02/16 20:12:12.199, 74.05 W
2025/02/16 20:12:12.209, 74.05 W
2025/02/16 20:12:12.219, 74.05 W
2025/02/16 20:12:12.229, 74.05 W
2025/02/16 20:12:12.239, 74.05 W
2025/02/16 20:12:12.249, 74.05 W
2025/02/16 20:12:12.259, 74.05 W
2025/02/16 20:12:12.269, 74.05 W
2025/02/16 20:12:12.279, 74.05 W
2025/02/16 20:12:12.289, 74.05 W
2025/02/16 20:12:12.299, 74.05 W
2025/02/16 20:12:12.309, 74.05 W
2025/02/16 20:12:12.319, 74.05 W
2025/02/16 20:12:12.330, 74.05 W
2025/02/16 20:12:12.340, 74.05 W
2025/02/16 20:12:12.350, 74.05 W
2025/02/16 20:12:12.360, 74.05 W
2025/02/16 20:12:12.370, 74.05 W
2025/02/16 20:12:12.380, 74.05 W
2025/02/16 20:12:12.390, 74.05 W
2025/02/16 20:12:12.400, 74.05 W
2025/02/16 20:12:12.410, 74.05 W
2025/02/16 20:12:12.420, 74.05 W
2025/02/16 20:12:12.430, 74.05 W
2025/02/16 20:12:12.440, 74.05 W
2025/02/16 20:12:12.450, 74.05 W
2025/02/16 20:12:12.460, 74.05 W
2025/02/16 20:12:12.470, 74.05 W
2025/02/16 20:12:12.481, 74.05 W
2025/02/16 20:12:12.491, 74.05 W
2025/02/16 20:12:12.501, 74.05 W
2025/02/16 20:12:12.511, 74.05 W
2025/02/16 20:12:12.521, 74.05 W
2025/02/16 20:12:12.531, 74.05 W
2025/02/16 20:12:12.541, 74.05 W
2025/02/16 20:12:12.551, 74.05 W
2025/02/16 20:12:12.561, 74.05 W
2025/02/16 20:12:12.571, 74.05 W
2025/02/16 20:12:12.581, 74.05 W
2025/02/16 20:12:12.591, 74.05 W
2025/02/16 20:12:12.601, 74.05 W
2025/02/16 20:12:12.611, 74.05 W
2025/02/16 20:12:12.621, 74.05 W
2025/02/16 20:12:12.631, 74.05 W
2025/02/16 20:12:12.642, 74.05 W
2025/02/16 20:12:12.652, 74.05 W
2025/02/16 20:12:12.662, 74.05 W
2025/02/16 20:12:12.672, 74.05 W
2025/02/16 20:12:12.682, 74.05 W
2025/02/16 20:12:12.692, 74.05 W
2025/02/16 20:12:12.702, 74.05 W
2025/02/16 20:12:12.712, 74.05 W
2025/02/16 20:12:12.722, 74.05 W
2025/02/16 20:12:12.732, 74.05 W
2025/02/16 20:12:12.742, 74.05 W
2025/02/16 20:12:12.752, 74.05 W
2025/02/16 20:12:12.762, 74.05 W
2025/02/16 20:12:12.772, 74.05 W
2025/02/16 20:12:12.782, 74.05 W
2025/02/16 20:12:12.793, 74.05 W
2025/02/16 20:12:12.803, 74.05 W
2025/02/16 20:12:12.813, 74.05 W
2025/02/16 20:12:12.823, 74.05 W
2025/02/16 20:12:12.833, 74.05 W
2025/02/16 20:12:12.843, 74.05 W
2025/02/16 20:12:12.853, 74.05 W
2025/02/16 20:12:12.863, 74.05 W
2025/02/16 20:12:12.873, 74.05 W
2025/02/16 20:12:12.883, 74.05 W
2025/02/16 20:12:12.893, 74.05 W
2025/02/16 20:12:12.903, 74.05 W
2025/02/16 20:12:12.913, 74.05 W
2025/02/16 20:12:12.923, 74.05 W
2025/02/16 20:12:12.933, 74.05 W
2025/02/16 20:12:12.943, 74.05 W
2025/02/16 20:12:12.954, 74.05 W
2025/02/16 20:12:12.964, 74.05 W
2025/02/16 20:12:12.974, 74.05 W
2025/02/16 20:12:12.984, 74.05 W
2025/02/16 20:12:12.994, 74.05 W
2025/02/16 20:12:13.004, 74.05 W
2025/02/16 20:12:13.014, 74.05 W
2025/02/16 20:12:13.024, 74.05 W
2025/02/16 20:12:13.034, 74.05 W
2025/02/16 20:12:13.044, 74.05 W
2025/02/16 20:12:13.054, 74.05 W
2025/02/16 20:12:13.064, 74.05 W
2025/02/16 20:12:13.074, 74.05 W
2025/02/16 20:12:13.084, 74.05 W
2025/02/16 20:12:13.094, 74.05 W
2025/02/16 20:12:13.105, 74.05 W
2025/02/16 20:12:13.115, 74.05 W
2025/02/16 20:12:13.125, 74.05 W
2025/02/16 20:12:13.135, 73.79 W
2025/02/16 20:12:13.145, 73.79 W
2025/02/16 20:12:13.155, 73.79 W
2025/02/16 20:12:13.165, 73.79 W
2025/02/16 20:12:13.175, 73.79 W
2025/02/16 20:12:13.185, 73.79 W
2025/02/16 20:12:13.195, 73.79 W
2025/02/16 20:12:13.205, 73.79 W
2025/02/16 20:12:13.215, 73.79 W
2025/02/16 20:12:13.225, 73.79 W
2025/02/16 20:12:13.235, 73.79 W
2025/02/16 20:12:13.245, 73.79 W
2025/02/16 20:12:13.255, 73.79 W
2025/02/16 20:12:13.266, 73.79 W
2025/02/16 20:12:13.276, 73.79 W
2025/02/16 20:12:13.286, 73.79 W
2025/02/16 20:12:13.296, 73.79 W
2025/02/16 20:12:13.306, 73.79 W
2025/02/16 20:12:13.316, 73.79 W
2025/02/16 20:12:13.326, 73.79 W
2025/02/16 20:12:13.336, 73.79 W
2025/02/16 20:12:13.346, 73.79 W
2025/02/16 20:12:13.356, 73.79 W
2025/02/16 20:12:13.366, 73.79 W
2025/02/16 20:12:13.376, 73.79 W
2025/02/16 20:12:13.386, 73.79 W
2025/02/16 20:12:13.396, 73.79 W
2025/02/16 20:12:13.406, 73.79 W
2025/02/16 20:12:13.417, 74.04 W
2025/02/16 20:12:13.427, 74.04 W
2025/02/16 20:12:13.437, 74.04 W
2025/02/16 20:12:13.447, 74.04 W
2025/02/16 20:12:13.457, 74.04 W
2025/02/16 20:12:13.467, 74.04 W
2025/02/16 20:12:13.477, 74.04 W
2025/02/16 20:12:13.487, 74.04 W
2025/02/16 20:12:13.497, 74.04 W
2025/02/16 20:12:13.507, 74.04 W
2025/02/16 20:12:13.517, 74.04 W
2025/02/16 20:12:13.527, 74.04 W
2025/02/16 20:12:13.537, 73.79 W
2025/02/16 20:12:13.547, 73.79 W
2025/02/16 20:12:13.557, 73.79 W
2025/02/16 20:12:13.568, 73.79 W
2025/02/16 20:12:13.578, 73.79 W
2025/02/16 20:12:13.588, 73.79 W
2025/02/16 20:12:13.598, 73.79 W
2025/02/16 20:12:13.608, 73.79 W
2025/02/16 20:12:13.618, 73.79 W
2025/02/16 20:12:13.628, 73.88 W
2025/02/16 20:12:13.638, 73.88 W
2025/02/16 20:12:13.648, 73.88 W
2025/02/16 20:12:13.658, 73.88 W
2025/02/16 20:12:13.668, 73.88 W
2025/02/16 20:12:13.678, 73.88 W
2025/02/16 20:12:13.688, 73.88 W
2025/02/16 20:12:13.698, 73.88 W
2025/02/16 20:12:13.708, 73.88 W
2025/02/16 20:12:13.718, 73.88 W
2025/02/16 20:12:13.729, 73.88 W
2025/02/16 20:12:13.739, 73.88 W
2025/02/16 20:12:13.749, 73.79 W
2025/02/16 20:12:13.759, 73.79 W
2025/02/16 20:12:13.769, 73.79 W
2025/02/16 20:12:13.779, 73.79 W
2025/02/16 20:12:13.789, 73.79 W
2025/02/16 20:12:13.799, 73.79 W
2025/02/16 20:12:13.809, 73.79 W
2025/02/16 20:12:13.819, 73.79 W
2025/02/16 20:12:13.829, 73.96 W
2025/02/16 20:12:13.839, 73.96 W
2025/02/16 20:12:13.849, 73.96 W
2025/02/16 20:12:13.860, 73.96 W
2025/02/16 20:12:13.870, 73.96 W
2025/02/16 20:12:13.880, 73.96 W
2025/02/16 20:12:13.890, 73.96 W
2025/02/16 20:12:13.900, 73.96 W
2025/02/16 20:12:13.910, 73.96 W
2025/02/16 20:12:13.920, 73.96 W
2025/02/16 20:12:13.930, 73.96 W
2025/02/16 20:12:13.940, 73.96 W
2025/02/16 20:12:13.950, 74.04 W
2025/02/16 20:12:13.960, 74.04 W
2025/02/16 20:12:13.970, 74.04 W
2025/02/16 20:12:13.980, 74.04 W
2025/02/16 20:12:13.990, 74.04 W
2025/02/16 20:12:14.000, 74.04 W
2025/02/16 20:12:14.010, 74.04 W
2025/02/16 20:12:14.021, 74.04 W
2025/02/16 20:12:14.031, 73.79 W
2025/02/16 20:12:14.041, 73.79 W
2025/02/16 20:12:14.051, 73.79 W
2025/02/16 20:12:14.061, 73.79 W
2025/02/16 20:12:14.071, 73.79 W
2025/02/16 20:12:14.081, 73.79 W
2025/02/16 20:12:14.091, 73.79 W
2025/02/16 20:12:14.101, 73.79 W
2025/02/16 20:12:14.111, 73.79 W
2025/02/16 20:12:14.121, 73.79 W
2025/02/16 20:12:14.131, 73.79 W
2025/02/16 20:12:14.141, 73.79 W
2025/02/16 20:12:14.151, 74.04 W
2025/02/16 20:12:14.161, 74.04 W
2025/02/16 20:12:14.172, 74.04 W
2025/02/16 20:12:14.182, 74.04 W
2025/02/16 20:12:14.192, 74.04 W
2025/02/16 20:12:14.202, 74.04 W
2025/02/16 20:12:14.212, 74.04 W
2025/02/16 20:12:14.222, 74.04 W
2025/02/16 20:12:14.232, 74.04 W
2025/02/16 20:12:14.242, 73.79 W
2025/02/16 20:12:14.252, 73.79 W
2025/02/16 20:12:14.262, 73.79 W
2025/02/16 20:12:14.272, 73.79 W
2025/02/16 20:12:14.282, 73.79 W
2025/02/16 20:12:14.292, 73.79 W
2025/02/16 20:12:14.302, 73.79 W
2025/02/16 20:12:14.312, 73.79 W
2025/02/16 20:12:14.322, 73.79 W
2025/02/16 20:12:14.333, 73.79 W
2025/02/16 20:12:14.343, 73.88 W
2025/02/16 20:12:14.353, 73.88 W
2025/02/16 20:12:14.363, 73.88 W
2025/02/16 20:12:14.373, 73.88 W
2025/02/16 20:12:14.383, 73.88 W
2025/02/16 20:12:14.393, 73.88 W
2025/02/16 20:12:14.403, 73.88 W
2025/02/16 20:12:14.413, 73.88 W
2025/02/16 20:12:14.423, 73.88 W
2025/02/16 20:12:14.433, 73.88 W
2025/02/16 20:12:14.443, 73.79 W
2025/02/16 20:12:14.453, 73.79 W
2025/02/16 20:12:14.463, 73.79 W
2025/02/16 20:12:14.473, 73.79 W
2025/02/16 20:12:14.484, 73.79 W
2025/02/16 20:12:14.494, 73.79 W
2025/02/16 20:12:14.504, 73.79 W
2025/02/16 20:12:14.514, 73.79 W
2025/02/16 20:12:14.524, 73.79 W
2025/02/16 20:12:14.534, 73.79 W
2025/02/16 20:12:14.544, 73.79 W
2025/02/16 20:12:14.554, 73.79 W
2025/02/16 20:12:14.564, 73.96 W
2025/02/16 20:12:14.574, 73.96 W
2025/02/16 20:12:14.584, 73.96 W
2025/02/16 20:12:14.594, 73.96 W
2025/02/16 20:12:14.604, 73.96 W
2025/02/16 20:12:14.614, 73.96 W
2025/02/16 20:12:14.624, 73.96 W
2025/02/16 20:12:14.634, 73.96 W
2025/02/16 20:12:14.645, 74.04 W
2025/02/16 20:12:14.655, 74.04 W
2025/02/16 20:12:14.665, 74.04 W
2025/02/16 20:12:14.675, 74.04 W
2025/02/16 20:12:14.685, 74.04 W
2025/02/16 20:12:14.695, 74.04 W
2025/02/16 20:12:14.705, 74.04 W
2025/02/16 20:12:14.715, 74.04 W
2025/02/16 20:12:14.725, 74.04 W
2025/02/16 20:12:14.735, 74.04 W
2025/02/16 20:12:14.745, 74.04 W
2025/02/16 20:12:14.755, 74.04 W
2025/02/16 20:12:14.765, 73.79 W
2025/02/16 20:12:14.775, 73.79 W
2025/02/16 20:12:14.785, 73.79 W
2025/02/16 20:12:14.796, 73.79 W
2025/02/16 20:12:14.806, 73.79 W
2025/02/16 20:12:14.816, 73.79 W
2025/02/16 20:12:14.826, 73.79 W
2025/02/16 20:12:14.836, 73.79 W
2025/02/16 20:12:14.846, 73.79 W
2025/02/16 20:12:14.856, 73.88 W
2025/02/16 20:12:14.866, 73.88 W
2025/02/16 20:12:14.876, 73.88 W
2025/02/16 20:12:14.886, 73.88 W
2025/02/16 20:12:14.896, 73.88 W
2025/02/16 20:12:14.906, 73.88 W
2025/02/16 20:12:14.916, 73.88 W
2025/02/16 20:12:14.926, 73.88 W
2025/02/16 20:12:14.936, 73.88 W
2025/02/16 20:12:14.946, 73.88 W
2025/02/16 20:12:14.957, 73.88 W
2025/02/16 20:12:14.967, 73.88 W
2025/02/16 20:12:14.977, 73.96 W
2025/02/16 20:12:14.987, 73.96 W
2025/02/16 20:12:14.997, 73.96 W
2025/02/16 20:12:15.007, 73.96 W
2025/02/16 20:12:15.017, 73.96 W
2025/02/16 20:12:15.027, 73.96 W
2025/02/16 20:12:15.037, 73.96 W
2025/02/16 20:12:15.047, 73.96 W
2025/02/16 20:12:15.057, 74.05 W
2025/02/16 20:12:15.067, 74.05 W
2025/02/16 20:12:15.077, 74.05 W
2025/02/16 20:12:15.087, 74.05 W
2025/02/16 20:12:15.097, 74.05 W
2025/02/16 20:12:15.108, 74.05 W
2025/02/16 20:12:15.118, 74.05 W
2025/02/16 20:12:15.128, 74.05 W
2025/02/16 20:12:15.138, 74.05 W
2025/02/16 20:12:15.148, 74.05 W
2025/02/16 20:12:15.158, 74.05 W
2025/02/16 20:12:15.168, 74.05 W
2025/02/16 20:12:15.178, 74.05 W
2025/02/16 20:12:15.188, 74.05 W
2025/02/16 20:12:15.198, 74.05 W
2025/02/16 20:12:15.208, 74.05 W
2025/02/16 20:12:15.218, 74.05 W
2025/02/16 20:12:15.228, 74.05 W
2025/02/16 20:12:15.238, 74.05 W
2025/02/16 20:12:15.248, 74.05 W
2025/02/16 20:12:15.259, 74.05 W
2025/02/16 20:12:15.269, 74.05 W
2025/02/16 20:12:15.279, 74.05 W
2025/02/16 20:12:15.289, 74.05 W
2025/02/16 20:12:15.299, 74.05 W
2025/02/16 20:12:15.309, 74.05 W
2025/02/16 20:12:15.319, 74.05 W
2025/02/16 20:12:15.329, 74.05 W
2025/02/16 20:12:15.339, 74.05 W
2025/02/16 20:12:15.349, 74.05 W
2025/02/16 20:12:15.359, 74.05 W
2025/02/16 20:12:15.369, 74.05 W
2025/02/16 20:12:15.379, 74.05 W
2025/02/16 20:12:15.389, 74.05 W
2025/02/16 20:12:15.399, 74.05 W
2025/02/16 20:12:15.409, 74.05 W
2025/02/16 20:12:15.420, 74.05 W
2025/02/16 20:12:15.430, 74.05 W
2025/02/16 20:12:15.440, 74.05 W
2025/02/16 20:12:15.450, 74.05 W
2025/02/16 20:12:15.460, 74.05 W
2025/02/16 20:12:15.470, 74.05 W
2025/02/16 20:12:15.480, 74.05 W
2025/02/16 20:12:15.490, 74.05 W
2025/02/16 20:12:15.500, 74.05 W
2025/02/16 20:12:15.510, 74.05 W
2025/02/16 20:12:15.520, 74.05 W
2025/02/16 20:12:15.530, 74.05 W
2025/02/16 20:12:15.540, 74.05 W
2025/02/16 20:12:15.550, 74.05 W
2025/02/16 20:12:15.560, 74.05 W
2025/02/16 20:12:15.571, 74.05 W
2025/02/16 20:12:15.581, 74.05 W
2025/02/16 20:12:15.591, 74.05 W
2025/02/16 20:12:15.601, 74.05 W
2025/02/16 20:12:15.611, 74.05 W
2025/02/16 20:12:15.621, 74.05 W
2025/02/16 20:12:15.631, 74.05 W
2025/02/16 20:12:15.641, 74.05 W
2025/02/16 20:12:15.651, 74.05 W
2025/02/16 20:12:15.661, 74.05 W
2025/02/16 20:12:15.671, 74.05 W
2025/02/16 20:12:15.681, 74.05 W
2025/02/16 20:12:15.691, 74.05 W
2025/02/16 20:12:15.701, 74.05 W
2025/02/16 20:12:15.712, 74.05 W
2025/02/16 20:12:15.722, 74.05 W
2025/02/16 20:12:15.732, 74.05 W
2025/02/16 20:12:15.742, 74.05 W
2025/02/16 20:12:15.752, 74.05 W
2025/02/16 20:12:15.762, 74.05 W
2025/02/16 20:12:15.772, 74.05 W
2025/02/16 20:12:15.782, 74.05 W
2025/02/16 20:12:15.792, 74.05 W
2025/02/16 20:12:15.802, 74.05 W
2025/02/16 20:12:15.812, 74.05 W
2025/02/16 20:12:15.822, 74.05 W
2025/02/16 20:12:15.832, 74.05 W
2025/02/16 20:12:15.842, 74.05 W
2025/02/16 20:12:15.852, 74.05 W
2025/02/16 20:12:15.863, 74.05 W
2025/02/16 20:12:15.873, 74.05 W
2025/02/16 20:12:15.883, 74.05 W
2025/02/16 20:12:15.893, 74.05 W
2025/02/16 20:12:15.903, 74.05 W
2025/02/16 20:12:15.913, 74.05 W
2025/02/16 20:12:15.923, 74.05 W
2025/02/16 20:12:15.933, 74.05 W
2025/02/16 20:12:15.943, 74.05 W
2025/02/16 20:12:15.953, 74.05 W
2025/02/16 20:12:15.963, 74.05 W
2025/02/16 20:12:15.973, 74.05 W
2025/02/16 20:12:15.983, 74.05 W
2025/02/16 20:12:15.993, 74.05 W
2025/02/16 20:12:16.007, 74.05 W
2025/02/16 20:12:16.018, 74.05 W
2025/02/16 20:12:16.028, 74.05 W
2025/02/16 20:12:16.038, 74.05 W
2025/02/16 20:12:16.048, 74.05 W
2025/02/16 20:12:16.058, 74.05 W
2025/02/16 20:12:16.068, 74.05 W
2025/02/16 20:12:16.078, 74.05 W
2025/02/16 20:12:16.088, 74.05 W
2025/02/16 20:12:16.098, 74.05 W
2025/02/16 20:12:16.108, 74.05 W
2025/02/16 20:12:16.118, 74.05 W
2025/02/16 20:12:16.128, 74.05 W
2025/02/16 20:12:16.138, 74.05 W
2025/02/16 20:12:16.148, 74.05 W
2025/02/16 20:12:16.158, 74.05 W
2025/02/16 20:12:16.169, 74.05 W
2025/02/16 20:12:16.179, 74.05 W
2025/02/16 20:12:16.189, 74.05 W
2025/02/16 20:12:16.199, 74.05 W
2025/02/16 20:12:16.209, 74.05 W
2025/02/16 20:12:16.219, 74.05 W
2025/02/16 20:12:16.229, 74.05 W
2025/02/16 20:12:16.239, 74.05 W
2025/02/16 20:12:16.249, 74.05 W
2025/02/16 20:12:16.259, 74.05 W
2025/02/16 20:12:16.269, 74.05 W
2025/02/16 20:12:16.279, 74.05 W
2025/02/16 20:12:16.289, 74.05 W
2025/02/16 20:12:16.299, 74.05 W
2025/02/16 20:12:16.309, 74.05 W
2025/02/16 20:12:16.320, 74.05 W
2025/02/16 20:12:16.330, 74.05 W
2025/02/16 20:12:16.340, 74.05 W
2025/02/16 20:12:16.350, 74.05 W
2025/02/16 20:12:16.360, 74.05 W
2025/02/16 20:12:16.370, 74.05 W
2025/02/16 20:12:16.380, 74.05 W
2025/02/16 20:12:16.390, 74.05 W
2025/02/16 20:12:16.400, 74.05 W
2025/02/16 20:12:16.410, 74.05 W
2025/02/16 20:12:16.420, 74.05 W
2025/02/16 20:12:16.430, 74.05 W
2025/02/16 20:12:16.440, 74.05 W
2025/02/16 20:12:16.450, 74.05 W
2025/02/16 20:12:16.460, 74.05 W
2025/02/16 20:12:16.471, 74.05 W
2025/02/16 20:12:16.481, 74.05 W
2025/02/16 20:12:16.491, 74.05 W
2025/02/16 20:12:16.501, 74.05 W
2025/02/16 20:12:16.511, 74.05 W
2025/02/16 20:12:16.521, 74.05 W
2025/02/16 20:12:16.531, 74.05 W
2025/02/16 20:12:16.541, 74.05 W
2025/02/16 20:12:16.551, 74.05 W
2025/02/16 20:12:16.561, 74.05 W
2025/02/16 20:12:16.571, 74.05 W
2025/02/16 20:12:16.581, 74.05 W
2025/02/16 20:12:16.591, 74.05 W
2025/02/16 20:12:16.601, 74.05 W
2025/02/16 20:12:16.611, 73.76 W
2025/02/16 20:12:16.622, 73.76 W
2025/02/16 20:12:16.632, 73.76 W
2025/02/16 20:12:16.642, 73.76 W
2025/02/16 20:12:16.652, 73.76 W
2025/02/16 20:12:16.662, 73.76 W
2025/02/16 20:12:16.672, 73.76 W
2025/02/16 20:12:16.682, 73.76 W
2025/02/16 20:12:16.692, 73.76 W
2025/02/16 20:12:16.702, 73.76 W
2025/02/16 20:12:16.712, 73.76 W
2025/02/16 20:12:16.722, 73.76 W
2025/02/16 20:12:16.732, 73.76 W
2025/02/16 20:12:16.742, 73.76 W
2025/02/16 20:12:16.752, 73.76 W
2025/02/16 20:12:16.762, 73.76 W
2025/02/16 20:12:16.772, 73.76 W
2025/02/16 20:12:16.783, 73.76 W
2025/02/16 20:12:16.793, 73.76 W
2025/02/16 20:12:16.803, 73.76 W
2025/02/16 20:12:16.813, 73.76 W
2025/02/16 20:12:16.823, 73.76 W
2025/02/16 20:12:16.833, 73.76 W
2025/02/16 20:12:16.843, 73.76 W
2025/02/16 20:12:16.853, 73.76 W
2025/02/16 20:12:16.863, 73.76 W
2025/02/16 20:12:16.873, 73.76 W
2025/02/16 20:12:16.883, 73.76 W
2025/02/16 20:12:16.893, 73.76 W
2025/02/16 20:12:16.903, 73.76 W
2025/02/16 20:12:16.913, 73.76 W
2025/02/16 20:12:16.923, 73.76 W
2025/02/16 20:12:16.934, 73.76 W
2025/02/16 20:12:16.944, 73.76 W
2025/02/16 20:12:16.954, 73.76 W
2025/02/16 20:12:16.964, 73.76 W
2025/02/16 20:12:16.974, 73.76 W
2025/02/16 20:12:16.984, 73.76 W
2025/02/16 20:12:16.994, 73.76 W
2025/02/16 20:12:17.004, 73.76 W
2025/02/16 20:12:17.014, 73.76 W
2025/02/16 20:12:17.024, 74.05 W
2025/02/16 20:12:17.034, 74.05 W
2025/02/16 20:12:17.044, 74.05 W
2025/02/16 20:12:17.054, 74.05 W
2025/02/16 20:12:17.064, 74.05 W
2025/02/16 20:12:17.074, 74.05 W
2025/02/16 20:12:17.084, 74.05 W
2025/02/16 20:12:17.095, 74.05 W
2025/02/16 20:12:17.105, 74.05 W
2025/02/16 20:12:17.115, 74.05 W
2025/02/16 20:12:17.125, 74.05 W
2025/02/16 20:12:17.135, 74.05 W
2025/02/16 20:12:17.145, 74.05 W
2025/02/16 20:12:17.155, 74.05 W
2025/02/16 20:12:17.165, 74.05 W
2025/02/16 20:12:17.175, 74.05 W
2025/02/16 20:12:17.185, 74.05 W
2025/02/16 20:12:17.195, 74.05 W
2025/02/16 20:12:17.205, 74.05 W
2025/02/16 20:12:17.215, 74.05 W
2025/02/16 20:12:17.225, 74.05 W
2025/02/16 20:12:17.235, 74.05 W
2025/02/16 20:12:17.246, 74.05 W
2025/02/16 20:12:17.256, 74.05 W
2025/02/16 20:12:17.266, 74.05 W
2025/02/16 20:12:17.276, 74.05 W
2025/02/16 20:12:17.286, 74.05 W
2025/02/16 20:12:17.296, 74.05 W
2025/02/16 20:12:17.306, 74.05 W
2025/02/16 20:12:17.316, 74.05 W
2025/02/16 20:12:17.326, 74.05 W
2025/02/16 20:12:17.336, 74.05 W
2025/02/16 20:12:17.346, 74.05 W
2025/02/16 20:12:17.356, 74.05 W
2025/02/16 20:12:17.366, 74.05 W
2025/02/16 20:12:17.376, 74.05 W
2025/02/16 20:12:17.386, 74.05 W
2025/02/16 20:12:17.396, 74.05 W
2025/02/16 20:12:17.407, 74.05 W
2025/02/16 20:12:17.417, 74.05 W
2025/02/16 20:12:17.427, 74.05 W
2025/02/16 20:12:17.437, 74.05 W
2025/02/16 20:12:17.447, 74.05 W
2025/02/16 20:12:17.457, 74.05 W
2025/02/16 20:12:17.467, 74.05 W
2025/02/16 20:12:17.477, 74.05 W
2025/02/16 20:12:17.487, 74.05 W
2025/02/16 20:12:17.497, 74.05 W
2025/02/16 20:12:17.507, 74.05 W
2025/02/16 20:12:17.517, 74.05 W
2025/02/16 20:12:17.527, 74.05 W
2025/02/16 20:12:17.537, 74.05 W
2025/02/16 20:12:17.547, 74.05 W
2025/02/16 20:12:17.558, 74.05 W
2025/02/16 20:12:17.568, 74.05 W
2025/02/16 20:12:17.578, 74.05 W
2025/02/16 20:12:17.588, 74.05 W
2025/02/16 20:12:17.598, 74.05 W
2025/02/16 20:12:17.608, 74.05 W
2025/02/16 20:12:17.618, 74.05 W
2025/02/16 20:12:17.628, 74.05 W
2025/02/16 20:12:17.638, 73.88 W
2025/02/16 20:12:17.648, 73.88 W
2025/02/16 20:12:17.658, 73.88 W
2025/02/16 20:12:17.668, 73.88 W
2025/02/16 20:12:17.678, 73.88 W
2025/02/16 20:12:17.688, 73.88 W
2025/02/16 20:12:17.698, 73.88 W
2025/02/16 20:12:17.708, 73.88 W
2025/02/16 20:12:17.719, 73.79 W
2025/02/16 20:12:17.729, 73.79 W
2025/02/16 20:12:17.739, 73.79 W
2025/02/16 20:12:17.749, 73.79 W
2025/02/16 20:12:17.759, 73.79 W
2025/02/16 20:12:17.769, 73.79 W
2025/02/16 20:12:17.779, 73.79 W
2025/02/16 20:12:17.789, 73.79 W
2025/02/16 20:12:17.799, 73.79 W
2025/02/16 20:12:17.809, 73.79 W
2025/02/16 20:12:17.819, 73.79 W
2025/02/16 20:12:17.829, 73.79 W
2025/02/16 20:12:17.839, 74.04 W
2025/02/16 20:12:17.849, 74.04 W
2025/02/16 20:12:17.860, 74.04 W
2025/02/16 20:12:17.870, 74.04 W
2025/02/16 20:12:17.880, 74.04 W
2025/02/16 20:12:17.890, 74.04 W
2025/02/16 20:12:17.900, 74.04 W
2025/02/16 20:12:17.910, 74.04 W
2025/02/16 20:12:17.920, 73.88 W
2025/02/16 20:12:17.930, 73.88 W
2025/02/16 20:12:17.940, 73.88 W
2025/02/16 20:12:17.950, 73.88 W
2025/02/16 20:12:17.960, 73.88 W
2025/02/16 20:12:17.970, 73.88 W
2025/02/16 20:12:17.980, 73.88 W
2025/02/16 20:12:17.990, 73.88 W
2025/02/16 20:12:18.000, 73.88 W
2025/02/16 20:12:18.011, 73.88 W
2025/02/16 20:12:18.021, 73.88 W
2025/02/16 20:12:18.031, 73.88 W
2025/02/16 20:12:18.041, 73.88 W
2025/02/16 20:12:18.051, 73.79 W
2025/02/16 20:12:18.061, 73.79 W
2025/02/16 20:12:18.071, 73.79 W
2025/02/16 20:12:18.081, 73.79 W
2025/02/16 20:12:18.091, 73.79 W
2025/02/16 20:12:18.101, 73.79 W
2025/02/16 20:12:18.111, 73.79 W
2025/02/16 20:12:18.121, 73.79 W
2025/02/16 20:12:18.131, 73.88 W
2025/02/16 20:12:18.141, 73.88 W
2025/02/16 20:12:18.151, 73.88 W
2025/02/16 20:12:18.162, 73.88 W
2025/02/16 20:12:18.172, 73.88 W
2025/02/16 20:12:18.182, 73.88 W
2025/02/16 20:12:18.192, 73.88 W
2025/02/16 20:12:18.202, 73.88 W
2025/02/16 20:12:18.212, 73.88 W
2025/02/16 20:12:18.222, 73.88 W
2025/02/16 20:12:18.232, 73.88 W
2025/02/16 20:12:18.242, 73.88 W
2025/02/16 20:12:18.252, 73.88 W
2025/02/16 20:12:18.262, 73.88 W
2025/02/16 20:12:18.272, 73.88 W
2025/02/16 20:12:18.282, 73.88 W
2025/02/16 20:12:18.292, 73.88 W
2025/02/16 20:12:18.302, 73.88 W
2025/02/16 20:12:18.313, 73.88 W
2025/02/16 20:12:18.323, 73.88 W
2025/02/16 20:12:18.333, 73.88 W
2025/02/16 20:12:18.343, 73.88 W
2025/02/16 20:12:18.353, 73.96 W
2025/02/16 20:12:18.363, 73.96 W
2025/02/16 20:12:18.373, 73.96 W
2025/02/16 20:12:18.383, 73.96 W
2025/02/16 20:12:18.393, 73.96 W
2025/02/16 20:12:18.403, 73.96 W
2025/02/16 20:12:18.413, 73.96 W
2025/02/16 20:12:18.423, 73.96 W
2025/02/16 20:12:18.433, 73.96 W
2025/02/16 20:12:18.443, 73.79 W
2025/02/16 20:12:18.453, 73.79 W
2025/02/16 20:12:18.463, 73.79 W
2025/02/16 20:12:18.474, 73.79 W
2025/02/16 20:12:18.484, 73.79 W
2025/02/16 20:12:18.494, 73.79 W
2025/02/16 20:12:18.504, 73.79 W
2025/02/16 20:12:18.514, 73.79 W
2025/02/16 20:12:18.524, 73.79 W
2025/02/16 20:12:18.534, 73.79 W
2025/02/16 20:12:18.544, 74.04 W
2025/02/16 20:12:18.554, 74.04 W
2025/02/16 20:12:18.564, 74.04 W
2025/02/16 20:12:18.574, 74.04 W
2025/02/16 20:12:18.584, 74.04 W
2025/02/16 20:12:18.594, 74.04 W
2025/02/16 20:12:18.604, 74.04 W
2025/02/16 20:12:18.614, 74.04 W
2025/02/16 20:12:18.624, 74.04 W
2025/02/16 20:12:18.635, 74.04 W
2025/02/16 20:12:18.645, 74.04 W
2025/02/16 20:12:18.655, 74.04 W
2025/02/16 20:12:18.665, 73.71 W
2025/02/16 20:12:18.675, 73.71 W
2025/02/16 20:12:18.685, 73.71 W
2025/02/16 20:12:18.695, 73.71 W
2025/02/16 20:12:18.705, 73.71 W
2025/02/16 20:12:18.715, 73.71 W
2025/02/16 20:12:18.725, 73.71 W
2025/02/16 20:12:18.735, 73.71 W
2025/02/16 20:12:18.745, 74.04 W
2025/02/16 20:12:18.755, 74.04 W
2025/02/16 20:12:18.765, 74.04 W
2025/02/16 20:12:18.775, 74.04 W
2025/02/16 20:12:18.786, 74.04 W
2025/02/16 20:12:18.796, 74.04 W
2025/02/16 20:12:18.806, 74.04 W
2025/02/16 20:12:18.816, 74.04 W
2025/02/16 20:12:18.826, 74.04 W
2025/02/16 20:12:18.836, 74.04 W
2025/02/16 20:12:18.846, 74.04 W
2025/02/16 20:12:18.856, 74.04 W
2025/02/16 20:12:18.866, 73.79 W
2025/02/16 20:12:18.876, 73.79 W
2025/02/16 20:12:18.886, 73.79 W
2025/02/16 20:12:18.896, 73.79 W
2025/02/16 20:12:18.906, 73.79 W
2025/02/16 20:12:18.916, 73.79 W
2025/02/16 20:12:18.926, 73.79 W
2025/02/16 20:12:18.937, 73.79 W
2025/02/16 20:12:18.947, 73.88 W
2025/02/16 20:12:18.957, 73.88 W
2025/02/16 20:12:18.967, 73.88 W
2025/02/16 20:12:18.977, 73.88 W
2025/02/16 20:12:18.987, 73.88 W
2025/02/16 20:12:18.997, 73.88 W
2025/02/16 20:12:19.007, 73.88 W
2025/02/16 20:12:19.017, 73.88 W
2025/02/16 20:12:19.027, 73.88 W
2025/02/16 20:12:19.037, 73.88 W
2025/02/16 20:12:19.047, 73.88 W
2025/02/16 20:12:19.057, 73.88 W
2025/02/16 20:12:19.067, 73.88 W
2025/02/16 20:12:19.077, 73.88 W
2025/02/16 20:12:19.087, 73.88 W
2025/02/16 20:12:19.098, 73.88 W
2025/02/16 20:12:19.108, 73.88 W
2025/02/16 20:12:19.118, 73.88 W
2025/02/16 20:12:19.128, 73.88 W
2025/02/16 20:12:19.138, 73.88 W
2025/02/16 20:12:19.148, 73.88 W
2025/02/16 20:12:19.158, 73.79 W
2025/02/16 20:12:19.168, 73.79 W
2025/02/16 20:12:19.178, 73.79 W
2025/02/16 20:12:19.188, 73.79 W
2025/02/16 20:12:19.198, 73.79 W
2025/02/16 20:12:19.208, 73.79 W
2025/02/16 20:12:19.218, 73.79 W
2025/02/16 20:12:19.228, 73.79 W
2025/02/16 20:12:19.238, 73.79 W
2025/02/16 20:12:19.248, 73.79 W
2025/02/16 20:12:19.259, 73.79 W
2025/02/16 20:12:19.269, 73.79 W
2025/02/16 20:12:19.279, 74.04 W
2025/02/16 20:12:19.289, 74.04 W
2025/02/16 20:12:19.299, 74.04 W
2025/02/16 20:12:19.309, 74.04 W
2025/02/16 20:12:19.319, 74.04 W
2025/02/16 20:12:19.329, 74.04 W
2025/02/16 20:12:19.339, 74.04 W
2025/02/16 20:12:19.349, 74.04 W
2025/02/16 20:12:19.359, 74.04 W
2025/02/16 20:12:19.369, 74.04 W
2025/02/16 20:12:19.379, 73.79 W
2025/02/16 20:12:19.389, 73.79 W
2025/02/16 20:12:19.399, 73.79 W
2025/02/16 20:12:19.410, 73.79 W
2025/02/16 20:12:19.420, 73.79 W
2025/02/16 20:12:19.430, 73.79 W
2025/02/16 20:12:19.440, 73.79 W
2025/02/16 20:12:19.450, 73.79 W
2025/02/16 20:12:19.460, 73.88 W
2025/02/16 20:12:19.470, 73.88 W
2025/02/16 20:12:19.480, 73.88 W
2025/02/16 20:12:19.490, 73.88 W
2025/02/16 20:12:19.500, 73.88 W
2025/02/16 20:12:19.510, 73.88 W
2025/02/16 20:12:19.520, 73.88 W
2025/02/16 20:12:19.530, 73.88 W
2025/02/16 20:12:19.540, 73.88 W
2025/02/16 20:12:19.550, 73.88 W
2025/02/16 20:12:19.560, 74.05 W
2025/02/16 20:12:19.571, 74.05 W
2025/02/16 20:12:19.581, 74.05 W
2025/02/16 20:12:19.591, 74.05 W
2025/02/16 20:12:19.601, 74.05 W
2025/02/16 20:12:19.611, 74.05 W
2025/02/16 20:12:19.621, 74.05 W
2025/02/16 20:12:19.631, 74.05 W
2025/02/16 20:12:19.641, 74.05 W
2025/02/16 20:12:19.651, 74.05 W
2025/02/16 20:12:19.661, 74.05 W
2025/02/16 20:12:19.671, 74.05 W
2025/02/16 20:12:19.681, 74.05 W
2025/02/16 20:12:19.691, 74.05 W
2025/02/16 20:12:19.701, 74.05 W
2025/02/16 20:12:19.711, 74.05 W
2025/02/16 20:12:19.722, 74.05 W
2025/02/16 20:12:19.732, 74.05 W
2025/02/16 20:12:19.742, 74.05 W
2025/02/16 20:12:19.752, 74.05 W
2025/02/16 20:12:19.762, 74.05 W
2025/02/16 20:12:19.772, 74.05 W
2025/02/16 20:12:19.782, 74.05 W
2025/02/16 20:12:19.792, 74.05 W
2025/02/16 20:12:19.802, 74.05 W
2025/02/16 20:12:19.812, 74.05 W
2025/02/16 20:12:19.822, 74.05 W
2025/02/16 20:12:19.832, 74.05 W
2025/02/16 20:12:19.842, 74.05 W
2025/02/16 20:12:19.852, 74.05 W
2025/02/16 20:12:19.862, 74.05 W
2025/02/16 20:12:19.873, 74.05 W
2025/02/16 20:12:19.883, 74.05 W
2025/02/16 20:12:19.893, 74.05 W
2025/02/16 20:12:19.903, 74.05 W
2025/02/16 20:12:19.913, 74.05 W
2025/02/16 20:12:19.923, 74.05 W
2025/02/16 20:12:19.933, 74.05 W
2025/02/16 20:12:19.943, 74.05 W
2025/02/16 20:12:19.953, 74.05 W
2025/02/16 20:12:19.963, 74.05 W
2025/02/16 20:12:19.973, 74.05 W
2025/02/16 20:12:19.983, 74.05 W
2025/02/16 20:12:19.993, 74.05 W
2025/02/16 20:12:20.003, 74.05 W
2025/02/16 20:12:20.013, 74.05 W
2025/02/16 20:12:20.023, 74.05 W
2025/02/16 20:12:20.034, 74.05 W
2025/02/16 20:12:20.044, 74.05 W
2025/02/16 20:12:20.054, 74.05 W
2025/02/16 20:12:20.064, 74.05 W
2025/02/16 20:12:20.074, 74.05 W
2025/02/16 20:12:20.084, 74.05 W
2025/02/16 20:12:20.094, 74.05 W
2025/02/16 20:12:20.104, 74.05 W
2025/02/16 20:12:20.114, 74.05 W
2025/02/16 20:12:20.124, 74.05 W
2025/02/16 20:12:20.134, 74.05 W
2025/02/16 20:12:20.144, 74.05 W
2025/02/16 20:12:20.154, 74.05 W
2025/02/16 20:12:20.164, 74.05 W
2025/02/16 20:12:20.174, 74.05 W
2025/02/16 20:12:20.184, 74.05 W
2025/02/16 20:12:20.195, 74.05 W
2025/02/16 20:12:20.205, 74.05 W
2025/02/16 20:12:20.215, 74.05 W
2025/02/16 20:12:20.225, 74.05 W
2025/02/16 20:12:20.235, 74.05 W
2025/02/16 20:12:20.245, 74.05 W
2025/02/16 20:12:20.255, 74.05 W
2025/02/16 20:12:20.265, 74.05 W
2025/02/16 20:12:20.275, 74.05 W
2025/02/16 20:12:20.285, 74.05 W
2025/02/16 20:12:20.295, 74.05 W
2025/02/16 20:12:20.305, 74.05 W
2025/02/16 20:12:20.315, 74.05 W
2025/02/16 20:12:20.325, 74.05 W
2025/02/16 20:12:20.335, 74.05 W
2025/02/16 20:12:20.346, 74.05 W
2025/02/16 20:12:20.356, 74.05 W
2025/02/16 20:12:20.366, 74.05 W
2025/02/16 20:12:20.376, 74.05 W
2025/02/16 20:12:20.386, 74.05 W
2025/02/16 20:12:20.396, 74.05 W
2025/02/16 20:12:20.406, 74.05 W
2025/02/16 20:12:20.416, 74.05 W
2025/02/16 20:12:20.426, 74.05 W
2025/02/16 20:12:20.436, 74.05 W
2025/02/16 20:12:20.446, 74.05 W
2025/02/16 20:12:20.456, 74.05 W
2025/02/16 20:12:20.466, 74.05 W
2025/02/16 20:12:20.476, 74.05 W
2025/02/16 20:12:20.486, 74.05 W
2025/02/16 20:12:20.496, 74.05 W
2025/02/16 20:12:20.507, 74.05 W
2025/02/16 20:12:20.517, 74.05 W
2025/02/16 20:12:20.527, 74.05 W
2025/02/16 20:12:20.537, 74.05 W
2025/02/16 20:12:20.547, 74.05 W
2025/02/16 20:12:20.557, 74.05 W
2025/02/16 20:12:20.567, 74.05 W
2025/02/16 20:12:20.577, 74.05 W
2025/02/16 20:12:20.587, 74.05 W
2025/02/16 20:12:20.597, 74.05 W
2025/02/16 20:12:20.607, 74.05 W
2025/02/16 20:12:20.617, 74.05 W
2025/02/16 20:12:20.627, 74.05 W
2025/02/16 20:12:20.637, 74.05 W
2025/02/16 20:12:20.647, 74.05 W
2025/02/16 20:12:20.658, 74.05 W
2025/02/16 20:12:20.668, 74.05 W
2025/02/16 20:12:20.678, 74.05 W
2025/02/16 20:12:20.688, 74.05 W
2025/02/16 20:12:20.698, 74.05 W
2025/02/16 20:12:20.708, 74.05 W
2025/02/16 20:12:20.718, 74.05 W
2025/02/16 20:12:20.728, 74.05 W
2025/02/16 20:12:20.738, 74.05 W
2025/02/16 20:12:20.748, 74.05 W
2025/02/16 20:12:20.758, 74.05 W
2025/02/16 20:12:20.768, 74.05 W
2025/02/16 20:12:20.778, 74.05 W
2025/02/16 20:12:20.788, 74.05 W
2025/02/16 20:12:20.798, 74.05 W
2025/02/16 20:12:20.809, 74.05 W
2025/02/16 20:12:20.819, 74.05 W
2025/02/16 20:12:20.829, 74.05 W
2025/02/16 20:12:20.839, 74.05 W
2025/02/16 20:12:20.849, 74.05 W
2025/02/16 20:12:20.859, 74.05 W
2025/02/16 20:12:20.869, 74.05 W
2025/02/16 20:12:20.879, 74.05 W
2025/02/16 20:12:20.889, 74.05 W
2025/02/16 20:12:20.899, 74.05 W
2025/02/16 20:12:20.909, 74.05 W
2025/02/16 20:12:20.919, 74.05 W
2025/02/16 20:12:20.929, 74.05 W
2025/02/16 20:12:20.939, 74.05 W
2025/02/16 20:12:20.949, 74.05 W
2025/02/16 20:12:20.959, 74.05 W
2025/02/16 20:12:20.970, 74.05 W
2025/02/16 20:12:20.980, 74.05 W
2025/02/16 20:12:20.990, 74.05 W
2025/02/16 20:12:21.000, 74.05 W
2025/02/16 20:12:21.010, 74.05 W
2025/02/16 20:12:21.020, 74.05 W
2025/02/16 20:12:21.030, 74.05 W
2025/02/16 20:12:21.040, 74.05 W
2025/02/16 20:12:21.050, 74.05 W
2025/02/16 20:12:21.060, 74.05 W
2025/02/16 20:12:21.070, 74.05 W
2025/02/16 20:12:21.080, 74.05 W
2025/02/16 20:12:21.090, 74.05 W
2025/02/16 20:12:21.100, 74.05 W
2025/02/16 20:12:21.110, 74.05 W
2025/02/16 20:12:21.121, 74.05 W
2025/02/16 20:12:21.131, 74.05 W
2025/02/16 20:12:21.141, 74.05 W
2025/02/16 20:12:21.151, 74.05 W
2025/02/16 20:12:21.161, 74.05 W
2025/02/16 20:12:21.171, 74.05 W
2025/02/16 20:12:21.181, 74.05 W
2025/02/16 20:12:21.191, 74.05 W
2025/02/16 20:12:21.201, 74.05 W
2025/02/16 20:12:21.211, 74.05 W
2025/02/16 20:12:21.221, 74.05 W
2025/02/16 20:12:21.231, 74.05 W
2025/02/16 20:12:21.241, 74.05 W
2025/02/16 20:12:21.251, 74.05 W
2025/02/16 20:12:21.261, 74.05 W
2025/02/16 20:12:21.271, 74.05 W
2025/02/16 20:12:21.282, 74.05 W
2025/02/16 20:12:21.292, 74.05 W
2025/02/16 20:12:21.302, 74.05 W
2025/02/16 20:12:21.312, 74.05 W
2025/02/16 20:12:21.322, 74.05 W
2025/02/16 20:12:21.332, 74.05 W
2025/02/16 20:12:21.342, 74.05 W
2025/02/16 20:12:21.352, 74.05 W
2025/02/16 20:12:21.362, 74.05 W
2025/02/16 20:12:21.372, 74.05 W
2025/02/16 20:12:21.382, 74.05 W
2025/02/16 20:12:21.392, 74.05 W
2025/02/16 20:12:21.402, 74.05 W
2025/02/16 20:12:21.412, 74.05 W
2025/02/16 20:12:21.422, 74.05 W
2025/02/16 20:12:21.433, 74.05 W
2025/02/16 20:12:21.443, 74.05 W
2025/02/16 20:12:21.453, 74.05 W
2025/02/16 20:12:21.463, 74.05 W
2025/02/16 20:12:21.473, 74.05 W
2025/02/16 20:12:21.483, 74.05 W
2025/02/16 20:12:21.493, 74.05 W
2025/02/16 20:12:21.503, 74.05 W
2025/02/16 20:12:21.513, 74.05 W
2025/02/16 20:12:21.523, 74.05 W
2025/02/16 20:12:21.533, 74.05 W
2025/02/16 20:12:21.543, 74.05 W
2025/02/16 20:12:21.553, 74.05 W
2025/02/16 20:12:21.563, 74.05 W
2025/02/16 20:12:21.573, 74.05 W
2025/02/16 20:12:21.584, 74.05 W
2025/02/16 20:12:21.594, 74.05 W
2025/02/16 20:12:21.604, 74.05 W
2025/02/16 20:12:21.614, 74.05 W
2025/02/16 20:12:21.624, 74.05 W
2025/02/16 20:12:21.634, 74.05 W
2025/02/16 20:12:21.644, 74.05 W
2025/02/16 20:12:21.654, 74.05 W
2025/02/16 20:12:21.664, 74.05 W
2025/02/16 20:12:21.674, 74.05 W
2025/02/16 20:12:21.684, 74.05 W
2025/02/16 20:12:21.694, 74.05 W
2025/02/16 20:12:21.704, 74.05 W
2025/02/16 20:12:21.714, 74.05 W
2025/02/16 20:12:21.724, 74.05 W
2025/02/16 20:12:21.734, 74.05 W
2025/02/16 20:12:21.745, 74.05 W
2025/02/16 20:12:21.755, 74.05 W
2025/02/16 20:12:21.765, 74.05 W
2025/02/16 20:12:21.775, 74.05 W
2025/02/16 20:12:21.785, 74.05 W
2025/02/16 20:12:21.795, 74.05 W
2025/02/16 20:12:21.805, 74.05 W
2025/02/16 20:12:21.815, 74.05 W
2025/02/16 20:12:21.825, 74.05 W
2025/02/16 20:12:21.835, 74.05 W
2025/02/16 20:12:21.845, 74.05 W
2025/02/16 20:12:21.855, 74.05 W
2025/02/16 20:12:21.865, 74.05 W
2025/02/16 20:12:21.875, 74.05 W
2025/02/16 20:12:21.885, 74.05 W
2025/02/16 20:12:21.896, 74.05 W
2025/02/16 20:12:21.906, 74.05 W
2025/02/16 20:12:21.916, 74.05 W
2025/02/16 20:12:21.926, 74.05 W
2025/02/16 20:12:21.936, 73.76 W
2025/02/16 20:12:21.946, 73.76 W
2025/02/16 20:12:21.956, 73.76 W
2025/02/16 20:12:21.966, 73.76 W
2025/02/16 20:12:21.976, 73.76 W
2025/02/16 20:12:21.986, 73.76 W
2025/02/16 20:12:21.996, 73.76 W
2025/02/16 20:12:22.006, 73.76 W
2025/02/16 20:12:22.016, 73.76 W
2025/02/16 20:12:22.026, 73.76 W
2025/02/16 20:12:22.036, 73.76 W
2025/02/16 20:12:22.046, 73.76 W
2025/02/16 20:12:22.057, 73.76 W
2025/02/16 20:12:22.067, 73.76 W
2025/02/16 20:12:22.077, 73.76 W
2025/02/16 20:12:22.087, 73.76 W
2025/02/16 20:12:22.097, 73.76 W
2025/02/16 20:12:22.107, 73.76 W
2025/02/16 20:12:22.117, 73.76 W
2025/02/16 20:12:22.127, 73.76 W
2025/02/16 20:12:22.137, 73.76 W
2025/02/16 20:12:22.147, 74.05 W
2025/02/16 20:12:22.157, 74.05 W
2025/02/16 20:12:22.167, 74.05 W
2025/02/16 20:12:22.177, 74.05 W
2025/02/16 20:12:22.187, 74.05 W
2025/02/16 20:12:22.197, 74.05 W
2025/02/16 20:12:22.207, 74.05 W
2025/02/16 20:12:22.218, 74.05 W
2025/02/16 20:12:22.228, 74.05 W
2025/02/16 20:12:22.238, 74.05 W
2025/02/16 20:12:22.248, 74.05 W
2025/02/16 20:12:22.258, 74.05 W
2025/02/16 20:12:22.268, 74.05 W
2025/02/16 20:12:22.278, 74.05 W
2025/02/16 20:12:22.288, 74.05 W
2025/02/16 20:12:22.298, 74.05 W
2025/02/16 20:12:22.308, 74.05 W
2025/02/16 20:12:22.318, 74.05 W
2025/02/16 20:12:22.328, 74.05 W
2025/02/16 20:12:22.338, 74.05 W
2025/02/16 20:12:22.348, 74.05 W
2025/02/16 20:12:22.358, 74.05 W
2025/02/16 20:12:22.369, 74.05 W
2025/02/16 20:12:22.379, 74.05 W
2025/02/16 20:12:22.389, 74.05 W
2025/02/16 20:12:22.399, 74.05 W
2025/02/16 20:12:22.409, 74.05 W
2025/02/16 20:12:22.419, 74.05 W
2025/02/16 20:12:22.429, 74.05 W
2025/02/16 20:12:22.439, 74.05 W
2025/02/16 20:12:22.449, 74.05 W
2025/02/16 20:12:22.459, 74.05 W
2025/02/16 20:12:22.469, 74.05 W
2025/02/16 20:12:22.479, 74.05 W
2025/02/16 20:12:22.489, 74.05 W
2025/02/16 20:12:22.499, 74.05 W
2025/02/16 20:12:22.509, 74.05 W
2025/02/16 20:12:22.519, 74.05 W
2025/02/16 20:12:22.530, 74.05 W
2025/02/16 20:12:22.540, 74.05 W
2025/02/16 20:12:22.550, 74.05 W
2025/02/16 20:12:22.560, 74.05 W
2025/02/16 20:12:22.570, 74.05 W
2025/02/16 20:12:22.580, 74.05 W
2025/02/16 20:12:22.590, 74.05 W
2025/02/16 20:12:22.600, 74.05 W
2025/02/16 20:12:22.610, 74.05 W
2025/02/16 20:12:22.620, 74.05 W
2025/02/16 20:12:22.630, 74.05 W
2025/02/16 20:12:22.640, 74.05 W
2025/02/16 20:12:22.650, 74.05 W
2025/02/16 20:12:22.660, 74.05 W
2025/02/16 20:12:22.670, 74.05 W
2025/02/16 20:12:22.681, 74.05 W
2025/02/16 20:12:22.691, 74.05 W
2025/02/16 20:12:22.701, 74.05 W
2025/02/16 20:12:22.711, 74.05 W
2025/02/16 20:12:22.721, 74.05 W
2025/02/16 20:12:22.731, 74.05 W
2025/02/16 20:12:22.741, 74.05 W
2025/02/16 20:12:22.751, 74.05 W
2025/02/16 20:12:22.761, 74.05 W
2025/02/16 20:12:22.771, 74.05 W
2025/02/16 20:12:22.781, 74.05 W
2025/02/16 20:12:22.791, 74.05 W
2025/02/16 20:12:22.801, 74.05 W
2025/02/16 20:12:22.811, 74.05 W
2025/02/16 20:12:22.821, 74.05 W
2025/02/16 20:12:22.831, 74.05 W
2025/02/16 20:12:22.842, 73.96 W
2025/02/16 20:12:22.852, 73.96 W
2025/02/16 20:12:22.862, 73.96 W
2025/02/16 20:12:22.872, 73.96 W
2025/02/16 20:12:22.882, 73.96 W
2025/02/16 20:12:22.892, 73.96 W
2025/02/16 20:12:22.902, 73.96 W
2025/02/16 20:12:22.912, 73.96 W
2025/02/16 20:12:22.922, 73.96 W
2025/02/16 20:12:22.932, 73.96 W
2025/02/16 20:12:22.942, 73.96 W
2025/02/16 20:12:22.952, 73.96 W
2025/02/16 20:12:22.962, 74.04 W
2025/02/16 20:12:22.972, 74.04 W
2025/02/16 20:12:22.982, 74.04 W
2025/02/16 20:12:22.992, 74.04 W
2025/02/16 20:12:23.003, 74.04 W
2025/02/16 20:12:23.013, 74.04 W
2025/02/16 20:12:23.023, 74.04 W
2025/02/16 20:12:23.033, 74.04 W
2025/02/16 20:12:23.043, 74.04 W
2025/02/16 20:12:23.053, 74.04 W
2025/02/16 20:12:23.063, 74.04 W
2025/02/16 20:12:23.073, 74.04 W
2025/02/16 20:12:23.083, 74.04 W
2025/02/16 20:12:23.093, 74.04 W
2025/02/16 20:12:23.103, 74.04 W
2025/02/16 20:12:23.113, 74.04 W
2025/02/16 20:12:23.123, 74.04 W
2025/02/16 20:12:23.133, 74.04 W
2025/02/16 20:12:23.143, 74.04 W
2025/02/16 20:12:23.154, 74.04 W
2025/02/16 20:12:23.164, 74.04 W
2025/02/16 20:12:23.174, 74.04 W
2025/02/16 20:12:23.184, 74.04 W
2025/02/16 20:12:23.194, 74.04 W
2025/02/16 20:12:23.204, 74.04 W
2025/02/16 20:12:23.214, 74.04 W
2025/02/16 20:12:23.224, 74.04 W
2025/02/16 20:12:23.234, 74.04 W
2025/02/16 20:12:23.244, 74.04 W
2025/02/16 20:12:23.254, 73.79 W
2025/02/16 20:12:23.264, 73.79 W
2025/02/16 20:12:23.274, 73.79 W
2025/02/16 20:12:23.284, 73.79 W
2025/02/16 20:12:23.294, 73.79 W
2025/02/16 20:12:23.305, 73.79 W
2025/02/16 20:12:23.315, 73.79 W
2025/02/16 20:12:23.325, 73.79 W
2025/02/16 20:12:23.335, 73.79 W
2025/02/16 20:12:23.345, 73.79 W
2025/02/16 20:12:23.355, 73.88 W
2025/02/16 20:12:23.365, 73.88 W
2025/02/16 20:12:23.375, 73.88 W
2025/02/16 20:12:23.385, 73.88 W
2025/02/16 20:12:23.395, 73.88 W
2025/02/16 20:12:23.405, 73.88 W
2025/02/16 20:12:23.415, 73.88 W
2025/02/16 20:12:23.425, 73.88 W
2025/02/16 20:12:23.435, 73.88 W
2025/02/16 20:12:23.445, 73.88 W
2025/02/16 20:12:23.455, 74.12 W
2025/02/16 20:12:23.466, 74.12 W
2025/02/16 20:12:23.476, 74.12 W
2025/02/16 20:12:23.486, 74.12 W
2025/02/16 20:12:23.496, 74.12 W
2025/02/16 20:12:23.506, 74.12 W
2025/02/16 20:12:23.516, 74.12 W
2025/02/16 20:12:23.526, 74.12 W
2025/02/16 20:12:23.536, 74.12 W
2025/02/16 20:12:23.546, 74.12 W
2025/02/16 20:12:23.556, 74.12 W
2025/02/16 20:12:23.566, 74.12 W
2025/02/16 20:12:23.576, 73.88 W
2025/02/16 20:12:23.586, 73.88 W
2025/02/16 20:12:23.596, 73.88 W
2025/02/16 20:12:23.606, 73.88 W
2025/02/16 20:12:23.616, 73.88 W
2025/02/16 20:12:23.627, 73.88 W
2025/02/16 20:12:23.637, 73.88 W
2025/02/16 20:12:23.647, 73.88 W
2025/02/16 20:12:23.657, 73.88 W
2025/02/16 20:12:23.667, 74.04 W
2025/02/16 20:12:23.677, 74.04 W
2025/02/16 20:12:23.687, 74.04 W
2025/02/16 20:12:23.697, 74.04 W
2025/02/16 20:12:23.707, 74.04 W
2025/02/16 20:12:23.717, 74.04 W
2025/02/16 20:12:23.727, 74.04 W
2025/02/16 20:12:23.737, 74.04 W
2025/02/16 20:12:23.747, 74.04 W
2025/02/16 20:12:23.757, 74.04 W
2025/02/16 20:12:23.767, 74.04 W
2025/02/16 20:12:23.778, 74.04 W
2025/02/16 20:12:23.788, 74.04 W
2025/02/16 20:12:23.798, 74.04 W
2025/02/16 20:12:23.808, 74.04 W
2025/02/16 20:12:23.818, 74.04 W
2025/02/16 20:12:23.828, 74.04 W
2025/02/16 20:12:23.838, 74.04 W
2025/02/16 20:12:23.848, 74.04 W
2025/02/16 20:12:23.858, 74.04 W
2025/02/16 20:12:23.868, 73.95 W
2025/02/16 20:12:23.878, 73.95 W
2025/02/16 20:12:23.888, 73.95 W
2025/02/16 20:12:23.898, 73.95 W
2025/02/16 20:12:23.908, 73.95 W
2025/02/16 20:12:23.918, 73.95 W
2025/02/16 20:12:23.928, 73.95 W
2025/02/16 20:12:23.939, 73.95 W
2025/02/16 20:12:23.949, 73.95 W
2025/02/16 20:12:23.959, 73.95 W
2025/02/16 20:12:23.969, 73.95 W
2025/02/16 20:12:23.979, 73.95 W
2025/02/16 20:12:23.989, 73.79 W
2025/02/16 20:12:23.999, 73.79 W
2025/02/16 20:12:24.009, 73.79 W
2025/02/16 20:12:24.019, 73.79 W
2025/02/16 20:12:24.029, 73.79 W
2025/02/16 20:12:24.039, 73.79 W
2025/02/16 20:12:24.049, 73.79 W
2025/02/16 20:12:24.059, 73.79 W
2025/02/16 20:12:24.069, 74.04 W
2025/02/16 20:12:24.079, 74.04 W
2025/02/16 20:12:24.090, 74.04 W
2025/02/16 20:12:24.100, 74.04 W
2025/02/16 20:12:24.110, 74.04 W
2025/02/16 20:12:24.120, 74.04 W
2025/02/16 20:12:24.130, 74.04 W
2025/02/16 20:12:24.140, 74.04 W
2025/02/16 20:12:24.150, 74.04 W
2025/02/16 20:12:24.160, 74.04 W
2025/02/16 20:12:24.170, 74.04 W
2025/02/16 20:12:24.180, 74.04 W
2025/02/16 20:12:24.190, 74.04 W
2025/02/16 20:12:24.200, 74.04 W
2025/02/16 20:12:24.210, 74.04 W
2025/02/16 20:12:24.220, 74.04 W
2025/02/16 20:12:24.230, 74.04 W
2025/02/16 20:12:24.241, 74.04 W
2025/02/16 20:12:24.251, 74.04 W
2025/02/16 20:12:24.261, 74.04 W
2025/02/16 20:12:24.271, 74.04 W
2025/02/16 20:12:24.281, 73.88 W
2025/02/16 20:12:24.291, 73.88 W
2025/02/16 20:12:24.301, 73.88 W
2025/02/16 20:12:24.311, 73.88 W
2025/02/16 20:12:24.321, 73.88 W
2025/02/16 20:12:24.331, 73.88 W
2025/02/16 20:12:24.341, 73.88 W
2025/02/16 20:12:24.351, 73.88 W
2025/02/16 20:12:24.361, 73.88 W
2025/02/16 20:12:24.371, 73.88 W
2025/02/16 20:12:24.381, 74.12 W
2025/02/16 20:12:24.391, 74.12 W
2025/02/16 20:12:24.402, 74.12 W
2025/02/16 20:12:24.412, 74.12 W
2025/02/16 20:12:24.422, 74.12 W
2025/02/16 20:12:24.432, 74.12 W
2025/02/16 20:12:24.442, 74.12 W
2025/02/16 20:12:24.452, 74.12 W
2025/02/16 20:12:24.462, 74.12 W
2025/02/16 20:12:24.472, 74.12 W
2025/02/16 20:12:24.482, 73.79 W
2025/02/16 20:12:24.492, 73.79 W
2025/02/16 20:12:24.502, 73.79 W
2025/02/16 20:12:24.512, 73.79 W
2025/02/16 20:12:24.522, 73.79 W
2025/02/16 20:12:24.532, 73.79 W
2025/02/16 20:12:24.542, 73.79 W
2025/02/16 20:12:24.552, 73.79 W
2025/02/16 20:12:24.563, 73.79 W
2025/02/16 20:12:24.573, 73.79 W
2025/02/16 20:12:24.583, 73.79 W
2025/02/16 20:12:24.593, 73.79 W
2025/02/16 20:12:24.603, 74.04 W
2025/02/16 20:12:24.613, 74.04 W
2025/02/16 20:12:24.623, 74.04 W
2025/02/16 20:12:24.633, 74.04 W
2025/02/16 20:12:24.643, 74.04 W
2025/02/16 20:12:24.653, 74.04 W
2025/02/16 20:12:24.663, 74.04 W
2025/02/16 20:12:24.673, 74.04 W
2025/02/16 20:12:24.683, 73.88 W
2025/02/16 20:12:24.693, 73.88 W
2025/02/16 20:12:24.703, 73.88 W
2025/02/16 20:12:24.714, 73.88 W
2025/02/16 20:12:24.724, 73.88 W
2025/02/16 20:12:24.734, 73.88 W
2025/02/16 20:12:24.744, 73.88 W
2025/02/16 20:12:24.754, 73.88 W
2025/02/16 20:12:24.764, 73.88 W
2025/02/16 20:12:24.774, 73.88 W
2025/02/16 20:12:24.784, 73.88 W
2025/02/16 20:12:24.794, 73.88 W
2025/02/16 20:12:24.804, 74.05 W
2025/02/16 20:12:24.814, 74.05 W
2025/02/16 20:12:24.824, 74.05 W
2025/02/16 20:12:24.834, 74.05 W
2025/02/16 20:12:24.844, 74.05 W
2025/02/16 20:12:24.854, 74.05 W
2025/02/16 20:12:24.864, 74.05 W
2025/02/16 20:12:24.875, 74.05 W
2025/02/16 20:12:24.885, 74.05 W
2025/02/16 20:12:24.895, 74.05 W
2025/02/16 20:12:24.905, 74.05 W
2025/02/16 20:12:24.915, 74.05 W
2025/02/16 20:12:24.925, 74.05 W
2025/02/16 20:12:24.935, 74.05 W
2025/02/16 20:12:24.945, 74.05 W
2025/02/16 20:12:24.955, 74.05 W
2025/02/16 20:12:24.965, 74.05 W
2025/02/16 20:12:24.975, 74.05 W
2025/02/16 20:12:24.985, 74.05 W
2025/02/16 20:12:24.995, 74.05 W
2025/02/16 20:12:25.005, 74.05 W
2025/02/16 20:12:25.015, 74.05 W
2025/02/16 20:12:25.026, 74.05 W
2025/02/16 20:12:25.036, 74.05 W
2025/02/16 20:12:25.046, 74.05 W
2025/02/16 20:12:25.056, 74.05 W
2025/02/16 20:12:25.066, 74.05 W
2025/02/16 20:12:25.076, 74.05 W
2025/02/16 20:12:25.086, 74.05 W
2025/02/16 20:12:25.096, 74.05 W
2025/02/16 20:12:25.106, 74.05 W
2025/02/16 20:12:25.116, 74.05 W
2025/02/16 20:12:25.126, 74.05 W
2025/02/16 20:12:25.136, 74.05 W
2025/02/16 20:12:25.146, 74.05 W
2025/02/16 20:12:25.156, 74.05 W
2025/02/16 20:12:25.166, 74.05 W
2025/02/16 20:12:25.176, 74.05 W
2025/02/16 20:12:25.187, 74.05 W
2025/02/16 20:12:25.197, 74.05 W
2025/02/16 20:12:25.207, 74.05 W
2025/02/16 20:12:25.217, 74.05 W
2025/02/16 20:12:25.227, 74.05 W
2025/02/16 20:12:25.237, 74.05 W
2025/02/16 20:12:25.247, 74.05 W
2025/02/16 20:12:25.257, 74.05 W
2025/02/16 20:12:25.267, 74.05 W
2025/02/16 20:12:25.277, 74.05 W
2025/02/16 20:12:25.287, 74.05 W
2025/02/16 20:12:25.297, 74.05 W
2025/02/16 20:12:25.307, 74.05 W
2025/02/16 20:12:25.317, 74.05 W
2025/02/16 20:12:25.327, 74.05 W
2025/02/16 20:12:25.338, 74.05 W
2025/02/16 20:12:25.348, 74.05 W
2025/02/16 20:12:25.358, 74.05 W
2025/02/16 20:12:25.368, 74.05 W
2025/02/16 20:12:25.378, 74.05 W
2025/02/16 20:12:25.388, 74.05 W
2025/02/16 20:12:25.398, 74.05 W
2025/02/16 20:12:25.408, 74.05 W
2025/02/16 20:12:25.418, 74.05 W
2025/02/16 20:12:25.428, 74.05 W
2025/02/16 20:12:25.438, 74.05 W
2025/02/16 20:12:25.448, 74.05 W
2025/02/16 20:12:25.458, 74.05 W
2025/02/16 20:12:25.468, 74.05 W
2025/02/16 20:12:25.478, 74.05 W
2025/02/16 20:12:25.488, 74.05 W
2025/02/16 20:12:25.499, 74.05 W
2025/02/16 20:12:25.509, 74.05 W
2025/02/16 20:12:25.519, 74.05 W
2025/02/16 20:12:25.529, 74.05 W
2025/02/16 20:12:25.539, 74.05 W
2025/02/16 20:12:25.549, 74.05 W
2025/02/16 20:12:25.559, 74.05 W
2025/02/16 20:12:25.569, 74.05 W
2025/02/16 20:12:25.579, 74.05 W
2025/02/16 20:12:25.589, 74.05 W
2025/02/16 20:12:25.599, 74.05 W
2025/02/16 20:12:25.609, 74.05 W
2025/02/16 20:12:25.619, 74.05 W
2025/02/16 20:12:25.629, 74.05 W
2025/02/16 20:12:25.639, 74.05 W
2025/02/16 20:12:25.650, 74.05 W
2025/02/16 20:12:25.660, 74.05 W
2025/02/16 20:12:25.670, 74.05 W
2025/02/16 20:12:25.680, 74.05 W
2025/02/16 20:12:25.690, 74.05 W
2025/02/16 20:12:25.700, 74.05 W
2025/02/16 20:12:25.710, 74.05 W
2025/02/16 20:12:25.720, 74.05 W
2025/02/16 20:12:25.730, 74.05 W
2025/02/16 20:12:25.740, 74.05 W
2025/02/16 20:12:25.750, 74.05 W
2025/02/16 20:12:25.760, 74.05 W
2025/02/16 20:12:25.770, 74.05 W
2025/02/16 20:12:25.780, 74.05 W
2025/02/16 20:12:25.790, 74.05 W
2025/02/16 20:12:25.801, 74.05 W
2025/02/16 20:12:25.811, 74.05 W
2025/02/16 20:12:25.821, 74.05 W
2025/02/16 20:12:25.831, 74.05 W
2025/02/16 20:12:25.841, 74.05 W
2025/02/16 20:12:25.851, 74.05 W
2025/02/16 20:12:25.861, 74.05 W
2025/02/16 20:12:25.871, 74.05 W
2025/02/16 20:12:25.881, 74.05 W
2025/02/16 20:12:25.891, 74.05 W
2025/02/16 20:12:25.901, 74.05 W
2025/02/16 20:12:25.911, 74.05 W
2025/02/16 20:12:25.921, 74.05 W
2025/02/16 20:12:25.931, 74.05 W
2025/02/16 20:12:25.941, 74.05 W
2025/02/16 20:12:25.951, 74.05 W
2025/02/16 20:12:25.962, 74.05 W
2025/02/16 20:12:25.972, 74.05 W
2025/02/16 20:12:25.982, 74.05 W
2025/02/16 20:12:25.992, 74.05 W
2025/02/16 20:12:26.002, 74.05 W
2025/02/16 20:12:26.012, 74.05 W
2025/02/16 20:12:26.022, 74.05 W
2025/02/16 20:12:26.032, 74.05 W
2025/02/16 20:12:26.042, 74.05 W
2025/02/16 20:12:26.052, 74.05 W
2025/02/16 20:12:26.062, 74.05 W
2025/02/16 20:12:26.072, 74.05 W
2025/02/16 20:12:26.082, 74.05 W
2025/02/16 20:12:26.092, 74.05 W
2025/02/16 20:12:26.102, 74.05 W
2025/02/16 20:12:26.113, 74.05 W
2025/02/16 20:12:26.123, 74.05 W
2025/02/16 20:12:26.133, 74.05 W
2025/02/16 20:12:26.143, 74.05 W
2025/02/16 20:12:26.153, 74.05 W
2025/02/16 20:12:26.163, 74.05 W
2025/02/16 20:12:26.173, 74.05 W
2025/02/16 20:12:26.183, 74.05 W
2025/02/16 20:12:26.193, 74.05 W
2025/02/16 20:12:26.203, 74.05 W
2025/02/16 20:12:26.213, 74.05 W
2025/02/16 20:12:26.223, 74.05 W
2025/02/16 20:12:26.233, 74.05 W
2025/02/16 20:12:26.243, 74.05 W
2025/02/16 20:12:26.253, 74.05 W
2025/02/16 20:12:26.263, 74.05 W
2025/02/16 20:12:26.274, 74.05 W
2025/02/16 20:12:26.284, 74.05 W
2025/02/16 20:12:26.294, 74.05 W
2025/02/16 20:12:26.304, 74.05 W
2025/02/16 20:12:26.314, 74.05 W
2025/02/16 20:12:26.324, 74.05 W
2025/02/16 20:12:26.334, 74.05 W
2025/02/16 20:12:26.344, 74.05 W
2025/02/16 20:12:26.354, 74.05 W
2025/02/16 20:12:26.364, 74.05 W
2025/02/16 20:12:26.374, 74.05 W
2025/02/16 20:12:26.384, 74.05 W
2025/02/16 20:12:26.394, 74.05 W
2025/02/16 20:12:26.404, 74.05 W
2025/02/16 20:12:26.414, 74.05 W
2025/02/16 20:12:26.425, 73.96 W
2025/02/16 20:12:26.435, 73.96 W
2025/02/16 20:12:26.445, 73.96 W
2025/02/16 20:12:26.455, 73.96 W
2025/02/16 20:12:26.465, 73.96 W
2025/02/16 20:12:26.475, 73.96 W
2025/02/16 20:12:26.485, 73.96 W
2025/02/16 20:12:26.495, 73.96 W
2025/02/16 20:12:26.505, 73.96 W
2025/02/16 20:12:26.515, 73.96 W
2025/02/16 20:12:26.525, 74.05 W
2025/02/16 20:12:26.535, 74.05 W
2025/02/16 20:12:26.545, 74.05 W
2025/02/16 20:12:26.555, 74.05 W
2025/02/16 20:12:26.565, 74.05 W
2025/02/16 20:12:26.575, 74.05 W
2025/02/16 20:12:26.585, 74.05 W
2025/02/16 20:12:26.596, 74.05 W
2025/02/16 20:12:26.606, 74.05 W
2025/02/16 20:12:26.616, 74.05 W
2025/02/16 20:12:26.626, 74.05 W
2025/02/16 20:12:26.636, 74.05 W
2025/02/16 20:12:26.646, 74.05 W
2025/02/16 20:12:26.656, 74.05 W
2025/02/16 20:12:26.666, 74.05 W
2025/02/16 20:12:26.676, 74.05 W
2025/02/16 20:12:26.686, 74.05 W
2025/02/16 20:12:26.696, 74.05 W
2025/02/16 20:12:26.706, 74.05 W
2025/02/16 20:12:26.716, 74.05 W
2025/02/16 20:12:26.726, 74.05 W
2025/02/16 20:12:26.736, 74.05 W
2025/02/16 20:12:26.747, 74.05 W
2025/02/16 20:12:26.757, 74.05 W
2025/02/16 20:12:26.767, 74.05 W
2025/02/16 20:12:26.777, 74.05 W
2025/02/16 20:12:26.787, 74.05 W
2025/02/16 20:12:26.797, 74.05 W
2025/02/16 20:12:26.807, 74.05 W
2025/02/16 20:12:26.817, 74.05 W
2025/02/16 20:12:26.827, 74.05 W
2025/02/16 20:12:26.837, 74.05 W
2025/02/16 20:12:26.847, 74.05 W
2025/02/16 20:12:26.857, 73.96 W
2025/02/16 20:12:26.867, 73.96 W
2025/02/16 20:12:26.877, 73.96 W
2025/02/16 20:12:26.887, 73.96 W
2025/02/16 20:12:26.897, 73.96 W
2025/02/16 20:12:26.908, 73.96 W
2025/02/16 20:12:26.918, 73.96 W
2025/02/16 20:12:26.928, 73.96 W
2025/02/16 20:12:26.938, 73.96 W
2025/02/16 20:12:26.948, 73.96 W
2025/02/16 20:12:26.958, 73.96 W
2025/02/16 20:12:26.968, 73.96 W
2025/02/16 20:12:26.978, 73.96 W
2025/02/16 20:12:26.988, 73.96 W
2025/02/16 20:12:26.998, 73.96 W
2025/02/16 20:12:27.008, 73.96 W
2025/02/16 20:12:27.018, 73.96 W
2025/02/16 20:12:27.028, 73.96 W
2025/02/16 20:12:27.038, 73.96 W
2025/02/16 20:12:27.048, 73.96 W
2025/02/16 20:12:27.059, 74.05 W
2025/02/16 20:12:27.069, 74.05 W
2025/02/16 20:12:27.079, 74.05 W
2025/02/16 20:12:27.089, 74.05 W
2025/02/16 20:12:27.099, 74.05 W
2025/02/16 20:12:27.109, 74.05 W
2025/02/16 20:12:27.119, 74.05 W
2025/02/16 20:12:27.129, 74.05 W
2025/02/16 20:12:27.139, 74.05 W
2025/02/16 20:12:27.149, 74.05 W
2025/02/16 20:12:27.159, 74.05 W
2025/02/16 20:12:27.169, 74.05 W
2025/02/16 20:12:27.179, 74.05 W
2025/02/16 20:12:27.189, 74.05 W
2025/02/16 20:12:27.199, 74.05 W
2025/02/16 20:12:27.209, 74.05 W
2025/02/16 20:12:27.220, 74.05 W
2025/02/16 20:12:27.230, 74.05 W
2025/02/16 20:12:27.240, 74.05 W
2025/02/16 20:12:27.250, 74.05 W
2025/02/16 20:12:27.260, 74.05 W
2025/02/16 20:12:27.270, 74.05 W
2025/02/16 20:12:27.280, 74.05 W
2025/02/16 20:12:27.290, 74.05 W
2025/02/16 20:12:27.300, 74.05 W
2025/02/16 20:12:27.310, 74.05 W
2025/02/16 20:12:27.320, 74.05 W
2025/02/16 20:12:27.330, 74.05 W
2025/02/16 20:12:27.340, 74.05 W
2025/02/16 20:12:27.350, 74.05 W
2025/02/16 20:12:27.360, 74.05 W
2025/02/16 20:12:27.370, 73.96 W
2025/02/16 20:12:27.381, 73.96 W
2025/02/16 20:12:27.391, 73.96 W
2025/02/16 20:12:27.401, 73.96 W
2025/02/16 20:12:27.411, 73.96 W
2025/02/16 20:12:27.421, 73.96 W
2025/02/16 20:12:27.431, 73.96 W
2025/02/16 20:12:27.441, 73.96 W
2025/02/16 20:12:27.451, 74.05 W
2025/02/16 20:12:27.461, 74.05 W
2025/02/16 20:12:27.471, 74.05 W
2025/02/16 20:12:27.481, 74.05 W
2025/02/16 20:12:27.491, 74.05 W
2025/02/16 20:12:27.501, 74.05 W
2025/02/16 20:12:27.511, 74.05 W
2025/02/16 20:12:27.521, 74.05 W
2025/02/16 20:12:27.532, 74.05 W
2025/02/16 20:12:27.542, 74.05 W
2025/02/16 20:12:27.552, 74.05 W
2025/02/16 20:12:27.562, 74.05 W
2025/02/16 20:12:27.572, 74.05 W
2025/02/16 20:12:27.582, 74.05 W
2025/02/16 20:12:27.592, 74.05 W
2025/02/16 20:12:27.602, 74.05 W
2025/02/16 20:12:27.612, 74.05 W
2025/02/16 20:12:27.622, 74.05 W
2025/02/16 20:12:27.632, 74.05 W
2025/02/16 20:12:27.642, 74.05 W
2025/02/16 20:12:27.652, 74.05 W
2025/02/16 20:12:27.662, 74.05 W
2025/02/16 20:12:27.672, 74.05 W
2025/02/16 20:12:27.682, 74.05 W
2025/02/16 20:12:27.693, 74.05 W
2025/02/16 20:12:27.703, 74.05 W
2025/02/16 20:12:27.713, 74.05 W
2025/02/16 20:12:27.723, 74.05 W
2025/02/16 20:12:27.733, 74.05 W
2025/02/16 20:12:27.743, 74.05 W
2025/02/16 20:12:27.753, 73.79 W
2025/02/16 20:12:27.763, 73.79 W
2025/02/16 20:12:27.773, 73.79 W
2025/02/16 20:12:27.783, 73.79 W
2025/02/16 20:12:27.793, 73.79 W
2025/02/16 20:12:27.803, 73.79 W
2025/02/16 20:12:27.813, 73.79 W
2025/02/16 20:12:27.823, 73.79 W
2025/02/16 20:12:27.833, 73.79 W
2025/02/16 20:12:27.844, 73.79 W
2025/02/16 20:12:27.854, 73.79 W
2025/02/16 20:12:27.864, 73.79 W
2025/02/16 20:12:27.874, 73.79 W
2025/02/16 20:12:27.884, 73.79 W
2025/02/16 20:12:27.894, 73.79 W
2025/02/16 20:12:27.904, 73.79 W
2025/02/16 20:12:27.914, 73.79 W
2025/02/16 20:12:27.924, 73.79 W
2025/02/16 20:12:27.934, 73.79 W
2025/02/16 20:12:27.944, 73.79 W
2025/02/16 20:12:27.954, 73.79 W
2025/02/16 20:12:27.964, 73.79 W
2025/02/16 20:12:27.974, 73.79 W
2025/02/16 20:12:27.984, 73.79 W
2025/02/16 20:12:27.994, 73.79 W
2025/02/16 20:12:28.005, 73.79 W
2025/02/16 20:12:28.015, 73.79 W
2025/02/16 20:12:28.025, 73.79 W
2025/02/16 20:12:28.035, 73.79 W
2025/02/16 20:12:28.045, 73.79 W
2025/02/16 20:12:28.055, 73.79 W
2025/02/16 20:12:28.065, 73.79 W
2025/02/16 20:12:28.075, 73.79 W
2025/02/16 20:12:28.085, 74.04 W
2025/02/16 20:12:28.095, 74.04 W
2025/02/16 20:12:28.105, 74.04 W
2025/02/16 20:12:28.115, 74.04 W
2025/02/16 20:12:28.125, 74.04 W
2025/02/16 20:12:28.135, 74.04 W
2025/02/16 20:12:28.145, 74.04 W
2025/02/16 20:12:28.155, 74.04 W
2025/02/16 20:12:28.166, 74.04 W
2025/02/16 20:12:28.176, 74.04 W
2025/02/16 20:12:28.186, 74.04 W
2025/02/16 20:12:28.196, 74.04 W
2025/02/16 20:12:28.206, 74.04 W
2025/02/16 20:12:28.216, 74.04 W
2025/02/16 20:12:28.226, 74.04 W
2025/02/16 20:12:28.236, 74.04 W
2025/02/16 20:12:28.246, 74.04 W
2025/02/16 20:12:28.256, 74.04 W
2025/02/16 20:12:28.266, 74.04 W
2025/02/16 20:12:28.276, 74.04 W
2025/02/16 20:12:28.286, 73.88 W
2025/02/16 20:12:28.296, 73.88 W
2025/02/16 20:12:28.306, 73.88 W
2025/02/16 20:12:28.317, 73.88 W
2025/02/16 20:12:28.327, 73.88 W
2025/02/16 20:12:28.337, 73.88 W
2025/02/16 20:12:28.347, 73.88 W
2025/02/16 20:12:28.357, 73.88 W
2025/02/16 20:12:28.367, 73.88 W
2025/02/16 20:12:28.377, 73.88 W
2025/02/16 20:12:28.387, 74.04 W
2025/02/16 20:12:28.397, 74.04 W
2025/02/16 20:12:28.407, 74.04 W
2025/02/16 20:12:28.417, 74.04 W
2025/02/16 20:12:28.427, 74.04 W
2025/02/16 20:12:28.437, 74.04 W
2025/02/16 20:12:28.447, 74.04 W
2025/02/16 20:12:28.457, 74.04 W
2025/02/16 20:12:28.468, 74.04 W
2025/02/16 20:12:28.478, 73.96 W
2025/02/16 20:12:28.488, 73.96 W
2025/02/16 20:12:28.498, 73.96 W
2025/02/16 20:12:28.508, 73.96 W
2025/02/16 20:12:28.518, 73.96 W
2025/02/16 20:12:28.528, 73.96 W
2025/02/16 20:12:28.538, 73.96 W
2025/02/16 20:12:28.548, 73.96 W
2025/02/16 20:12:28.558, 73.96 W
2025/02/16 20:12:28.568, 73.96 W
2025/02/16 20:12:28.578, 74.04 W
2025/02/16 20:12:28.588, 74.04 W
2025/02/16 20:12:28.598, 74.04 W
2025/02/16 20:12:28.608, 74.04 W
2025/02/16 20:12:28.618, 74.04 W
2025/02/16 20:12:28.629, 74.04 W
2025/02/16 20:12:28.639, 74.04 W
2025/02/16 20:12:28.649, 74.04 W
2025/02/16 20:12:28.659, 74.04 W
2025/02/16 20:12:28.669, 74.04 W
2025/02/16 20:12:28.679, 74.04 W
2025/02/16 20:12:28.689, 74.04 W
2025/02/16 20:12:28.699, 74.04 W
2025/02/16 20:12:28.709, 74.04 W
2025/02/16 20:12:28.719, 74.04 W
2025/02/16 20:12:28.729, 74.04 W
2025/02/16 20:12:28.739, 74.04 W
2025/02/16 20:12:28.749, 74.04 W
2025/02/16 20:12:28.759, 74.04 W
2025/02/16 20:12:28.769, 74.04 W
2025/02/16 20:12:28.780, 73.79 W
2025/02/16 20:12:28.790, 73.79 W
2025/02/16 20:12:28.800, 73.79 W
2025/02/16 20:12:28.810, 73.79 W
2025/02/16 20:12:28.820, 73.79 W
2025/02/16 20:12:28.830, 73.79 W
2025/02/16 20:12:28.840, 73.79 W
2025/02/16 20:12:28.850, 73.79 W
2025/02/16 20:12:28.860, 73.79 W
2025/02/16 20:12:28.870, 73.79 W
2025/02/16 20:12:28.880, 73.79 W
2025/02/16 20:12:28.890, 73.79 W
2025/02/16 20:12:28.900, 74.04 W
2025/02/16 20:12:28.910, 74.04 W
2025/02/16 20:12:28.920, 74.04 W
2025/02/16 20:12:28.930, 74.04 W
2025/02/16 20:12:28.941, 74.04 W
2025/02/16 20:12:28.951, 74.04 W
2025/02/16 20:12:28.961, 74.04 W
2025/02/16 20:12:28.971, 74.04 W
2025/02/16 20:12:28.981, 74.04 W
2025/02/16 20:12:28.991, 74.12 W
2025/02/16 20:12:29.001, 74.12 W
2025/02/16 20:12:29.011, 74.12 W
2025/02/16 20:12:29.021, 74.12 W
2025/02/16 20:12:29.031, 74.12 W
2025/02/16 20:12:29.041, 74.12 W
2025/02/16 20:12:29.051, 74.12 W
2025/02/16 20:12:29.061, 74.12 W
2025/02/16 20:12:29.071, 74.12 W
2025/02/16 20:12:29.081, 74.12 W
2025/02/16 20:12:29.091, 74.12 W
2025/02/16 20:12:29.102, 74.12 W
2025/02/16 20:12:29.112, 73.79 W
2025/02/16 20:12:29.122, 73.79 W
2025/02/16 20:12:29.132, 73.79 W
2025/02/16 20:12:29.142, 73.79 W
2025/02/16 20:12:29.152, 73.79 W
2025/02/16 20:12:29.162, 73.79 W
2025/02/16 20:12:29.172, 73.79 W
2025/02/16 20:12:29.182, 73.79 W
2025/02/16 20:12:29.192, 73.96 W
2025/02/16 20:12:29.202, 73.96 W
2025/02/16 20:12:29.212, 73.96 W
2025/02/16 20:12:29.222, 73.96 W
2025/02/16 20:12:29.232, 73.96 W
2025/02/16 20:12:29.242, 73.96 W
2025/02/16 20:12:29.253, 73.96 W
2025/02/16 20:12:29.263, 73.96 W
2025/02/16 20:12:29.273, 73.96 W
2025/02/16 20:12:29.283, 73.96 W
2025/02/16 20:12:29.293, 73.96 W
2025/02/16 20:12:29.303, 73.96 W
2025/02/16 20:12:29.313, 73.79 W
2025/02/16 20:12:29.323, 73.79 W
2025/02/16 20:12:29.333, 73.79 W
2025/02/16 20:12:29.343, 73.79 W
2025/02/16 20:12:29.353, 73.79 W
2025/02/16 20:12:29.363, 73.79 W
2025/02/16 20:12:29.373, 73.79 W
2025/02/16 20:12:29.383, 73.79 W
2025/02/16 20:12:29.393, 73.79 W
2025/02/16 20:12:29.403, 73.79 W
2025/02/16 20:12:29.414, 73.79 W
2025/02/16 20:12:29.424, 73.79 W
2025/02/16 20:12:29.434, 73.79 W
2025/02/16 20:12:29.444, 73.79 W
2025/02/16 20:12:29.454, 73.79 W
2025/02/16 20:12:29.464, 73.79 W
2025/02/16 20:12:29.474, 73.79 W
2025/02/16 20:12:29.484, 73.79 W
2025/02/16 20:12:29.494, 73.79 W
2025/02/16 20:12:29.504, 73.88 W
2025/02/16 20:12:29.514, 73.88 W
2025/02/16 20:12:29.524, 73.88 W
2025/02/16 20:12:29.534, 73.88 W
2025/02/16 20:12:29.544, 73.88 W
2025/02/16 20:12:29.554, 73.88 W
2025/02/16 20:12:29.564, 73.88 W
2025/02/16 20:12:29.575, 73.88 W
2025/02/16 20:12:29.585, 73.88 W
2025/02/16 20:12:29.595, 73.88 W
2025/02/16 20:12:29.605, 73.96 W
2025/02/16 20:12:29.615, 73.96 W
2025/02/16 20:12:29.625, 73.96 W
2025/02/16 20:12:29.635, 73.96 W
2025/02/16 20:12:29.645, 73.96 W
2025/02/16 20:12:29.655, 73.96 W
2025/02/16 20:12:29.665, 73.96 W
2025/02/16 20:12:29.675, 73.96 W
2025/02/16 20:12:29.685, 73.96 W
2025/02/16 20:12:29.695, 73.96 W
2025/02/16 20:12:29.705, 73.96 W
2025/02/16 20:12:29.715, 73.96 W
2025/02/16 20:12:29.726, 74.05 W
2025/02/16 20:12:29.736, 74.05 W
2025/02/16 20:12:29.746, 74.05 W
2025/02/16 20:12:29.756, 74.05 W
2025/02/16 20:12:29.766, 74.05 W
2025/02/16 20:12:29.776, 74.05 W
2025/02/16 20:12:29.786, 74.05 W
2025/02/16 20:12:29.796, 74.05 W
2025/02/16 20:12:29.806, 74.05 W
2025/02/16 20:12:29.816, 74.05 W
2025/02/16 20:12:29.826, 74.05 W
2025/02/16 20:12:29.836, 74.05 W
2025/02/16 20:12:29.846, 74.05 W
2025/02/16 20:12:29.856, 74.05 W
2025/02/16 20:12:29.866, 74.05 W
2025/02/16 20:12:29.876, 74.05 W
2025/02/16 20:12:29.887, 74.05 W
2025/02/16 20:12:29.897, 74.05 W
2025/02/16 20:12:29.907, 74.05 W
2025/02/16 20:12:29.917, 74.05 W
2025/02/16 20:12:29.927, 74.05 W
2025/02/16 20:12:29.937, 74.05 W
2025/02/16 20:12:29.947, 74.05 W
2025/02/16 20:12:29.957, 74.05 W
2025/02/16 20:12:29.967, 74.05 W
2025/02/16 20:12:29.977, 74.05 W
2025/02/16 20:12:29.987, 74.05 W
2025/02/16 20:12:29.997, 74.05 W
2025/02/16 20:12:30.007, 74.05 W
2025/02/16 20:12:30.017, 74.05 W
2025/02/16 20:12:30.027, 74.05 W
2025/02/16 20:12:30.037, 74.05 W
2025/02/16 20:12:30.048, 74.05 W
2025/02/16 20:12:30.058, 74.05 W
2025/02/16 20:12:30.068, 74.05 W
2025/02/16 20:12:30.078, 74.05 W
2025/02/16 20:12:30.088, 74.05 W
2025/02/16 20:12:30.098, 74.05 W
2025/02/16 20:12:30.108, 74.05 W
2025/02/16 20:12:30.118, 74.05 W
2025/02/16 20:12:30.128, 74.05 W
2025/02/16 20:12:30.138, 74.05 W
2025/02/16 20:12:30.148, 74.05 W
2025/02/16 20:12:30.158, 74.05 W
2025/02/16 20:12:30.168, 74.05 W
2025/02/16 20:12:30.178, 74.05 W
2025/02/16 20:12:30.188, 74.05 W
2025/02/16 20:12:30.199, 74.05 W
2025/02/16 20:12:30.209, 74.05 W
2025/02/16 20:12:30.219, 74.05 W
2025/02/16 20:12:30.229, 74.05 W
2025/02/16 20:12:30.239, 74.05 W
2025/02/16 20:12:30.249, 74.05 W
2025/02/16 20:12:30.259, 74.05 W
2025/02/16 20:12:30.269, 74.05 W
2025/02/16 20:12:30.279, 74.05 W
2025/02/16 20:12:30.289, 74.05 W
2025/02/16 20:12:30.299, 74.05 W
2025/02/16 20:12:30.309, 74.05 W
2025/02/16 20:12:30.319, 74.05 W
2025/02/16 20:12:30.329, 74.05 W
2025/02/16 20:12:30.339, 74.05 W
2025/02/16 20:12:30.350, 74.05 W
2025/02/16 20:12:30.360, 74.05 W
2025/02/16 20:12:30.370, 74.05 W
2025/02/16 20:12:30.380, 74.05 W
2025/02/16 20:12:30.390, 74.05 W
2025/02/16 20:12:30.400, 74.05 W
2025/02/16 20:12:30.410, 74.05 W
2025/02/16 20:12:30.420, 74.05 W
2025/02/16 20:12:30.430, 74.05 W
2025/02/16 20:12:30.440, 74.05 W
2025/02/16 20:12:30.450, 74.05 W
2025/02/16 20:12:30.460, 74.05 W
2025/02/16 20:12:30.470, 74.05 W
2025/02/16 20:12:30.480, 74.05 W
2025/02/16 20:12:30.490, 74.05 W
2025/02/16 20:12:30.500, 74.05 W
2025/02/16 20:12:30.511, 74.05 W
2025/02/16 20:12:30.521, 74.05 W
2025/02/16 20:12:30.531, 74.05 W
2025/02/16 20:12:30.541, 74.05 W
2025/02/16 20:12:30.551, 74.05 W
2025/02/16 20:12:30.561, 74.05 W
2025/02/16 20:12:30.571, 74.05 W
2025/02/16 20:12:30.581, 74.05 W
2025/02/16 20:12:30.591, 74.05 W
2025/02/16 20:12:30.601, 74.05 W
2025/02/16 20:12:30.611, 74.05 W
2025/02/16 20:12:30.621, 74.05 W
2025/02/16 20:12:30.631, 74.05 W
2025/02/16 20:12:30.641, 74.05 W
2025/02/16 20:12:30.651, 74.05 W
2025/02/16 20:12:30.662, 74.05 W
2025/02/16 20:12:30.672, 74.05 W
2025/02/16 20:12:30.682, 74.05 W
2025/02/16 20:12:30.692, 74.05 W
2025/02/16 20:12:30.702, 74.05 W
2025/02/16 20:12:30.712, 74.05 W
2025/02/16 20:12:30.722, 74.05 W
2025/02/16 20:12:30.732, 74.05 W
2025/02/16 20:12:30.742, 74.05 W
2025/02/16 20:12:30.752, 74.05 W
2025/02/16 20:12:30.762, 74.05 W
2025/02/16 20:12:30.772, 74.05 W
2025/02/16 20:12:30.782, 74.05 W
2025/02/16 20:12:30.792, 74.05 W
2025/02/16 20:12:30.802, 74.05 W
2025/02/16 20:12:30.812, 74.05 W
2025/02/16 20:12:30.823, 74.05 W
2025/02/16 20:12:30.833, 74.05 W
2025/02/16 20:12:30.843, 74.05 W
2025/02/16 20:12:30.853, 74.05 W
2025/02/16 20:12:30.863, 74.05 W
2025/02/16 20:12:30.873, 74.05 W
2025/02/16 20:12:30.883, 74.05 W
2025/02/16 20:12:30.893, 74.05 W
2025/02/16 20:12:30.903, 74.05 W
2025/02/16 20:12:30.913, 74.05 W
2025/02/16 20:12:30.923, 74.05 W
2025/02/16 20:12:30.933, 74.05 W
2025/02/16 20:12:30.943, 74.05 W
2025/02/16 20:12:30.953, 74.05 W
2025/02/16 20:12:30.963, 74.05 W
2025/02/16 20:12:30.973, 74.05 W
2025/02/16 20:12:30.984, 74.05 W
2025/02/16 20:12:30.994, 74.05 W
2025/02/16 20:12:31.004, 74.05 W
2025/02/16 20:12:31.014, 74.05 W
2025/02/16 20:12:31.024, 74.05 W
2025/02/16 20:12:31.034, 74.05 W
2025/02/16 20:12:31.044, 74.05 W
2025/02/16 20:12:31.054, 74.05 W
2025/02/16 20:12:31.064, 74.05 W
2025/02/16 20:12:31.074, 74.05 W
2025/02/16 20:12:31.084, 74.05 W
2025/02/16 20:12:31.094, 74.05 W
2025/02/16 20:12:31.104, 74.05 W
2025/02/16 20:12:31.114, 74.05 W
2025/02/16 20:12:31.124, 74.05 W
2025/02/16 20:12:31.135, 74.05 W
2025/02/16 20:12:31.145, 74.05 W
2025/02/16 20:12:31.155, 74.05 W
2025/02/16 20:12:31.165, 74.05 W
2025/02/16 20:12:31.175, 74.05 W
2025/02/16 20:12:31.185, 74.05 W
2025/02/16 20:12:31.195, 74.05 W
2025/02/16 20:12:31.205, 74.05 W
2025/02/16 20:12:31.215, 74.05 W
2025/02/16 20:12:31.225, 74.05 W
2025/02/16 20:12:31.235, 74.05 W
2025/02/16 20:12:31.245, 74.05 W
2025/02/16 20:12:31.255, 74.05 W
2025/02/16 20:12:31.265, 74.05 W
2025/02/16 20:12:31.275, 74.05 W
2025/02/16 20:12:31.286, 74.05 W
2025/02/16 20:12:31.296, 74.05 W
2025/02/16 20:12:31.306, 74.05 W
2025/02/16 20:12:31.316, 74.05 W
2025/02/16 20:12:31.326, 74.05 W
2025/02/16 20:12:31.336, 74.05 W
2025/02/16 20:12:31.346, 74.05 W
2025/02/16 20:12:31.356, 74.05 W
2025/02/16 20:12:31.366, 74.05 W
2025/02/16 20:12:31.376, 74.05 W
2025/02/16 20:12:31.386, 74.05 W
2025/02/16 20:12:31.396, 74.05 W
2025/02/16 20:12:31.406, 74.05 W
2025/02/16 20:12:31.416, 74.05 W
2025/02/16 20:12:31.426, 74.05 W
2025/02/16 20:12:31.436, 74.05 W
2025/02/16 20:12:31.447, 74.05 W
2025/02/16 20:12:31.457, 74.05 W
2025/02/16 20:12:31.467, 74.05 W
2025/02/16 20:12:31.477, 74.05 W
2025/02/16 20:12:31.487, 74.05 W
2025/02/16 20:12:31.497, 74.05 W
2025/02/16 20:12:31.507, 74.05 W
2025/02/16 20:12:31.517, 74.05 W
2025/02/16 20:12:31.527, 74.05 W
2025/02/16 20:12:31.537, 74.05 W
2025/02/16 20:12:31.547, 74.05 W
2025/02/16 20:12:31.557, 74.05 W
2025/02/16 20:12:31.567, 74.05 W
2025/02/16 20:12:31.577, 74.05 W
2025/02/16 20:12:31.587, 74.05 W
2025/02/16 20:12:31.598, 74.05 W
2025/02/16 20:12:31.608, 74.05 W
2025/02/16 20:12:31.618, 74.05 W
2025/02/16 20:12:31.628, 74.05 W
2025/02/16 20:12:31.638, 74.05 W
2025/02/16 20:12:31.648, 74.05 W
2025/02/16 20:12:31.658, 74.05 W
2025/02/16 20:12:31.668, 74.05 W
2025/02/16 20:12:31.678, 74.05 W
2025/02/16 20:12:31.688, 74.05 W
2025/02/16 20:12:31.698, 74.05 W
2025/02/16 20:12:31.708, 74.05 W
2025/02/16 20:12:31.718, 74.05 W
2025/02/16 20:12:31.728, 74.05 W
2025/02/16 20:12:31.738, 74.05 W
2025/02/16 20:12:31.749, 74.05 W
2025/02/16 20:12:31.759, 74.05 W
2025/02/16 20:12:31.769, 74.05 W
2025/02/16 20:12:31.779, 74.05 W
2025/02/16 20:12:31.789, 74.05 W
2025/02/16 20:12:31.799, 74.05 W
2025/02/16 20:12:31.809, 74.05 W
2025/02/16 20:12:31.819, 74.05 W
2025/02/16 20:12:31.829, 74.05 W
2025/02/16 20:12:31.839, 74.05 W
2025/02/16 20:12:31.849, 74.05 W
2025/02/16 20:12:31.859, 74.05 W
2025/02/16 20:12:31.869, 74.05 W
2025/02/16 20:12:31.879, 74.05 W
2025/02/16 20:12:31.889, 74.05 W
2025/02/16 20:12:31.900, 74.05 W
2025/02/16 20:12:31.910, 74.05 W
2025/02/16 20:12:31.920, 74.05 W
2025/02/16 20:12:31.930, 74.05 W
2025/02/16 20:12:31.940, 74.05 W
2025/02/16 20:12:31.950, 74.05 W
2025/02/16 20:12:31.960, 74.05 W
2025/02/16 20:12:31.970, 74.05 W
2025/02/16 20:12:31.980, 74.05 W
2025/02/16 20:12:31.990, 74.05 W
2025/02/16 20:12:32.000, 74.05 W
2025/02/16 20:12:32.010, 74.05 W
2025/02/16 20:12:32.020, 74.05 W
2025/02/16 20:12:32.030, 74.05 W
2025/02/16 20:12:32.040, 74.05 W
2025/02/16 20:12:32.051, 74.05 W
2025/02/16 20:12:32.061, 74.05 W
2025/02/16 20:12:32.071, 74.05 W
2025/02/16 20:12:32.081, 74.05 W
2025/02/16 20:12:32.091, 74.05 W
2025/02/16 20:12:32.101, 74.05 W
2025/02/16 20:12:32.111, 74.05 W
2025/02/16 20:12:32.121, 74.05 W
2025/02/16 20:12:32.131, 74.05 W
2025/02/16 20:12:32.141, 74.05 W
2025/02/16 20:12:32.151, 74.05 W
2025/02/16 20:12:32.161, 74.05 W
2025/02/16 20:12:32.171, 74.05 W
2025/02/16 20:12:32.181, 74.05 W
2025/02/16 20:12:32.191, 74.05 W
2025/02/16 20:12:32.202, 74.05 W
2025/02/16 20:12:32.212, 74.05 W
2025/02/16 20:12:32.222, 74.05 W
2025/02/16 20:12:32.232, 74.05 W
2025/02/16 20:12:32.242, 74.05 W
2025/02/16 20:12:32.252, 74.05 W
2025/02/16 20:12:32.262, 74.05 W
2025/02/16 20:12:32.272, 74.05 W
2025/02/16 20:12:32.282, 74.05 W
2025/02/16 20:12:32.292, 74.05 W
2025/02/16 20:12:32.302, 74.05 W
2025/02/16 20:12:32.312, 74.05 W
2025/02/16 20:12:32.322, 74.05 W
2025/02/16 20:12:32.332, 74.05 W
2025/02/16 20:12:32.342, 74.05 W
2025/02/16 20:12:32.352, 74.05 W
2025/02/16 20:12:32.363, 74.05 W
2025/02/16 20:12:32.373, 74.05 W
2025/02/16 20:12:32.383, 74.05 W
2025/02/16 20:12:32.393, 74.05 W
2025/02/16 20:12:32.403, 74.05 W
2025/02/16 20:12:32.413, 74.05 W
2025/02/16 20:12:32.423, 74.05 W
2025/02/16 20:12:32.433, 74.05 W
2025/02/16 20:12:32.443, 74.05 W
2025/02/16 20:12:32.453, 74.05 W
2025/02/16 20:12:32.463, 74.05 W
2025/02/16 20:12:32.473, 74.29 W
2025/02/16 20:12:32.483, 74.29 W
2025/02/16 20:12:32.493, 74.29 W
2025/02/16 20:12:32.503, 74.29 W
2025/02/16 20:12:32.514, 74.29 W
2025/02/16 20:12:32.524, 74.29 W
2025/02/16 20:12:32.534, 74.29 W
2025/02/16 20:12:32.544, 74.29 W
2025/02/16 20:12:32.554, 74.29 W
2025/02/16 20:12:32.564, 74.29 W
2025/02/16 20:12:32.574, 74.29 W
2025/02/16 20:12:32.584, 74.29 W
2025/02/16 20:12:32.594, 73.79 W
2025/02/16 20:12:32.604, 73.79 W
2025/02/16 20:12:32.614, 73.79 W
2025/02/16 20:12:32.624, 73.79 W
2025/02/16 20:12:32.634, 73.79 W
2025/02/16 20:12:32.644, 73.79 W
2025/02/16 20:12:32.654, 73.79 W
2025/02/16 20:12:32.664, 73.79 W
2025/02/16 20:12:32.675, 74.04 W
2025/02/16 20:12:32.685, 74.04 W
2025/02/16 20:12:32.695, 74.04 W
2025/02/16 20:12:32.705, 74.04 W
2025/02/16 20:12:32.715, 74.04 W
2025/02/16 20:12:32.725, 74.04 W
2025/02/16 20:12:32.735, 74.04 W
2025/02/16 20:12:32.745, 74.04 W
2025/02/16 20:12:32.755, 74.04 W
2025/02/16 20:12:32.765, 74.04 W
2025/02/16 20:12:32.775, 74.04 W
2025/02/16 20:12:32.785, 74.04 W
2025/02/16 20:12:32.795, 74.04 W
2025/02/16 20:12:32.805, 74.04 W
2025/02/16 20:12:32.815, 74.04 W
2025/02/16 20:12:32.825, 74.04 W
2025/02/16 20:12:32.836, 74.04 W
2025/02/16 20:12:32.846, 74.04 W
2025/02/16 20:12:32.856, 74.04 W
2025/02/16 20:12:32.866, 74.04 W
2025/02/16 20:12:32.876, 73.88 W
2025/02/16 20:12:32.886, 73.88 W
2025/02/16 20:12:32.896, 73.88 W
2025/02/16 20:12:32.906, 73.88 W
2025/02/16 20:12:32.916, 73.88 W
2025/02/16 20:12:32.926, 73.88 W
2025/02/16 20:12:32.936, 73.88 W
2025/02/16 20:12:32.946, 73.88 W
2025/02/16 20:12:32.956, 73.88 W
2025/02/16 20:12:32.966, 73.88 W
2025/02/16 20:12:32.976, 73.88 W
2025/02/16 20:12:32.987, 73.88 W
2025/02/16 20:12:32.997, 74.04 W
2025/02/16 20:12:33.007, 74.04 W
2025/02/16 20:12:33.017, 74.04 W
2025/02/16 20:12:33.027, 74.04 W
2025/02/16 20:12:33.037, 74.04 W
2025/02/16 20:12:33.047, 74.04 W
2025/02/16 20:12:33.057, 74.04 W
2025/02/16 20:12:33.067, 74.04 W
2025/02/16 20:12:33.077, 74.04 W
2025/02/16 20:12:33.087, 73.96 W
2025/02/16 20:12:33.097, 73.96 W
2025/02/16 20:12:33.107, 73.96 W
2025/02/16 20:12:33.117, 73.96 W
2025/02/16 20:12:33.128, 73.96 W
2025/02/16 20:12:33.138, 73.96 W
2025/02/16 20:12:33.148, 73.96 W
2025/02/16 20:12:33.158, 73.96 W
2025/02/16 20:12:33.168, 73.96 W
2025/02/16 20:12:33.178, 73.96 W
2025/02/16 20:12:33.188, 73.96 W
2025/02/16 20:12:33.198, 73.96 W
2025/02/16 20:12:33.208, 74.04 W
2025/02/16 20:12:33.218, 74.04 W
2025/02/16 20:12:33.228, 74.04 W
2025/02/16 20:12:33.238, 74.04 W
2025/02/16 20:12:33.248, 74.04 W
2025/02/16 20:12:33.258, 74.04 W
2025/02/16 20:12:33.269, 74.04 W
2025/02/16 20:12:33.279, 74.04 W
2025/02/16 20:12:33.289, 74.04 W
2025/02/16 20:12:33.299, 74.04 W
2025/02/16 20:12:33.309, 74.04 W
2025/02/16 20:12:33.319, 74.04 W
2025/02/16 20:12:33.329, 74.04 W
2025/02/16 20:12:33.339, 74.04 W
2025/02/16 20:12:33.349, 74.04 W
2025/02/16 20:12:33.359, 74.04 W
2025/02/16 20:12:33.369, 74.04 W
2025/02/16 20:12:33.379, 74.04 W
2025/02/16 20:12:33.389, 73.71 W
2025/02/16 20:12:33.399, 73.71 W
2025/02/16 20:12:33.410, 73.71 W
2025/02/16 20:12:33.420, 73.71 W
2025/02/16 20:12:33.430, 73.71 W
2025/02/16 20:12:33.440, 73.71 W
2025/02/16 20:12:33.450, 73.71 W
2025/02/16 20:12:33.460, 73.71 W
2025/02/16 20:12:33.470, 73.71 W
2025/02/16 20:12:33.480, 73.71 W
2025/02/16 20:12:33.490, 74.04 W
2025/02/16 20:12:33.500, 74.04 W
2025/02/16 20:12:33.510, 74.04 W
2025/02/16 20:12:33.520, 74.04 W
2025/02/16 20:12:33.530, 74.04 W
2025/02/16 20:12:33.540, 74.04 W
2025/02/16 20:12:33.550, 74.04 W
2025/02/16 20:12:33.560, 74.04 W
2025/02/16 20:12:33.571, 74.04 W
2025/02/16 20:12:33.581, 74.04 W
2025/02/16 20:12:33.591, 74.04 W
2025/02/16 20:12:33.601, 74.04 W
2025/02/16 20:12:33.611, 73.79 W
2025/02/16 20:12:33.621, 73.79 W
2025/02/16 20:12:33.631, 73.79 W
2025/02/16 20:12:33.641, 73.79 W
2025/02/16 20:12:33.651, 73.79 W
2025/02/16 20:12:33.661, 73.79 W
2025/02/16 20:12:33.671, 73.79 W
2025/02/16 20:12:33.681, 73.79 W
2025/02/16 20:12:33.691, 73.79 W
2025/02/16 20:12:33.701, 74.04 W
2025/02/16 20:12:33.711, 74.04 W
2025/02/16 20:12:33.722, 74.04 W
2025/02/16 20:12:33.732, 74.04 W
2025/02/16 20:12:33.742, 74.04 W
2025/02/16 20:12:33.752, 74.04 W
2025/02/16 20:12:33.762, 74.04 W
2025/02/16 20:12:33.772, 74.04 W
2025/02/16 20:12:33.782, 74.04 W
2025/02/16 20:12:33.792, 74.04 W
2025/02/16 20:12:33.802, 74.04 W
2025/02/16 20:12:33.812, 74.04 W
2025/02/16 20:12:33.822, 74.12 W
2025/02/16 20:12:33.832, 74.12 W
2025/02/16 20:12:33.842, 74.12 W
2025/02/16 20:12:33.852, 74.12 W
2025/02/16 20:12:33.862, 74.12 W
2025/02/16 20:12:33.873, 74.12 W
2025/02/16 20:12:33.883, 74.12 W
2025/02/16 20:12:33.893, 74.12 W
2025/02/16 20:12:33.903, 73.88 W
2025/02/16 20:12:33.913, 73.88 W
2025/02/16 20:12:33.923, 73.88 W
2025/02/16 20:12:33.933, 73.88 W
2025/02/16 20:12:33.943, 73.88 W
2025/02/16 20:12:33.953, 73.88 W
2025/02/16 20:12:33.963, 73.88 W
2025/02/16 20:12:33.973, 73.88 W
2025/02/16 20:12:33.983, 73.88 W
2025/02/16 20:12:33.993, 73.88 W
2025/02/16 20:12:34.003, 73.88 W
2025/02/16 20:12:34.013, 73.88 W
2025/02/16 20:12:34.023, 74.04 W
2025/02/16 20:12:34.034, 74.04 W
2025/02/16 20:12:34.044, 74.04 W
2025/02/16 20:12:34.054, 74.04 W
2025/02/16 20:12:34.064, 74.04 W
2025/02/16 20:12:34.074, 74.04 W
2025/02/16 20:12:34.084, 74.04 W
2025/02/16 20:12:34.094, 74.04 W
2025/02/16 20:12:34.104, 74.04 W
2025/02/16 20:12:34.114, 74.04 W
2025/02/16 20:12:34.124, 74.04 W
2025/02/16 20:12:34.134, 74.04 W
2025/02/16 20:12:34.144, 74.04 W
2025/02/16 20:12:34.154, 74.04 W
2025/02/16 20:12:34.164, 74.04 W
2025/02/16 20:12:34.174, 74.04 W
2025/02/16 20:12:34.184, 74.04 W
2025/02/16 20:12:34.195, 74.04 W
2025/02/16 20:12:34.205, 74.04 W
2025/02/16 20:12:34.215, 74.04 W
2025/02/16 20:12:34.225, 74.04 W
2025/02/16 20:12:34.235, 73.88 W
2025/02/16 20:12:34.245, 73.88 W
2025/02/16 20:12:34.255, 73.88 W
2025/02/16 20:12:34.265, 73.88 W
2025/02/16 20:12:34.275, 73.88 W
2025/02/16 20:12:34.285, 73.88 W
2025/02/16 20:12:34.295, 73.88 W
2025/02/16 20:12:34.305, 73.88 W
2025/02/16 20:12:34.315, 74.05 W
2025/02/16 20:12:34.325, 74.05 W
2025/02/16 20:12:34.335, 74.05 W
2025/02/16 20:12:34.346, 74.05 W
2025/02/16 20:12:34.356, 74.05 W
2025/02/16 20:12:34.366, 74.05 W
2025/02/16 20:12:34.376, 74.05 W
2025/02/16 20:12:34.386, 74.05 W
2025/02/16 20:12:34.396, 74.05 W
2025/02/16 20:12:34.406, 74.05 W
2025/02/16 20:12:34.416, 74.05 W
2025/02/16 20:12:34.426, 74.05 W
2025/02/16 20:12:34.436, 74.05 W
2025/02/16 20:12:34.446, 74.05 W
2025/02/16 20:12:34.456, 74.05 W
2025/02/16 20:12:34.466, 74.05 W
2025/02/16 20:12:34.476, 74.05 W
2025/02/16 20:12:34.486, 74.05 W
2025/02/16 20:12:34.496, 74.05 W
2025/02/16 20:12:34.507, 74.05 W
2025/02/16 20:12:34.517, 74.05 W
2025/02/16 20:12:34.527, 74.05 W
2025/02/16 20:12:34.537, 74.05 W
2025/02/16 20:12:34.547, 74.05 W
2025/02/16 20:12:34.557, 74.05 W
2025/02/16 20:12:34.567, 74.05 W
2025/02/16 20:12:34.577, 74.05 W
2025/02/16 20:12:34.587, 74.05 W
2025/02/16 20:12:34.597, 74.05 W
2025/02/16 20:12:34.607, 74.05 W
2025/02/16 20:12:34.617, 74.05 W
2025/02/16 20:12:34.627, 74.05 W
2025/02/16 20:12:34.637, 74.05 W
2025/02/16 20:12:34.647, 74.05 W
2025/02/16 20:12:34.658, 74.05 W
2025/02/16 20:12:34.668, 74.05 W
2025/02/16 20:12:34.678, 74.05 W
2025/02/16 20:12:34.688, 74.05 W
2025/02/16 20:12:34.698, 74.05 W
2025/02/16 20:12:34.708, 74.05 W
2025/02/16 20:12:34.718, 74.05 W
2025/02/16 20:12:34.728, 74.05 W
2025/02/16 20:12:34.738, 74.05 W
2025/02/16 20:12:34.748, 74.05 W
2025/02/16 20:12:34.758, 74.05 W
2025/02/16 20:12:34.768, 74.05 W
2025/02/16 20:12:34.778, 74.05 W
2025/02/16 20:12:34.788, 74.05 W
2025/02/16 20:12:34.798, 74.05 W
2025/02/16 20:12:34.809, 74.05 W
2025/02/16 20:12:34.819, 74.05 W
2025/02/16 20:12:34.829, 74.05 W
2025/02/16 20:12:34.839, 74.05 W
2025/02/16 20:12:34.849, 74.05 W
2025/02/16 20:12:34.859, 74.05 W
2025/02/16 20:12:34.869, 74.05 W
2025/02/16 20:12:34.879, 74.05 W
2025/02/16 20:12:34.889, 74.05 W
2025/02/16 20:12:34.899, 74.05 W
2025/02/16 20:12:34.909, 74.05 W
2025/02/16 20:12:34.919, 74.05 W
2025/02/16 20:12:34.929, 74.05 W
2025/02/16 20:12:34.939, 74.05 W
2025/02/16 20:12:34.949, 74.05 W
2025/02/16 20:12:34.959, 74.05 W
2025/02/16 20:12:34.970, 74.05 W
2025/02/16 20:12:34.980, 74.05 W
2025/02/16 20:12:34.990, 74.05 W
2025/02/16 20:12:35.000, 74.05 W
2025/02/16 20:12:35.010, 74.05 W
2025/02/16 20:12:35.020, 74.05 W
2025/02/16 20:12:35.030, 74.05 W
2025/02/16 20:12:35.040, 74.05 W
2025/02/16 20:12:35.050, 74.05 W
2025/02/16 20:12:35.060, 74.05 W
2025/02/16 20:12:35.070, 74.05 W
2025/02/16 20:12:35.080, 74.05 W
2025/02/16 20:12:35.090, 74.05 W
2025/02/16 20:12:35.100, 74.05 W
2025/02/16 20:12:35.110, 74.05 W
2025/02/16 20:12:35.121, 74.05 W
2025/02/16 20:12:35.131, 74.05 W
2025/02/16 20:12:35.141, 74.05 W
2025/02/16 20:12:35.151, 74.05 W
2025/02/16 20:12:35.161, 74.05 W
2025/02/16 20:12:35.171, 74.05 W
2025/02/16 20:12:35.181, 74.05 W
2025/02/16 20:12:35.191, 74.05 W
2025/02/16 20:12:35.201, 74.05 W
2025/02/16 20:12:35.211, 74.05 W
2025/02/16 20:12:35.221, 74.05 W
2025/02/16 20:12:35.231, 74.05 W
2025/02/16 20:12:35.241, 74.05 W
2025/02/16 20:12:35.251, 74.05 W
2025/02/16 20:12:35.261, 74.05 W
2025/02/16 20:12:35.271, 74.05 W
2025/02/16 20:12:35.282, 74.05 W
2025/02/16 20:12:35.292, 74.05 W
2025/02/16 20:12:35.302, 74.05 W
2025/02/16 20:12:35.312, 74.05 W
2025/02/16 20:12:35.322, 74.05 W
2025/02/16 20:12:35.332, 74.05 W
2025/02/16 20:12:35.342, 74.05 W
2025/02/16 20:12:35.352, 74.05 W
2025/02/16 20:12:35.362, 74.05 W
2025/02/16 20:12:35.372, 74.05 W
2025/02/16 20:12:35.382, 74.05 W
2025/02/16 20:12:35.392, 74.05 W
2025/02/16 20:12:35.402, 74.05 W
2025/02/16 20:12:35.412, 74.05 W
2025/02/16 20:12:35.422, 74.05 W
2025/02/16 20:12:35.433, 74.05 W
2025/02/16 20:12:35.443, 74.05 W
2025/02/16 20:12:35.453, 74.05 W
2025/02/16 20:12:35.463, 74.05 W
2025/02/16 20:12:35.473, 74.05 W
2025/02/16 20:12:35.483, 74.05 W
2025/02/16 20:12:35.493, 74.05 W
2025/02/16 20:12:35.503, 74.05 W
2025/02/16 20:12:35.513, 74.05 W
2025/02/16 20:12:35.523, 74.05 W
2025/02/16 20:12:35.533, 74.05 W
2025/02/16 20:12:35.543, 74.05 W
2025/02/16 20:12:35.554, 74.05 W
2025/02/16 20:12:35.564, 74.05 W
2025/02/16 20:12:35.574, 74.05 W
2025/02/16 20:12:35.584, 74.05 W
2025/02/16 20:12:35.594, 74.05 W
2025/02/16 20:12:35.604, 74.05 W
2025/02/16 20:12:35.614, 74.05 W
2025/02/16 20:12:35.624, 74.05 W
2025/02/16 20:12:35.634, 74.05 W
2025/02/16 20:12:35.644, 74.05 W
2025/02/16 20:12:35.654, 74.05 W
2025/02/16 20:12:35.664, 74.05 W
2025/02/16 20:12:35.674, 74.05 W
2025/02/16 20:12:35.684, 74.05 W
2025/02/16 20:12:35.694, 74.05 W
2025/02/16 20:12:35.704, 74.05 W
2025/02/16 20:12:35.715, 74.05 W
2025/02/16 20:12:35.725, 74.05 W
2025/02/16 20:12:35.735, 74.05 W
2025/02/16 20:12:35.745, 74.05 W
2025/02/16 20:12:35.755, 74.05 W
2025/02/16 20:12:35.765, 74.05 W
2025/02/16 20:12:35.775, 74.05 W
2025/02/16 20:12:35.785, 74.05 W
2025/02/16 20:12:35.795, 74.05 W
2025/02/16 20:12:35.805, 74.05 W
2025/02/16 20:12:35.815, 74.05 W
2025/02/16 20:12:35.825, 74.05 W
2025/02/16 20:12:35.835, 74.05 W
2025/02/16 20:12:35.845, 74.05 W
2025/02/16 20:12:35.855, 74.05 W
2025/02/16 20:12:35.865, 74.05 W
2025/02/16 20:12:35.876, 74.05 W
2025/02/16 20:12:35.886, 74.05 W
2025/02/16 20:12:35.896, 74.05 W
2025/02/16 20:12:35.906, 74.05 W
2025/02/16 20:12:35.916, 74.05 W
2025/02/16 20:12:35.926, 74.05 W
2025/02/16 20:12:35.936, 74.05 W
2025/02/16 20:12:35.946, 74.05 W
2025/02/16 20:12:35.956, 74.05 W
2025/02/16 20:12:35.966, 74.05 W
2025/02/16 20:12:35.976, 74.05 W
2025/02/16 20:12:35.986, 74.05 W
2025/02/16 20:12:35.996, 74.05 W
2025/02/16 20:12:36.006, 74.05 W
2025/02/16 20:12:36.016, 74.05 W
2025/02/16 20:12:36.027, 74.05 W
2025/02/16 20:12:36.037, 74.05 W
2025/02/16 20:12:36.047, 74.05 W
2025/02/16 20:12:36.057, 74.05 W
2025/02/16 20:12:36.067, 74.05 W
2025/02/16 20:12:36.077, 74.05 W
2025/02/16 20:12:36.087, 74.05 W
2025/02/16 20:12:36.097, 74.05 W
2025/02/16 20:12:36.107, 74.05 W
2025/02/16 20:12:36.117, 74.05 W
2025/02/16 20:12:36.127, 74.05 W
2025/02/16 20:12:36.137, 74.05 W
2025/02/16 20:12:36.147, 74.05 W
2025/02/16 20:12:36.157, 74.05 W
2025/02/16 20:12:36.167, 74.05 W
2025/02/16 20:12:36.177, 74.05 W
2025/02/16 20:12:36.188, 74.05 W
2025/02/16 20:12:36.198, 74.05 W
2025/02/16 20:12:36.208, 74.05 W
2025/02/16 20:12:36.218, 74.05 W
2025/02/16 20:12:36.228, 74.05 W
2025/02/16 20:12:36.238, 74.05 W
2025/02/16 20:12:36.248, 74.05 W
2025/02/16 20:12:36.258, 74.05 W
2025/02/16 20:12:36.268, 74.05 W
2025/02/16 20:12:36.278, 74.05 W
2025/02/16 20:12:36.288, 74.05 W
2025/02/16 20:12:36.298, 74.05 W
2025/02/16 20:12:36.308, 74.05 W
2025/02/16 20:12:36.318, 74.05 W
2025/02/16 20:12:36.328, 74.05 W
2025/02/16 20:12:36.339, 74.05 W
2025/02/16 20:12:36.349, 74.05 W
2025/02/16 20:12:36.359, 74.05 W
2025/02/16 20:12:36.369, 74.05 W
2025/02/16 20:12:36.379, 74.05 W
2025/02/16 20:12:36.389, 74.05 W
2025/02/16 20:12:36.399, 74.05 W
2025/02/16 20:12:36.409, 74.05 W
2025/02/16 20:12:36.419, 74.05 W
2025/02/16 20:12:36.429, 74.05 W
2025/02/16 20:12:36.439, 74.05 W
2025/02/16 20:12:36.449, 74.05 W
2025/02/16 20:12:36.459, 74.05 W
2025/02/16 20:12:36.469, 74.05 W
2025/02/16 20:12:36.479, 74.05 W
2025/02/16 20:12:36.490, 74.05 W
2025/02/16 20:12:36.500, 74.05 W
2025/02/16 20:12:36.510, 74.05 W
2025/02/16 20:12:36.520, 74.05 W
2025/02/16 20:12:36.530, 74.05 W
2025/02/16 20:12:36.540, 74.05 W
2025/02/16 20:12:36.550, 74.05 W
2025/02/16 20:12:36.560, 74.05 W
2025/02/16 20:12:36.570, 74.05 W
2025/02/16 20:12:36.580, 74.05 W
2025/02/16 20:12:36.590, 74.05 W
2025/02/16 20:12:36.600, 74.05 W
2025/02/16 20:12:36.610, 74.05 W
2025/02/16 20:12:36.620, 74.05 W
2025/02/16 20:12:36.630, 74.05 W
2025/02/16 20:12:36.640, 74.05 W
2025/02/16 20:12:36.651, 74.05 W
2025/02/16 20:12:36.661, 74.05 W
2025/02/16 20:12:36.671, 74.05 W
2025/02/16 20:12:36.681, 74.05 W
2025/02/16 20:12:36.691, 74.05 W
2025/02/16 20:12:36.701, 74.05 W
2025/02/16 20:12:36.711, 74.05 W
2025/02/16 20:12:36.721, 74.05 W
2025/02/16 20:12:36.731, 74.05 W
2025/02/16 20:12:36.741, 74.05 W
2025/02/16 20:12:36.751, 74.05 W
2025/02/16 20:12:36.761, 74.05 W
2025/02/16 20:12:36.771, 74.05 W
2025/02/16 20:12:36.781, 74.05 W
2025/02/16 20:12:36.791, 74.05 W
2025/02/16 20:12:36.801, 74.05 W
2025/02/16 20:12:36.812, 74.05 W
2025/02/16 20:12:36.822, 74.05 W
2025/02/16 20:12:36.832, 74.05 W
2025/02/16 20:12:36.842, 74.05 W
2025/02/16 20:12:36.852, 74.05 W
2025/02/16 20:12:36.862, 74.05 W
2025/02/16 20:12:36.872, 74.05 W
2025/02/16 20:12:36.882, 74.05 W
2025/02/16 20:12:36.892, 74.05 W
2025/02/16 20:12:36.902, 74.05 W
2025/02/16 20:12:36.912, 74.05 W
2025/02/16 20:12:36.922, 74.05 W
2025/02/16 20:12:36.932, 74.05 W
2025/02/16 20:12:36.942, 74.05 W
2025/02/16 20:12:36.952, 74.05 W
2025/02/16 20:12:36.963, 74.05 W
2025/02/16 20:12:36.973, 74.05 W
2025/02/16 20:12:36.983, 74.05 W
2025/02/16 20:12:36.993, 74.05 W
2025/02/16 20:12:37.003, 74.05 W
2025/02/16 20:12:37.013, 74.05 W
2025/02/16 20:12:37.023, 74.05 W
2025/02/16 20:12:37.033, 74.05 W
2025/02/16 20:12:37.043, 74.05 W
2025/02/16 20:12:37.053, 74.05 W
2025/02/16 20:12:37.063, 74.05 W
2025/02/16 20:12:37.073, 74.05 W
2025/02/16 20:12:37.083, 74.05 W
2025/02/16 20:12:37.093, 74.05 W
2025/02/16 20:12:37.103, 74.05 W
2025/02/16 20:12:37.113, 74.05 W
2025/02/16 20:12:37.124, 74.05 W
2025/02/16 20:12:37.134, 74.05 W
2025/02/16 20:12:37.144, 74.05 W
2025/02/16 20:12:37.154, 74.05 W
2025/02/16 20:12:37.164, 74.05 W
2025/02/16 20:12:37.174, 74.05 W
2025/02/16 20:12:37.184, 74.05 W
2025/02/16 20:12:37.194, 74.05 W
2025/02/16 20:12:37.204, 74.05 W
2025/02/16 20:12:37.214, 74.05 W
2025/02/16 20:12:37.224, 74.05 W
2025/02/16 20:12:37.234, 74.05 W
2025/02/16 20:12:37.244, 74.05 W
2025/02/16 20:12:37.254, 74.05 W
2025/02/16 20:12:37.264, 74.05 W
2025/02/16 20:12:37.275, 74.05 W
2025/02/16 20:12:37.285, 74.05 W
2025/02/16 20:12:37.295, 74.05 W
2025/02/16 20:12:37.305, 73.79 W
2025/02/16 20:12:37.315, 73.79 W
2025/02/16 20:12:37.325, 73.79 W
2025/02/16 20:12:37.335, 73.79 W
2025/02/16 20:12:37.345, 73.79 W
2025/02/16 20:12:37.355, 73.79 W
2025/02/16 20:12:37.365, 73.79 W
2025/02/16 20:12:37.375, 73.79 W
2025/02/16 20:12:37.385, 73.79 W
2025/02/16 20:12:37.395, 73.79 W
2025/02/16 20:12:37.405, 73.79 W
2025/02/16 20:12:37.415, 73.79 W
2025/02/16 20:12:37.425, 73.79 W
2025/02/16 20:12:37.436, 73.79 W
2025/02/16 20:12:37.446, 73.79 W
2025/02/16 20:12:37.456, 73.79 W
2025/02/16 20:12:37.466, 73.79 W
2025/02/16 20:12:37.476, 73.79 W
2025/02/16 20:12:37.486, 73.79 W
2025/02/16 20:12:37.496, 73.79 W
2025/02/16 20:12:37.506, 73.79 W
2025/02/16 20:12:37.516, 73.79 W
2025/02/16 20:12:37.526, 73.79 W
2025/02/16 20:12:37.536, 73.79 W
2025/02/16 20:12:37.546, 73.79 W
2025/02/16 20:12:37.556, 73.79 W
2025/02/16 20:12:37.566, 73.79 W
2025/02/16 20:12:37.576, 73.79 W
2025/02/16 20:12:37.587, 74.04 W
2025/02/16 20:12:37.597, 74.04 W
2025/02/16 20:12:37.607, 74.04 W
2025/02/16 20:12:37.617, 74.04 W
2025/02/16 20:12:37.627, 74.04 W
2025/02/16 20:12:37.637, 74.04 W
2025/02/16 20:12:37.647, 74.04 W
2025/02/16 20:12:37.657, 74.04 W
2025/02/16 20:12:37.667, 74.04 W
2025/02/16 20:12:37.677, 74.04 W
2025/02/16 20:12:37.687, 74.04 W
2025/02/16 20:12:37.697, 74.04 W
2025/02/16 20:12:37.707, 74.04 W
2025/02/16 20:12:37.717, 73.79 W
2025/02/16 20:12:37.727, 73.79 W
2025/02/16 20:12:37.737, 73.79 W
2025/02/16 20:12:37.748, 73.79 W
2025/02/16 20:12:37.758, 73.79 W
2025/02/16 20:12:37.768, 73.79 W
2025/02/16 20:12:37.778, 73.79 W
2025/02/16 20:12:37.788, 73.79 W
2025/02/16 20:12:37.798, 73.79 W
2025/02/16 20:12:37.808, 73.79 W
2025/02/16 20:12:37.818, 73.79 W
2025/02/16 20:12:37.828, 73.79 W
2025/02/16 20:12:37.838, 73.79 W
2025/02/16 20:12:37.848, 73.79 W
2025/02/16 20:12:37.858, 73.79 W
2025/02/16 20:12:37.868, 73.79 W
2025/02/16 20:12:37.878, 73.79 W
2025/02/16 20:12:37.888, 73.79 W
2025/02/16 20:12:37.898, 73.79 W
2025/02/16 20:12:37.909, 73.79 W
2025/02/16 20:12:37.919, 74.04 W
2025/02/16 20:12:37.929, 74.04 W
2025/02/16 20:12:37.939, 74.04 W
2025/02/16 20:12:37.949, 74.04 W
2025/02/16 20:12:37.959, 74.04 W
2025/02/16 20:12:37.969, 74.04 W
2025/02/16 20:12:37.979, 74.04 W
2025/02/16 20:12:37.989, 74.04 W
2025/02/16 20:12:37.999, 74.04 W
2025/02/16 20:12:38.009, 74.04 W
2025/02/16 20:12:38.019, 74.04 W
2025/02/16 20:12:38.029, 74.04 W
2025/02/16 20:12:38.039, 74.04 W
2025/02/16 20:12:38.049, 74.04 W
2025/02/16 20:12:38.059, 74.04 W
2025/02/16 20:12:38.070, 74.04 W
2025/02/16 20:12:38.080, 74.04 W
2025/02/16 20:12:38.090, 74.04 W
2025/02/16 20:12:38.100, 74.04 W
2025/02/16 20:12:38.110, 74.04 W
2025/02/16 20:12:38.120, 73.95 W
2025/02/16 20:12:38.130, 73.95 W
2025/02/16 20:12:38.140, 73.95 W
2025/02/16 20:12:38.150, 73.95 W
2025/02/16 20:12:38.160, 73.95 W
2025/02/16 20:12:38.170, 73.95 W
2025/02/16 20:12:38.180, 73.95 W
2025/02/16 20:12:38.190, 73.95 W
2025/02/16 20:12:38.200, 73.79 W
2025/02/16 20:12:38.210, 73.79 W
2025/02/16 20:12:38.221, 73.79 W
2025/02/16 20:12:38.231, 73.79 W
2025/02/16 20:12:38.241, 73.79 W
2025/02/16 20:12:38.251, 73.79 W
2025/02/16 20:12:38.261, 73.79 W
2025/02/16 20:12:38.271, 73.79 W
2025/02/16 20:12:38.281, 73.79 W
2025/02/16 20:12:38.291, 73.79 W
2025/02/16 20:12:38.301, 73.79 W
2025/02/16 20:12:38.311, 73.79 W
2025/02/16 20:12:38.321, 73.79 W
2025/02/16 20:12:38.331, 73.79 W
2025/02/16 20:12:38.341, 73.79 W
2025/02/16 20:12:38.351, 73.79 W
2025/02/16 20:12:38.361, 73.79 W
2025/02/16 20:12:38.372, 73.79 W
2025/02/16 20:12:38.382, 73.79 W
2025/02/16 20:12:38.392, 73.79 W
2025/02/16 20:12:38.402, 73.79 W
2025/02/16 20:12:38.412, 73.79 W
2025/02/16 20:12:38.422, 73.79 W
2025/02/16 20:12:38.432, 73.79 W
2025/02/16 20:12:38.442, 73.79 W
2025/02/16 20:12:38.452, 73.79 W
2025/02/16 20:12:38.462, 73.79 W
2025/02/16 20:12:38.472, 73.79 W
2025/02/16 20:12:38.482, 73.79 W
2025/02/16 20:12:38.492, 73.79 W
2025/02/16 20:12:38.502, 73.79 W
2025/02/16 20:12:38.512, 73.79 W
2025/02/16 20:12:38.522, 73.79 W
2025/02/16 20:12:38.533, 74.32 W
2025/02/16 20:12:38.543, 74.32 W
2025/02/16 20:12:38.553, 74.32 W
2025/02/16 20:12:38.563, 74.32 W
2025/02/16 20:12:38.573, 74.32 W
2025/02/16 20:12:38.583, 74.32 W
2025/02/16 20:12:38.593, 74.32 W
2025/02/16 20:12:38.603, 74.32 W
2025/02/16 20:12:38.613, 73.88 W
2025/02/16 20:12:38.623, 73.88 W
2025/02/16 20:12:38.633, 73.88 W
2025/02/16 20:12:38.643, 73.88 W
2025/02/16 20:12:38.653, 73.88 W
2025/02/16 20:12:38.663, 73.88 W
2025/02/16 20:12:38.673, 73.88 W
2025/02/16 20:12:38.683, 73.88 W
2025/02/16 20:12:38.694, 73.88 W
2025/02/16 20:12:38.704, 73.88 W
2025/02/16 20:12:38.714, 73.88 W
2025/02/16 20:12:38.724, 73.88 W
2025/02/16 20:12:38.734, 74.04 W
2025/02/16 20:12:38.744, 74.04 W
2025/02/16 20:12:38.754, 74.04 W
2025/02/16 20:12:38.764, 74.04 W
2025/02/16 20:12:38.774, 74.04 W
2025/02/16 20:12:38.784, 74.04 W
2025/02/16 20:12:38.794, 74.04 W
2025/02/16 20:12:38.804, 74.04 W
2025/02/16 20:12:38.814, 73.88 W
2025/02/16 20:12:38.824, 73.88 W
2025/02/16 20:12:38.834, 73.88 W
2025/02/16 20:12:38.845, 73.88 W
2025/02/16 20:12:38.855, 73.88 W
2025/02/16 20:12:38.865, 73.88 W
2025/02/16 20:12:38.875, 73.88 W
2025/02/16 20:12:38.885, 73.88 W
2025/02/16 20:12:38.895, 73.88 W
2025/02/16 20:12:38.905, 73.88 W
2025/02/16 20:12:38.915, 73.88 W
2025/02/16 20:12:38.925, 73.88 W
2025/02/16 20:12:38.935, 73.88 W
2025/02/16 20:12:38.945, 73.88 W
2025/02/16 20:12:38.955, 73.88 W
2025/02/16 20:12:38.965, 73.88 W
2025/02/16 20:12:38.975, 73.88 W
2025/02/16 20:12:38.985, 73.88 W
2025/02/16 20:12:38.995, 73.88 W
2025/02/16 20:12:39.006, 73.88 W
2025/02/16 20:12:39.016, 73.88 W
2025/02/16 20:12:39.026, 74.05 W
2025/02/16 20:12:39.036, 74.05 W
2025/02/16 20:12:39.046, 74.05 W
2025/02/16 20:12:39.056, 74.05 W
2025/02/16 20:12:39.066, 74.05 W
2025/02/16 20:12:39.076, 74.05 W
2025/02/16 20:12:39.086, 74.05 W
2025/02/16 20:12:39.096, 74.05 W
2025/02/16 20:12:39.106, 74.05 W
2025/02/16 20:12:39.116, 74.05 W
2025/02/16 20:12:39.126, 74.05 W
2025/02/16 20:12:39.136, 74.05 W
2025/02/16 20:12:39.146, 74.05 W
2025/02/16 20:12:39.157, 74.05 W
2025/02/16 20:12:39.167, 74.05 W
2025/02/16 20:12:39.177, 74.05 W
2025/02/16 20:12:39.187, 74.05 W
2025/02/16 20:12:39.197, 74.05 W
2025/02/16 20:12:39.207, 74.05 W
2025/02/16 20:12:39.217, 74.05 W
2025/02/16 20:12:39.227, 74.05 W
2025/02/16 20:12:39.237, 74.05 W
2025/02/16 20:12:39.247, 74.05 W
2025/02/16 20:12:39.257, 74.05 W
2025/02/16 20:12:39.267, 74.05 W
2025/02/16 20:12:39.277, 74.05 W
2025/02/16 20:12:39.287, 74.05 W
2025/02/16 20:12:39.297, 74.05 W
2025/02/16 20:12:39.308, 74.05 W
2025/02/16 20:12:39.318, 74.05 W
2025/02/16 20:12:39.328, 74.05 W
2025/02/16 20:12:39.338, 74.05 W
2025/02/16 20:12:39.348, 74.05 W
2025/02/16 20:12:39.358, 74.05 W
2025/02/16 20:12:39.368, 74.05 W
2025/02/16 20:12:39.378, 74.05 W
2025/02/16 20:12:39.388, 74.05 W
2025/02/16 20:12:39.398, 74.05 W
2025/02/16 20:12:39.408, 74.05 W
2025/02/16 20:12:39.418, 74.05 W
2025/02/16 20:12:39.428, 74.05 W
2025/02/16 20:12:39.438, 74.05 W
2025/02/16 20:12:39.448, 74.05 W
2025/02/16 20:12:39.458, 74.05 W
2025/02/16 20:12:39.469, 74.05 W
2025/02/16 20:12:39.479, 74.05 W
2025/02/16 20:12:39.489, 74.05 W
2025/02/16 20:12:39.499, 74.05 W
2025/02/16 20:12:39.509, 74.05 W
2025/02/16 20:12:39.519, 74.05 W
2025/02/16 20:12:39.529, 74.05 W
2025/02/16 20:12:39.539, 74.05 W
2025/02/16 20:12:39.549, 74.05 W
2025/02/16 20:12:39.559, 74.05 W
2025/02/16 20:12:39.569, 74.05 W
2025/02/16 20:12:39.579, 74.05 W
2025/02/16 20:12:39.589, 74.05 W
2025/02/16 20:12:39.599, 74.05 W
2025/02/16 20:12:39.609, 74.05 W
2025/02/16 20:12:39.620, 74.05 W
2025/02/16 20:12:39.630, 74.05 W
2025/02/16 20:12:39.640, 74.05 W
2025/02/16 20:12:39.650, 74.05 W
2025/02/16 20:12:39.660, 74.05 W
2025/02/16 20:12:39.670, 74.05 W
2025/02/16 20:12:39.680, 74.05 W
2025/02/16 20:12:39.690, 74.05 W
2025/02/16 20:12:39.700, 74.05 W
2025/02/16 20:12:39.710, 74.05 W
2025/02/16 20:12:39.720, 74.05 W
2025/02/16 20:12:39.730, 74.05 W
2025/02/16 20:12:39.740, 74.05 W
2025/02/16 20:12:39.750, 74.05 W
2025/02/16 20:12:39.760, 74.05 W
2025/02/16 20:12:39.770, 74.05 W
2025/02/16 20:12:39.781, 74.05 W
2025/02/16 20:12:39.791, 74.05 W
2025/02/16 20:12:39.801, 74.05 W
2025/02/16 20:12:39.811, 74.05 W
2025/02/16 20:12:39.821, 74.05 W
2025/02/16 20:12:39.831, 74.05 W
2025/02/16 20:12:39.841, 74.05 W
2025/02/16 20:12:39.851, 74.05 W
2025/02/16 20:12:39.861, 74.05 W
2025/02/16 20:12:39.871, 74.05 W
2025/02/16 20:12:39.881, 74.05 W
2025/02/16 20:12:39.891, 74.05 W
2025/02/16 20:12:39.901, 74.05 W
2025/02/16 20:12:39.911, 74.05 W
2025/02/16 20:12:39.921, 74.05 W
2025/02/16 20:12:39.932, 74.05 W
2025/02/16 20:12:39.942, 74.05 W
2025/02/16 20:12:39.952, 74.05 W
2025/02/16 20:12:39.962, 74.05 W
2025/02/16 20:12:39.972, 74.05 W
2025/02/16 20:12:39.982, 74.05 W
2025/02/16 20:12:39.992, 74.05 W
2025/02/16 20:12:40.002, 74.05 W
2025/02/16 20:12:40.012, 74.05 W
2025/02/16 20:12:40.022, 74.05 W
2025/02/16 20:12:40.032, 74.05 W
2025/02/16 20:12:40.042, 74.05 W
2025/02/16 20:12:40.052, 74.05 W
2025/02/16 20:12:40.062, 74.05 W
2025/02/16 20:12:40.072, 74.05 W
2025/02/16 20:12:40.082, 74.05 W
2025/02/16 20:12:40.093, 74.05 W
2025/02/16 20:12:40.103, 74.05 W
2025/02/16 20:12:40.113, 74.05 W
2025/02/16 20:12:40.123, 74.05 W
2025/02/16 20:12:40.133, 74.05 W
2025/02/16 20:12:40.143, 74.05 W
2025/02/16 20:12:40.153, 74.05 W
2025/02/16 20:12:40.163, 74.05 W
2025/02/16 20:12:40.173, 74.05 W
2025/02/16 20:12:40.183, 74.05 W
2025/02/16 20:12:40.193, 74.05 W
2025/02/16 20:12:40.203, 74.05 W
2025/02/16 20:12:40.213, 74.05 W
2025/02/16 20:12:40.223, 74.05 W
2025/02/16 20:12:40.233, 74.05 W
2025/02/16 20:12:40.244, 74.05 W
2025/02/16 20:12:40.254, 74.05 W
2025/02/16 20:12:40.264, 74.05 W
2025/02/16 20:12:40.274, 74.05 W
2025/02/16 20:12:40.284, 74.05 W
2025/02/16 20:12:40.294, 74.05 W
2025/02/16 20:12:40.304, 74.05 W
2025/02/16 20:12:40.314, 74.05 W
2025/02/16 20:12:40.324, 74.05 W
2025/02/16 20:12:40.334, 74.05 W
2025/02/16 20:12:40.344, 74.05 W
2025/02/16 20:12:40.354, 74.05 W
2025/02/16 20:12:40.364, 74.05 W
2025/02/16 20:12:40.374, 74.05 W
2025/02/16 20:12:40.384, 74.05 W
2025/02/16 20:12:40.394, 74.05 W
2025/02/16 20:12:40.405, 74.05 W
2025/02/16 20:12:40.415, 74.05 W
2025/02/16 20:12:40.425, 74.05 W
2025/02/16 20:12:40.435, 74.05 W
2025/02/16 20:12:40.445, 74.05 W
2025/02/16 20:12:40.455, 74.05 W
2025/02/16 20:12:40.465, 74.05 W
2025/02/16 20:12:40.475, 74.05 W
2025/02/16 20:12:40.485, 74.05 W
2025/02/16 20:12:40.495, 74.05 W
2025/02/16 20:12:40.505, 74.05 W
2025/02/16 20:12:40.515, 74.05 W
2025/02/16 20:12:40.525, 74.05 W
2025/02/16 20:12:40.535, 74.05 W
2025/02/16 20:12:40.545, 74.05 W
2025/02/16 20:12:40.556, 74.05 W
2025/02/16 20:12:40.566, 74.05 W
2025/02/16 20:12:40.576, 74.05 W
2025/02/16 20:12:40.586, 74.05 W
2025/02/16 20:12:40.596, 74.05 W
2025/02/16 20:12:40.606, 74.05 W
2025/02/16 20:12:40.616, 74.05 W
2025/02/16 20:12:40.626, 74.05 W
2025/02/16 20:12:40.636, 74.05 W
2025/02/16 20:12:40.646, 74.05 W
2025/02/16 20:12:40.656, 73.96 W
2025/02/16 20:12:40.666, 73.96 W
2025/02/16 20:12:40.676, 73.96 W
2025/02/16 20:12:40.686, 73.96 W
2025/02/16 20:12:40.696, 73.96 W
2025/02/16 20:12:40.706, 73.96 W
2025/02/16 20:12:40.717, 73.96 W
2025/02/16 20:12:40.727, 73.96 W
2025/02/16 20:12:40.737, 73.96 W
2025/02/16 20:12:40.747, 73.96 W
2025/02/16 20:12:40.757, 73.96 W
2025/02/16 20:12:40.767, 73.96 W
2025/02/16 20:12:40.777, 74.05 W
2025/02/16 20:12:40.787, 74.05 W
2025/02/16 20:12:40.797, 74.05 W
2025/02/16 20:12:40.807, 74.05 W
2025/02/16 20:12:40.817, 74.05 W
2025/02/16 20:12:40.827, 74.05 W
2025/02/16 20:12:40.837, 74.05 W
2025/02/16 20:12:40.847, 74.05 W
2025/02/16 20:12:40.857, 74.05 W
2025/02/16 20:12:40.868, 74.05 W
2025/02/16 20:12:40.878, 74.05 W
2025/02/16 20:12:40.888, 74.05 W
2025/02/16 20:12:40.898, 74.05 W
2025/02/16 20:12:40.908, 74.05 W
2025/02/16 20:12:40.918, 74.05 W
2025/02/16 20:12:40.928, 74.05 W
2025/02/16 20:12:40.938, 74.05 W
2025/02/16 20:12:40.948, 74.05 W
2025/02/16 20:12:40.958, 74.05 W
2025/02/16 20:12:40.968, 74.05 W
2025/02/16 20:12:40.978, 74.05 W
2025/02/16 20:12:40.988, 74.05 W
2025/02/16 20:12:40.998, 74.05 W
2025/02/16 20:12:41.008, 74.05 W
2025/02/16 20:12:41.019, 74.05 W
2025/02/16 20:12:41.029, 74.05 W
2025/02/16 20:12:41.039, 74.05 W
2025/02/16 20:12:41.049, 74.05 W
2025/02/16 20:12:41.059, 74.05 W
2025/02/16 20:12:41.069, 74.05 W
2025/02/16 20:12:41.079, 74.05 W
2025/02/16 20:12:41.089, 74.05 W
2025/02/16 20:12:41.099, 74.05 W
2025/02/16 20:12:41.109, 74.05 W
2025/02/16 20:12:41.119, 74.05 W
2025/02/16 20:12:41.129, 74.05 W
2025/02/16 20:12:41.139, 74.05 W
2025/02/16 20:12:41.149, 74.05 W
2025/02/16 20:12:41.159, 74.05 W
2025/02/16 20:12:41.169, 74.05 W
2025/02/16 20:12:41.180, 74.05 W
2025/02/16 20:12:41.190, 74.05 W
2025/02/16 20:12:41.200, 74.05 W
2025/02/16 20:12:41.210, 74.05 W
2025/02/16 20:12:41.220, 74.05 W
2025/02/16 20:12:41.230, 74.05 W
2025/02/16 20:12:41.240, 74.05 W
2025/02/16 20:12:41.250, 74.05 W
2025/02/16 20:12:41.260, 74.05 W
2025/02/16 20:12:41.270, 74.05 W
2025/02/16 20:12:41.280, 74.05 W
2025/02/16 20:12:41.290, 74.05 W
2025/02/16 20:12:41.300, 74.05 W
2025/02/16 20:12:41.310, 74.05 W
2025/02/16 20:12:41.320, 74.05 W
2025/02/16 20:12:41.330, 74.05 W
2025/02/16 20:12:41.341, 74.05 W
2025/02/16 20:12:41.351, 74.05 W
2025/02/16 20:12:41.361, 74.05 W
2025/02/16 20:12:41.371, 74.05 W
2025/02/16 20:12:41.381, 74.05 W
2025/02/16 20:12:41.391, 74.05 W
2025/02/16 20:12:41.401, 74.05 W
2025/02/16 20:12:41.411, 74.05 W
2025/02/16 20:12:41.421, 74.05 W
2025/02/16 20:12:41.431, 74.05 W
2025/02/16 20:12:41.441, 74.05 W
2025/02/16 20:12:41.451, 74.05 W
2025/02/16 20:12:41.461, 74.05 W
2025/02/16 20:12:41.471, 74.05 W
2025/02/16 20:12:41.481, 74.05 W
2025/02/16 20:12:41.492, 74.05 W
2025/02/16 20:12:41.502, 74.05 W
2025/02/16 20:12:41.512, 74.05 W
2025/02/16 20:12:41.522, 74.05 W
2025/02/16 20:12:41.532, 74.05 W
2025/02/16 20:12:41.542, 74.05 W
2025/02/16 20:12:41.552, 74.05 W
2025/02/16 20:12:41.562, 74.05 W
2025/02/16 20:12:41.572, 74.05 W
2025/02/16 20:12:41.582, 74.05 W
2025/02/16 20:12:41.592, 74.05 W
2025/02/16 20:12:41.602, 74.05 W
2025/02/16 20:12:41.612, 74.05 W
2025/02/16 20:12:41.622, 74.05 W
2025/02/16 20:12:41.632, 74.05 W
2025/02/16 20:12:41.642, 74.05 W
2025/02/16 20:12:41.653, 74.05 W
2025/02/16 20:12:41.663, 74.05 W
2025/02/16 20:12:41.673, 74.05 W
2025/02/16 20:12:41.683, 74.05 W
2025/02/16 20:12:41.693, 74.05 W
2025/02/16 20:12:41.703, 74.05 W
2025/02/16 20:12:41.713, 74.05 W
2025/02/16 20:12:41.723, 74.05 W
2025/02/16 20:12:41.733, 74.05 W
2025/02/16 20:12:41.743, 74.05 W
2025/02/16 20:12:41.753, 74.05 W
2025/02/16 20:12:41.763, 74.05 W
2025/02/16 20:12:41.773, 74.05 W
2025/02/16 20:12:41.783, 74.05 W
2025/02/16 20:12:41.794, 74.05 W
2025/02/16 20:12:41.804, 74.05 W
2025/02/16 20:12:41.814, 74.05 W
2025/02/16 20:12:41.824, 74.05 W
2025/02/16 20:12:41.834, 74.05 W
2025/02/16 20:12:41.844, 74.05 W
2025/02/16 20:12:41.854, 74.05 W
2025/02/16 20:12:41.864, 74.05 W
2025/02/16 20:12:41.874, 74.05 W
2025/02/16 20:12:41.884, 74.05 W
2025/02/16 20:12:41.894, 74.05 W
2025/02/16 20:12:41.904, 74.05 W
2025/02/16 20:12:41.914, 74.05 W
2025/02/16 20:12:41.924, 74.05 W
2025/02/16 20:12:41.934, 74.05 W
2025/02/16 20:12:41.944, 74.05 W
2025/02/16 20:12:41.955, 74.05 W
2025/02/16 20:12:41.965, 74.05 W
2025/02/16 20:12:41.975, 74.05 W
2025/02/16 20:12:41.985, 74.05 W
2025/02/16 20:12:41.995, 74.05 W
2025/02/16 20:12:42.005, 74.05 W
2025/02/16 20:12:42.015, 74.05 W
2025/02/16 20:12:42.025, 74.05 W
2025/02/16 20:12:42.035, 74.05 W
2025/02/16 20:12:42.045, 74.05 W
2025/02/16 20:12:42.055, 74.05 W
2025/02/16 20:12:42.065, 74.05 W
2025/02/16 20:12:42.075, 74.05 W
2025/02/16 20:12:42.085, 74.05 W
2025/02/16 20:12:42.095, 74.12 W
2025/02/16 20:12:42.106, 74.12 W
2025/02/16 20:12:42.116, 74.12 W
2025/02/16 20:12:42.126, 74.12 W
2025/02/16 20:12:42.136, 74.12 W
2025/02/16 20:12:42.146, 74.12 W
2025/02/16 20:12:42.156, 74.12 W
2025/02/16 20:12:42.166, 74.12 W
2025/02/16 20:12:42.176, 74.12 W
2025/02/16 20:12:42.186, 74.12 W
2025/02/16 20:12:42.196, 74.12 W
2025/02/16 20:12:42.206, 74.12 W
2025/02/16 20:12:42.216, 74.04 W
2025/02/16 20:12:42.226, 74.04 W
2025/02/16 20:12:42.236, 74.04 W
2025/02/16 20:12:42.246, 74.04 W
2025/02/16 20:12:42.256, 74.04 W
2025/02/16 20:12:42.267, 74.04 W
2025/02/16 20:12:42.277, 74.04 W
2025/02/16 20:12:42.287, 74.04 W
2025/02/16 20:12:42.297, 74.04 W
2025/02/16 20:12:42.307, 74.04 W
2025/02/16 20:12:42.317, 74.04 W
2025/02/16 20:12:42.327, 74.04 W
2025/02/16 20:12:42.337, 74.04 W
2025/02/16 20:12:42.347, 74.04 W
2025/02/16 20:12:42.357, 74.04 W
2025/02/16 20:12:42.367, 74.04 W
2025/02/16 20:12:42.377, 74.04 W
2025/02/16 20:12:42.387, 74.04 W
2025/02/16 20:12:42.397, 74.04 W
2025/02/16 20:12:42.407, 74.04 W
2025/02/16 20:12:42.418, 74.04 W
2025/02/16 20:12:42.428, 74.04 W
2025/02/16 20:12:42.438, 74.04 W
2025/02/16 20:12:42.448, 74.04 W
2025/02/16 20:12:42.458, 74.04 W
2025/02/16 20:12:42.468, 74.04 W
2025/02/16 20:12:42.478, 74.04 W
2025/02/16 20:12:42.488, 74.04 W
2025/02/16 20:12:42.498, 74.04 W
2025/02/16 20:12:42.508, 74.04 W
2025/02/16 20:12:42.518, 74.04 W
2025/02/16 20:12:42.528, 74.04 W
2025/02/16 20:12:42.538, 74.04 W
2025/02/16 20:12:42.548, 74.04 W
2025/02/16 20:12:42.558, 74.04 W
2025/02/16 20:12:42.568, 74.04 W
2025/02/16 20:12:42.579, 74.04 W
2025/02/16 20:12:42.589, 74.04 W
2025/02/16 20:12:42.599, 74.04 W
2025/02/16 20:12:42.609, 74.04 W
2025/02/16 20:12:42.619, 74.04 W
2025/02/16 20:12:42.629, 74.12 W
2025/02/16 20:12:42.639, 74.12 W
2025/02/16 20:12:42.649, 74.12 W
2025/02/16 20:12:42.659, 74.12 W
2025/02/16 20:12:42.669, 74.12 W
2025/02/16 20:12:42.679, 74.12 W
2025/02/16 20:12:42.689, 74.12 W
2025/02/16 20:12:42.699, 74.12 W
2025/02/16 20:12:42.709, 74.12 W
2025/02/16 20:12:42.719, 74.12 W
2025/02/16 20:12:42.730, 74.12 W
2025/02/16 20:12:42.740, 74.12 W
2025/02/16 20:12:42.750, 74.12 W
2025/02/16 20:12:42.760, 74.12 W
2025/02/16 20:12:42.770, 74.12 W
2025/02/16 20:12:42.780, 74.12 W
2025/02/16 20:12:42.790, 74.12 W
2025/02/16 20:12:42.800, 74.12 W
2025/02/16 20:12:42.810, 74.12 W
2025/02/16 20:12:42.820, 74.12 W
2025/02/16 20:12:42.830, 74.04 W
2025/02/16 20:12:42.840, 74.04 W
2025/02/16 20:12:42.850, 74.04 W
2025/02/16 20:12:42.860, 74.04 W
2025/02/16 20:12:42.870, 74.04 W
2025/02/16 20:12:42.880, 74.04 W
2025/02/16 20:12:42.891, 74.04 W
2025/02/16 20:12:42.901, 74.04 W
2025/02/16 20:12:42.911, 74.04 W
2025/02/16 20:12:42.921, 74.04 W
2025/02/16 20:12:42.931, 74.04 W
2025/02/16 20:12:42.941, 74.04 W
2025/02/16 20:12:42.951, 74.04 W
2025/02/16 20:12:42.961, 74.04 W
2025/02/16 20:12:42.971, 74.04 W
2025/02/16 20:12:42.981, 74.04 W
2025/02/16 20:12:42.991, 74.04 W
2025/02/16 20:12:43.001, 74.04 W
2025/02/16 20:12:43.011, 74.04 W
2025/02/16 20:12:43.021, 74.04 W
2025/02/16 20:12:43.031, 74.04 W
2025/02/16 20:12:43.041, 74.04 W
2025/02/16 20:12:43.052, 74.04 W
2025/02/16 20:12:43.062, 74.04 W
2025/02/16 20:12:43.072, 74.04 W
2025/02/16 20:12:43.082, 74.04 W
2025/02/16 20:12:43.092, 74.04 W
2025/02/16 20:12:43.102, 74.04 W
2025/02/16 20:12:43.112, 74.04 W
2025/02/16 20:12:43.122, 74.04 W
2025/02/16 20:12:43.132, 74.04 W
2025/02/16 20:12:43.142, 74.04 W
2025/02/16 20:12:43.152, 74.04 W
2025/02/16 20:12:43.162, 74.04 W
2025/02/16 20:12:43.172, 74.04 W
2025/02/16 20:12:43.182, 74.04 W
2025/02/16 20:12:43.192, 74.04 W
2025/02/16 20:12:43.203, 74.04 W
2025/02/16 20:12:43.213, 74.04 W
2025/02/16 20:12:43.223, 74.04 W
2025/02/16 20:12:43.233, 74.04 W
2025/02/16 20:12:43.243, 73.88 W
2025/02/16 20:12:43.253, 73.88 W
2025/02/16 20:12:43.263, 73.88 W
2025/02/16 20:12:43.273, 73.88 W
2025/02/16 20:12:43.283, 73.88 W
2025/02/16 20:12:43.293, 73.88 W
2025/02/16 20:12:43.303, 73.88 W
2025/02/16 20:12:43.313, 73.88 W
2025/02/16 20:12:43.323, 73.88 W
2025/02/16 20:12:43.333, 73.88 W
2025/02/16 20:12:43.343, 73.88 W
2025/02/16 20:12:43.354, 73.88 W
2025/02/16 20:12:43.364, 73.88 W
2025/02/16 20:12:43.374, 73.88 W
2025/02/16 20:12:43.384, 73.88 W
2025/02/16 20:12:43.394, 73.88 W
2025/02/16 20:12:43.404, 73.88 W
2025/02/16 20:12:43.414, 73.88 W
2025/02/16 20:12:43.424, 73.88 W
2025/02/16 20:12:43.434, 73.88 W
2025/02/16 20:12:43.444, 73.88 W
2025/02/16 20:12:43.454, 73.88 W
2025/02/16 20:12:43.464, 73.88 W
2025/02/16 20:12:43.474, 73.88 W
2025/02/16 20:12:43.484, 73.88 W
2025/02/16 20:12:43.494, 73.88 W
2025/02/16 20:12:43.504, 73.88 W
2025/02/16 20:12:43.515, 73.88 W
2025/02/16 20:12:43.525, 73.79 W
2025/02/16 20:12:43.535, 73.79 W
2025/02/16 20:12:43.545, 73.79 W
2025/02/16 20:12:43.555, 73.79 W
2025/02/16 20:12:43.565, 73.79 W
2025/02/16 20:12:43.575, 73.79 W
2025/02/16 20:12:43.585, 73.79 W
2025/02/16 20:12:43.595, 73.79 W
2025/02/16 20:12:43.605, 73.79 W
2025/02/16 20:12:43.615, 73.79 W
2025/02/16 20:12:43.625, 73.79 W
2025/02/16 20:12:43.635, 73.79 W
2025/02/16 20:12:43.645, 74.12 W
2025/02/16 20:12:43.655, 74.12 W
2025/02/16 20:12:43.665, 74.12 W
2025/02/16 20:12:43.676, 74.12 W
2025/02/16 20:12:43.686, 74.12 W
2025/02/16 20:12:43.696, 74.12 W
2025/02/16 20:12:43.706, 74.12 W
2025/02/16 20:12:43.716, 74.12 W
2025/02/16 20:12:43.726, 74.12 W
2025/02/16 20:12:43.736, 73.96 W
2025/02/16 20:12:43.746, 73.96 W
2025/02/16 20:12:43.756, 73.96 W
2025/02/16 20:12:43.766, 73.96 W
2025/02/16 20:12:43.776, 73.96 W
2025/02/16 20:12:43.786, 73.96 W
2025/02/16 20:12:43.796, 73.96 W
2025/02/16 20:12:43.806, 73.96 W
2025/02/16 20:12:43.816, 73.96 W
2025/02/16 20:12:43.827, 73.96 W
2025/02/16 20:12:43.837, 73.96 W
2025/02/16 20:12:43.847, 73.96 W
2025/02/16 20:12:43.857, 73.88 W
2025/02/16 20:12:43.867, 73.88 W
2025/02/16 20:12:43.877, 73.88 W
2025/02/16 20:12:43.887, 73.88 W
2025/02/16 20:12:43.897, 73.88 W
2025/02/16 20:12:43.907, 73.88 W
2025/02/16 20:12:43.917, 73.88 W
2025/02/16 20:12:43.927, 73.88 W
2025/02/16 20:12:43.937, 74.05 W
2025/02/16 20:12:43.947, 74.05 W
2025/02/16 20:12:43.957, 74.05 W
2025/02/16 20:12:43.967, 74.05 W
2025/02/16 20:12:43.978, 74.05 W
2025/02/16 20:12:43.988, 74.05 W
2025/02/16 20:12:43.998, 74.05 W
2025/02/16 20:12:44.008, 74.05 W
2025/02/16 20:12:44.018, 74.05 W
2025/02/16 20:12:44.028, 74.05 W
2025/02/16 20:12:44.038, 74.05 W
2025/02/16 20:12:44.048, 74.05 W
2025/02/16 20:12:44.058, 74.05 W
2025/02/16 20:12:44.068, 74.05 W
2025/02/16 20:12:44.078, 74.05 W
2025/02/16 20:12:44.088, 74.05 W
2025/02/16 20:12:44.098, 74.05 W
2025/02/16 20:12:44.108, 74.05 W
2025/02/16 20:12:44.118, 74.05 W
2025/02/16 20:12:44.128, 74.05 W
2025/02/16 20:12:44.139, 74.05 W
2025/02/16 20:12:44.149, 74.05 W
2025/02/16 20:12:44.159, 74.05 W
2025/02/16 20:12:44.169, 74.05 W
2025/02/16 20:12:44.179, 74.05 W
2025/02/16 20:12:44.189, 74.05 W
2025/02/16 20:12:44.199, 74.05 W
2025/02/16 20:12:44.209, 74.05 W
2025/02/16 20:12:44.219, 74.05 W
2025/02/16 20:12:44.229, 74.05 W
2025/02/16 20:12:44.239, 74.05 W
2025/02/16 20:12:44.249, 74.05 W
2025/02/16 20:12:44.259, 74.05 W
2025/02/16 20:12:44.269, 74.05 W
2025/02/16 20:12:44.280, 74.05 W
2025/02/16 20:12:44.290, 74.05 W
2025/02/16 20:12:44.300, 74.05 W
2025/02/16 20:12:44.310, 74.05 W
2025/02/16 20:12:44.320, 74.05 W
2025/02/16 20:12:44.330, 74.05 W
2025/02/16 20:12:44.340, 74.05 W
2025/02/16 20:12:44.350, 74.05 W
2025/02/16 20:12:44.360, 74.05 W
2025/02/16 20:12:44.370, 74.05 W
2025/02/16 20:12:44.380, 74.05 W
2025/02/16 20:12:44.390, 74.05 W
2025/02/16 20:12:44.400, 74.05 W
2025/02/16 20:12:44.410, 74.05 W
2025/02/16 20:12:44.420, 74.05 W
2025/02/16 20:12:44.431, 74.05 W
2025/02/16 20:12:44.441, 74.05 W
2025/02/16 20:12:44.451, 74.05 W
2025/02/16 20:12:44.461, 74.05 W
2025/02/16 20:12:44.471, 74.05 W
2025/02/16 20:12:44.481, 74.05 W
2025/02/16 20:12:44.491, 74.05 W
2025/02/16 20:12:44.501, 74.05 W
2025/02/16 20:12:44.511, 74.05 W
2025/02/16 20:12:44.521, 74.05 W
2025/02/16 20:12:44.531, 74.05 W
2025/02/16 20:12:44.541, 74.05 W
2025/02/16 20:12:44.551, 74.05 W
2025/02/16 20:12:44.561, 74.05 W
2025/02/16 20:12:44.571, 74.05 W
2025/02/16 20:12:44.581, 74.05 W
2025/02/16 20:12:44.592, 74.05 W
2025/02/16 20:12:44.602, 74.05 W
2025/02/16 20:12:44.612, 74.05 W
2025/02/16 20:12:44.622, 74.05 W
2025/02/16 20:12:44.632, 74.05 W
2025/02/16 20:12:44.642, 74.05 W
2025/02/16 20:12:44.652, 74.05 W
2025/02/16 20:12:44.662, 74.05 W
2025/02/16 20:12:44.672, 73.76 W
2025/02/16 20:12:44.682, 73.76 W
2025/02/16 20:12:44.692, 73.76 W
2025/02/16 20:12:44.702, 73.76 W
2025/02/16 20:12:44.712, 73.76 W
2025/02/16 20:12:44.722, 73.76 W
2025/02/16 20:12:44.732, 73.76 W
2025/02/16 20:12:44.743, 73.76 W
2025/02/16 20:12:44.753, 73.76 W
2025/02/16 20:12:44.763, 74.05 W
2025/02/16 20:12:44.773, 74.05 W
2025/02/16 20:12:44.783, 74.05 W
2025/02/16 20:12:44.793, 74.05 W
2025/02/16 20:12:44.803, 74.05 W
2025/02/16 20:12:44.813, 74.05 W
2025/02/16 20:12:44.823, 74.05 W
2025/02/16 20:12:44.833, 74.05 W
2025/02/16 20:12:44.843, 74.05 W
2025/02/16 20:12:44.853, 74.05 W
2025/02/16 20:12:44.863, 74.05 W
2025/02/16 20:12:44.873, 74.05 W
2025/02/16 20:12:44.883, 74.05 W
2025/02/16 20:12:44.893, 74.05 W
2025/02/16 20:12:44.904, 74.05 W
2025/02/16 20:12:44.914, 74.05 W
2025/02/16 20:12:44.924, 74.05 W
2025/02/16 20:12:44.934, 74.05 W
2025/02/16 20:12:44.944, 74.05 W
2025/02/16 20:12:44.954, 74.05 W
2025/02/16 20:12:44.964, 74.05 W
2025/02/16 20:12:44.974, 74.05 W
2025/02/16 20:12:44.984, 74.05 W
2025/02/16 20:12:44.994, 74.05 W
2025/02/16 20:12:45.004, 74.05 W
2025/02/16 20:12:45.014, 74.05 W
2025/02/16 20:12:45.024, 74.05 W
2025/02/16 20:12:45.034, 74.05 W
2025/02/16 20:12:45.044, 74.05 W
2025/02/16 20:12:45.055, 74.05 W
2025/02/16 20:12:45.065, 74.05 W
2025/02/16 20:12:45.075, 74.05 W
2025/02/16 20:12:45.085, 74.05 W
2025/02/16 20:12:45.095, 74.05 W
2025/02/16 20:12:45.105, 74.05 W
2025/02/16 20:12:45.115, 74.05 W
2025/02/16 20:12:45.125, 74.05 W
2025/02/16 20:12:45.135, 74.05 W
2025/02/16 20:12:45.145, 74.05 W
2025/02/16 20:12:45.155, 74.05 W
2025/02/16 20:12:45.165, 74.05 W
2025/02/16 20:12:45.175, 74.05 W
2025/02/16 20:12:45.185, 74.05 W
2025/02/16 20:12:45.195, 74.05 W
2025/02/16 20:12:45.205, 74.05 W
2025/02/16 20:12:45.216, 74.05 W
2025/02/16 20:12:45.226, 74.05 W
2025/02/16 20:12:45.236, 74.05 W
2025/02/16 20:12:45.246, 74.05 W
2025/02/16 20:12:45.256, 74.05 W
2025/02/16 20:12:45.266, 74.05 W
2025/02/16 20:12:45.276, 74.05 W
2025/02/16 20:12:45.286, 74.05 W
2025/02/16 20:12:45.296, 74.05 W
2025/02/16 20:12:45.306, 74.05 W
2025/02/16 20:12:45.316, 74.05 W
2025/02/16 20:12:45.326, 74.05 W
2025/02/16 20:12:45.336, 74.05 W
2025/02/16 20:12:45.346, 74.05 W
2025/02/16 20:12:45.356, 74.05 W
2025/02/16 20:12:45.367, 74.05 W
2025/02/16 20:12:45.377, 74.05 W
2025/02/16 20:12:45.387, 74.05 W
2025/02/16 20:12:45.397, 74.05 W
2025/02/16 20:12:45.407, 74.05 W
2025/02/16 20:12:45.417, 74.05 W
2025/02/16 20:12:45.427, 74.05 W
2025/02/16 20:12:45.437, 74.05 W
2025/02/16 20:12:45.447, 74.05 W
2025/02/16 20:12:45.457, 74.05 W
2025/02/16 20:12:45.467, 74.05 W
2025/02/16 20:12:45.477, 74.05 W
2025/02/16 20:12:45.487, 74.05 W
2025/02/16 20:12:45.497, 74.05 W
2025/02/16 20:12:45.507, 74.05 W
2025/02/16 20:12:45.517, 74.05 W
2025/02/16 20:12:45.528, 74.05 W
2025/02/16 20:12:45.538, 74.05 W
2025/02/16 20:12:45.548, 74.05 W
2025/02/16 20:12:45.558, 74.05 W
2025/02/16 20:12:45.568, 74.05 W
2025/02/16 20:12:45.578, 74.05 W
2025/02/16 20:12:45.588, 74.05 W
2025/02/16 20:12:45.598, 74.05 W
2025/02/16 20:12:45.608, 74.05 W
2025/02/16 20:12:45.618, 74.05 W
2025/02/16 20:12:45.628, 74.05 W
2025/02/16 20:12:45.638, 74.05 W
2025/02/16 20:12:45.648, 74.05 W
2025/02/16 20:12:45.658, 74.05 W
2025/02/16 20:12:45.668, 74.05 W
2025/02/16 20:12:45.679, 74.05 W
2025/02/16 20:12:45.689, 74.05 W
2025/02/16 20:12:45.699, 74.05 W
2025/02/16 20:12:45.709, 74.05 W
2025/02/16 20:12:45.719, 74.05 W
2025/02/16 20:12:45.729, 74.05 W
2025/02/16 20:12:45.739, 74.05 W
2025/02/16 20:12:45.749, 74.05 W
2025/02/16 20:12:45.759, 74.05 W
2025/02/16 20:12:45.769, 74.05 W
2025/02/16 20:12:45.779, 74.05 W
2025/02/16 20:12:45.789, 74.05 W
2025/02/16 20:12:45.799, 74.05 W
2025/02/16 20:12:45.809, 74.05 W
2025/02/16 20:12:45.819, 74.05 W
2025/02/16 20:12:45.829, 74.05 W
2025/02/16 20:12:45.840, 74.05 W
2025/02/16 20:12:45.850, 74.05 W
2025/02/16 20:12:45.860, 74.05 W
2025/02/16 20:12:45.870, 74.05 W
2025/02/16 20:12:45.880, 74.05 W
2025/02/16 20:12:45.890, 74.05 W
2025/02/16 20:12:45.900, 74.05 W
2025/02/16 20:12:45.910, 74.05 W
2025/02/16 20:12:45.920, 74.05 W
2025/02/16 20:12:45.930, 74.05 W
2025/02/16 20:12:45.940, 74.05 W
2025/02/16 20:12:45.950, 74.05 W
2025/02/16 20:12:45.960, 74.05 W
2025/02/16 20:12:45.970, 74.05 W
2025/02/16 20:12:45.980, 74.05 W
2025/02/16 20:12:45.991, 74.05 W
2025/02/16 20:12:46.001, 74.05 W
2025/02/16 20:12:46.011, 74.05 W
2025/02/16 20:12:46.021, 74.05 W
2025/02/16 20:12:46.031, 74.05 W
2025/02/16 20:12:46.041, 74.05 W
2025/02/16 20:12:46.051, 74.05 W
2025/02/16 20:12:46.061, 74.05 W
2025/02/16 20:12:46.071, 74.05 W
2025/02/16 20:12:46.081, 74.05 W
2025/02/16 20:12:46.091, 74.05 W
2025/02/16 20:12:46.101, 74.05 W
2025/02/16 20:12:46.111, 74.05 W
2025/02/16 20:12:46.121, 74.05 W
2025/02/16 20:12:46.131, 74.05 W
2025/02/16 20:12:46.142, 74.05 W
2025/02/16 20:12:46.152, 74.05 W
2025/02/16 20:12:46.162, 74.05 W
2025/02/16 20:12:46.172, 74.05 W
2025/02/16 20:12:46.182, 74.05 W
2025/02/16 20:12:46.192, 74.05 W
2025/02/16 20:12:46.202, 74.05 W
2025/02/16 20:12:46.212, 74.05 W
2025/02/16 20:12:46.222, 74.05 W
2025/02/16 20:12:46.232, 74.05 W
2025/02/16 20:12:46.242, 74.05 W
2025/02/16 20:12:46.252, 74.05 W
2025/02/16 20:12:46.262, 74.05 W
2025/02/16 20:12:46.272, 74.05 W
2025/02/16 20:12:46.282, 74.05 W
2025/02/16 20:12:46.292, 74.05 W
2025/02/16 20:12:46.303, 74.05 W
2025/02/16 20:12:46.313, 74.05 W
2025/02/16 20:12:46.323, 74.05 W
2025/02/16 20:12:46.333, 74.05 W
2025/02/16 20:12:46.343, 74.05 W
2025/02/16 20:12:46.353, 74.05 W
2025/02/16 20:12:46.363, 74.05 W
2025/02/16 20:12:46.373, 74.05 W
2025/02/16 20:12:46.383, 74.05 W
2025/02/16 20:12:46.393, 74.05 W
2025/02/16 20:12:46.403, 74.05 W
2025/02/16 20:12:46.413, 74.05 W
2025/02/16 20:12:46.423, 74.05 W
2025/02/16 20:12:46.433, 74.05 W
2025/02/16 20:12:46.443, 74.05 W
2025/02/16 20:12:46.454, 74.05 W
2025/02/16 20:12:46.464, 74.05 W
2025/02/16 20:12:46.474, 74.05 W
2025/02/16 20:12:46.484, 74.05 W
2025/02/16 20:12:46.494, 74.05 W
2025/02/16 20:12:46.504, 74.05 W
2025/02/16 20:12:46.514, 74.05 W
2025/02/16 20:12:46.524, 74.05 W
2025/02/16 20:12:46.534, 74.05 W
2025/02/16 20:12:46.544, 74.05 W
2025/02/16 20:12:46.554, 74.05 W
2025/02/16 20:12:46.564, 74.05 W
2025/02/16 20:12:46.574, 74.05 W
2025/02/16 20:12:46.584, 74.05 W
2025/02/16 20:12:46.594, 74.05 W
2025/02/16 20:12:46.605, 74.05 W
2025/02/16 20:12:46.615, 74.05 W
2025/02/16 20:12:46.625, 74.05 W
2025/02/16 20:12:46.635, 74.05 W
2025/02/16 20:12:46.645, 74.05 W
2025/02/16 20:12:46.655, 74.05 W
2025/02/16 20:12:46.665, 74.05 W
2025/02/16 20:12:46.675, 74.05 W
2025/02/16 20:12:46.685, 74.05 W
2025/02/16 20:12:46.695, 74.05 W
2025/02/16 20:12:46.705, 74.05 W
2025/02/16 20:12:46.715, 74.05 W
2025/02/16 20:12:46.725, 74.05 W
2025/02/16 20:12:46.735, 74.05 W
2025/02/16 20:12:46.745, 74.05 W
2025/02/16 20:12:46.755, 74.05 W
2025/02/16 20:12:46.766, 74.05 W
2025/02/16 20:12:46.776, 74.05 W
2025/02/16 20:12:46.786, 74.05 W
2025/02/16 20:12:46.796, 74.05 W
2025/02/16 20:12:46.806, 74.05 W
2025/02/16 20:12:46.816, 74.05 W
2025/02/16 20:12:46.826, 74.05 W
2025/02/16 20:12:46.836, 74.05 W
2025/02/16 20:12:46.846, 74.05 W
2025/02/16 20:12:46.856, 74.05 W
2025/02/16 20:12:46.866, 74.05 W
2025/02/16 20:12:46.876, 74.05 W
2025/02/16 20:12:46.886, 74.05 W
2025/02/16 20:12:46.896, 74.05 W
2025/02/16 20:12:46.907, 74.05 W
2025/02/16 20:12:46.917, 74.05 W
2025/02/16 20:12:46.927, 74.05 W
2025/02/16 20:12:46.937, 74.05 W
2025/02/16 20:12:46.947, 74.05 W
2025/02/16 20:12:46.957, 74.05 W
2025/02/16 20:12:46.967, 74.05 W
2025/02/16 20:12:46.977, 74.05 W
2025/02/16 20:12:46.987, 74.05 W
2025/02/16 20:12:46.997, 74.05 W
2025/02/16 20:12:47.007, 74.05 W
2025/02/16 20:12:47.017, 74.05 W
2025/02/16 20:12:47.027, 74.05 W
2025/02/16 20:12:47.037, 74.05 W
2025/02/16 20:12:47.047, 74.05 W
2025/02/16 20:12:47.057, 74.05 W
2025/02/16 20:12:47.068, 74.05 W
2025/02/16 20:12:47.078, 74.05 W
2025/02/16 20:12:47.088, 74.05 W
2025/02/16 20:12:47.098, 74.05 W
2025/02/16 20:12:47.108, 74.05 W
2025/02/16 20:12:47.118, 74.05 W
2025/02/16 20:12:47.128, 74.04 W
2025/02/16 20:12:47.138, 74.04 W
2025/02/16 20:12:47.148, 74.04 W
2025/02/16 20:12:47.158, 74.04 W
2025/02/16 20:12:47.168, 74.04 W
2025/02/16 20:12:47.178, 74.04 W
2025/02/16 20:12:47.188, 74.04 W
2025/02/16 20:12:47.198, 74.04 W
2025/02/16 20:12:47.208, 74.04 W
2025/02/16 20:12:47.219, 73.79 W
2025/02/16 20:12:47.229, 73.79 W
2025/02/16 20:12:47.239, 73.79 W
2025/02/16 20:12:47.249, 73.79 W
2025/02/16 20:12:47.259, 73.79 W
2025/02/16 20:12:47.269, 73.79 W
2025/02/16 20:12:47.279, 73.79 W
2025/02/16 20:12:47.289, 73.79 W
2025/02/16 20:12:47.299, 73.79 W
2025/02/16 20:12:47.309, 73.79 W
2025/02/16 20:12:47.319, 74.04 W
2025/02/16 20:12:47.329, 74.04 W
2025/02/16 20:12:47.339, 74.04 W
2025/02/16 20:12:47.349, 74.04 W
2025/02/16 20:12:47.359, 74.04 W
2025/02/16 20:12:47.370, 74.04 W
2025/02/16 20:12:47.380, 74.04 W
2025/02/16 20:12:47.390, 74.04 W
2025/02/16 20:12:47.400, 74.04 W
2025/02/16 20:12:47.410, 74.04 W
2025/02/16 20:12:47.420, 74.04 W
2025/02/16 20:12:47.430, 74.04 W
2025/02/16 20:12:47.440, 74.04 W
2025/02/16 20:12:47.450, 74.04 W
2025/02/16 20:12:47.460, 74.04 W
2025/02/16 20:12:47.470, 74.04 W
2025/02/16 20:12:47.480, 74.04 W
2025/02/16 20:12:47.490, 74.04 W
2025/02/16 20:12:47.500, 74.04 W
2025/02/16 20:12:47.510, 74.04 W
2025/02/16 20:12:47.520, 74.04 W
2025/02/16 20:12:47.530, 74.04 W
2025/02/16 20:12:47.541, 73.88 W
2025/02/16 20:12:47.551, 73.88 W
2025/02/16 20:12:47.561, 73.88 W
2025/02/16 20:12:47.571, 73.88 W
2025/02/16 20:12:47.581, 73.88 W
2025/02/16 20:12:47.591, 73.88 W
2025/02/16 20:12:47.601, 73.88 W
2025/02/16 20:12:47.611, 73.88 W
2025/02/16 20:12:47.621, 74.12 W
2025/02/16 20:12:47.631, 74.12 W
2025/02/16 20:12:47.641, 74.12 W
2025/02/16 20:12:47.651, 74.12 W
2025/02/16 20:12:47.661, 74.12 W
2025/02/16 20:12:47.671, 74.12 W
2025/02/16 20:12:47.681, 74.12 W
2025/02/16 20:12:47.692, 74.12 W
2025/02/16 20:12:47.702, 74.12 W
2025/02/16 20:12:47.712, 74.12 W
2025/02/16 20:12:47.722, 74.12 W
2025/02/16 20:12:47.732, 74.12 W
2025/02/16 20:12:47.742, 73.79 W
2025/02/16 20:12:47.752, 73.79 W
2025/02/16 20:12:47.762, 73.79 W
2025/02/16 20:12:47.772, 73.79 W
2025/02/16 20:12:47.782, 73.79 W
2025/02/16 20:12:47.792, 73.79 W
2025/02/16 20:12:47.802, 73.79 W
2025/02/16 20:12:47.812, 73.79 W
2025/02/16 20:12:47.822, 73.79 W
2025/02/16 20:12:47.833, 73.79 W
2025/02/16 20:12:47.843, 73.79 W
2025/02/16 20:12:47.853, 73.79 W
2025/02/16 20:12:47.863, 73.79 W
2025/02/16 20:12:47.873, 73.79 W
2025/02/16 20:12:47.883, 73.79 W
2025/02/16 20:12:47.893, 73.79 W
2025/02/16 20:12:47.903, 73.79 W
2025/02/16 20:12:47.913, 73.79 W
2025/02/16 20:12:47.923, 73.79 W
2025/02/16 20:12:47.933, 73.79 W
2025/02/16 20:12:47.943, 73.79 W
2025/02/16 20:12:47.953, 73.79 W
2025/02/16 20:12:47.963, 73.79 W
2025/02/16 20:12:47.974, 73.79 W
2025/02/16 20:12:47.984, 73.79 W
2025/02/16 20:12:47.994, 73.79 W
2025/02/16 20:12:48.004, 73.79 W
2025/02/16 20:12:48.014, 73.79 W
2025/02/16 20:12:48.024, 73.79 W
2025/02/16 20:12:48.034, 73.79 W
2025/02/16 20:12:48.044, 73.79 W
2025/02/16 20:12:48.054, 73.79 W
2025/02/16 20:12:48.064, 73.79 W
2025/02/16 20:12:48.074, 73.79 W
2025/02/16 20:12:48.084, 73.79 W
2025/02/16 20:12:48.094, 73.79 W
2025/02/16 20:12:48.104, 73.79 W
2025/02/16 20:12:48.114, 73.79 W
2025/02/16 20:12:48.125, 73.79 W
2025/02/16 20:12:48.135, 73.79 W
2025/02/16 20:12:48.145, 73.79 W
2025/02/16 20:12:48.155, 73.79 W
2025/02/16 20:12:48.165, 73.79 W
2025/02/16 20:12:48.175, 73.79 W
2025/02/16 20:12:48.185, 73.79 W
2025/02/16 20:12:48.195, 73.79 W
2025/02/16 20:12:48.205, 73.79 W
2025/02/16 20:12:48.215, 73.79 W
2025/02/16 20:12:48.225, 73.79 W
2025/02/16 20:12:48.235, 73.79 W
2025/02/16 20:12:48.245, 73.79 W
2025/02/16 20:12:48.255, 73.79 W
2025/02/16 20:12:48.265, 73.79 W
2025/02/16 20:12:48.275, 73.79 W
2025/02/16 20:12:48.286, 73.79 W
2025/02/16 20:12:48.296, 73.79 W
2025/02/16 20:12:48.306, 73.79 W
2025/02/16 20:12:48.316, 73.79 W
2025/02/16 20:12:48.326, 73.79 W
2025/02/16 20:12:48.336, 73.79 W
2025/02/16 20:12:48.346, 74.12 W
2025/02/16 20:12:48.356, 74.12 W
2025/02/16 20:12:48.366, 74.12 W
2025/02/16 20:12:48.376, 74.12 W
2025/02/16 20:12:48.386, 74.12 W
2025/02/16 20:12:48.396, 74.12 W
2025/02/16 20:12:48.406, 74.12 W
2025/02/16 20:12:48.416, 74.12 W
2025/02/16 20:12:48.426, 74.12 W
2025/02/16 20:12:48.437, 74.12 W
2025/02/16 20:12:48.447, 74.04 W
2025/02/16 20:12:48.457, 74.04 W
2025/02/16 20:12:48.467, 74.04 W
2025/02/16 20:12:48.477, 74.04 W
2025/02/16 20:12:48.487, 74.04 W
2025/02/16 20:12:48.497, 74.04 W
2025/02/16 20:12:48.507, 74.04 W
2025/02/16 20:12:48.517, 74.04 W
2025/02/16 20:12:48.527, 74.04 W
2025/02/16 20:12:48.537, 74.04 W
2025/02/16 20:12:48.547, 74.04 W
2025/02/16 20:12:48.557, 74.04 W
2025/02/16 20:12:48.567, 74.04 W
2025/02/16 20:12:48.577, 74.04 W
2025/02/16 20:12:48.588, 74.04 W
2025/02/16 20:12:48.598, 74.04 W
2025/02/16 20:12:48.608, 74.04 W
2025/02/16 20:12:48.618, 74.04 W
2025/02/16 20:12:48.628, 74.04 W
2025/02/16 20:12:48.638, 74.04 W
2025/02/16 20:12:48.648, 74.04 W
2025/02/16 20:12:48.658, 74.04 W
2025/02/16 20:12:48.668, 74.04 W
2025/02/16 20:12:48.678, 74.04 W
2025/02/16 20:12:48.688, 74.04 W
2025/02/16 20:12:48.698, 74.04 W
2025/02/16 20:12:48.708, 74.04 W
2025/02/16 20:12:48.718, 74.04 W
2025/02/16 20:12:48.728, 74.04 W
2025/02/16 20:12:48.738, 74.04 W
2025/02/16 20:12:48.749, 74.04 W
2025/02/16 20:12:48.759, 74.04 W
2025/02/16 20:12:48.769, 73.88 W
2025/02/16 20:12:48.779, 73.88 W
2025/02/16 20:12:48.789, 73.88 W
2025/02/16 20:12:48.799, 73.88 W
2025/02/16 20:12:48.809, 73.88 W
2025/02/16 20:12:48.819, 73.88 W
2025/02/16 20:12:48.829, 73.88 W
2025/02/16 20:12:48.839, 73.88 W
2025/02/16 20:12:48.849, 73.96 W
2025/02/16 20:12:48.859, 73.96 W
2025/02/16 20:12:48.869, 73.96 W
2025/02/16 20:12:48.879, 73.96 W
2025/02/16 20:12:48.889, 73.96 W
2025/02/16 20:12:48.900, 73.96 W
2025/02/16 20:12:48.910, 73.96 W
2025/02/16 20:12:48.920, 73.96 W
2025/02/16 20:12:48.930, 73.96 W
2025/02/16 20:12:48.940, 73.96 W
2025/02/16 20:12:48.950, 73.96 W
2025/02/16 20:12:48.960, 73.96 W
2025/02/16 20:12:48.970, 74.05 W
2025/02/16 20:12:48.980, 74.05 W
2025/02/16 20:12:48.990, 74.05 W
2025/02/16 20:12:49.000, 74.05 W
2025/02/16 20:12:49.010, 74.05 W
2025/02/16 20:12:49.020, 74.05 W
2025/02/16 20:12:49.030, 74.05 W
2025/02/16 20:12:49.040, 74.05 W
2025/02/16 20:12:49.050, 74.05 W
2025/02/16 20:12:49.061, 74.05 W
2025/02/16 20:12:49.071, 74.05 W
2025/02/16 20:12:49.081, 74.05 W
2025/02/16 20:12:49.091, 74.05 W
2025/02/16 20:12:49.101, 74.05 W
2025/02/16 20:12:49.111, 74.05 W
2025/02/16 20:12:49.121, 74.05 W
2025/02/16 20:12:49.131, 74.05 W
2025/02/16 20:12:49.141, 74.05 W
2025/02/16 20:12:49.151, 74.05 W
2025/02/16 20:12:49.161, 74.05 W
2025/02/16 20:12:49.171, 74.05 W
2025/02/16 20:12:49.181, 74.05 W
2025/02/16 20:12:49.191, 74.05 W
2025/02/16 20:12:49.201, 74.05 W
2025/02/16 20:12:49.212, 74.05 W
2025/02/16 20:12:49.222, 74.05 W
2025/02/16 20:12:49.232, 74.05 W
2025/02/16 20:12:49.242, 74.05 W
2025/02/16 20:12:49.252, 74.05 W
2025/02/16 20:12:49.262, 74.05 W
2025/02/16 20:12:49.272, 74.05 W
2025/02/16 20:12:49.282, 74.05 W
2025/02/16 20:12:49.292, 74.05 W
2025/02/16 20:12:49.302, 74.05 W
2025/02/16 20:12:49.312, 74.05 W
2025/02/16 20:12:49.322, 74.05 W
2025/02/16 20:12:49.332, 74.05 W
2025/02/16 20:12:49.342, 74.05 W
2025/02/16 20:12:49.352, 74.05 W
2025/02/16 20:12:49.362, 74.05 W
2025/02/16 20:12:49.373, 74.05 W
2025/02/16 20:12:49.383, 74.05 W
2025/02/16 20:12:49.393, 74.05 W
2025/02/16 20:12:49.403, 74.05 W
2025/02/16 20:12:49.413, 74.05 W
2025/02/16 20:12:49.423, 74.05 W
2025/02/16 20:12:49.433, 74.05 W
2025/02/16 20:12:49.443, 74.05 W
2025/02/16 20:12:49.453, 74.05 W
2025/02/16 20:12:49.463, 74.05 W
2025/02/16 20:12:49.473, 74.05 W
2025/02/16 20:12:49.483, 74.05 W
2025/02/16 20:12:49.493, 74.05 W
2025/02/16 20:12:49.503, 74.05 W
2025/02/16 20:12:49.513, 74.05 W
2025/02/16 20:12:49.524, 74.05 W
2025/02/16 20:12:49.534, 74.05 W
2025/02/16 20:12:49.544, 74.05 W
2025/02/16 20:12:49.554, 74.05 W
2025/02/16 20:12:49.564, 74.05 W
2025/02/16 20:12:49.574, 74.05 W
2025/02/16 20:12:49.584, 74.05 W
2025/02/16 20:12:49.594, 74.05 W
2025/02/16 20:12:49.604, 74.05 W
2025/02/16 20:12:49.614, 74.05 W
2025/02/16 20:12:49.624, 74.05 W
2025/02/16 20:12:49.634, 74.05 W
2025/02/16 20:12:49.644, 74.05 W
2025/02/16 20:12:49.654, 74.05 W
2025/02/16 20:12:49.664, 74.05 W
2025/02/16 20:12:49.674, 74.05 W
2025/02/16 20:12:49.685, 74.05 W
2025/02/16 20:12:49.695, 74.05 W
2025/02/16 20:12:49.705, 74.05 W
2025/02/16 20:12:49.715, 74.05 W
2025/02/16 20:12:49.725, 74.05 W
2025/02/16 20:12:49.735, 74.05 W
2025/02/16 20:12:49.745, 74.05 W
2025/02/16 20:12:49.755, 74.05 W
2025/02/16 20:12:49.765, 74.05 W
2025/02/16 20:12:49.775, 74.05 W
2025/02/16 20:12:49.785, 74.05 W
2025/02/16 20:12:49.795, 74.05 W
2025/02/16 20:12:49.805, 74.05 W
2025/02/16 20:12:49.815, 74.05 W
2025/02/16 20:12:49.825, 74.05 W
2025/02/16 20:12:49.836, 74.05 W
2025/02/16 20:12:49.846, 74.05 W
2025/02/16 20:12:49.856, 74.05 W
2025/02/16 20:12:49.866, 74.05 W
2025/02/16 20:12:49.876, 74.05 W
2025/02/16 20:12:49.886, 74.05 W
2025/02/16 20:12:49.896, 74.05 W
2025/02/16 20:12:49.906, 74.05 W
2025/02/16 20:12:49.916, 74.05 W
2025/02/16 20:12:49.926, 74.05 W
2025/02/16 20:12:49.936, 74.05 W
2025/02/16 20:12:49.946, 74.05 W
2025/02/16 20:12:49.956, 74.05 W
2025/02/16 20:12:49.966, 74.05 W
2025/02/16 20:12:49.976, 74.05 W
2025/02/16 20:12:49.986, 74.05 W
2025/02/16 20:12:49.997, 74.05 W
2025/02/16 20:12:50.007, 74.05 W
2025/02/16 20:12:50.017, 74.05 W
2025/02/16 20:12:50.027, 74.05 W
2025/02/16 20:12:50.037, 74.05 W
2025/02/16 20:12:50.047, 74.05 W
2025/02/16 20:12:50.057, 74.05 W
2025/02/16 20:12:50.067, 74.05 W
2025/02/16 20:12:50.077, 74.05 W
2025/02/16 20:12:50.087, 74.05 W
2025/02/16 20:12:50.097, 74.05 W
2025/02/16 20:12:50.107, 74.05 W
2025/02/16 20:12:50.117, 74.05 W
2025/02/16 20:12:50.127, 74.05 W
2025/02/16 20:12:50.137, 74.05 W
2025/02/16 20:12:50.148, 74.05 W
2025/02/16 20:12:50.158, 74.05 W
2025/02/16 20:12:50.168, 74.05 W
2025/02/16 20:12:50.178, 74.05 W
2025/02/16 20:12:50.188, 74.05 W
2025/02/16 20:12:50.198, 74.05 W
2025/02/16 20:12:50.208, 74.05 W
2025/02/16 20:12:50.218, 74.05 W
2025/02/16 20:12:50.228, 74.05 W
2025/02/16 20:12:50.238, 74.05 W
2025/02/16 20:12:50.248, 74.05 W
2025/02/16 20:12:50.258, 74.05 W
2025/02/16 20:12:50.268, 74.05 W
2025/02/16 20:12:50.278, 74.05 W
2025/02/16 20:12:50.288, 74.05 W
2025/02/16 20:12:50.298, 74.05 W
2025/02/16 20:12:50.309, 74.05 W
2025/02/16 20:12:50.319, 74.05 W
2025/02/16 20:12:50.329, 74.05 W
2025/02/16 20:12:50.339, 74.05 W
2025/02/16 20:12:50.349, 74.05 W
2025/02/16 20:12:50.359, 74.05 W
2025/02/16 20:12:50.369, 74.05 W
2025/02/16 20:12:50.379, 74.05 W
2025/02/16 20:12:50.389, 74.05 W
2025/02/16 20:12:50.399, 74.05 W
2025/02/16 20:12:50.409, 74.05 W
2025/02/16 20:12:50.419, 74.05 W
2025/02/16 20:12:50.429, 74.05 W
2025/02/16 20:12:50.439, 74.05 W
2025/02/16 20:12:50.449, 74.05 W
2025/02/16 20:12:50.460, 74.05 W
2025/02/16 20:12:50.470, 74.05 W
2025/02/16 20:12:50.480, 74.05 W
2025/02/16 20:12:50.490, 74.05 W
2025/02/16 20:12:50.500, 74.05 W
2025/02/16 20:12:50.510, 74.05 W
2025/02/16 20:12:50.520, 74.05 W
2025/02/16 20:12:50.530, 74.05 W
2025/02/16 20:12:50.540, 74.05 W
2025/02/16 20:12:50.550, 74.05 W
2025/02/16 20:12:50.560, 74.05 W
2025/02/16 20:12:50.570, 74.05 W
2025/02/16 20:12:50.580, 74.05 W
2025/02/16 20:12:50.590, 74.05 W
2025/02/16 20:12:50.600, 74.05 W
2025/02/16 20:12:50.611, 74.05 W
2025/02/16 20:12:50.621, 74.05 W
2025/02/16 20:12:50.631, 74.05 W
2025/02/16 20:12:50.641, 74.05 W
2025/02/16 20:12:50.651, 74.05 W
2025/02/16 20:12:50.661, 74.05 W
2025/02/16 20:12:50.671, 74.05 W
2025/02/16 20:12:50.681, 74.05 W
2025/02/16 20:12:50.691, 74.05 W
2025/02/16 20:12:50.701, 74.05 W
2025/02/16 20:12:50.711, 74.05 W
2025/02/16 20:12:50.721, 74.05 W
2025/02/16 20:12:50.731, 74.05 W
2025/02/16 20:12:50.741, 74.05 W
2025/02/16 20:12:50.751, 74.05 W
2025/02/16 20:12:50.762, 74.05 W
2025/02/16 20:12:50.772, 74.05 W
2025/02/16 20:12:50.782, 74.05 W
2025/02/16 20:12:50.792, 74.05 W
2025/02/16 20:12:50.802, 74.05 W
2025/02/16 20:12:50.812, 74.05 W
2025/02/16 20:12:50.822, 74.05 W
2025/02/16 20:12:50.832, 74.05 W
2025/02/16 20:12:50.842, 74.05 W
2025/02/16 20:12:50.852, 74.05 W
2025/02/16 20:12:50.862, 74.05 W
2025/02/16 20:12:50.872, 74.05 W
2025/02/16 20:12:50.882, 74.05 W
2025/02/16 20:12:50.892, 74.05 W
2025/02/16 20:12:50.902, 74.05 W
2025/02/16 20:12:50.912, 74.05 W
2025/02/16 20:12:50.923, 74.05 W
2025/02/16 20:12:50.933, 74.05 W
2025/02/16 20:12:50.943, 74.05 W
2025/02/16 20:12:50.953, 74.05 W
2025/02/16 20:12:50.963, 74.05 W
2025/02/16 20:12:50.973, 74.05 W
2025/02/16 20:12:50.983, 74.05 W
2025/02/16 20:12:50.993, 74.05 W
2025/02/16 20:12:51.003, 74.05 W
2025/02/16 20:12:51.013, 74.05 W
2025/02/16 20:12:51.023, 74.05 W
2025/02/16 20:12:51.033, 74.05 W
2025/02/16 20:12:51.043, 74.05 W
2025/02/16 20:12:51.053, 74.05 W
2025/02/16 20:12:51.063, 74.05 W
2025/02/16 20:12:51.073, 74.05 W
2025/02/16 20:12:51.084, 74.05 W
2025/02/16 20:12:51.094, 74.05 W
2025/02/16 20:12:51.104, 74.05 W
2025/02/16 20:12:51.114, 74.05 W
2025/02/16 20:12:51.124, 74.05 W
2025/02/16 20:12:51.134, 74.05 W
2025/02/16 20:12:51.144, 74.05 W
2025/02/16 20:12:51.154, 74.05 W
2025/02/16 20:12:51.164, 74.05 W
2025/02/16 20:12:51.174, 74.05 W
2025/02/16 20:12:51.184, 74.05 W
2025/02/16 20:12:51.194, 74.05 W
2025/02/16 20:12:51.204, 74.05 W
2025/02/16 20:12:51.214, 74.05 W
2025/02/16 20:12:51.224, 74.05 W
2025/02/16 20:12:51.235, 74.05 W
2025/02/16 20:12:51.245, 74.05 W
2025/02/16 20:12:51.255, 74.05 W
2025/02/16 20:12:51.265, 74.05 W
2025/02/16 20:12:51.275, 74.05 W
2025/02/16 20:12:51.285, 74.05 W
2025/02/16 20:12:51.295, 74.05 W
2025/02/16 20:12:51.305, 74.05 W
2025/02/16 20:12:51.315, 74.05 W
2025/02/16 20:12:51.325, 74.05 W
2025/02/16 20:12:51.335, 74.05 W
2025/02/16 20:12:51.345, 74.05 W
2025/02/16 20:12:51.355, 74.05 W
2025/02/16 20:12:51.365, 74.05 W
2025/02/16 20:12:51.375, 74.05 W
2025/02/16 20:12:51.386, 74.05 W
2025/02/16 20:12:51.396, 74.05 W
2025/02/16 20:12:51.406, 74.05 W
2025/02/16 20:12:51.416, 74.05 W
2025/02/16 20:12:51.426, 74.05 W
2025/02/16 20:12:51.436, 74.05 W
2025/02/16 20:12:51.446, 74.05 W
2025/02/16 20:12:51.456, 74.05 W
2025/02/16 20:12:51.466, 74.05 W
2025/02/16 20:12:51.476, 74.05 W
2025/02/16 20:12:51.486, 74.05 W
2025/02/16 20:12:51.496, 74.05 W
2025/02/16 20:12:51.506, 74.05 W
2025/02/16 20:12:51.516, 74.05 W
2025/02/16 20:12:51.526, 74.05 W
2025/02/16 20:12:51.536, 74.05 W
2025/02/16 20:12:51.547, 74.05 W
2025/02/16 20:12:51.557, 74.05 W
2025/02/16 20:12:51.567, 74.05 W
2025/02/16 20:12:51.577, 74.05 W
2025/02/16 20:12:51.587, 74.05 W
2025/02/16 20:12:51.597, 74.05 W
2025/02/16 20:12:51.607, 74.05 W
2025/02/16 20:12:51.617, 74.05 W
2025/02/16 20:12:51.627, 74.05 W
2025/02/16 20:12:51.637, 74.05 W
2025/02/16 20:12:51.647, 74.05 W
2025/02/16 20:12:51.657, 74.05 W
2025/02/16 20:12:51.667, 74.05 W
2025/02/16 20:12:51.677, 74.05 W
2025/02/16 20:12:51.687, 74.05 W
2025/02/16 20:12:51.698, 74.05 W
2025/02/16 20:12:51.708, 74.05 W
2025/02/16 20:12:51.718, 74.05 W
2025/02/16 20:12:51.728, 74.05 W
2025/02/16 20:12:51.738, 74.05 W
2025/02/16 20:12:51.748, 74.05 W
2025/02/16 20:12:51.758, 74.05 W
2025/02/16 20:12:51.768, 74.05 W
2025/02/16 20:12:51.778, 74.05 W
2025/02/16 20:12:51.788, 74.05 W
2025/02/16 20:12:51.798, 74.05 W
2025/02/16 20:12:51.808, 74.05 W
2025/02/16 20:12:51.818, 74.05 W
2025/02/16 20:12:51.828, 74.05 W
2025/02/16 20:12:51.838, 74.05 W
2025/02/16 20:12:51.848, 74.05 W
2025/02/16 20:12:51.859, 74.05 W
2025/02/16 20:12:51.869, 74.05 W
2025/02/16 20:12:51.879, 74.05 W
2025/02/16 20:12:51.889, 74.05 W
2025/02/16 20:12:51.899, 74.05 W
2025/02/16 20:12:51.909, 74.05 W
2025/02/16 20:12:51.919, 74.05 W
2025/02/16 20:12:51.929, 73.88 W
2025/02/16 20:12:51.939, 73.88 W
2025/02/16 20:12:51.949, 73.88 W
2025/02/16 20:12:51.959, 73.88 W
2025/02/16 20:12:51.969, 73.88 W
2025/02/16 20:12:51.979, 73.88 W
2025/02/16 20:12:51.989, 73.88 W
2025/02/16 20:12:51.999, 73.88 W
2025/02/16 20:12:52.009, 73.88 W
2025/02/16 20:12:52.020, 73.88 W
2025/02/16 20:12:52.030, 73.88 W
2025/02/16 20:12:52.040, 73.88 W
2025/02/16 20:12:52.050, 74.04 W
2025/02/16 20:12:52.060, 74.04 W
2025/02/16 20:12:52.070, 74.04 W
2025/02/16 20:12:52.080, 74.04 W
2025/02/16 20:12:52.090, 74.04 W
2025/02/16 20:12:52.100, 74.04 W
2025/02/16 20:12:52.110, 74.04 W
2025/02/16 20:12:52.120, 74.04 W
2025/02/16 20:12:52.130, 74.04 W
2025/02/16 20:12:52.140, 74.04 W
2025/02/16 20:12:52.150, 74.04 W
2025/02/16 20:12:52.160, 74.04 W
2025/02/16 20:12:52.171, 74.04 W
2025/02/16 20:12:52.181, 74.04 W
2025/02/16 20:12:52.191, 74.04 W
2025/02/16 20:12:52.201, 74.04 W
2025/02/16 20:12:52.211, 74.04 W
2025/02/16 20:12:52.221, 74.04 W
2025/02/16 20:12:52.231, 74.04 W
2025/02/16 20:12:52.241, 74.04 W
2025/02/16 20:12:52.251, 73.79 W
2025/02/16 20:12:52.261, 73.79 W
2025/02/16 20:12:52.271, 73.79 W
2025/02/16 20:12:52.281, 73.79 W
2025/02/16 20:12:52.291, 73.79 W
2025/02/16 20:12:52.301, 73.79 W
2025/02/16 20:12:52.311, 73.79 W
2025/02/16 20:12:52.322, 73.79 W
2025/02/16 20:12:52.332, 73.79 W
2025/02/16 20:12:52.342, 73.79 W
2025/02/16 20:12:52.352, 74.04 W
2025/02/16 20:12:52.362, 74.04 W
2025/02/16 20:12:52.372, 74.04 W
2025/02/16 20:12:52.382, 74.04 W
2025/02/16 20:12:52.392, 74.04 W
2025/02/16 20:12:52.402, 74.04 W
2025/02/16 20:12:52.412, 74.04 W
2025/02/16 20:12:52.422, 74.04 W
2025/02/16 20:12:52.432, 74.12 W
2025/02/16 20:12:52.442, 74.12 W
2025/02/16 20:12:52.452, 74.12 W
2025/02/16 20:12:52.462, 74.12 W
2025/02/16 20:12:52.472, 74.12 W
2025/02/16 20:12:52.483, 74.12 W
2025/02/16 20:12:52.493, 74.12 W
2025/02/16 20:12:52.503, 74.12 W
2025/02/16 20:12:52.513, 74.12 W
2025/02/16 20:12:52.523, 74.12 W
2025/02/16 20:12:52.533, 74.12 W
2025/02/16 20:12:52.543, 74.04 W
2025/02/16 20:12:52.553, 74.04 W
2025/02/16 20:12:52.563, 74.04 W
2025/02/16 20:12:52.573, 74.04 W
2025/02/16 20:12:52.583, 74.04 W
2025/02/16 20:12:52.593, 74.04 W
2025/02/16 20:12:52.603, 74.04 W
2025/02/16 20:12:52.613, 74.04 W
2025/02/16 20:12:52.623, 74.04 W
2025/02/16 20:12:52.633, 74.04 W
2025/02/16 20:12:52.644, 74.04 W
2025/02/16 20:12:52.654, 74.04 W
2025/02/16 20:12:52.664, 73.96 W
2025/02/16 20:12:52.674, 73.96 W
2025/02/16 20:12:52.684, 73.96 W
2025/02/16 20:12:52.694, 73.96 W
2025/02/16 20:12:52.704, 73.96 W
2025/02/16 20:12:52.714, 73.96 W
2025/02/16 20:12:52.724, 73.96 W
2025/02/16 20:12:52.734, 73.96 W
2025/02/16 20:12:52.744, 74.04 W
2025/02/16 20:12:52.754, 74.04 W
2025/02/16 20:12:52.764, 74.04 W
2025/02/16 20:12:52.774, 74.04 W
2025/02/16 20:12:52.784, 74.04 W
2025/02/16 20:12:52.795, 74.04 W
2025/02/16 20:12:52.805, 74.04 W
2025/02/16 20:12:52.815, 74.04 W
2025/02/16 20:12:52.825, 74.04 W
2025/02/16 20:12:52.835, 74.04 W
2025/02/16 20:12:52.845, 74.04 W
2025/02/16 20:12:52.855, 74.04 W
2025/02/16 20:12:52.865, 74.04 W
2025/02/16 20:12:52.875, 74.04 W
2025/02/16 20:12:52.885, 74.04 W
2025/02/16 20:12:52.895, 74.04 W
2025/02/16 20:12:52.905, 74.04 W
2025/02/16 20:12:52.915, 74.04 W
2025/02/16 20:12:52.925, 74.04 W
2025/02/16 20:12:52.941, 74.04 W
2025/02/16 20:12:52.951, 73.95 W
2025/02/16 20:12:52.961, 73.95 W
2025/02/16 20:12:52.971, 73.95 W
2025/02/16 20:12:52.981, 73.95 W
2025/02/16 20:12:52.991, 73.95 W
2025/02/16 20:12:53.001, 73.95 W
2025/02/16 20:12:53.011, 73.95 W
2025/02/16 20:12:53.021, 73.95 W
2025/02/16 20:12:53.031, 73.95 W
2025/02/16 20:12:53.041, 73.95 W
2025/02/16 20:12:53.051, 73.95 W
2025/02/16 20:12:53.061, 73.95 W
2025/02/16 20:12:53.071, 73.50 W
2025/02/16 20:12:53.082, 73.50 W
2025/02/16 20:12:53.092, 73.50 W
2025/02/16 20:12:53.102, 73.50 W
2025/02/16 20:12:53.112, 73.50 W
2025/02/16 20:12:53.122, 73.50 W
2025/02/16 20:12:53.132, 73.50 W
2025/02/16 20:12:53.142, 73.50 W
2025/02/16 20:12:53.152, 73.50 W
2025/02/16 20:12:53.162, 73.50 W
2025/02/16 20:12:53.172, 73.50 W
2025/02/16 20:12:53.182, 73.50 W
2025/02/16 20:12:53.192, 73.50 W
2025/02/16 20:12:53.202, 73.50 W
2025/02/16 20:12:53.212, 73.50 W
2025/02/16 20:12:53.222, 73.50 W
2025/02/16 20:12:53.233, 73.50 W
2025/02/16 20:12:53.243, 73.50 W
2025/02/16 20:12:53.253, 73.50 W
2025/02/16 20:12:53.263, 73.50 W
2025/02/16 20:12:53.273, 73.59 W
2025/02/16 20:12:53.283, 73.59 W
2025/02/16 20:12:53.293, 73.59 W
2025/02/16 20:12:53.303, 73.59 W
2025/02/16 20:12:53.313, 73.59 W
2025/02/16 20:12:53.323, 73.59 W
2025/02/16 20:12:53.333, 73.59 W
2025/02/16 20:12:53.343, 73.59 W
2025/02/16 20:12:53.353, 73.59 W
2025/02/16 20:12:53.363, 73.59 W
2025/02/16 20:12:53.373, 73.50 W
2025/02/16 20:12:53.383, 73.50 W
2025/02/16 20:12:53.394, 73.50 W
2025/02/16 20:12:53.404, 73.50 W
2025/02/16 20:12:53.414, 73.50 W
2025/02/16 20:12:53.424, 73.50 W
2025/02/16 20:12:53.434, 73.50 W
2025/02/16 20:12:53.444, 73.50 W
2025/02/16 20:12:53.454, 73.50 W
2025/02/16 20:12:53.464, 73.50 W
2025/02/16 20:12:53.474, 73.50 W
2025/02/16 20:12:53.484, 73.50 W
2025/02/16 20:12:53.494, 73.50 W
2025/02/16 20:12:53.504, 73.50 W
2025/02/16 20:12:53.514, 73.50 W
2025/02/16 20:12:53.524, 73.50 W
2025/02/16 20:12:53.534, 73.50 W
2025/02/16 20:12:53.544, 73.50 W
2025/02/16 20:12:53.555, 73.50 W
2025/02/16 20:12:53.565, 73.79 W
2025/02/16 20:12:53.575, 73.79 W
2025/02/16 20:12:53.585, 73.79 W
2025/02/16 20:12:53.595, 73.79 W
2025/02/16 20:12:53.605, 73.79 W
2025/02/16 20:12:53.615, 73.79 W
2025/02/16 20:12:53.625, 73.79 W
2025/02/16 20:12:53.635, 73.79 W
2025/02/16 20:12:53.645, 73.79 W
2025/02/16 20:12:53.655, 73.79 W
2025/02/16 20:12:53.665, 73.79 W
2025/02/16 20:12:53.675, 73.79 W
2025/02/16 20:12:53.685, 73.59 W
2025/02/16 20:12:53.695, 73.59 W
2025/02/16 20:12:53.706, 73.59 W
2025/02/16 20:12:53.716, 73.59 W
2025/02/16 20:12:53.726, 73.59 W
2025/02/16 20:12:53.736, 73.59 W
2025/02/16 20:12:53.746, 73.59 W
2025/02/16 20:12:53.756, 73.59 W
2025/02/16 20:12:53.766, 73.59 W
2025/02/16 20:12:53.776, 73.59 W
2025/02/16 20:12:53.786, 73.59 W
2025/02/16 20:12:53.796, 73.59 W
2025/02/16 20:12:53.806, 73.59 W
2025/02/16 20:12:53.816, 73.59 W
2025/02/16 20:12:53.826, 73.59 W
2025/02/16 20:12:53.836, 73.59 W
2025/02/16 20:12:53.846, 73.59 W
2025/02/16 20:12:53.856, 73.59 W
2025/02/16 20:12:53.867, 73.59 W
2025/02/16 20:12:53.877, 73.59 W
2025/02/16 20:12:53.887, 73.76 W
2025/02/16 20:12:53.897, 73.76 W
2025/02/16 20:12:53.907, 73.76 W
2025/02/16 20:12:53.917, 73.76 W
2025/02/16 20:12:53.927, 73.76 W
2025/02/16 20:12:53.937, 73.76 W
2025/02/16 20:12:53.947, 73.76 W
2025/02/16 20:12:53.957, 73.76 W
2025/02/16 20:12:53.967, 73.76 W
2025/02/16 20:12:53.977, 73.76 W
2025/02/16 20:12:53.987, 73.76 W
2025/02/16 20:12:53.997, 73.76 W
2025/02/16 20:12:54.007, 73.76 W
2025/02/16 20:12:54.017, 73.76 W
2025/02/16 20:12:54.028, 73.76 W
2025/02/16 20:12:54.038, 73.76 W
2025/02/16 20:12:54.048, 73.76 W
2025/02/16 20:12:54.058, 73.76 W
2025/02/16 20:12:54.068, 73.76 W
2025/02/16 20:12:54.078, 73.76 W
2025/02/16 20:12:54.088, 73.76 W
2025/02/16 20:12:54.098, 73.46 W
2025/02/16 20:12:54.108, 73.46 W
2025/02/16 20:12:54.118, 73.46 W
2025/02/16 20:12:54.128, 73.46 W
2025/02/16 20:12:54.138, 73.46 W
2025/02/16 20:12:54.148, 73.46 W
2025/02/16 20:12:54.158, 73.46 W
2025/02/16 20:12:54.168, 73.46 W
2025/02/16 20:12:54.179, 73.76 W
2025/02/16 20:12:54.189, 73.76 W
2025/02/16 20:12:54.199, 73.76 W
2025/02/16 20:12:54.209, 73.76 W
2025/02/16 20:12:54.219, 73.76 W
2025/02/16 20:12:54.229, 73.76 W
2025/02/16 20:12:54.239, 73.76 W
2025/02/16 20:12:54.249, 73.76 W
2025/02/16 20:12:54.259, 73.76 W
2025/02/16 20:12:54.269, 73.76 W
2025/02/16 20:12:54.279, 73.76 W
2025/02/16 20:12:54.289, 73.76 W
2025/02/16 20:12:54.299, 73.76 W
2025/02/16 20:12:54.309, 73.76 W
2025/02/16 20:12:54.319, 73.76 W
2025/02/16 20:12:54.329, 73.76 W
2025/02/16 20:12:54.340, 73.76 W
2025/02/16 20:12:54.350, 73.76 W
2025/02/16 20:12:54.360, 73.76 W
2025/02/16 20:12:54.370, 73.76 W
2025/02/16 20:12:54.380, 73.76 W
2025/02/16 20:12:54.390, 73.76 W
2025/02/16 20:12:54.400, 73.76 W
2025/02/16 20:12:54.410, 73.76 W
2025/02/16 20:12:54.420, 73.76 W
2025/02/16 20:12:54.430, 73.76 W
2025/02/16 20:12:54.440, 73.76 W
2025/02/16 20:12:54.450, 73.76 W
2025/02/16 20:12:54.460, 73.76 W
2025/02/16 20:12:54.470, 73.76 W
2025/02/16 20:12:54.480, 73.46 W
2025/02/16 20:12:54.491, 73.46 W
2025/02/16 20:12:54.501, 73.46 W
2025/02/16 20:12:54.511, 73.46 W
2025/02/16 20:12:54.521, 73.46 W
2025/02/16 20:12:54.531, 73.46 W
2025/02/16 20:12:54.541, 73.46 W
2025/02/16 20:12:54.551, 73.46 W
2025/02/16 20:12:54.561, 73.46 W
2025/02/16 20:12:54.571, 73.46 W
2025/02/16 20:12:54.581, 73.76 W
2025/02/16 20:12:54.591, 73.76 W
2025/02/16 20:12:54.601, 73.76 W
2025/02/16 20:12:54.611, 73.76 W
2025/02/16 20:12:54.621, 73.76 W
2025/02/16 20:12:54.631, 73.76 W
2025/02/16 20:12:54.641, 73.76 W
2025/02/16 20:12:54.652, 73.76 W
2025/02/16 20:12:54.662, 73.76 W
2025/02/16 20:12:54.672, 73.76 W
2025/02/16 20:12:54.682, 73.76 W
2025/02/16 20:12:54.692, 73.76 W
2025/02/16 20:12:54.702, 73.76 W
2025/02/16 20:12:54.712, 73.76 W
2025/02/16 20:12:54.722, 73.76 W
2025/02/16 20:12:54.732, 73.76 W
2025/02/16 20:12:54.742, 73.76 W
2025/02/16 20:12:54.752, 73.76 W
2025/02/16 20:12:54.762, 73.76 W
2025/02/16 20:12:54.772, 73.76 W
2025/02/16 20:12:54.782, 73.76 W
2025/02/16 20:12:54.792, 73.76 W
2025/02/16 20:12:54.803, 73.76 W
2025/02/16 20:12:54.813, 73.76 W
2025/02/16 20:12:54.823, 73.76 W
2025/02/16 20:12:54.833, 73.76 W
2025/02/16 20:12:54.843, 73.76 W
2025/02/16 20:12:54.853, 73.76 W
2025/02/16 20:12:54.863, 73.76 W
2025/02/16 20:12:54.873, 73.76 W
2025/02/16 20:12:54.883, 73.76 W
2025/02/16 20:12:54.893, 73.76 W
2025/02/16 20:12:54.903, 73.76 W
2025/02/16 20:12:54.913, 73.76 W
2025/02/16 20:12:54.923, 73.76 W
2025/02/16 20:12:54.933, 73.76 W
2025/02/16 20:12:54.943, 73.76 W
2025/02/16 20:12:54.953, 73.76 W
2025/02/16 20:12:54.964, 73.76 W
2025/02/16 20:12:54.974, 73.76 W
2025/02/16 20:12:54.984, 73.76 W
2025/02/16 20:12:54.994, 73.76 W
2025/02/16 20:12:55.004, 73.76 W
2025/02/16 20:12:55.014, 73.76 W
2025/02/16 20:12:55.024, 73.76 W
2025/02/16 20:12:55.034, 73.76 W
2025/02/16 20:12:55.044, 73.76 W
2025/02/16 20:12:55.054, 73.76 W
2025/02/16 20:12:55.064, 73.76 W
2025/02/16 20:12:55.074, 73.76 W
2025/02/16 20:12:55.084, 73.76 W
2025/02/16 20:12:55.094, 73.76 W
2025/02/16 20:12:55.104, 73.76 W
2025/02/16 20:12:55.114, 73.76 W
2025/02/16 20:12:55.125, 73.76 W
2025/02/16 20:12:55.135, 73.76 W
2025/02/16 20:12:55.145, 73.76 W
2025/02/16 20:12:55.155, 73.76 W
2025/02/16 20:12:55.165, 73.76 W
2025/02/16 20:12:55.175, 73.76 W
2025/02/16 20:12:55.185, 73.76 W
2025/02/16 20:12:55.195, 73.76 W
2025/02/16 20:12:55.205, 73.76 W
2025/02/16 20:12:55.215, 73.76 W
2025/02/16 20:12:55.225, 73.76 W
2025/02/16 20:12:55.235, 73.76 W
2025/02/16 20:12:55.245, 73.76 W
2025/02/16 20:12:55.255, 73.76 W
2025/02/16 20:12:55.265, 73.76 W
2025/02/16 20:12:55.276, 73.76 W
2025/02/16 20:12:55.286, 73.76 W
2025/02/16 20:12:55.296, 73.76 W
2025/02/16 20:12:55.306, 73.76 W
2025/02/16 20:12:55.316, 73.76 W
2025/02/16 20:12:55.326, 73.76 W
2025/02/16 20:12:55.336, 73.76 W
2025/02/16 20:12:55.346, 73.76 W
2025/02/16 20:12:55.356, 73.76 W
2025/02/16 20:12:55.366, 73.76 W
2025/02/16 20:12:55.376, 73.76 W
2025/02/16 20:12:55.386, 73.76 W
2025/02/16 20:12:55.396, 73.76 W
2025/02/16 20:12:55.406, 73.76 W
2025/02/16 20:12:55.416, 73.76 W
2025/02/16 20:12:55.426, 73.76 W
2025/02/16 20:12:55.437, 73.76 W
2025/02/16 20:12:55.447, 73.76 W
2025/02/16 20:12:55.457, 73.76 W
2025/02/16 20:12:55.467, 73.76 W
2025/02/16 20:12:55.477, 73.76 W
2025/02/16 20:12:55.487, 73.76 W
2025/02/16 20:12:55.497, 73.76 W
2025/02/16 20:12:55.507, 73.76 W
2025/02/16 20:12:55.517, 73.76 W
2025/02/16 20:12:55.527, 73.76 W
2025/02/16 20:12:55.537, 73.76 W
2025/02/16 20:12:55.547, 73.76 W
2025/02/16 20:12:55.557, 73.76 W
2025/02/16 20:12:55.567, 73.76 W
2025/02/16 20:12:55.577, 73.76 W
2025/02/16 20:12:55.588, 73.76 W
2025/02/16 20:12:55.598, 73.76 W
2025/02/16 20:12:55.608, 73.76 W
2025/02/16 20:12:55.618, 73.76 W
2025/02/16 20:12:55.628, 73.76 W
2025/02/16 20:12:55.638, 73.76 W
2025/02/16 20:12:55.648, 73.76 W
2025/02/16 20:12:55.658, 73.76 W
2025/02/16 20:12:55.668, 73.76 W
2025/02/16 20:12:55.678, 73.76 W
2025/02/16 20:12:55.688, 73.76 W
2025/02/16 20:12:55.698, 73.76 W
2025/02/16 20:12:55.708, 73.76 W
2025/02/16 20:12:55.718, 73.76 W
2025/02/16 20:12:55.728, 73.46 W
2025/02/16 20:12:55.738, 73.46 W
2025/02/16 20:12:55.749, 73.46 W
2025/02/16 20:12:55.759, 73.46 W
2025/02/16 20:12:55.769, 73.46 W
2025/02/16 20:12:55.779, 73.46 W
2025/02/16 20:12:55.789, 73.46 W
2025/02/16 20:12:55.799, 73.46 W
2025/02/16 20:12:55.809, 73.46 W
2025/02/16 20:12:55.819, 73.76 W
2025/02/16 20:12:55.829, 73.76 W
2025/02/16 20:12:55.839, 73.76 W
2025/02/16 20:12:55.849, 73.76 W
2025/02/16 20:12:55.859, 73.76 W
2025/02/16 20:12:55.869, 73.76 W
2025/02/16 20:12:55.879, 73.76 W
2025/02/16 20:12:55.889, 73.76 W
2025/02/16 20:12:55.900, 73.76 W
2025/02/16 20:12:55.910, 73.76 W
2025/02/16 20:12:55.920, 73.76 W
2025/02/16 20:12:55.930, 73.76 W
2025/02/16 20:12:55.940, 73.46 W
2025/02/16 20:12:55.950, 73.46 W
2025/02/16 20:12:55.960, 73.46 W
2025/02/16 20:12:55.970, 73.46 W
2025/02/16 20:12:55.980, 73.46 W
2025/02/16 20:12:55.990, 73.46 W
2025/02/16 20:12:56.000, 73.46 W
2025/02/16 20:12:56.010, 73.46 W
2025/02/16 20:12:56.020, 73.76 W
2025/02/16 20:12:56.030, 73.76 W
2025/02/16 20:12:56.040, 73.76 W
2025/02/16 20:12:56.050, 73.76 W
2025/02/16 20:12:56.061, 73.76 W
2025/02/16 20:12:56.071, 73.76 W
2025/02/16 20:12:56.081, 73.76 W
2025/02/16 20:12:56.091, 73.76 W
2025/02/16 20:12:56.101, 73.76 W
2025/02/16 20:12:56.111, 73.76 W
2025/02/16 20:12:56.121, 73.76 W
2025/02/16 20:12:56.131, 73.76 W
2025/02/16 20:12:56.141, 73.76 W
2025/02/16 20:12:56.151, 73.76 W
2025/02/16 20:12:56.161, 73.76 W
2025/02/16 20:12:56.171, 73.76 W
2025/02/16 20:12:56.181, 73.76 W
2025/02/16 20:12:56.191, 73.76 W
2025/02/16 20:12:56.201, 73.76 W
2025/02/16 20:12:56.212, 73.76 W
2025/02/16 20:12:56.222, 73.76 W
2025/02/16 20:12:56.232, 73.76 W
2025/02/16 20:12:56.242, 73.76 W
2025/02/16 20:12:56.252, 73.76 W
2025/02/16 20:12:56.262, 73.76 W
2025/02/16 20:12:56.272, 73.76 W
2025/02/16 20:12:56.282, 73.76 W
2025/02/16 20:12:56.292, 73.76 W
2025/02/16 20:12:56.302, 73.76 W
2025/02/16 20:12:56.312, 73.76 W
2025/02/16 20:12:56.322, 73.76 W
2025/02/16 20:12:56.332, 73.76 W
2025/02/16 20:12:56.342, 73.76 W
2025/02/16 20:12:56.352, 73.76 W
2025/02/16 20:12:56.362, 73.76 W
2025/02/16 20:12:56.373, 73.76 W
2025/02/16 20:12:56.383, 73.76 W
2025/02/16 20:12:56.393, 73.76 W
2025/02/16 20:12:56.403, 73.76 W
2025/02/16 20:12:56.413, 73.76 W
2025/02/16 20:12:56.423, 73.76 W
2025/02/16 20:12:56.433, 73.76 W
2025/02/16 20:12:56.443, 73.76 W
2025/02/16 20:12:56.453, 73.76 W
2025/02/16 20:12:56.463, 73.76 W
2025/02/16 20:12:56.473, 73.76 W
2025/02/16 20:12:56.483, 73.76 W
2025/02/16 20:12:56.493, 73.76 W
2025/02/16 20:12:56.503, 73.76 W
2025/02/16 20:12:56.513, 73.76 W
2025/02/16 20:12:56.523, 73.76 W
2025/02/16 20:12:56.534, 73.76 W
2025/02/16 20:12:56.544, 73.76 W
2025/02/16 20:12:56.554, 73.76 W
2025/02/16 20:12:56.564, 73.76 W
2025/02/16 20:12:56.574, 73.76 W
2025/02/16 20:12:56.584, 73.76 W
2025/02/16 20:12:56.594, 73.76 W
2025/02/16 20:12:56.604, 73.76 W
2025/02/16 20:12:56.614, 73.76 W
2025/02/16 20:12:56.624, 73.76 W
2025/02/16 20:12:56.634, 73.50 W
2025/02/16 20:12:56.644, 73.50 W
2025/02/16 20:12:56.654, 73.50 W
2025/02/16 20:12:56.664, 73.50 W
2025/02/16 20:12:56.674, 73.50 W
2025/02/16 20:12:56.685, 73.50 W
2025/02/16 20:12:56.695, 73.50 W
2025/02/16 20:12:56.705, 73.50 W
2025/02/16 20:12:56.715, 73.50 W
2025/02/16 20:12:56.725, 73.50 W
2025/02/16 20:12:56.735, 73.50 W
2025/02/16 20:12:56.745, 73.50 W
2025/02/16 20:12:56.755, 73.79 W
2025/02/16 20:12:56.765, 73.79 W
2025/02/16 20:12:56.775, 73.79 W
2025/02/16 20:12:56.785, 73.79 W
2025/02/16 20:12:56.795, 73.79 W
2025/02/16 20:12:56.805, 73.79 W
2025/02/16 20:12:56.815, 73.79 W
2025/02/16 20:12:56.825, 73.79 W
2025/02/16 20:12:56.835, 73.79 W
2025/02/16 20:12:56.846, 73.79 W
2025/02/16 20:12:56.856, 73.79 W
2025/02/16 20:12:56.866, 73.79 W
2025/02/16 20:12:56.876, 73.79 W
2025/02/16 20:12:56.886, 73.79 W
2025/02/16 20:12:56.896, 73.79 W
2025/02/16 20:12:56.906, 73.79 W
2025/02/16 20:12:56.916, 73.79 W
2025/02/16 20:12:56.926, 73.79 W
2025/02/16 20:12:56.936, 73.79 W
2025/02/16 20:12:56.946, 73.79 W
2025/02/16 20:12:56.956, 73.50 W
2025/02/16 20:12:56.966, 73.50 W
2025/02/16 20:12:56.976, 73.50 W
2025/02/16 20:12:56.986, 73.50 W
2025/02/16 20:12:56.996, 73.50 W
2025/02/16 20:12:57.007, 73.50 W
2025/02/16 20:12:57.017, 73.50 W
2025/02/16 20:12:57.027, 73.50 W
2025/02/16 20:12:57.037, 73.50 W
2025/02/16 20:12:57.047, 73.50 W
2025/02/16 20:12:57.057, 73.50 W
2025/02/16 20:12:57.067, 73.50 W
2025/02/16 20:12:57.077, 73.50 W
2025/02/16 20:12:57.087, 73.50 W
2025/02/16 20:12:57.097, 73.50 W
2025/02/16 20:12:57.107, 73.50 W
2025/02/16 20:12:57.117, 73.50 W
2025/02/16 20:12:57.127, 73.50 W
2025/02/16 20:12:57.137, 73.50 W
2025/02/16 20:12:57.147, 73.50 W
2025/02/16 20:12:57.158, 73.50 W
2025/02/16 20:12:57.168, 73.88 W
2025/02/16 20:12:57.178, 73.88 W
2025/02/16 20:12:57.188, 73.88 W
2025/02/16 20:12:57.198, 73.88 W
2025/02/16 20:12:57.208, 73.88 W
2025/02/16 20:12:57.218, 73.88 W
2025/02/16 20:12:57.228, 73.88 W
2025/02/16 20:12:57.238, 73.88 W
2025/02/16 20:12:57.248, 73.50 W
2025/02/16 20:12:57.258, 73.50 W
2025/02/16 20:12:57.268, 73.50 W
2025/02/16 20:12:57.278, 73.50 W
2025/02/16 20:12:57.288, 73.50 W
2025/02/16 20:12:57.298, 73.50 W
2025/02/16 20:12:57.308, 73.50 W
2025/02/16 20:12:57.319, 73.50 W
2025/02/16 20:12:57.329, 73.50 W
2025/02/16 20:12:57.339, 73.50 W
2025/02/16 20:12:57.349, 73.50 W
2025/02/16 20:12:57.359, 73.50 W
2025/02/16 20:12:57.369, 73.68 W
2025/02/16 20:12:57.379, 73.68 W
2025/02/16 20:12:57.389, 73.68 W
2025/02/16 20:12:57.399, 73.68 W
2025/02/16 20:12:57.409, 73.68 W
2025/02/16 20:12:57.419, 73.68 W
2025/02/16 20:12:57.429, 73.68 W
2025/02/16 20:12:57.439, 73.68 W
2025/02/16 20:12:57.449, 73.50 W
2025/02/16 20:12:57.459, 73.50 W
2025/02/16 20:12:57.469, 73.50 W
2025/02/16 20:12:57.480, 73.50 W
2025/02/16 20:12:57.490, 73.50 W
2025/02/16 20:12:57.500, 73.50 W
2025/02/16 20:12:57.510, 73.50 W
2025/02/16 20:12:57.520, 73.50 W
2025/02/16 20:12:57.530, 73.50 W
2025/02/16 20:12:57.540, 73.50 W
2025/02/16 20:12:57.550, 73.50 W
2025/02/16 20:12:57.560, 73.50 W
2025/02/16 20:12:57.570, 73.50 W
2025/02/16 20:12:57.580, 73.50 W
2025/02/16 20:12:57.590, 73.50 W
2025/02/16 20:12:57.600, 73.50 W
2025/02/16 20:12:57.610, 73.50 W
2025/02/16 20:12:57.620, 73.50 W
2025/02/16 20:12:57.631, 73.50 W
2025/02/16 20:12:57.641, 73.50 W
2025/02/16 20:12:57.651, 73.50 W
2025/02/16 20:12:57.661, 73.79 W
2025/02/16 20:12:57.674, 73.79 W
2025/02/16 20:12:57.684, 73.79 W
2025/02/16 20:12:57.694, 73.79 W
2025/02/16 20:12:57.704, 73.79 W
2025/02/16 20:12:57.714, 73.79 W
2025/02/16 20:12:57.724, 73.79 W
2025/02/16 20:12:57.734, 73.79 W
2025/02/16 20:12:57.744, 73.79 W
2025/02/16 20:12:57.754, 73.79 W
2025/02/16 20:12:57.764, 73.79 W
2025/02/16 20:12:57.774, 73.79 W
2025/02/16 20:12:57.785, 72.68 W
2025/02/16 20:12:57.795, 72.68 W
2025/02/16 20:12:57.805, 72.68 W
2025/02/16 20:12:57.815, 72.68 W
2025/02/16 20:12:57.825, 72.68 W
2025/02/16 20:12:57.835, 72.68 W
2025/02/16 20:12:57.845, 72.68 W
2025/02/16 20:12:57.855, 72.68 W
2025/02/16 20:12:57.865, 74.12 W
2025/02/16 20:12:57.875, 74.12 W
2025/02/16 20:12:57.885, 74.12 W
2025/02/16 20:12:57.895, 74.12 W
2025/02/16 20:12:57.905, 74.12 W
2025/02/16 20:12:57.915, 74.12 W
2025/02/16 20:12:57.925, 74.12 W
2025/02/16 20:12:57.936, 74.12 W
2025/02/16 20:12:57.946, 74.12 W
2025/02/16 20:12:57.956, 74.12 W
2025/02/16 20:12:57.966, 74.12 W
2025/02/16 20:12:57.976, 74.12 W
2025/02/16 20:12:57.986, 73.79 W
2025/02/16 20:12:57.996, 73.79 W
2025/02/16 20:12:58.006, 73.79 W
2025/02/16 20:12:58.016, 73.79 W
2025/02/16 20:12:58.026, 73.79 W
2025/02/16 20:12:58.036, 73.79 W
2025/02/16 20:12:58.046, 73.79 W
2025/02/16 20:12:58.056, 73.79 W
2025/02/16 20:12:58.066, 74.21 W
2025/02/16 20:12:58.076, 74.21 W
2025/02/16 20:12:58.086, 74.21 W
2025/02/16 20:12:58.097, 74.21 W
2025/02/16 20:12:58.107, 74.21 W
2025/02/16 20:12:58.117, 74.21 W
2025/02/16 20:12:58.127, 74.21 W
2025/02/16 20:12:58.137, 74.21 W
2025/02/16 20:12:58.147, 74.21 W
2025/02/16 20:12:58.157, 74.21 W
2025/02/16 20:12:58.167, 74.21 W
2025/02/16 20:12:58.177, 74.21 W
2025/02/16 20:12:58.187, 74.04 W
2025/02/16 20:12:58.197, 74.04 W
2025/02/16 20:12:58.207, 74.04 W
2025/02/16 20:12:58.217, 74.04 W
2025/02/16 20:12:58.227, 74.04 W
2025/02/16 20:12:58.237, 74.04 W
2025/02/16 20:12:58.248, 74.04 W
2025/02/16 20:12:58.258, 74.04 W
2025/02/16 20:12:58.268, 74.04 W
2025/02/16 20:12:58.278, 73.79 W
2025/02/16 20:12:58.288, 73.79 W
2025/02/16 20:12:58.298, 73.79 W
2025/02/16 20:12:58.308, 73.79 W
2025/02/16 20:12:58.318, 73.79 W
2025/02/16 20:12:58.328, 73.79 W
2025/02/16 20:12:58.338, 73.79 W
2025/02/16 20:12:58.348, 73.79 W
2025/02/16 20:12:58.358, 73.79 W
2025/02/16 20:12:58.368, 73.79 W
2025/02/16 20:12:58.378, 74.12 W
2025/02/16 20:12:58.388, 74.12 W
2025/02/16 20:12:58.398, 74.12 W
2025/02/16 20:12:58.409, 74.12 W
2025/02/16 20:12:58.419, 74.12 W
2025/02/16 20:12:58.429, 74.12 W
2025/02/16 20:12:58.439, 74.12 W
2025/02/16 20:12:58.449, 74.12 W
2025/02/16 20:12:58.459, 74.12 W
2025/02/16 20:12:58.469, 74.12 W
2025/02/16 20:12:58.479, 73.96 W
2025/02/16 20:12:58.489, 73.96 W
2025/02/16 20:12:58.499, 73.96 W
2025/02/16 20:12:58.509, 73.96 W
2025/02/16 20:12:58.519, 73.96 W
2025/02/16 20:12:58.529, 73.96 W
2025/02/16 20:12:58.539, 73.96 W
2025/02/16 20:12:58.549, 73.96 W
2025/02/16 20:12:58.559, 73.96 W
2025/02/16 20:12:58.570, 73.96 W
2025/02/16 20:12:58.580, 73.96 W
2025/02/16 20:12:58.590, 73.96 W
2025/02/16 20:12:58.600, 74.05 W
2025/02/16 20:12:58.610, 74.05 W
2025/02/16 20:12:58.620, 74.05 W
2025/02/16 20:12:58.630, 74.05 W
2025/02/16 20:12:58.640, 74.05 W
2025/02/16 20:12:58.650, 74.05 W
2025/02/16 20:12:58.660, 74.05 W
2025/02/16 20:12:58.670, 74.05 W
2025/02/16 20:12:58.680, 74.05 W
2025/02/16 20:12:58.690, 74.05 W
2025/02/16 20:12:58.700, 74.05 W
2025/02/16 20:12:58.710, 74.05 W
2025/02/16 20:12:58.721, 74.05 W
2025/02/16 20:12:58.731, 74.05 W
2025/02/16 20:12:58.741, 74.05 W
2025/02/16 20:12:58.751, 74.05 W
2025/02/16 20:12:58.761, 74.05 W
2025/02/16 20:12:58.771, 74.05 W
2025/02/16 20:12:58.781, 74.05 W
2025/02/16 20:12:58.791, 74.05 W
2025/02/16 20:12:58.801, 74.05 W
2025/02/16 20:12:58.811, 74.05 W
2025/02/16 20:12:58.821, 74.05 W
2025/02/16 20:12:58.831, 74.05 W
2025/02/16 20:12:58.841, 74.05 W
2025/02/16 20:12:58.851, 74.05 W
2025/02/16 20:12:58.861, 74.05 W
2025/02/16 20:12:58.871, 74.05 W
2025/02/16 20:12:58.882, 74.05 W
2025/02/16 20:12:58.892, 74.05 W
2025/02/16 20:12:58.902, 74.05 W
2025/02/16 20:12:58.912, 74.05 W
2025/02/16 20:12:58.922, 74.05 W
2025/02/16 20:12:58.932, 74.05 W
2025/02/16 20:12:58.942, 74.05 W
2025/02/16 20:12:58.952, 74.05 W
2025/02/16 20:12:58.962, 74.05 W
2025/02/16 20:12:58.972, 74.05 W
2025/02/16 20:12:58.982, 74.05 W
2025/02/16 20:12:58.992, 74.05 W
2025/02/16 20:12:59.002, 74.05 W
2025/02/16 20:12:59.012, 74.05 W
2025/02/16 20:12:59.022, 74.05 W
2025/02/16 20:12:59.033, 74.05 W
2025/02/16 20:12:59.043, 74.05 W
2025/02/16 20:12:59.053, 74.05 W
2025/02/16 20:12:59.063, 74.05 W
2025/02/16 20:12:59.073, 74.05 W
2025/02/16 20:12:59.083, 74.05 W
2025/02/16 20:12:59.093, 74.05 W
2025/02/16 20:12:59.103, 74.05 W
2025/02/16 20:12:59.113, 74.05 W
2025/02/16 20:12:59.123, 74.05 W
2025/02/16 20:12:59.133, 74.05 W
2025/02/16 20:12:59.143, 74.05 W
2025/02/16 20:12:59.153, 74.05 W
2025/02/16 20:12:59.163, 74.05 W
2025/02/16 20:12:59.173, 74.05 W
2025/02/16 20:12:59.183, 74.05 W
2025/02/16 20:12:59.194, 74.05 W
2025/02/16 20:12:59.204, 74.05 W
2025/02/16 20:12:59.214, 74.05 W
2025/02/16 20:12:59.224, 74.05 W
2025/02/16 20:12:59.234, 74.05 W
2025/02/16 20:12:59.244, 74.05 W
2025/02/16 20:12:59.254, 74.05 W
2025/02/16 20:12:59.264, 74.05 W
2025/02/16 20:12:59.274, 74.05 W
2025/02/16 20:12:59.284, 74.05 W
2025/02/16 20:12:59.294, 74.05 W
2025/02/16 20:12:59.304, 74.05 W
2025/02/16 20:12:59.314, 74.05 W
2025/02/16 20:12:59.324, 74.05 W
2025/02/16 20:12:59.334, 74.05 W
2025/02/16 20:12:59.345, 74.05 W
2025/02/16 20:12:59.355, 74.05 W
2025/02/16 20:12:59.365, 74.05 W
2025/02/16 20:12:59.375, 74.05 W
2025/02/16 20:12:59.385, 74.05 W
2025/02/16 20:12:59.395, 74.05 W
2025/02/16 20:12:59.405, 74.05 W
2025/02/16 20:12:59.415, 74.05 W
2025/02/16 20:12:59.425, 74.05 W
2025/02/16 20:12:59.435, 74.05 W
2025/02/16 20:12:59.445, 74.05 W
2025/02/16 20:12:59.455, 74.05 W
2025/02/16 20:12:59.465, 74.05 W
2025/02/16 20:12:59.475, 74.05 W
2025/02/16 20:12:59.485, 74.05 W
2025/02/16 20:12:59.496, 74.05 W
2025/02/16 20:12:59.506, 74.05 W
2025/02/16 20:12:59.516, 74.05 W
2025/02/16 20:12:59.526, 74.05 W
2025/02/16 20:12:59.536, 74.05 W
2025/02/16 20:12:59.546, 74.05 W
2025/02/16 20:12:59.556, 74.05 W
2025/02/16 20:12:59.566, 74.05 W
2025/02/16 20:12:59.576, 74.05 W
2025/02/16 20:12:59.586, 74.05 W
2025/02/16 20:12:59.596, 74.05 W
2025/02/16 20:12:59.606, 74.05 W
2025/02/16 20:12:59.616, 74.05 W
2025/02/16 20:12:59.626, 73.96 W
2025/02/16 20:12:59.636, 73.96 W
2025/02/16 20:12:59.646, 73.96 W
2025/02/16 20:12:59.657, 73.96 W
2025/02/16 20:12:59.667, 73.96 W
2025/02/16 20:12:59.677, 73.96 W
2025/02/16 20:12:59.687, 73.96 W
2025/02/16 20:12:59.697, 73.96 W
2025/02/16 20:12:59.707, 74.05 W
2025/02/16 20:12:59.717, 74.05 W
2025/02/16 20:12:59.727, 74.05 W
2025/02/16 20:12:59.737, 74.05 W
2025/02/16 20:12:59.747, 74.05 W
2025/02/16 20:12:59.757, 74.05 W
2025/02/16 20:12:59.767, 74.05 W
2025/02/16 20:12:59.777, 74.05 W
2025/02/16 20:12:59.787, 74.05 W
2025/02/16 20:12:59.797, 74.05 W
2025/02/16 20:12:59.808, 74.05 W
2025/02/16 20:12:59.818, 74.05 W
2025/02/16 20:12:59.828, 74.05 W
2025/02/16 20:12:59.838, 74.05 W
2025/02/16 20:12:59.848, 74.05 W
2025/02/16 20:12:59.858, 74.05 W
2025/02/16 20:12:59.868, 74.05 W
2025/02/16 20:12:59.878, 74.05 W
2025/02/16 20:12:59.888, 74.05 W
2025/02/16 20:12:59.898, 74.05 W
2025/02/16 20:12:59.908, 74.05 W
2025/02/16 20:12:59.918, 74.05 W
2025/02/16 20:12:59.928, 74.05 W
2025/02/16 20:12:59.938, 74.05 W
2025/02/16 20:12:59.948, 74.05 W
2025/02/16 20:12:59.958, 74.05 W
2025/02/16 20:12:59.969, 74.05 W
2025/02/16 20:12:59.979, 74.05 W
2025/02/16 20:12:59.989, 74.05 W
2025/02/16 20:12:59.999, 74.05 W
2025/02/16 20:13:00.009, 74.05 W
2025/02/16 20:13:00.019, 74.05 W
2025/02/16 20:13:00.029, 74.05 W
2025/02/16 20:13:00.039, 74.05 W
2025/02/16 20:13:00.049, 74.05 W
2025/02/16 20:13:00.059, 74.05 W
2025/02/16 20:13:00.069, 74.05 W
2025/02/16 20:13:00.079, 74.05 W
2025/02/16 20:13:00.089, 74.05 W
2025/02/16 20:13:00.099, 74.05 W
2025/02/16 20:13:00.109, 74.05 W
2025/02/16 20:13:00.119, 74.05 W
2025/02/16 20:13:00.130, 74.05 W
2025/02/16 20:13:00.140, 74.05 W
2025/02/16 20:13:00.150, 74.05 W
2025/02/16 20:13:00.160, 74.05 W
2025/02/16 20:13:00.170, 74.05 W
2025/02/16 20:13:00.180, 74.05 W
2025/02/16 20:13:00.190, 74.05 W
2025/02/16 20:13:00.200, 74.05 W
2025/02/16 20:13:00.210, 74.05 W
2025/02/16 20:13:00.220, 74.05 W
2025/02/16 20:13:00.230, 74.05 W
2025/02/16 20:13:00.240, 74.05 W
2025/02/16 20:13:00.250, 74.05 W
2025/02/16 20:13:00.260, 74.05 W
2025/02/16 20:13:00.270, 74.05 W
2025/02/16 20:13:00.281, 74.05 W
2025/02/16 20:13:00.291, 74.05 W
2025/02/16 20:13:00.301, 74.05 W
2025/02/16 20:13:00.311, 74.05 W
2025/02/16 20:13:00.321, 74.05 W
2025/02/16 20:13:00.331, 74.05 W
2025/02/16 20:13:00.341, 74.05 W
2025/02/16 20:13:00.351, 74.05 W
2025/02/16 20:13:00.361, 74.05 W
2025/02/16 20:13:00.371, 74.05 W
2025/02/16 20:13:00.381, 74.05 W
2025/02/16 20:13:00.391, 74.05 W
2025/02/16 20:13:00.401, 74.05 W
2025/02/16 20:13:00.411, 74.05 W
2025/02/16 20:13:00.421, 74.05 W
2025/02/16 20:13:00.432, 74.05 W
2025/02/16 20:13:00.442, 74.05 W
2025/02/16 20:13:00.452, 74.05 W
2025/02/16 20:13:00.462, 74.05 W
2025/02/16 20:13:00.472, 74.05 W
2025/02/16 20:13:00.482, 74.05 W
2025/02/16 20:13:00.492, 74.05 W
2025/02/16 20:13:00.502, 74.05 W
2025/02/16 20:13:00.512, 74.05 W
2025/02/16 20:13:00.522, 74.05 W
2025/02/16 20:13:00.532, 74.05 W
2025/02/16 20:13:00.542, 74.05 W
2025/02/16 20:13:00.552, 74.05 W
2025/02/16 20:13:00.562, 74.05 W
2025/02/16 20:13:00.573, 74.05 W
2025/02/16 20:13:00.583, 74.05 W
2025/02/16 20:13:00.593, 74.05 W
2025/02/16 20:13:00.603, 74.05 W
2025/02/16 20:13:00.613, 74.05 W
2025/02/16 20:13:00.623, 74.05 W
2025/02/16 20:13:00.633, 74.05 W
2025/02/16 20:13:00.643, 74.05 W
2025/02/16 20:13:00.653, 74.05 W
2025/02/16 20:13:00.663, 74.05 W
2025/02/16 20:13:00.673, 74.05 W
2025/02/16 20:13:00.683, 74.05 W
2025/02/16 20:13:00.693, 74.05 W
2025/02/16 20:13:00.703, 74.05 W
2025/02/16 20:13:00.713, 74.05 W
2025/02/16 20:13:00.723, 74.05 W
2025/02/16 20:13:00.734, 74.05 W
2025/02/16 20:13:00.744, 74.05 W
2025/02/16 20:13:00.754, 74.05 W
2025/02/16 20:13:00.764, 74.05 W
2025/02/16 20:13:00.774, 74.05 W
2025/02/16 20:13:00.784, 74.05 W
2025/02/16 20:13:00.794, 74.05 W
2025/02/16 20:13:00.804, 74.05 W
2025/02/16 20:13:00.814, 74.05 W
2025/02/16 20:13:00.824, 74.05 W
2025/02/16 20:13:00.834, 74.05 W
2025/02/16 20:13:00.844, 74.05 W
2025/02/16 20:13:00.854, 74.05 W
2025/02/16 20:13:00.864, 74.05 W
2025/02/16 20:13:00.874, 74.05 W
2025/02/16 20:13:00.885, 74.05 W
2025/02/16 20:13:00.895, 74.05 W
2025/02/16 20:13:00.905, 74.05 W
2025/02/16 20:13:00.915, 74.05 W
2025/02/16 20:13:00.925, 74.05 W
2025/02/16 20:13:00.935, 74.05 W
2025/02/16 20:13:00.945, 74.05 W
2025/02/16 20:13:00.955, 74.05 W
2025/02/16 20:13:00.965, 74.05 W
2025/02/16 20:13:00.975, 74.05 W
2025/02/16 20:13:00.985, 74.05 W
2025/02/16 20:13:00.995, 74.05 W
2025/02/16 20:13:01.005, 74.05 W
2025/02/16 20:13:01.015, 74.05 W
2025/02/16 20:13:01.025, 74.05 W
2025/02/16 20:13:01.035, 74.05 W
2025/02/16 20:13:01.046, 74.05 W
2025/02/16 20:13:01.056, 74.05 W
2025/02/16 20:13:01.066, 74.05 W
2025/02/16 20:13:01.076, 74.05 W
2025/02/16 20:13:01.086, 74.05 W
2025/02/16 20:13:01.096, 74.05 W
2025/02/16 20:13:01.106, 74.05 W
2025/02/16 20:13:01.116, 74.05 W
2025/02/16 20:13:01.126, 74.05 W
2025/02/16 20:13:01.136, 74.05 W
2025/02/16 20:13:01.146, 74.05 W
2025/02/16 20:13:01.156, 74.05 W
2025/02/16 20:13:01.166, 74.05 W
2025/02/16 20:13:01.176, 74.05 W
2025/02/16 20:13:01.186, 74.05 W
2025/02/16 20:13:01.196, 74.05 W
2025/02/16 20:13:01.207, 74.05 W
2025/02/16 20:13:01.217, 74.05 W
2025/02/16 20:13:01.227, 74.05 W
2025/02/16 20:13:01.237, 74.05 W
2025/02/16 20:13:01.247, 74.05 W
2025/02/16 20:13:01.257, 74.05 W
2025/02/16 20:13:01.267, 74.05 W
2025/02/16 20:13:01.277, 74.05 W
2025/02/16 20:13:01.287, 74.05 W
2025/02/16 20:13:01.297, 74.05 W
2025/02/16 20:13:01.307, 74.05 W
2025/02/16 20:13:01.317, 74.05 W
2025/02/16 20:13:01.327, 74.05 W
2025/02/16 20:13:01.337, 74.05 W
2025/02/16 20:13:01.348, 74.05 W
2025/02/16 20:13:01.358, 74.05 W
2025/02/16 20:13:01.368, 74.05 W
2025/02/16 20:13:01.378, 74.05 W
2025/02/16 20:13:01.388, 74.05 W
2025/02/16 20:13:01.398, 74.05 W
2025/02/16 20:13:01.408, 74.05 W
2025/02/16 20:13:01.418, 74.05 W
2025/02/16 20:13:01.428, 74.05 W
2025/02/16 20:13:01.438, 74.05 W
2025/02/16 20:13:01.448, 74.05 W
2025/02/16 20:13:01.458, 74.05 W
2025/02/16 20:13:01.468, 74.05 W
2025/02/16 20:13:01.478, 74.05 W
2025/02/16 20:13:01.488, 74.05 W
2025/02/16 20:13:01.498, 74.05 W
2025/02/16 20:13:01.509, 74.05 W
2025/02/16 20:13:01.519, 74.05 W
2025/02/16 20:13:01.529, 74.05 W
2025/02/16 20:13:01.539, 74.05 W
2025/02/16 20:13:01.549, 74.05 W
2025/02/16 20:13:01.559, 74.05 W
2025/02/16 20:13:01.569, 74.05 W
2025/02/16 20:13:01.579, 74.05 W
2025/02/16 20:13:01.589, 74.05 W
2025/02/16 20:13:01.599, 74.05 W
2025/02/16 20:13:01.609, 74.05 W
2025/02/16 20:13:01.619, 74.05 W
2025/02/16 20:13:01.629, 74.05 W
2025/02/16 20:13:01.639, 74.05 W
2025/02/16 20:13:01.649, 74.05 W
2025/02/16 20:13:01.660, 74.05 W
2025/02/16 20:13:01.670, 74.05 W
2025/02/16 20:13:01.680, 74.05 W
2025/02/16 20:13:01.690, 74.05 W
2025/02/16 20:13:01.700, 74.05 W
2025/02/16 20:13:01.710, 74.05 W
2025/02/16 20:13:01.720, 74.05 W
2025/02/16 20:13:01.730, 74.05 W
2025/02/16 20:13:01.740, 74.05 W
2025/02/16 20:13:01.750, 74.05 W
2025/02/16 20:13:01.760, 74.05 W
2025/02/16 20:13:01.770, 74.05 W
2025/02/16 20:13:01.780, 74.05 W
2025/02/16 20:13:01.790, 74.05 W
2025/02/16 20:13:01.800, 74.05 W
2025/02/16 20:13:01.810, 74.05 W
2025/02/16 20:13:01.821, 74.05 W
2025/02/16 20:13:01.831, 74.05 W
2025/02/16 20:13:01.841, 74.05 W
2025/02/16 20:13:01.851, 74.05 W
2025/02/16 20:13:01.861, 74.05 W
2025/02/16 20:13:01.871, 74.05 W
2025/02/16 20:13:01.881, 74.05 W
2025/02/16 20:13:01.891, 74.05 W
2025/02/16 20:13:01.901, 74.05 W
2025/02/16 20:13:01.911, 74.05 W
2025/02/16 20:13:01.921, 74.05 W
2025/02/16 20:13:01.931, 74.05 W
2025/02/16 20:13:01.941, 74.05 W
2025/02/16 20:13:01.951, 74.05 W
2025/02/16 20:13:01.961, 74.04 W
2025/02/16 20:13:01.971, 74.04 W
2025/02/16 20:13:01.982, 74.04 W
2025/02/16 20:13:01.992, 74.04 W
2025/02/16 20:13:02.002, 74.04 W
2025/02/16 20:13:02.012, 74.04 W
2025/02/16 20:13:02.022, 74.04 W
2025/02/16 20:13:02.032, 74.04 W
2025/02/16 20:13:02.042, 74.04 W
2025/02/16 20:13:02.052, 74.04 W
2025/02/16 20:13:02.062, 74.04 W
2025/02/16 20:13:02.072, 74.04 W
2025/02/16 20:13:02.082, 74.04 W
2025/02/16 20:13:02.092, 74.04 W
2025/02/16 20:13:02.102, 74.04 W
2025/02/16 20:13:02.112, 74.04 W
2025/02/16 20:13:02.122, 74.04 W
2025/02/16 20:13:02.133, 74.04 W
2025/02/16 20:13:02.143, 74.04 W
2025/02/16 20:13:02.153, 74.04 W
2025/02/16 20:13:02.163, 74.04 W
2025/02/16 20:13:02.173, 74.04 W
2025/02/16 20:13:02.183, 74.04 W
2025/02/16 20:13:02.193, 74.04 W
2025/02/16 20:13:02.203, 74.04 W
2025/02/16 20:13:02.213, 74.04 W
2025/02/16 20:13:02.223, 74.04 W
2025/02/16 20:13:02.233, 74.04 W
2025/02/16 20:13:02.243, 74.04 W
2025/02/16 20:13:02.253, 74.04 W
2025/02/16 20:13:02.263, 74.04 W
2025/02/16 20:13:02.273, 74.04 W
2025/02/16 20:13:02.283, 74.04 W
2025/02/16 20:13:02.294, 74.04 W
2025/02/16 20:13:02.304, 74.04 W
2025/02/16 20:13:02.314, 74.04 W
2025/02/16 20:13:02.324, 74.04 W
2025/02/16 20:13:02.334, 74.04 W
2025/02/16 20:13:02.344, 74.04 W
2025/02/16 20:13:02.354, 74.04 W
2025/02/16 20:13:02.364, 74.04 W
2025/02/16 20:13:02.374, 74.04 W
2025/02/16 20:13:02.384, 74.04 W
2025/02/16 20:13:02.394, 74.04 W
2025/02/16 20:13:02.404, 74.04 W
2025/02/16 20:13:02.414, 74.04 W
2025/02/16 20:13:02.424, 74.04 W
2025/02/16 20:13:02.434, 74.04 W
2025/02/16 20:13:02.445, 74.04 W
2025/02/16 20:13:02.455, 74.04 W
2025/02/16 20:13:02.465, 74.04 W
2025/02/16 20:13:02.475, 74.12 W
2025/02/16 20:13:02.485, 74.12 W
2025/02/16 20:13:02.495, 74.12 W
2025/02/16 20:13:02.505, 74.12 W
2025/02/16 20:13:02.515, 74.12 W
2025/02/16 20:13:02.525, 74.12 W
2025/02/16 20:13:02.535, 74.12 W
2025/02/16 20:13:02.545, 74.12 W
2025/02/16 20:13:02.555, 74.12 W
2025/02/16 20:13:02.565, 74.12 W
2025/02/16 20:13:02.575, 73.88 W
2025/02/16 20:13:02.585, 73.88 W
2025/02/16 20:13:02.596, 73.88 W
2025/02/16 20:13:02.606, 73.88 W
2025/02/16 20:13:02.616, 73.88 W
2025/02/16 20:13:02.626, 73.88 W
2025/02/16 20:13:02.636, 73.88 W
2025/02/16 20:13:02.646, 73.88 W
2025/02/16 20:13:02.656, 73.88 W
2025/02/16 20:13:02.666, 73.88 W
2025/02/16 20:13:02.676, 73.88 W
2025/02/16 20:13:02.686, 73.88 W
2025/02/16 20:13:02.696, 74.12 W
2025/02/16 20:13:02.706, 74.12 W
2025/02/16 20:13:02.716, 74.12 W
2025/02/16 20:13:02.726, 74.12 W
2025/02/16 20:13:02.736, 74.12 W
2025/02/16 20:13:02.747, 74.12 W
2025/02/16 20:13:02.757, 74.12 W
2025/02/16 20:13:02.767, 74.12 W
2025/02/16 20:13:02.777, 74.04 W
2025/02/16 20:13:02.787, 74.04 W
2025/02/16 20:13:02.797, 74.04 W
2025/02/16 20:13:02.807, 74.04 W
2025/02/16 20:13:02.817, 74.04 W
2025/02/16 20:13:02.827, 74.04 W
2025/02/16 20:13:02.837, 74.04 W
2025/02/16 20:13:02.847, 74.04 W
2025/02/16 20:13:02.857, 74.04 W
2025/02/16 20:13:02.867, 74.04 W
2025/02/16 20:13:02.877, 74.04 W
2025/02/16 20:13:02.887, 74.04 W
2025/02/16 20:13:02.897, 74.04 W
2025/02/16 20:13:02.908, 74.04 W
2025/02/16 20:13:02.918, 74.04 W
2025/02/16 20:13:02.928, 74.04 W
2025/02/16 20:13:02.938, 74.04 W
2025/02/16 20:13:02.948, 74.04 W
2025/02/16 20:13:02.958, 74.04 W
2025/02/16 20:13:02.968, 74.04 W
2025/02/16 20:13:02.978, 74.04 W
2025/02/16 20:13:02.988, 74.04 W
2025/02/16 20:13:02.998, 74.04 W
2025/02/16 20:13:03.008, 74.04 W
2025/02/16 20:13:03.018, 74.04 W
2025/02/16 20:13:03.028, 74.04 W
2025/02/16 20:13:03.038, 74.04 W
2025/02/16 20:13:03.048, 74.04 W
2025/02/16 20:13:03.059, 74.04 W
2025/02/16 20:13:03.069, 74.04 W
2025/02/16 20:13:03.079, 74.04 W
2025/02/16 20:13:03.089, 74.04 W
2025/02/16 20:13:03.099, 74.04 W
2025/02/16 20:13:03.109, 74.04 W
2025/02/16 20:13:03.119, 74.04 W
2025/02/16 20:13:03.129, 74.04 W
2025/02/16 20:13:03.139, 74.04 W
2025/02/16 20:13:03.149, 74.04 W
2025/02/16 20:13:03.159, 74.04 W
2025/02/16 20:13:03.169, 74.04 W
2025/02/16 20:13:03.179, 74.04 W
2025/02/16 20:13:03.189, 74.12 W
2025/02/16 20:13:03.199, 74.12 W
2025/02/16 20:13:03.210, 74.12 W
2025/02/16 20:13:03.220, 74.12 W
2025/02/16 20:13:03.230, 74.12 W
2025/02/16 20:13:03.240, 74.12 W
2025/02/16 20:13:03.250, 74.12 W
2025/02/16 20:13:03.260, 74.12 W
2025/02/16 20:13:03.270, 74.12 W
2025/02/16 20:13:03.280, 74.12 W
2025/02/16 20:13:03.290, 74.12 W
2025/02/16 20:13:03.300, 74.12 W
2025/02/16 20:13:03.310, 74.04 W
2025/02/16 20:13:03.320, 74.04 W
2025/02/16 20:13:03.330, 74.04 W
2025/02/16 20:13:03.340, 74.04 W
2025/02/16 20:13:03.350, 74.04 W
2025/02/16 20:13:03.360, 74.04 W
2025/02/16 20:13:03.371, 74.04 W
2025/02/16 20:13:03.381, 74.04 W
2025/02/16 20:13:03.391, 74.04 W
2025/02/16 20:13:03.401, 74.04 W
2025/02/16 20:13:03.411, 74.21 W
2025/02/16 20:13:03.421, 74.21 W
2025/02/16 20:13:03.431, 74.21 W
2025/02/16 20:13:03.441, 74.21 W
2025/02/16 20:13:03.451, 74.21 W
2025/02/16 20:13:03.461, 74.21 W
2025/02/16 20:13:03.471, 74.21 W
2025/02/16 20:13:03.481, 74.21 W
2025/02/16 20:13:03.491, 74.04 W
2025/02/16 20:13:03.501, 74.04 W
2025/02/16 20:13:03.511, 74.04 W
2025/02/16 20:13:03.521, 74.04 W
2025/02/16 20:13:03.532, 74.04 W
2025/02/16 20:13:03.542, 74.04 W
2025/02/16 20:13:03.552, 74.04 W
2025/02/16 20:13:03.562, 74.04 W
2025/02/16 20:13:03.572, 74.04 W
2025/02/16 20:13:03.582, 74.04 W
2025/02/16 20:13:03.592, 74.04 W
2025/02/16 20:13:03.602, 74.04 W
2025/02/16 20:13:03.612, 74.04 W
2025/02/16 20:13:03.622, 74.04 W
2025/02/16 20:13:03.632, 74.04 W
2025/02/16 20:13:03.642, 74.04 W
2025/02/16 20:13:03.652, 74.04 W
2025/02/16 20:13:03.662, 74.04 W
2025/02/16 20:13:03.672, 74.04 W
2025/02/16 20:13:03.683, 74.04 W
2025/02/16 20:13:03.693, 74.04 W
2025/02/16 20:13:03.703, 74.04 W
2025/02/16 20:13:03.713, 74.04 W
2025/02/16 20:13:03.723, 73.96 W
2025/02/16 20:13:03.733, 73.96 W
2025/02/16 20:13:03.743, 73.96 W
2025/02/16 20:13:03.753, 73.96 W
2025/02/16 20:13:03.763, 73.96 W
2025/02/16 20:13:03.773, 73.96 W
2025/02/16 20:13:03.783, 73.96 W
2025/02/16 20:13:03.793, 73.96 W
2025/02/16 20:13:03.803, 73.96 W
2025/02/16 20:13:03.813, 73.96 W
2025/02/16 20:13:03.823, 73.96 W
2025/02/16 20:13:03.833, 73.96 W
2025/02/16 20:13:03.844, 73.96 W
2025/02/16 20:13:03.854, 73.96 W
2025/02/16 20:13:03.864, 73.96 W
2025/02/16 20:13:03.874, 73.96 W
2025/02/16 20:13:03.884, 73.96 W
2025/02/16 20:13:03.894, 73.96 W
2025/02/16 20:13:03.904, 73.96 W
2025/02/16 20:13:03.914, 73.96 W
2025/02/16 20:13:03.924, 74.05 W
2025/02/16 20:13:03.934, 74.05 W
2025/02/16 20:13:03.944, 74.05 W
2025/02/16 20:13:03.954, 74.05 W
2025/02/16 20:13:03.964, 74.05 W
2025/02/16 20:13:03.974, 74.05 W
2025/02/16 20:13:03.984, 74.05 W
2025/02/16 20:13:03.995, 74.05 W
2025/02/16 20:13:04.005, 74.05 W
2025/02/16 20:13:04.015, 74.05 W
2025/02/16 20:13:04.025, 74.05 W
2025/02/16 20:13:04.035, 74.05 W
2025/02/16 20:13:04.045, 74.05 W
2025/02/16 20:13:04.055, 74.05 W
2025/02/16 20:13:04.065, 74.05 W
2025/02/16 20:13:04.075, 74.05 W
2025/02/16 20:13:04.085, 74.05 W
2025/02/16 20:13:04.095, 74.05 W
2025/02/16 20:13:04.105, 74.05 W
2025/02/16 20:13:04.115, 74.05 W
2025/02/16 20:13:04.125, 74.05 W
2025/02/16 20:13:04.135, 74.05 W
2025/02/16 20:13:04.146, 74.05 W
2025/02/16 20:13:04.156, 74.05 W
2025/02/16 20:13:04.166, 74.05 W
2025/02/16 20:13:04.176, 74.05 W
2025/02/16 20:13:04.186, 74.05 W
2025/02/16 20:13:04.196, 74.05 W
2025/02/16 20:13:04.206, 74.05 W
2025/02/16 20:13:04.216, 74.05 W
2025/02/16 20:13:04.226, 74.05 W
2025/02/16 20:13:04.236, 74.05 W
2025/02/16 20:13:04.246, 74.05 W
2025/02/16 20:13:04.256, 74.05 W
2025/02/16 20:13:04.266, 74.05 W
2025/02/16 20:13:04.276, 74.05 W
2025/02/16 20:13:04.286, 74.05 W
2025/02/16 20:13:04.296, 74.05 W
2025/02/16 20:13:04.307, 74.05 W
2025/02/16 20:13:04.317, 74.05 W
2025/02/16 20:13:04.327, 74.05 W
2025/02/16 20:13:04.337, 74.05 W
2025/02/16 20:13:04.347, 74.05 W
2025/02/16 20:13:04.357, 74.05 W
2025/02/16 20:13:04.367, 74.05 W
2025/02/16 20:13:04.377, 74.05 W
2025/02/16 20:13:04.387, 74.05 W
2025/02/16 20:13:04.397, 74.05 W
2025/02/16 20:13:04.407, 74.05 W
2025/02/16 20:13:04.417, 74.05 W
2025/02/16 20:13:04.427, 74.05 W
2025/02/16 20:13:04.437, 74.05 W
2025/02/16 20:13:04.447, 74.05 W
2025/02/16 20:13:04.458, 74.05 W
2025/02/16 20:13:04.468, 74.05 W
2025/02/16 20:13:04.478, 74.05 W
2025/02/16 20:13:04.488, 74.05 W
2025/02/16 20:13:04.498, 74.05 W
2025/02/16 20:13:04.508, 74.05 W
2025/02/16 20:13:04.518, 74.05 W
2025/02/16 20:13:04.528, 74.05 W
2025/02/16 20:13:04.538, 74.05 W
2025/02/16 20:13:04.548, 74.05 W
2025/02/16 20:13:04.558, 74.05 W
2025/02/16 20:13:04.568, 74.05 W
2025/02/16 20:13:04.578, 74.05 W
2025/02/16 20:13:04.588, 74.05 W
2025/02/16 20:13:04.598, 74.05 W
2025/02/16 20:13:04.608, 74.05 W
2025/02/16 20:13:04.619, 74.05 W
2025/02/16 20:13:04.629, 74.05 W
2025/02/16 20:13:04.639, 74.05 W
2025/02/16 20:13:04.649, 74.05 W
2025/02/16 20:13:04.659, 74.05 W
2025/02/16 20:13:04.669, 74.05 W
2025/02/16 20:13:04.679, 74.05 W
2025/02/16 20:13:04.689, 74.05 W
2025/02/16 20:13:04.699, 74.05 W
2025/02/16 20:13:04.709, 74.05 W
2025/02/16 20:13:04.719, 74.05 W
2025/02/16 20:13:04.729, 74.05 W
2025/02/16 20:13:04.739, 74.05 W
2025/02/16 20:13:04.749, 74.05 W
2025/02/16 20:13:04.759, 74.05 W
2025/02/16 20:13:04.770, 74.05 W
2025/02/16 20:13:04.780, 74.05 W
2025/02/16 20:13:04.790, 74.05 W
2025/02/16 20:13:04.800, 74.05 W
2025/02/16 20:13:04.810, 74.05 W
2025/02/16 20:13:04.820, 74.05 W
2025/02/16 20:13:04.830, 74.05 W
2025/02/16 20:13:04.840, 74.05 W
2025/02/16 20:13:04.850, 74.05 W
2025/02/16 20:13:04.860, 74.05 W
2025/02/16 20:13:04.870, 74.05 W
2025/02/16 20:13:04.880, 74.05 W
2025/02/16 20:13:04.890, 74.05 W
2025/02/16 20:13:04.900, 74.05 W
2025/02/16 20:13:04.910, 74.05 W
2025/02/16 20:13:04.921, 74.05 W
2025/02/16 20:13:04.931, 74.05 W
2025/02/16 20:13:04.941, 74.05 W
2025/02/16 20:13:04.951, 73.96 W
2025/02/16 20:13:04.961, 73.96 W
2025/02/16 20:13:04.971, 73.96 W
2025/02/16 20:13:04.981, 73.96 W
2025/02/16 20:13:04.991, 73.96 W
2025/02/16 20:13:05.001, 73.96 W
2025/02/16 20:13:05.011, 73.96 W
2025/02/16 20:13:05.021, 73.96 W
2025/02/16 20:13:05.031, 74.05 W
2025/02/16 20:13:05.041, 74.05 W
2025/02/16 20:13:05.051, 74.05 W
2025/02/16 20:13:05.061, 74.05 W
2025/02/16 20:13:05.071, 74.05 W
2025/02/16 20:13:05.082, 74.05 W
2025/02/16 20:13:05.092, 74.05 W
2025/02/16 20:13:05.102, 74.05 W
2025/02/16 20:13:05.112, 74.05 W
2025/02/16 20:13:05.122, 74.05 W
2025/02/16 20:13:05.132, 74.05 W
2025/02/16 20:13:05.142, 74.05 W
2025/02/16 20:13:05.152, 74.05 W
2025/02/16 20:13:05.162, 74.05 W
2025/02/16 20:13:05.172, 74.05 W
2025/02/16 20:13:05.182, 74.05 W
2025/02/16 20:13:05.192, 74.05 W
2025/02/16 20:13:05.202, 74.05 W
2025/02/16 20:13:05.212, 74.05 W
2025/02/16 20:13:05.222, 74.05 W
2025/02/16 20:13:05.232, 74.05 W
2025/02/16 20:13:05.243, 74.05 W
2025/02/16 20:13:05.253, 74.05 W
2025/02/16 20:13:05.263, 74.05 W
2025/02/16 20:13:05.273, 74.05 W
2025/02/16 20:13:05.283, 74.05 W
2025/02/16 20:13:05.293, 74.05 W
2025/02/16 20:13:05.303, 74.05 W
2025/02/16 20:13:05.313, 74.05 W
2025/02/16 20:13:05.323, 74.05 W
2025/02/16 20:13:05.333, 74.05 W
2025/02/16 20:13:05.343, 74.05 W
2025/02/16 20:13:05.353, 74.05 W
2025/02/16 20:13:05.363, 74.05 W
2025/02/16 20:13:05.373, 74.05 W
2025/02/16 20:13:05.383, 74.05 W
2025/02/16 20:13:05.394, 74.05 W
2025/02/16 20:13:05.404, 74.05 W
2025/02/16 20:13:05.414, 74.05 W
2025/02/16 20:13:05.424, 74.05 W
2025/02/16 20:13:05.434, 74.05 W
2025/02/16 20:13:05.444, 74.05 W
2025/02/16 20:13:05.454, 74.05 W
2025/02/16 20:13:05.464, 74.05 W
2025/02/16 20:13:05.474, 74.05 W
2025/02/16 20:13:05.484, 74.05 W
2025/02/16 20:13:05.494, 74.05 W
2025/02/16 20:13:05.504, 74.05 W
2025/02/16 20:13:05.514, 74.05 W
2025/02/16 20:13:05.524, 74.05 W
2025/02/16 20:13:05.534, 74.05 W
2025/02/16 20:13:05.544, 74.05 W
2025/02/16 20:13:05.555, 74.05 W
2025/02/16 20:13:05.565, 74.05 W
2025/02/16 20:13:05.575, 74.05 W
2025/02/16 20:13:05.585, 74.05 W
2025/02/16 20:13:05.595, 74.05 W
2025/02/16 20:13:05.605, 74.05 W
2025/02/16 20:13:05.615, 74.05 W
2025/02/16 20:13:05.625, 74.05 W
2025/02/16 20:13:05.635, 74.05 W
2025/02/16 20:13:05.645, 74.05 W
2025/02/16 20:13:05.655, 74.05 W
2025/02/16 20:13:05.665, 74.05 W
2025/02/16 20:13:05.675, 74.05 W
2025/02/16 20:13:05.685, 74.05 W
2025/02/16 20:13:05.696, 74.05 W
2025/02/16 20:13:05.706, 74.05 W
2025/02/16 20:13:05.716, 74.05 W
2025/02/16 20:13:05.726, 74.05 W
2025/02/16 20:13:05.736, 74.05 W
2025/02/16 20:13:05.746, 74.05 W
2025/02/16 20:13:05.756, 74.05 W
2025/02/16 20:13:05.766, 74.05 W
2025/02/16 20:13:05.776, 74.05 W
2025/02/16 20:13:05.786, 74.05 W
2025/02/16 20:13:05.796, 74.05 W
2025/02/16 20:13:05.806, 74.05 W
2025/02/16 20:13:05.816, 74.05 W
2025/02/16 20:13:05.826, 74.05 W
2025/02/16 20:13:05.836, 74.05 W
2025/02/16 20:13:05.847, 74.05 W
2025/02/16 20:13:05.857, 74.05 W
2025/02/16 20:13:05.867, 74.05 W
2025/02/16 20:13:05.877, 74.05 W
2025/02/16 20:13:05.887, 74.05 W
2025/02/16 20:13:05.897, 74.05 W
2025/02/16 20:13:05.907, 74.05 W
2025/02/16 20:13:05.917, 74.05 W
2025/02/16 20:13:05.927, 74.05 W
2025/02/16 20:13:05.937, 74.05 W
2025/02/16 20:13:05.947, 74.05 W
2025/02/16 20:13:05.957, 74.05 W
2025/02/16 20:13:05.967, 74.05 W
2025/02/16 20:13:05.977, 74.05 W
2025/02/16 20:13:05.987, 74.05 W
2025/02/16 20:13:05.997, 74.05 W
2025/02/16 20:13:06.008, 74.05 W
2025/02/16 20:13:06.018, 74.05 W
2025/02/16 20:13:06.028, 74.05 W
2025/02/16 20:13:06.038, 74.05 W
2025/02/16 20:13:06.048, 74.05 W
2025/02/16 20:13:06.058, 74.05 W
2025/02/16 20:13:06.068, 74.05 W
2025/02/16 20:13:06.078, 74.05 W
2025/02/16 20:13:06.088, 74.05 W
2025/02/16 20:13:06.098, 74.05 W
2025/02/16 20:13:06.108, 74.05 W
2025/02/16 20:13:06.118, 74.05 W
2025/02/16 20:13:06.128, 74.05 W
2025/02/16 20:13:06.138, 74.05 W
2025/02/16 20:13:06.148, 74.05 W
2025/02/16 20:13:06.159, 74.05 W
2025/02/16 20:13:06.169, 74.05 W
2025/02/16 20:13:06.179, 74.05 W
2025/02/16 20:13:06.189, 74.05 W
2025/02/16 20:13:06.199, 74.05 W
2025/02/16 20:13:06.209, 74.05 W
2025/02/16 20:13:06.219, 74.05 W
2025/02/16 20:13:06.229, 74.05 W
2025/02/16 20:13:06.239, 74.05 W
2025/02/16 20:13:06.249, 74.05 W
2025/02/16 20:13:06.259, 74.05 W
2025/02/16 20:13:06.269, 74.05 W
2025/02/16 20:13:06.279, 74.05 W
2025/02/16 20:13:06.289, 74.05 W
2025/02/16 20:13:06.299, 74.05 W
2025/02/16 20:13:06.309, 74.05 W
2025/02/16 20:13:06.320, 74.05 W
2025/02/16 20:13:06.330, 74.05 W
2025/02/16 20:13:06.340, 74.05 W
2025/02/16 20:13:06.350, 74.05 W
2025/02/16 20:13:06.360, 74.05 W
2025/02/16 20:13:06.370, 74.05 W
2025/02/16 20:13:06.380, 74.05 W
2025/02/16 20:13:06.390, 74.05 W
2025/02/16 20:13:06.400, 74.05 W
2025/02/16 20:13:06.410, 74.05 W
2025/02/16 20:13:06.420, 74.05 W
2025/02/16 20:13:06.430, 74.05 W
2025/02/16 20:13:06.440, 74.05 W
2025/02/16 20:13:06.450, 74.05 W
2025/02/16 20:13:06.460, 74.05 W
2025/02/16 20:13:06.471, 74.05 W
2025/02/16 20:13:06.481, 74.05 W
2025/02/16 20:13:06.491, 74.05 W
2025/02/16 20:13:06.501, 74.05 W
2025/02/16 20:13:06.511, 74.05 W
2025/02/16 20:13:06.521, 74.05 W
2025/02/16 20:13:06.531, 74.05 W
2025/02/16 20:13:06.541, 74.05 W
2025/02/16 20:13:06.551, 74.05 W
2025/02/16 20:13:06.561, 74.05 W
2025/02/16 20:13:06.571, 74.05 W
2025/02/16 20:13:06.581, 74.05 W
2025/02/16 20:13:06.591, 74.05 W
2025/02/16 20:13:06.601, 74.05 W
2025/02/16 20:13:06.611, 74.05 W
2025/02/16 20:13:06.621, 74.05 W
2025/02/16 20:13:06.632, 74.05 W
2025/02/16 20:13:06.642, 74.05 W
2025/02/16 20:13:06.652, 74.05 W
2025/02/16 20:13:06.662, 74.05 W
2025/02/16 20:13:06.672, 74.04 W
2025/02/16 20:13:06.682, 74.04 W
2025/02/16 20:13:06.692, 74.04 W
2025/02/16 20:13:06.702, 74.04 W
2025/02/16 20:13:06.712, 74.04 W
2025/02/16 20:13:06.722, 74.04 W
2025/02/16 20:13:06.732, 74.04 W
2025/02/16 20:13:06.742, 74.04 W
2025/02/16 20:13:06.752, 74.04 W
2025/02/16 20:13:06.762, 74.04 W
2025/02/16 20:13:06.772, 74.04 W
2025/02/16 20:13:06.783, 74.04 W
2025/02/16 20:13:06.793, 74.04 W
2025/02/16 20:13:06.803, 74.04 W
2025/02/16 20:13:06.813, 74.04 W
2025/02/16 20:13:06.823, 74.04 W
2025/02/16 20:13:06.833, 74.04 W
2025/02/16 20:13:06.843, 74.04 W
2025/02/16 20:13:06.853, 74.04 W
2025/02/16 20:13:06.863, 74.04 W
2025/02/16 20:13:06.873, 74.04 W
2025/02/16 20:13:06.883, 74.04 W
2025/02/16 20:13:06.893, 74.04 W
2025/02/16 20:13:06.903, 74.04 W
2025/02/16 20:13:06.913, 74.04 W
2025/02/16 20:13:06.923, 74.04 W
2025/02/16 20:13:06.933, 74.04 W
2025/02/16 20:13:06.944, 74.04 W
2025/02/16 20:13:06.954, 74.04 W
2025/02/16 20:13:06.964, 74.04 W
2025/02/16 20:13:06.974, 74.04 W
2025/02/16 20:13:06.984, 74.04 W
2025/02/16 20:13:06.994, 74.04 W
2025/02/16 20:13:07.004, 74.04 W
2025/02/16 20:13:07.014, 74.04 W
2025/02/16 20:13:07.024, 74.04 W
2025/02/16 20:13:07.034, 74.04 W
2025/02/16 20:13:07.044, 74.04 W
2025/02/16 20:13:07.054, 74.04 W
2025/02/16 20:13:07.064, 74.04 W
2025/02/16 20:13:07.074, 74.04 W
2025/02/16 20:13:07.084, 74.04 W
2025/02/16 20:13:07.094, 74.04 W
2025/02/16 20:13:07.105, 74.04 W
2025/02/16 20:13:07.115, 74.04 W
2025/02/16 20:13:07.125, 74.04 W
2025/02/16 20:13:07.135, 74.04 W
2025/02/16 20:13:07.145, 74.04 W
2025/02/16 20:13:07.155, 74.04 W
2025/02/16 20:13:07.165, 74.04 W
2025/02/16 20:13:07.175, 74.04 W
2025/02/16 20:13:07.185, 74.04 W
2025/02/16 20:13:07.195, 73.88 W
2025/02/16 20:13:07.205, 73.88 W
2025/02/16 20:13:07.215, 73.88 W
2025/02/16 20:13:07.225, 73.88 W
2025/02/16 20:13:07.235, 73.88 W
2025/02/16 20:13:07.245, 73.88 W
2025/02/16 20:13:07.256, 73.88 W
2025/02/16 20:13:07.266, 73.88 W
2025/02/16 20:13:07.276, 73.88 W
2025/02/16 20:13:07.286, 74.04 W
2025/02/16 20:13:07.296, 74.04 W
2025/02/16 20:13:07.306, 74.04 W
2025/02/16 20:13:07.316, 74.04 W
2025/02/16 20:13:07.326, 74.04 W
2025/02/16 20:13:07.336, 74.04 W
2025/02/16 20:13:07.346, 74.04 W
2025/02/16 20:13:07.356, 74.04 W
2025/02/16 20:13:07.366, 74.04 W
2025/02/16 20:13:07.376, 74.04 W
2025/02/16 20:13:07.386, 73.96 W
2025/02/16 20:13:07.396, 73.96 W
2025/02/16 20:13:07.407, 73.96 W
2025/02/16 20:13:07.417, 73.96 W
2025/02/16 20:13:07.427, 73.96 W
2025/02/16 20:13:07.437, 73.96 W
2025/02/16 20:13:07.447, 73.96 W
2025/02/16 20:13:07.457, 73.96 W
2025/02/16 20:13:07.467, 73.96 W
2025/02/16 20:13:07.477, 73.96 W
2025/02/16 20:13:07.487, 74.04 W
2025/02/16 20:13:07.497, 74.04 W
2025/02/16 20:13:07.507, 74.04 W
2025/02/16 20:13:07.517, 74.04 W
2025/02/16 20:13:07.527, 74.04 W
2025/02/16 20:13:07.537, 74.04 W
2025/02/16 20:13:07.547, 74.04 W
2025/02/16 20:13:07.557, 74.04 W
2025/02/16 20:13:07.568, 74.04 W
2025/02/16 20:13:07.578, 74.04 W
2025/02/16 20:13:07.588, 74.04 W
2025/02/16 20:13:07.598, 74.04 W
2025/02/16 20:13:07.608, 74.04 W
2025/02/16 20:13:07.618, 74.04 W
2025/02/16 20:13:07.628, 74.04 W
2025/02/16 20:13:07.638, 74.04 W
2025/02/16 20:13:07.648, 74.04 W
2025/02/16 20:13:07.658, 74.04 W
2025/02/16 20:13:07.668, 74.04 W
2025/02/16 20:13:07.678, 74.04 W
2025/02/16 20:13:07.688, 74.04 W
2025/02/16 20:13:07.698, 74.04 W
2025/02/16 20:13:07.708, 74.04 W
2025/02/16 20:13:07.718, 74.04 W
2025/02/16 20:13:07.729, 74.04 W
2025/02/16 20:13:07.739, 74.04 W
2025/02/16 20:13:07.749, 74.04 W
2025/02/16 20:13:07.759, 74.04 W
2025/02/16 20:13:07.769, 74.04 W
2025/02/16 20:13:07.779, 74.04 W
2025/02/16 20:13:07.789, 74.04 W
2025/02/16 20:13:07.799, 74.04 W
2025/02/16 20:13:07.809, 74.04 W
2025/02/16 20:13:07.819, 74.04 W
2025/02/16 20:13:07.829, 74.04 W
2025/02/16 20:13:07.839, 74.04 W
2025/02/16 20:13:07.849, 74.04 W
2025/02/16 20:13:07.859, 74.04 W
2025/02/16 20:13:07.869, 74.04 W
2025/02/16 20:13:07.880, 74.04 W
2025/02/16 20:13:07.890, 74.04 W
2025/02/16 20:13:07.900, 74.04 W
2025/02/16 20:13:07.910, 74.04 W
2025/02/16 20:13:07.920, 74.04 W
2025/02/16 20:13:07.930, 74.04 W
2025/02/16 20:13:07.940, 74.04 W
2025/02/16 20:13:07.950, 74.04 W
2025/02/16 20:13:07.960, 74.04 W
2025/02/16 20:13:07.970, 74.04 W
2025/02/16 20:13:07.980, 74.04 W
2025/02/16 20:13:07.990, 74.04 W
2025/02/16 20:13:08.000, 74.04 W
2025/02/16 20:13:08.010, 74.04 W
2025/02/16 20:13:08.020, 74.12 W
2025/02/16 20:13:08.030, 74.12 W
2025/02/16 20:13:08.041, 74.12 W
2025/02/16 20:13:08.051, 74.12 W
2025/02/16 20:13:08.061, 74.12 W
2025/02/16 20:13:08.071, 74.12 W
2025/02/16 20:13:08.081, 74.12 W
2025/02/16 20:13:08.091, 74.12 W
2025/02/16 20:13:08.101, 74.12 W
2025/02/16 20:13:08.111, 74.12 W
2025/02/16 20:13:08.121, 74.12 W
2025/02/16 20:13:08.131, 74.12 W
2025/02/16 20:13:08.141, 74.12 W
2025/02/16 20:13:08.151, 74.12 W
2025/02/16 20:13:08.161, 74.12 W
2025/02/16 20:13:08.171, 74.12 W
2025/02/16 20:13:08.181, 74.12 W
2025/02/16 20:13:08.191, 74.12 W
2025/02/16 20:13:08.202, 74.12 W
2025/02/16 20:13:08.212, 74.12 W
2025/02/16 20:13:08.222, 74.04 W
2025/02/16 20:13:08.232, 74.04 W
2025/02/16 20:13:08.242, 74.04 W
2025/02/16 20:13:08.252, 74.04 W
2025/02/16 20:13:08.262, 74.04 W
2025/02/16 20:13:08.272, 74.04 W
2025/02/16 20:13:08.282, 74.04 W
2025/02/16 20:13:08.292, 74.04 W
2025/02/16 20:13:08.302, 74.04 W
2025/02/16 20:13:08.312, 74.04 W
2025/02/16 20:13:08.322, 74.04 W
2025/02/16 20:13:08.332, 74.04 W
2025/02/16 20:13:08.343, 74.04 W
2025/02/16 20:13:08.353, 74.04 W
2025/02/16 20:13:08.363, 74.04 W
2025/02/16 20:13:08.373, 74.04 W
2025/02/16 20:13:08.383, 74.04 W
2025/02/16 20:13:08.393, 74.04 W
2025/02/16 20:13:08.403, 74.04 W
2025/02/16 20:13:08.413, 74.12 W
2025/02/16 20:13:08.423, 74.12 W
2025/02/16 20:13:08.433, 74.12 W
2025/02/16 20:13:08.443, 74.12 W
2025/02/16 20:13:08.453, 74.12 W
2025/02/16 20:13:08.463, 74.12 W
2025/02/16 20:13:08.473, 74.12 W
2025/02/16 20:13:08.483, 74.12 W
2025/02/16 20:13:08.493, 74.12 W
2025/02/16 20:13:08.504, 74.12 W
2025/02/16 20:13:08.514, 74.12 W
2025/02/16 20:13:08.524, 74.12 W
2025/02/16 20:13:08.534, 73.96 W
2025/02/16 20:13:08.544, 73.96 W
2025/02/16 20:13:08.554, 73.96 W
2025/02/16 20:13:08.564, 73.96 W
2025/02/16 20:13:08.574, 73.96 W
2025/02/16 20:13:08.584, 73.96 W
2025/02/16 20:13:08.594, 73.96 W
2025/02/16 20:13:08.604, 73.96 W
2025/02/16 20:13:08.614, 74.29 W
2025/02/16 20:13:08.624, 74.29 W
2025/02/16 20:13:08.634, 74.29 W
2025/02/16 20:13:08.644, 74.29 W
2025/02/16 20:13:08.654, 74.29 W
2025/02/16 20:13:08.665, 74.29 W
2025/02/16 20:13:08.675, 74.29 W
2025/02/16 20:13:08.685, 74.29 W
2025/02/16 20:13:08.695, 74.29 W
2025/02/16 20:13:08.705, 74.29 W
2025/02/16 20:13:08.715, 74.05 W
2025/02/16 20:13:08.725, 74.05 W
2025/02/16 20:13:08.735, 74.05 W
2025/02/16 20:13:08.745, 74.05 W
2025/02/16 20:13:08.755, 74.05 W
2025/02/16 20:13:08.765, 74.05 W
2025/02/16 20:13:08.775, 74.05 W
2025/02/16 20:13:08.785, 74.05 W
2025/02/16 20:13:08.795, 74.05 W
2025/02/16 20:13:08.805, 74.05 W
2025/02/16 20:13:08.816, 74.05 W
2025/02/16 20:13:08.826, 74.05 W
2025/02/16 20:13:08.836, 74.05 W
2025/02/16 20:13:08.846, 74.05 W
2025/02/16 20:13:08.856, 74.05 W
2025/02/16 20:13:08.866, 74.05 W
2025/02/16 20:13:08.876, 74.05 W
2025/02/16 20:13:08.886, 74.05 W
2025/02/16 20:13:08.896, 74.05 W
2025/02/16 20:13:08.906, 74.05 W
2025/02/16 20:13:08.916, 74.29 W
2025/02/16 20:13:08.926, 74.29 W
2025/02/16 20:13:08.936, 74.29 W
2025/02/16 20:13:08.946, 74.29 W
2025/02/16 20:13:08.956, 74.29 W
2025/02/16 20:13:08.966, 74.29 W
2025/02/16 20:13:08.977, 74.29 W
2025/02/16 20:13:08.987, 74.29 W
2025/02/16 20:13:08.997, 74.29 W
2025/02/16 20:13:09.007, 74.29 W
2025/02/16 20:13:09.017, 74.29 W
2025/02/16 20:13:09.027, 74.29 W
2025/02/16 20:13:09.037, 74.29 W
2025/02/16 20:13:09.047, 74.05 W
2025/02/16 20:13:09.057, 74.05 W
2025/02/16 20:13:09.067, 74.05 W
2025/02/16 20:13:09.077, 74.05 W
2025/02/16 20:13:09.087, 74.05 W
2025/02/16 20:13:09.097, 74.05 W
2025/02/16 20:13:09.107, 74.05 W
2025/02/16 20:13:09.117, 74.05 W
2025/02/16 20:13:09.128, 74.05 W
2025/02/16 20:13:09.138, 74.05 W
2025/02/16 20:13:09.148, 74.05 W
2025/02/16 20:13:09.158, 74.05 W
2025/02/16 20:13:09.168, 74.05 W
2025/02/16 20:13:09.178, 74.05 W
2025/02/16 20:13:09.188, 74.05 W
2025/02/16 20:13:09.198, 74.05 W
2025/02/16 20:13:09.208, 74.05 W
2025/02/16 20:13:09.218, 74.05 W
2025/02/16 20:13:09.228, 74.05 W
2025/02/16 20:13:09.238, 74.05 W
2025/02/16 20:13:09.248, 74.05 W
2025/02/16 20:13:09.258, 74.05 W
2025/02/16 20:13:09.268, 74.05 W
2025/02/16 20:13:09.279, 74.05 W
2025/02/16 20:13:09.289, 74.05 W
2025/02/16 20:13:09.299, 74.05 W
2025/02/16 20:13:09.309, 74.05 W
2025/02/16 20:13:09.319, 74.05 W
2025/02/16 20:13:09.329, 74.05 W
2025/02/16 20:13:09.339, 74.05 W
2025/02/16 20:13:09.349, 74.05 W
2025/02/16 20:13:09.359, 74.05 W
2025/02/16 20:13:09.369, 74.05 W
2025/02/16 20:13:09.379, 74.05 W
2025/02/16 20:13:09.389, 74.05 W
2025/02/16 20:13:09.399, 74.05 W
2025/02/16 20:13:09.409, 74.05 W
2025/02/16 20:13:09.419, 74.05 W
2025/02/16 20:13:09.430, 74.05 W
2025/02/16 20:13:09.440, 74.05 W
2025/02/16 20:13:09.450, 74.05 W
2025/02/16 20:13:09.460, 74.05 W
2025/02/16 20:13:09.470, 74.05 W
2025/02/16 20:13:09.480, 74.05 W
2025/02/16 20:13:09.490, 74.05 W
2025/02/16 20:13:09.500, 74.05 W
2025/02/16 20:13:09.510, 74.05 W
2025/02/16 20:13:09.520, 74.05 W
2025/02/16 20:13:09.530, 74.05 W
2025/02/16 20:13:09.540, 74.05 W
2025/02/16 20:13:09.550, 74.05 W
2025/02/16 20:13:09.560, 74.05 W
2025/02/16 20:13:09.570, 74.05 W
2025/02/16 20:13:09.580, 74.05 W
2025/02/16 20:13:09.591, 74.05 W
2025/02/16 20:13:09.601, 74.05 W
2025/02/16 20:13:09.611, 74.05 W
2025/02/16 20:13:09.621, 74.05 W
2025/02/16 20:13:09.631, 74.05 W
2025/02/16 20:13:09.641, 74.05 W
2025/02/16 20:13:09.651, 74.05 W
2025/02/16 20:13:09.661, 74.05 W
2025/02/16 20:13:09.671, 74.05 W
2025/02/16 20:13:09.681, 74.05 W
2025/02/16 20:13:09.691, 74.05 W
2025/02/16 20:13:09.701, 74.05 W
2025/02/16 20:13:09.711, 74.05 W
2025/02/16 20:13:09.721, 74.05 W
2025/02/16 20:13:09.731, 74.05 W
2025/02/16 20:13:09.742, 74.05 W
2025/02/16 20:13:09.752, 74.05 W
2025/02/16 20:13:09.762, 74.05 W
2025/02/16 20:13:09.772, 74.05 W
2025/02/16 20:13:09.782, 74.05 W
2025/02/16 20:13:09.792, 74.05 W
2025/02/16 20:13:09.802, 74.05 W
2025/02/16 20:13:09.812, 74.05 W
2025/02/16 20:13:09.822, 74.05 W
2025/02/16 20:13:09.832, 74.05 W
2025/02/16 20:13:09.842, 74.05 W
2025/02/16 20:13:09.852, 74.05 W
2025/02/16 20:13:09.862, 74.05 W
2025/02/16 20:13:09.872, 74.05 W
2025/02/16 20:13:09.882, 74.05 W
2025/02/16 20:13:09.892, 74.05 W
2025/02/16 20:13:09.903, 74.05 W
2025/02/16 20:13:09.913, 74.05 W
2025/02/16 20:13:09.923, 74.05 W
2025/02/16 20:13:09.933, 74.05 W
2025/02/16 20:13:09.943, 74.05 W
2025/02/16 20:13:09.953, 74.05 W
2025/02/16 20:13:09.963, 74.05 W
2025/02/16 20:13:09.973, 74.05 W
2025/02/16 20:13:09.983, 74.05 W
2025/02/16 20:13:09.993, 74.05 W
2025/02/16 20:13:10.003, 74.05 W
2025/02/16 20:13:10.013, 74.05 W
2025/02/16 20:13:10.023, 74.05 W
2025/02/16 20:13:10.033, 74.05 W
2025/02/16 20:13:10.043, 74.05 W
2025/02/16 20:13:10.054, 74.05 W
2025/02/16 20:13:10.064, 74.05 W
2025/02/16 20:13:10.074, 74.05 W
2025/02/16 20:13:10.084, 74.05 W
2025/02/16 20:13:10.094, 74.05 W
2025/02/16 20:13:10.104, 74.05 W
2025/02/16 20:13:10.114, 74.05 W
2025/02/16 20:13:10.124, 74.05 W
2025/02/16 20:13:10.134, 74.05 W
2025/02/16 20:13:10.144, 74.05 W
2025/02/16 20:13:10.154, 74.05 W
2025/02/16 20:13:10.164, 74.05 W
2025/02/16 20:13:10.174, 74.05 W
2025/02/16 20:13:10.184, 74.05 W
2025/02/16 20:13:10.194, 74.05 W
2025/02/16 20:13:10.205, 74.05 W
2025/02/16 20:13:10.215, 74.05 W
2025/02/16 20:13:10.225, 74.05 W
2025/02/16 20:13:10.235, 74.05 W
2025/02/16 20:13:10.245, 74.05 W
2025/02/16 20:13:10.255, 74.05 W
2025/02/16 20:13:10.265, 74.05 W
2025/02/16 20:13:10.275, 74.05 W
2025/02/16 20:13:10.285, 74.05 W
2025/02/16 20:13:10.295, 74.05 W
2025/02/16 20:13:10.305, 74.05 W
2025/02/16 20:13:10.315, 74.05 W
2025/02/16 20:13:10.325, 74.05 W
2025/02/16 20:13:10.335, 74.05 W
2025/02/16 20:13:10.345, 74.05 W
2025/02/16 20:13:10.355, 74.05 W
2025/02/16 20:13:10.366, 74.05 W
2025/02/16 20:13:10.376, 74.05 W
2025/02/16 20:13:10.386, 74.05 W
2025/02/16 20:13:10.396, 74.05 W
2025/02/16 20:13:10.406, 74.05 W
2025/02/16 20:13:10.416, 74.05 W
2025/02/16 20:13:10.426, 74.05 W
2025/02/16 20:13:10.436, 74.05 W
2025/02/16 20:13:10.446, 74.05 W
2025/02/16 20:13:10.456, 74.05 W
2025/02/16 20:13:10.466, 74.05 W
2025/02/16 20:13:10.476, 74.05 W
2025/02/16 20:13:10.486, 74.05 W
2025/02/16 20:13:10.496, 74.05 W
2025/02/16 20:13:10.506, 74.05 W
2025/02/16 20:13:10.516, 74.05 W
2025/02/16 20:13:10.527, 74.05 W
2025/02/16 20:13:10.537, 74.05 W
2025/02/16 20:13:10.547, 74.05 W
2025/02/16 20:13:10.557, 74.05 W
2025/02/16 20:13:10.567, 74.05 W
2025/02/16 20:13:10.577, 74.05 W
2025/02/16 20:13:10.587, 74.05 W
2025/02/16 20:13:10.597, 74.05 W
2025/02/16 20:13:10.607, 74.05 W
2025/02/16 20:13:10.617, 74.05 W
2025/02/16 20:13:10.627, 74.05 W
2025/02/16 20:13:10.637, 74.05 W
2025/02/16 20:13:10.647, 74.05 W
2025/02/16 20:13:10.657, 74.05 W
2025/02/16 20:13:10.667, 74.05 W
2025/02/16 20:13:10.678, 74.05 W
2025/02/16 20:13:10.688, 73.76 W
2025/02/16 20:13:10.698, 73.76 W
2025/02/16 20:13:10.708, 73.76 W
2025/02/16 20:13:10.718, 73.76 W
2025/02/16 20:13:10.728, 73.76 W
2025/02/16 20:13:10.738, 73.76 W
2025/02/16 20:13:10.748, 73.76 W
2025/02/16 20:13:10.758, 73.76 W
2025/02/16 20:13:10.768, 74.05 W
2025/02/16 20:13:10.778, 74.05 W
2025/02/16 20:13:10.788, 74.05 W
2025/02/16 20:13:10.798, 74.05 W
2025/02/16 20:13:10.808, 74.05 W
2025/02/16 20:13:10.818, 74.05 W
2025/02/16 20:13:10.828, 74.05 W
2025/02/16 20:13:10.839, 74.05 W
2025/02/16 20:13:10.849, 74.05 W
2025/02/16 20:13:10.859, 74.05 W
2025/02/16 20:13:10.869, 74.05 W
2025/02/16 20:13:10.879, 74.05 W
2025/02/16 20:13:10.889, 73.76 W
2025/02/16 20:13:10.899, 73.76 W
2025/02/16 20:13:10.909, 73.76 W
2025/02/16 20:13:10.919, 73.76 W
2025/02/16 20:13:10.929, 73.76 W
2025/02/16 20:13:10.939, 73.76 W
2025/02/16 20:13:10.949, 73.76 W
2025/02/16 20:13:10.959, 73.76 W
2025/02/16 20:13:10.969, 74.05 W
2025/02/16 20:13:10.979, 74.05 W
2025/02/16 20:13:10.990, 74.05 W
2025/02/16 20:13:11.000, 74.05 W
2025/02/16 20:13:11.010, 74.05 W
2025/02/16 20:13:11.020, 74.05 W
2025/02/16 20:13:11.030, 74.05 W
2025/02/16 20:13:11.040, 74.05 W
2025/02/16 20:13:11.050, 74.05 W
2025/02/16 20:13:11.060, 74.05 W
2025/02/16 20:13:11.070, 74.05 W
2025/02/16 20:13:11.080, 74.05 W
2025/02/16 20:13:11.090, 74.05 W
2025/02/16 20:13:11.100, 74.05 W
2025/02/16 20:13:11.110, 74.05 W
2025/02/16 20:13:11.120, 74.05 W
2025/02/16 20:13:11.130, 74.05 W
2025/02/16 20:13:11.140, 74.05 W
2025/02/16 20:13:11.151, 74.05 W
2025/02/16 20:13:11.161, 74.05 W
2025/02/16 20:13:11.171, 74.05 W
2025/02/16 20:13:11.181, 74.05 W
2025/02/16 20:13:11.191, 74.05 W
2025/02/16 20:13:11.201, 74.05 W
2025/02/16 20:13:11.211, 74.05 W
2025/02/16 20:13:11.221, 74.05 W
2025/02/16 20:13:11.231, 74.05 W
2025/02/16 20:13:11.241, 74.05 W
2025/02/16 20:13:11.251, 74.05 W
2025/02/16 20:13:11.261, 74.05 W
2025/02/16 20:13:11.271, 74.05 W
2025/02/16 20:13:11.281, 74.05 W
2025/02/16 20:13:11.291, 74.05 W
2025/02/16 20:13:11.302, 73.79 W
2025/02/16 20:13:11.312, 73.79 W
2025/02/16 20:13:11.322, 73.79 W
2025/02/16 20:13:11.332, 73.79 W
2025/02/16 20:13:11.342, 73.79 W
2025/02/16 20:13:11.352, 73.79 W
2025/02/16 20:13:11.362, 73.79 W
2025/02/16 20:13:11.372, 73.79 W
2025/02/16 20:13:11.382, 73.79 W
2025/02/16 20:13:11.392, 73.79 W
2025/02/16 20:13:11.402, 73.79 W
2025/02/16 20:13:11.412, 73.79 W
2025/02/16 20:13:11.422, 73.79 W
2025/02/16 20:13:11.432, 73.79 W
2025/02/16 20:13:11.442, 73.79 W
2025/02/16 20:13:11.452, 73.79 W
2025/02/16 20:13:11.463, 73.79 W
2025/02/16 20:13:11.473, 73.79 W
2025/02/16 20:13:11.483, 73.79 W
2025/02/16 20:13:11.493, 73.79 W
2025/02/16 20:13:11.503, 73.79 W
2025/02/16 20:13:11.513, 73.79 W
2025/02/16 20:13:11.523, 73.79 W
2025/02/16 20:13:11.533, 73.79 W
2025/02/16 20:13:11.543, 73.79 W
2025/02/16 20:13:11.553, 73.79 W
2025/02/16 20:13:11.563, 73.79 W
2025/02/16 20:13:11.573, 73.79 W
2025/02/16 20:13:11.583, 73.79 W
2025/02/16 20:13:11.593, 73.79 W
2025/02/16 20:13:11.603, 73.79 W
2025/02/16 20:13:11.614, 73.79 W
2025/02/16 20:13:11.624, 73.79 W
2025/02/16 20:13:11.634, 73.79 W
2025/02/16 20:13:11.644, 73.79 W
2025/02/16 20:13:11.654, 73.79 W
2025/02/16 20:13:11.664, 73.79 W
2025/02/16 20:13:11.674, 73.79 W
2025/02/16 20:13:11.684, 73.79 W
2025/02/16 20:13:11.694, 73.79 W
2025/02/16 20:13:11.704, 73.88 W
2025/02/16 20:13:11.714, 73.88 W
2025/02/16 20:13:11.724, 73.88 W
2025/02/16 20:13:11.734, 73.88 W
2025/02/16 20:13:11.744, 73.88 W
2025/02/16 20:13:11.754, 73.88 W
2025/02/16 20:13:11.765, 73.88 W
2025/02/16 20:13:11.775, 73.88 W
2025/02/16 20:13:11.785, 73.88 W
2025/02/16 20:13:11.795, 73.79 W
2025/02/16 20:13:11.805, 73.79 W
2025/02/16 20:13:11.815, 73.79 W
2025/02/16 20:13:11.825, 73.79 W
2025/02/16 20:13:11.835, 73.79 W
2025/02/16 20:13:11.845, 73.79 W
2025/02/16 20:13:11.855, 73.79 W
2025/02/16 20:13:11.865, 73.79 W
2025/02/16 20:13:11.875, 73.79 W
2025/02/16 20:13:11.885, 73.79 W
2025/02/16 20:13:11.895, 73.79 W
2025/02/16 20:13:11.905, 73.79 W
2025/02/16 20:13:11.915, 73.96 W
2025/02/16 20:13:11.926, 73.96 W
2025/02/16 20:13:11.936, 73.96 W
2025/02/16 20:13:11.946, 73.96 W
2025/02/16 20:13:11.956, 73.96 W
2025/02/16 20:13:11.966, 73.96 W
2025/02/16 20:13:11.976, 73.96 W
2025/02/16 20:13:11.986, 73.96 W
2025/02/16 20:13:11.996, 73.79 W
2025/02/16 20:13:12.006, 73.79 W
2025/02/16 20:13:12.016, 73.79 W
2025/02/16 20:13:12.026, 73.79 W
2025/02/16 20:13:12.036, 73.79 W
2025/02/16 20:13:12.046, 73.79 W
2025/02/16 20:13:12.056, 73.79 W
2025/02/16 20:13:12.066, 73.79 W
2025/02/16 20:13:12.076, 73.79 W
2025/02/16 20:13:12.087, 73.79 W
2025/02/16 20:13:12.097, 73.79 W
2025/02/16 20:13:12.107, 73.79 W
2025/02/16 20:13:12.117, 73.79 W
2025/02/16 20:13:12.127, 73.79 W
2025/02/16 20:13:12.137, 73.79 W
2025/02/16 20:13:12.147, 73.79 W
2025/02/16 20:13:12.157, 73.79 W
2025/02/16 20:13:12.167, 73.79 W
2025/02/16 20:13:12.177, 73.79 W
2025/02/16 20:13:12.187, 73.79 W
2025/02/16 20:13:12.197, 73.79 W
2025/02/16 20:13:12.207, 73.79 W
2025/02/16 20:13:12.217, 73.79 W
2025/02/16 20:13:12.227, 73.79 W
2025/02/16 20:13:12.238, 73.79 W
2025/02/16 20:13:12.248, 73.79 W
2025/02/16 20:13:12.258, 73.79 W
2025/02/16 20:13:12.268, 73.79 W
2025/02/16 20:13:12.278, 73.79 W
2025/02/16 20:13:12.288, 73.79 W
2025/02/16 20:13:12.298, 73.79 W
2025/02/16 20:13:12.308, 73.79 W
2025/02/16 20:13:12.318, 73.79 W
2025/02/16 20:13:12.328, 73.79 W
2025/02/16 20:13:12.338, 73.79 W
2025/02/16 20:13:12.348, 73.79 W
2025/02/16 20:13:12.358, 73.79 W
2025/02/16 20:13:12.368, 73.79 W
2025/02/16 20:13:12.378, 73.79 W
2025/02/16 20:13:12.388, 73.79 W
2025/02/16 20:13:12.399, 73.79 W
2025/02/16 20:13:12.409, 73.79 W
2025/02/16 20:13:12.419, 73.79 W
2025/02/16 20:13:12.429, 74.04 W
2025/02/16 20:13:12.439, 74.04 W
2025/02/16 20:13:12.449, 74.04 W
2025/02/16 20:13:12.459, 74.04 W
2025/02/16 20:13:12.469, 74.04 W
2025/02/16 20:13:12.479, 74.04 W
2025/02/16 20:13:12.489, 74.04 W
2025/02/16 20:13:12.499, 74.04 W
2025/02/16 20:13:12.509, 73.79 W
2025/02/16 20:13:12.519, 73.79 W
2025/02/16 20:13:12.529, 73.79 W
2025/02/16 20:13:12.539, 73.79 W
2025/02/16 20:13:12.549, 73.79 W
2025/02/16 20:13:12.560, 73.79 W
2025/02/16 20:13:12.570, 73.79 W
2025/02/16 20:13:12.580, 73.79 W
2025/02/16 20:13:12.590, 73.79 W
2025/02/16 20:13:12.600, 73.79 W
2025/02/16 20:13:12.610, 73.88 W
2025/02/16 20:13:12.620, 73.88 W
2025/02/16 20:13:12.630, 73.88 W
2025/02/16 20:13:12.640, 73.88 W
2025/02/16 20:13:12.650, 73.88 W
2025/02/16 20:13:12.660, 73.88 W
2025/02/16 20:13:12.670, 73.88 W
2025/02/16 20:13:12.680, 73.88 W
2025/02/16 20:13:12.690, 73.88 W
2025/02/16 20:13:12.701, 73.88 W
2025/02/16 20:13:12.711, 73.88 W
2025/02/16 20:13:12.721, 73.88 W
2025/02/16 20:13:12.731, 73.96 W
2025/02/16 20:13:12.741, 73.96 W
2025/02/16 20:13:12.751, 73.96 W
2025/02/16 20:13:12.761, 73.96 W
2025/02/16 20:13:12.771, 73.96 W
2025/02/16 20:13:12.781, 73.96 W
2025/02/16 20:13:12.791, 73.96 W
2025/02/16 20:13:12.801, 73.96 W
2025/02/16 20:13:12.811, 74.04 W
2025/02/16 20:13:12.821, 74.04 W
2025/02/16 20:13:12.831, 74.04 W
2025/02/16 20:13:12.841, 74.04 W
2025/02/16 20:13:12.852, 74.04 W
2025/02/16 20:13:12.862, 74.04 W
2025/02/16 20:13:12.872, 74.04 W
2025/02/16 20:13:12.882, 74.04 W
2025/02/16 20:13:12.892, 74.04 W
2025/02/16 20:13:12.902, 74.04 W
2025/02/16 20:13:12.912, 74.04 W
2025/02/16 20:13:12.922, 74.04 W
2025/02/16 20:13:12.932, 74.04 W
2025/02/16 20:13:12.942, 73.79 W
2025/02/16 20:13:12.952, 73.79 W
2025/02/16 20:13:12.962, 73.79 W
2025/02/16 20:13:12.972, 73.79 W
2025/02/16 20:13:12.982, 73.79 W
2025/02/16 20:13:12.992, 73.79 W
2025/02/16 20:13:13.002, 73.79 W
2025/02/16 20:13:13.013, 73.79 W
2025/02/16 20:13:13.023, 73.88 W
2025/02/16 20:13:13.033, 73.88 W
2025/02/16 20:13:13.043, 73.88 W
2025/02/16 20:13:13.053, 73.88 W
2025/02/16 20:13:13.063, 73.88 W
2025/02/16 20:13:13.073, 73.88 W
2025/02/16 20:13:13.083, 73.88 W
2025/02/16 20:13:13.093, 73.88 W
2025/02/16 20:13:13.103, 73.88 W
2025/02/16 20:13:13.113, 73.88 W
2025/02/16 20:13:13.123, 73.88 W
2025/02/16 20:13:13.133, 73.88 W
2025/02/16 20:13:13.143, 73.96 W
2025/02/16 20:13:13.153, 73.96 W
2025/02/16 20:13:13.163, 73.96 W
2025/02/16 20:13:13.174, 73.96 W
2025/02/16 20:13:13.184, 73.96 W
2025/02/16 20:13:13.194, 73.96 W
2025/02/16 20:13:13.204, 73.96 W
2025/02/16 20:13:13.214, 73.96 W
2025/02/16 20:13:13.224, 74.05 W
2025/02/16 20:13:13.234, 74.05 W
2025/02/16 20:13:13.244, 74.05 W
2025/02/16 20:13:13.254, 74.05 W
2025/02/16 20:13:13.264, 74.05 W
2025/02/16 20:13:13.274, 74.05 W
2025/02/16 20:13:13.284, 74.05 W
2025/02/16 20:13:13.294, 74.05 W
2025/02/16 20:13:13.304, 74.05 W
2025/02/16 20:13:13.314, 74.05 W
2025/02/16 20:13:13.325, 74.05 W
2025/02/16 20:13:13.335, 74.05 W
2025/02/16 20:13:13.345, 74.05 W
2025/02/16 20:13:13.355, 74.05 W
2025/02/16 20:13:13.365, 74.05 W
2025/02/16 20:13:13.375, 74.05 W
2025/02/16 20:13:13.385, 74.05 W
2025/02/16 20:13:13.395, 74.05 W
2025/02/16 20:13:13.405, 74.05 W
2025/02/16 20:13:13.415, 74.05 W
2025/02/16 20:13:13.425, 74.05 W
2025/02/16 20:13:13.435, 74.05 W
2025/02/16 20:13:13.445, 74.05 W
2025/02/16 20:13:13.455, 74.05 W
2025/02/16 20:13:13.465, 74.05 W
2025/02/16 20:13:13.476, 74.05 W
2025/02/16 20:13:13.486, 74.05 W
2025/02/16 20:13:13.496, 74.05 W
2025/02/16 20:13:13.506, 74.05 W
2025/02/16 20:13:13.516, 74.05 W
2025/02/16 20:13:13.526, 74.05 W
2025/02/16 20:13:13.536, 74.05 W
2025/02/16 20:13:13.546, 73.76 W
2025/02/16 20:13:13.556, 73.76 W
2025/02/16 20:13:13.566, 73.76 W
2025/02/16 20:13:13.576, 73.76 W
2025/02/16 20:13:13.586, 73.76 W
2025/02/16 20:13:13.596, 73.76 W
2025/02/16 20:13:13.606, 73.76 W
2025/02/16 20:13:13.616, 73.76 W
2025/02/16 20:13:13.627, 73.76 W
2025/02/16 20:13:13.637, 74.05 W
2025/02/16 20:13:13.647, 74.05 W
2025/02/16 20:13:13.657, 74.05 W
2025/02/16 20:13:13.667, 74.05 W
2025/02/16 20:13:13.677, 74.05 W
2025/02/16 20:13:13.687, 74.05 W
2025/02/16 20:13:13.697, 74.05 W
2025/02/16 20:13:13.707, 74.05 W
2025/02/16 20:13:13.717, 74.05 W
2025/02/16 20:13:13.727, 74.05 W
2025/02/16 20:13:13.737, 74.05 W
2025/02/16 20:13:13.747, 74.05 W
2025/02/16 20:13:13.757, 74.05 W
2025/02/16 20:13:13.767, 74.05 W
2025/02/16 20:13:13.777, 74.05 W
2025/02/16 20:13:13.788, 74.05 W
2025/02/16 20:13:13.798, 74.05 W
2025/02/16 20:13:13.808, 74.05 W
2025/02/16 20:13:13.818, 74.05 W
2025/02/16 20:13:13.828, 74.05 W
2025/02/16 20:13:13.838, 74.05 W
2025/02/16 20:13:13.848, 74.05 W
2025/02/16 20:13:13.858, 74.05 W
2025/02/16 20:13:13.868, 74.05 W
2025/02/16 20:13:13.878, 74.05 W
2025/02/16 20:13:13.888, 74.05 W
2025/02/16 20:13:13.898, 74.05 W
2025/02/16 20:13:13.908, 74.05 W
2025/02/16 20:13:13.918, 74.05 W
2025/02/16 20:13:13.928, 74.05 W
2025/02/16 20:13:13.939, 74.05 W
2025/02/16 20:13:13.949, 74.05 W
2025/02/16 20:13:13.959, 73.76 W
2025/02/16 20:13:13.969, 73.76 W
2025/02/16 20:13:13.979, 73.76 W
2025/02/16 20:13:13.989, 73.76 W
2025/02/16 20:13:13.999, 73.76 W
2025/02/16 20:13:14.009, 73.76 W
2025/02/16 20:13:14.019, 73.76 W
2025/02/16 20:13:14.029, 73.76 W
2025/02/16 20:13:14.039, 73.96 W
2025/02/16 20:13:14.049, 73.96 W
2025/02/16 20:13:14.059, 73.96 W
2025/02/16 20:13:14.069, 73.96 W
2025/02/16 20:13:14.079, 73.96 W
2025/02/16 20:13:14.089, 73.96 W
2025/02/16 20:13:14.100, 73.96 W
2025/02/16 20:13:14.110, 73.96 W
2025/02/16 20:13:14.120, 73.96 W
2025/02/16 20:13:14.130, 73.96 W
2025/02/16 20:13:14.140, 73.96 W
2025/02/16 20:13:14.150, 73.96 W
2025/02/16 20:13:14.160, 74.05 W
2025/02/16 20:13:14.170, 74.05 W
2025/02/16 20:13:14.180, 74.05 W
2025/02/16 20:13:14.190, 74.05 W
2025/02/16 20:13:14.200, 74.05 W
2025/02/16 20:13:14.210, 74.05 W
2025/02/16 20:13:14.220, 74.05 W
2025/02/16 20:13:14.230, 74.05 W
2025/02/16 20:13:14.240, 74.05 W
2025/02/16 20:13:14.250, 74.05 W
2025/02/16 20:13:14.261, 74.05 W
2025/02/16 20:13:14.271, 74.05 W
2025/02/16 20:13:14.281, 74.05 W
2025/02/16 20:13:14.291, 74.05 W
2025/02/16 20:13:14.301, 74.05 W
2025/02/16 20:13:14.311, 74.05 W
2025/02/16 20:13:14.321, 74.05 W
2025/02/16 20:13:14.331, 74.05 W
2025/02/16 20:13:14.341, 74.05 W
2025/02/16 20:13:14.351, 74.05 W
2025/02/16 20:13:14.361, 74.05 W
2025/02/16 20:13:14.371, 74.05 W
2025/02/16 20:13:14.381, 74.05 W
2025/02/16 20:13:14.391, 74.05 W
2025/02/16 20:13:14.402, 74.05 W
2025/02/16 20:13:14.412, 74.05 W
2025/02/16 20:13:14.422, 74.05 W
2025/02/16 20:13:14.432, 74.05 W
2025/02/16 20:13:14.442, 74.05 W
2025/02/16 20:13:14.452, 74.05 W
2025/02/16 20:13:14.462, 74.05 W
2025/02/16 20:13:14.472, 74.05 W
2025/02/16 20:13:14.482, 74.05 W
2025/02/16 20:13:14.492, 74.05 W
2025/02/16 20:13:14.502, 74.05 W
2025/02/16 20:13:14.512, 74.05 W
2025/02/16 20:13:14.522, 74.05 W
2025/02/16 20:13:14.532, 74.05 W
2025/02/16 20:13:14.542, 74.05 W
2025/02/16 20:13:14.552, 74.05 W
2025/02/16 20:13:14.563, 74.05 W
2025/02/16 20:13:14.573, 74.05 W
2025/02/16 20:13:14.583, 74.05 W
2025/02/16 20:13:14.593, 74.05 W
2025/02/16 20:13:14.603, 74.05 W
2025/02/16 20:13:14.613, 74.05 W
2025/02/16 20:13:14.623, 74.05 W
2025/02/16 20:13:14.633, 74.05 W
2025/02/16 20:13:14.643, 74.05 W
2025/02/16 20:13:14.653, 74.05 W
2025/02/16 20:13:14.663, 74.05 W
2025/02/16 20:13:14.673, 74.05 W
2025/02/16 20:13:14.683, 74.05 W
2025/02/16 20:13:14.693, 74.05 W
2025/02/16 20:13:14.703, 74.05 W
2025/02/16 20:13:14.713, 74.05 W
2025/02/16 20:13:14.724, 74.05 W
2025/02/16 20:13:14.734, 74.05 W
2025/02/16 20:13:14.744, 74.05 W
2025/02/16 20:13:14.754, 74.05 W
2025/02/16 20:13:14.764, 74.05 W
2025/02/16 20:13:14.774, 73.76 W
2025/02/16 20:13:14.784, 73.76 W
2025/02/16 20:13:14.794, 73.76 W
2025/02/16 20:13:14.804, 73.76 W
2025/02/16 20:13:14.814, 73.76 W
2025/02/16 20:13:14.824, 73.76 W
2025/02/16 20:13:14.834, 73.76 W
2025/02/16 20:13:14.844, 73.76 W
2025/02/16 20:13:14.854, 73.76 W
2025/02/16 20:13:14.864, 73.76 W
2025/02/16 20:13:14.875, 73.76 W
2025/02/16 20:13:14.885, 73.76 W
2025/02/16 20:13:14.895, 73.76 W
2025/02/16 20:13:14.905, 73.76 W
2025/02/16 20:13:14.915, 73.76 W
2025/02/16 20:13:14.925, 73.76 W
2025/02/16 20:13:14.935, 73.76 W
2025/02/16 20:13:14.945, 73.76 W
2025/02/16 20:13:14.955, 73.76 W
2025/02/16 20:13:14.965, 73.76 W
2025/02/16 20:13:14.975, 73.76 W
2025/02/16 20:13:14.985, 73.76 W
2025/02/16 20:13:14.995, 73.76 W
2025/02/16 20:13:15.005, 73.76 W
2025/02/16 20:13:15.015, 73.76 W
2025/02/16 20:13:15.025, 73.76 W
2025/02/16 20:13:15.036, 73.76 W
2025/02/16 20:13:15.046, 73.76 W
2025/02/16 20:13:15.056, 73.76 W
2025/02/16 20:13:15.066, 74.05 W
2025/02/16 20:13:15.076, 74.05 W
2025/02/16 20:13:15.086, 74.05 W
2025/02/16 20:13:15.096, 74.05 W
2025/02/16 20:13:15.106, 74.05 W
2025/02/16 20:13:15.116, 74.05 W
2025/02/16 20:13:15.126, 74.05 W
2025/02/16 20:13:15.136, 74.05 W
2025/02/16 20:13:15.146, 74.05 W
2025/02/16 20:13:15.156, 74.05 W
2025/02/16 20:13:15.166, 74.05 W
2025/02/16 20:13:15.176, 74.05 W
2025/02/16 20:13:15.187, 73.76 W
2025/02/16 20:13:15.197, 73.76 W
2025/02/16 20:13:15.207, 73.76 W
2025/02/16 20:13:15.217, 73.76 W
2025/02/16 20:13:15.227, 73.76 W
2025/02/16 20:13:15.237, 73.76 W
2025/02/16 20:13:15.247, 73.76 W
2025/02/16 20:13:15.257, 73.76 W
2025/02/16 20:13:15.267, 73.76 W
2025/02/16 20:13:15.277, 74.05 W
2025/02/16 20:13:15.287, 74.05 W
2025/02/16 20:13:15.297, 74.05 W
2025/02/16 20:13:15.307, 74.05 W
2025/02/16 20:13:15.317, 74.05 W
2025/02/16 20:13:15.327, 74.05 W
2025/02/16 20:13:15.338, 74.05 W
2025/02/16 20:13:15.348, 74.05 W
2025/02/16 20:13:15.358, 74.05 W
2025/02/16 20:13:15.368, 74.05 W
2025/02/16 20:13:15.378, 73.76 W
2025/02/16 20:13:15.388, 73.76 W
2025/02/16 20:13:15.398, 73.76 W
2025/02/16 20:13:15.408, 73.76 W
2025/02/16 20:13:15.418, 73.76 W
2025/02/16 20:13:15.428, 73.76 W
2025/02/16 20:13:15.438, 73.76 W
2025/02/16 20:13:15.448, 73.76 W
2025/02/16 20:13:15.458, 73.76 W
2025/02/16 20:13:15.468, 73.76 W
2025/02/16 20:13:15.478, 73.76 W
2025/02/16 20:13:15.488, 73.76 W
2025/02/16 20:13:15.499, 73.76 W
2025/02/16 20:13:15.509, 73.76 W
2025/02/16 20:13:15.519, 73.76 W
2025/02/16 20:13:15.529, 73.76 W
2025/02/16 20:13:15.539, 73.76 W
2025/02/16 20:13:15.549, 73.76 W
2025/02/16 20:13:15.559, 73.76 W
2025/02/16 20:13:15.569, 73.76 W
2025/02/16 20:13:15.579, 73.76 W
2025/02/16 20:13:15.589, 73.76 W
2025/02/16 20:13:15.599, 74.05 W
2025/02/16 20:13:15.609, 74.05 W
2025/02/16 20:13:15.619, 74.05 W
2025/02/16 20:13:15.629, 74.05 W
2025/02/16 20:13:15.639, 74.05 W
2025/02/16 20:13:15.649, 74.05 W
2025/02/16 20:13:15.660, 74.05 W
2025/02/16 20:13:15.670, 74.05 W
2025/02/16 20:13:15.680, 73.76 W
2025/02/16 20:13:15.690, 73.76 W
2025/02/16 20:13:15.700, 73.76 W
2025/02/16 20:13:15.710, 73.76 W
2025/02/16 20:13:15.720, 73.76 W
2025/02/16 20:13:15.730, 73.76 W
2025/02/16 20:13:15.740, 73.76 W
2025/02/16 20:13:15.750, 73.76 W
2025/02/16 20:13:15.760, 73.76 W
2025/02/16 20:13:15.770, 73.76 W
2025/02/16 20:13:15.780, 73.76 W
2025/02/16 20:13:15.790, 73.76 W
2025/02/16 20:13:15.800, 74.05 W
2025/02/16 20:13:15.811, 74.05 W
2025/02/16 20:13:15.821, 74.05 W
2025/02/16 20:13:15.831, 74.05 W
2025/02/16 20:13:15.841, 74.05 W
2025/02/16 20:13:15.851, 74.05 W
2025/02/16 20:13:15.861, 74.05 W
2025/02/16 20:13:15.871, 74.05 W
2025/02/16 20:13:15.881, 73.76 W
2025/02/16 20:13:15.891, 73.76 W
2025/02/16 20:13:15.901, 73.76 W
2025/02/16 20:13:15.911, 73.76 W
2025/02/16 20:13:15.921, 73.76 W
2025/02/16 20:13:15.931, 73.76 W
2025/02/16 20:13:15.941, 73.76 W
2025/02/16 20:13:15.951, 73.76 W
2025/02/16 20:13:15.961, 73.76 W
2025/02/16 20:13:15.972, 73.76 W
2025/02/16 20:13:15.982, 73.76 W
2025/02/16 20:13:15.992, 73.76 W
2025/02/16 20:13:16.002, 74.05 W
2025/02/16 20:13:16.014, 74.05 W
2025/02/16 20:13:16.024, 74.05 W
2025/02/16 20:13:16.035, 74.05 W
2025/02/16 20:13:16.045, 74.05 W
2025/02/16 20:13:16.055, 74.05 W
2025/02/16 20:13:16.065, 74.05 W
2025/02/16 20:13:16.075, 74.05 W
2025/02/16 20:13:16.085, 73.79 W
2025/02/16 20:13:16.095, 73.79 W
2025/02/16 20:13:16.105, 73.79 W
2025/02/16 20:13:16.115, 73.79 W
2025/02/16 20:13:16.125, 73.79 W
2025/02/16 20:13:16.135, 73.79 W
2025/02/16 20:13:16.145, 73.79 W
2025/02/16 20:13:16.155, 73.79 W
2025/02/16 20:13:16.165, 73.79 W
2025/02/16 20:13:16.175, 73.79 W
2025/02/16 20:13:16.186, 73.79 W
2025/02/16 20:13:16.196, 73.79 W
2025/02/16 20:13:16.206, 73.79 W
2025/02/16 20:13:16.216, 73.79 W
2025/02/16 20:13:16.226, 73.79 W
2025/02/16 20:13:16.236, 73.79 W
2025/02/16 20:13:16.246, 73.79 W
2025/02/16 20:13:16.256, 73.79 W
2025/02/16 20:13:16.266, 73.79 W
2025/02/16 20:13:16.276, 73.79 W
2025/02/16 20:13:16.286, 73.79 W
2025/02/16 20:13:16.296, 73.79 W
2025/02/16 20:13:16.306, 73.79 W
2025/02/16 20:13:16.316, 73.79 W
2025/02/16 20:13:16.326, 73.79 W
2025/02/16 20:13:16.336, 73.79 W
2025/02/16 20:13:16.347, 73.79 W
2025/02/16 20:13:16.357, 73.79 W
2025/02/16 20:13:16.367, 73.79 W
2025/02/16 20:13:16.377, 73.79 W
2025/02/16 20:13:16.387, 73.79 W
2025/02/16 20:13:16.397, 73.79 W
2025/02/16 20:13:16.407, 73.79 W
2025/02/16 20:13:16.417, 73.79 W
2025/02/16 20:13:16.427, 73.79 W
2025/02/16 20:13:16.437, 73.79 W
2025/02/16 20:13:16.447, 73.79 W
2025/02/16 20:13:16.457, 73.79 W
2025/02/16 20:13:16.467, 73.79 W
2025/02/16 20:13:16.477, 73.79 W
2025/02/16 20:13:16.487, 73.79 W
2025/02/16 20:13:16.498, 73.79 W
2025/02/16 20:13:16.508, 73.79 W
2025/02/16 20:13:16.518, 73.79 W
2025/02/16 20:13:16.528, 73.79 W
2025/02/16 20:13:16.538, 73.79 W
2025/02/16 20:13:16.548, 73.79 W
2025/02/16 20:13:16.558, 73.79 W
2025/02/16 20:13:16.568, 73.79 W
2025/02/16 20:13:16.578, 73.79 W
2025/02/16 20:13:16.588, 73.79 W
2025/02/16 20:13:16.598, 73.79 W
2025/02/16 20:13:16.608, 73.79 W
2025/02/16 20:13:16.618, 73.79 W
2025/02/16 20:13:16.628, 73.79 W
2025/02/16 20:13:16.638, 73.79 W
2025/02/16 20:13:16.648, 73.79 W
2025/02/16 20:13:16.659, 73.79 W
2025/02/16 20:13:16.669, 73.79 W
2025/02/16 20:13:16.679, 73.79 W
2025/02/16 20:13:16.689, 73.79 W
2025/02/16 20:13:16.699, 73.79 W
2025/02/16 20:13:16.709, 73.79 W
2025/02/16 20:13:16.719, 73.79 W
2025/02/16 20:13:16.729, 73.79 W
2025/02/16 20:13:16.739, 73.79 W
2025/02/16 20:13:16.749, 73.79 W
2025/02/16 20:13:16.759, 73.79 W
2025/02/16 20:13:16.769, 73.79 W
2025/02/16 20:13:16.779, 73.79 W
2025/02/16 20:13:16.789, 73.79 W
2025/02/16 20:13:16.799, 73.79 W
2025/02/16 20:13:16.810, 73.79 W
2025/02/16 20:13:16.820, 73.79 W
2025/02/16 20:13:16.830, 73.88 W
2025/02/16 20:13:16.840, 73.88 W
2025/02/16 20:13:16.850, 73.88 W
2025/02/16 20:13:16.860, 73.88 W
2025/02/16 20:13:16.870, 73.88 W
2025/02/16 20:13:16.880, 73.88 W
2025/02/16 20:13:16.890, 73.88 W
2025/02/16 20:13:16.900, 73.88 W
2025/02/16 20:13:16.910, 73.79 W
2025/02/16 20:13:16.920, 73.79 W
2025/02/16 20:13:16.930, 73.79 W
2025/02/16 20:13:16.940, 73.79 W
2025/02/16 20:13:16.950, 73.79 W
2025/02/16 20:13:16.961, 73.79 W
2025/02/16 20:13:16.971, 73.79 W
2025/02/16 20:13:16.981, 73.79 W
2025/02/16 20:13:16.991, 73.79 W
2025/02/16 20:13:17.001, 73.79 W
2025/02/16 20:13:17.011, 73.79 W
2025/02/16 20:13:17.021, 73.79 W
2025/02/16 20:13:17.031, 73.79 W
2025/02/16 20:13:17.041, 73.79 W
2025/02/16 20:13:17.051, 73.79 W
2025/02/16 20:13:17.061, 73.79 W
2025/02/16 20:13:17.071, 73.79 W
2025/02/16 20:13:17.081, 73.79 W
2025/02/16 20:13:17.091, 73.79 W
2025/02/16 20:13:17.101, 73.79 W
2025/02/16 20:13:17.111, 74.04 W
2025/02/16 20:13:17.122, 74.04 W
2025/02/16 20:13:17.132, 74.04 W
2025/02/16 20:13:17.142, 74.04 W
2025/02/16 20:13:17.152, 74.04 W
2025/02/16 20:13:17.162, 74.04 W
2025/02/16 20:13:17.172, 74.04 W
2025/02/16 20:13:17.182, 74.04 W
2025/02/16 20:13:17.192, 74.04 W
2025/02/16 20:13:17.202, 74.04 W
2025/02/16 20:13:17.212, 74.04 W
2025/02/16 20:13:17.222, 74.04 W
2025/02/16 20:13:17.232, 73.79 W
2025/02/16 20:13:17.242, 73.79 W
2025/02/16 20:13:17.252, 73.79 W
2025/02/16 20:13:17.262, 73.79 W
2025/02/16 20:13:17.273, 73.79 W
2025/02/16 20:13:17.283, 73.79 W
2025/02/16 20:13:17.293, 73.79 W
2025/02/16 20:13:17.303, 73.79 W
2025/02/16 20:13:17.313, 73.79 W
2025/02/16 20:13:17.323, 73.79 W
2025/02/16 20:13:17.333, 73.79 W
2025/02/16 20:13:17.343, 73.79 W
2025/02/16 20:13:17.353, 73.79 W
2025/02/16 20:13:17.363, 73.79 W
2025/02/16 20:13:17.373, 73.79 W
2025/02/16 20:13:17.383, 73.79 W
2025/02/16 20:13:17.393, 73.79 W
2025/02/16 20:13:17.403, 73.79 W
2025/02/16 20:13:17.413, 73.79 W
2025/02/16 20:13:17.424, 73.79 W
2025/02/16 20:13:17.434, 73.79 W
2025/02/16 20:13:17.444, 73.79 W
2025/02/16 20:13:17.454, 73.79 W
2025/02/16 20:13:17.464, 73.79 W
2025/02/16 20:13:17.474, 73.79 W
2025/02/16 20:13:17.484, 73.79 W
2025/02/16 20:13:17.494, 73.79 W
2025/02/16 20:13:17.504, 73.79 W
2025/02/16 20:13:17.514, 73.79 W
2025/02/16 20:13:17.524, 73.88 W
2025/02/16 20:13:17.534, 73.88 W
2025/02/16 20:13:17.544, 73.88 W
2025/02/16 20:13:17.554, 73.88 W
2025/02/16 20:13:17.564, 73.88 W
2025/02/16 20:13:17.575, 73.88 W
2025/02/16 20:13:17.585, 73.88 W
2025/02/16 20:13:17.595, 73.88 W
2025/02/16 20:13:17.605, 73.88 W
2025/02/16 20:13:17.615, 73.88 W
2025/02/16 20:13:17.625, 73.88 W
2025/02/16 20:13:17.635, 73.88 W
2025/02/16 20:13:17.645, 73.79 W
2025/02/16 20:13:17.655, 73.79 W
2025/02/16 20:13:17.665, 73.79 W
2025/02/16 20:13:17.675, 73.79 W
2025/02/16 20:13:17.685, 73.79 W
2025/02/16 20:13:17.695, 73.79 W
2025/02/16 20:13:17.705, 73.79 W
2025/02/16 20:13:17.715, 73.79 W
2025/02/16 20:13:17.725, 73.79 W
2025/02/16 20:13:17.736, 73.79 W
2025/02/16 20:13:17.746, 73.79 W
2025/02/16 20:13:17.756, 73.79 W
2025/02/16 20:13:17.766, 73.79 W
2025/02/16 20:13:17.776, 73.79 W
2025/02/16 20:13:17.786, 73.79 W
2025/02/16 20:13:17.796, 73.79 W
2025/02/16 20:13:17.806, 73.79 W
2025/02/16 20:13:17.816, 73.79 W
2025/02/16 20:13:17.826, 73.88 W
2025/02/16 20:13:17.836, 73.88 W
2025/02/16 20:13:17.846, 73.88 W
2025/02/16 20:13:17.856, 73.88 W
2025/02/16 20:13:17.866, 73.88 W
2025/02/16 20:13:17.876, 73.88 W
2025/02/16 20:13:17.887, 73.88 W
2025/02/16 20:13:17.897, 73.88 W
2025/02/16 20:13:17.907, 73.88 W
2025/02/16 20:13:17.917, 73.88 W
2025/02/16 20:13:17.927, 73.88 W
2025/02/16 20:13:17.937, 73.96 W
2025/02/16 20:13:17.947, 73.96 W
2025/02/16 20:13:17.957, 73.96 W
2025/02/16 20:13:17.967, 73.96 W
2025/02/16 20:13:17.977, 73.96 W
2025/02/16 20:13:17.987, 73.96 W
2025/02/16 20:13:17.997, 73.96 W
2025/02/16 20:13:18.007, 73.96 W
2025/02/16 20:13:18.017, 73.96 W
2025/02/16 20:13:18.027, 73.96 W
2025/02/16 20:13:18.038, 73.96 W
2025/02/16 20:13:18.048, 73.96 W
2025/02/16 20:13:18.058, 73.76 W
2025/02/16 20:13:18.068, 73.76 W
2025/02/16 20:13:18.078, 73.76 W
2025/02/16 20:13:18.088, 73.76 W
2025/02/16 20:13:18.098, 73.76 W
2025/02/16 20:13:18.108, 73.76 W
2025/02/16 20:13:18.118, 73.76 W
2025/02/16 20:13:18.128, 73.76 W
2025/02/16 20:13:18.138, 74.05 W
2025/02/16 20:13:18.148, 74.05 W
2025/02/16 20:13:18.158, 74.05 W
2025/02/16 20:13:18.168, 74.05 W
2025/02/16 20:13:18.178, 74.05 W
2025/02/16 20:13:18.188, 74.05 W
2025/02/16 20:13:18.199, 74.05 W
2025/02/16 20:13:18.209, 74.05 W
2025/02/16 20:13:18.219, 74.05 W
2025/02/16 20:13:18.229, 74.05 W
2025/02/16 20:13:18.239, 74.05 W
2025/02/16 20:13:18.249, 74.05 W
2025/02/16 20:13:18.259, 74.05 W
2025/02/16 20:13:18.269, 74.05 W
2025/02/16 20:13:18.279, 74.05 W
2025/02/16 20:13:18.289, 74.05 W
2025/02/16 20:13:18.299, 74.05 W
2025/02/16 20:13:18.309, 74.05 W
2025/02/16 20:13:18.319, 74.05 W
2025/02/16 20:13:18.329, 74.05 W
2025/02/16 20:13:18.339, 74.05 W
2025/02/16 20:13:18.350, 74.05 W
2025/02/16 20:13:18.360, 74.05 W
2025/02/16 20:13:18.370, 74.05 W
2025/02/16 20:13:18.380, 74.05 W
2025/02/16 20:13:18.390, 74.05 W
2025/02/16 20:13:18.400, 74.05 W
2025/02/16 20:13:18.410, 74.05 W
2025/02/16 20:13:18.420, 74.05 W
2025/02/16 20:13:18.430, 74.05 W
2025/02/16 20:13:18.440, 74.05 W
2025/02/16 20:13:18.450, 74.05 W
2025/02/16 20:13:18.460, 74.05 W
2025/02/16 20:13:18.470, 74.05 W
2025/02/16 20:13:18.480, 74.05 W
2025/02/16 20:13:18.490, 74.05 W
2025/02/16 20:13:18.500, 74.05 W
2025/02/16 20:13:18.511, 74.05 W
2025/02/16 20:13:18.521, 74.05 W
2025/02/16 20:13:18.531, 74.05 W
2025/02/16 20:13:18.541, 74.05 W
2025/02/16 20:13:18.551, 74.05 W
2025/02/16 20:13:18.561, 74.05 W
2025/02/16 20:13:18.571, 74.05 W
2025/02/16 20:13:18.581, 74.05 W
2025/02/16 20:13:18.591, 74.05 W
2025/02/16 20:13:18.601, 74.05 W
2025/02/16 20:13:18.611, 74.05 W
2025/02/16 20:13:18.621, 74.05 W
2025/02/16 20:13:18.631, 74.05 W
2025/02/16 20:13:18.641, 74.05 W
2025/02/16 20:13:18.651, 74.05 W
2025/02/16 20:13:18.662, 74.05 W
2025/02/16 20:13:18.672, 74.05 W
2025/02/16 20:13:18.682, 74.05 W
2025/02/16 20:13:18.692, 74.05 W
2025/02/16 20:13:18.702, 74.05 W
2025/02/16 20:13:18.712, 74.05 W
2025/02/16 20:13:18.722, 74.05 W
2025/02/16 20:13:18.732, 74.05 W
2025/02/16 20:13:18.742, 74.05 W
2025/02/16 20:13:18.752, 74.05 W
2025/02/16 20:13:18.762, 74.05 W
2025/02/16 20:13:18.772, 74.05 W
2025/02/16 20:13:18.782, 74.05 W
2025/02/16 20:13:18.792, 74.05 W
2025/02/16 20:13:18.802, 74.05 W
2025/02/16 20:13:18.813, 74.05 W
2025/02/16 20:13:18.823, 74.05 W
2025/02/16 20:13:18.833, 74.05 W
2025/02/16 20:13:18.843, 74.05 W
2025/02/16 20:13:18.853, 74.05 W
2025/02/16 20:13:18.863, 74.05 W
2025/02/16 20:13:18.873, 73.76 W
2025/02/16 20:13:18.883, 73.76 W
2025/02/16 20:13:18.893, 73.76 W
2025/02/16 20:13:18.903, 73.76 W
2025/02/16 20:13:18.913, 73.76 W
2025/02/16 20:13:18.923, 73.76 W
2025/02/16 20:13:18.933, 73.76 W
2025/02/16 20:13:18.943, 73.76 W
2025/02/16 20:13:18.953, 74.05 W
2025/02/16 20:13:18.964, 74.05 W
2025/02/16 20:13:18.974, 74.05 W
2025/02/16 20:13:18.984, 74.05 W
2025/02/16 20:13:18.994, 74.05 W
2025/02/16 20:13:19.004, 74.05 W
2025/02/16 20:13:19.014, 74.05 W
2025/02/16 20:13:19.024, 74.05 W
2025/02/16 20:13:19.034, 74.05 W
2025/02/16 20:13:19.044, 74.05 W
2025/02/16 20:13:19.054, 74.05 W
2025/02/16 20:13:19.064, 74.05 W
2025/02/16 20:13:19.074, 73.76 W
2025/02/16 20:13:19.084, 73.76 W
2025/02/16 20:13:19.094, 73.76 W
2025/02/16 20:13:19.104, 73.76 W
2025/02/16 20:13:19.115, 73.76 W
2025/02/16 20:13:19.125, 73.76 W
2025/02/16 20:13:19.135, 73.76 W
2025/02/16 20:13:19.145, 73.76 W
2025/02/16 20:13:19.155, 73.76 W
2025/02/16 20:13:19.165, 74.05 W
2025/02/16 20:13:19.175, 74.05 W
2025/02/16 20:13:19.185, 74.05 W
2025/02/16 20:13:19.195, 74.05 W
2025/02/16 20:13:19.205, 74.05 W
2025/02/16 20:13:19.215, 74.05 W
2025/02/16 20:13:19.225, 74.05 W
2025/02/16 20:13:19.235, 74.05 W
2025/02/16 20:13:19.245, 74.05 W
2025/02/16 20:13:19.255, 74.05 W
2025/02/16 20:13:19.265, 74.05 W
2025/02/16 20:13:19.276, 74.05 W
2025/02/16 20:13:19.286, 74.05 W
2025/02/16 20:13:19.296, 74.05 W
2025/02/16 20:13:19.306, 74.05 W
2025/02/16 20:13:19.316, 74.05 W
2025/02/16 20:13:19.326, 74.05 W
2025/02/16 20:13:19.336, 74.05 W
2025/02/16 20:13:19.346, 74.05 W
2025/02/16 20:13:19.356, 74.05 W
2025/02/16 20:13:19.366, 74.05 W
2025/02/16 20:13:19.376, 74.05 W
2025/02/16 20:13:19.386, 74.05 W
2025/02/16 20:13:19.396, 74.05 W
2025/02/16 20:13:19.406, 74.05 W
2025/02/16 20:13:19.416, 74.05 W
2025/02/16 20:13:19.427, 74.05 W
2025/02/16 20:13:19.437, 74.05 W
2025/02/16 20:13:19.447, 74.05 W
2025/02/16 20:13:19.457, 74.05 W
2025/02/16 20:13:19.467, 74.05 W
2025/02/16 20:13:19.477, 74.05 W
2025/02/16 20:13:19.487, 74.05 W
2025/02/16 20:13:19.497, 74.05 W
2025/02/16 20:13:19.507, 74.05 W
2025/02/16 20:13:19.517, 74.05 W
2025/02/16 20:13:19.527, 74.05 W
2025/02/16 20:13:19.537, 74.05 W
2025/02/16 20:13:19.547, 74.05 W
2025/02/16 20:13:19.557, 74.05 W
2025/02/16 20:13:19.567, 74.05 W
2025/02/16 20:13:19.577, 74.05 W
2025/02/16 20:13:19.588, 74.05 W
2025/02/16 20:13:19.598, 74.05 W
2025/02/16 20:13:19.608, 74.05 W
2025/02/16 20:13:19.618, 74.05 W
2025/02/16 20:13:19.628, 74.05 W
2025/02/16 20:13:19.638, 74.05 W
2025/02/16 20:13:19.648, 74.05 W
2025/02/16 20:13:19.658, 74.05 W
2025/02/16 20:13:19.668, 74.05 W
2025/02/16 20:13:19.678, 74.05 W
2025/02/16 20:13:19.688, 74.05 W
2025/02/16 20:13:19.698, 74.05 W
2025/02/16 20:13:19.708, 74.05 W
2025/02/16 20:13:19.718, 74.05 W
2025/02/16 20:13:19.728, 74.05 W
2025/02/16 20:13:19.739, 74.05 W
2025/02/16 20:13:19.749, 74.05 W
2025/02/16 20:13:19.759, 74.05 W
2025/02/16 20:13:19.769, 74.05 W
2025/02/16 20:13:19.779, 74.05 W
2025/02/16 20:13:19.789, 74.05 W
2025/02/16 20:13:19.799, 74.05 W
2025/02/16 20:13:19.809, 74.05 W
2025/02/16 20:13:19.819, 74.05 W
2025/02/16 20:13:19.829, 74.05 W
2025/02/16 20:13:19.839, 74.05 W
2025/02/16 20:13:19.849, 74.05 W
2025/02/16 20:13:19.859, 74.05 W
2025/02/16 20:13:19.869, 74.05 W
2025/02/16 20:13:19.879, 74.05 W
2025/02/16 20:13:19.889, 74.05 W
2025/02/16 20:13:19.900, 74.05 W
2025/02/16 20:13:19.910, 74.05 W
2025/02/16 20:13:19.920, 74.05 W
2025/02/16 20:13:19.930, 74.05 W
2025/02/16 20:13:19.940, 74.05 W
2025/02/16 20:13:19.950, 74.05 W
2025/02/16 20:13:19.960, 74.05 W
2025/02/16 20:13:19.970, 74.05 W
2025/02/16 20:13:19.980, 74.05 W
2025/02/16 20:13:19.990, 74.05 W
2025/02/16 20:13:20.000, 74.05 W
2025/02/16 20:13:20.010, 74.05 W
2025/02/16 20:13:20.020, 74.05 W
2025/02/16 20:13:20.030, 74.05 W
2025/02/16 20:13:20.040, 74.05 W
2025/02/16 20:13:20.050, 74.05 W
2025/02/16 20:13:20.061, 74.05 W
2025/02/16 20:13:20.071, 74.05 W
2025/02/16 20:13:20.081, 74.05 W
2025/02/16 20:13:20.091, 74.05 W
2025/02/16 20:13:20.101, 74.05 W
2025/02/16 20:13:20.111, 74.05 W
2025/02/16 20:13:20.121, 74.05 W
2025/02/16 20:13:20.131, 74.05 W
2025/02/16 20:13:20.141, 74.05 W
2025/02/16 20:13:20.151, 74.05 W
2025/02/16 20:13:20.161, 74.05 W
2025/02/16 20:13:20.171, 74.05 W
2025/02/16 20:13:20.181, 74.05 W
2025/02/16 20:13:20.191, 74.05 W
2025/02/16 20:13:20.201, 74.05 W
2025/02/16 20:13:20.212, 74.05 W
2025/02/16 20:13:20.222, 74.05 W
2025/02/16 20:13:20.232, 74.05 W
2025/02/16 20:13:20.242, 74.05 W
2025/02/16 20:13:20.252, 74.05 W
2025/02/16 20:13:20.262, 74.05 W
2025/02/16 20:13:20.272, 74.05 W
2025/02/16 20:13:20.282, 74.05 W
2025/02/16 20:13:20.292, 74.05 W
2025/02/16 20:13:20.302, 74.05 W
2025/02/16 20:13:20.312, 74.05 W
2025/02/16 20:13:20.322, 74.05 W
2025/02/16 20:13:20.332, 74.05 W
2025/02/16 20:13:20.342, 74.05 W
2025/02/16 20:13:20.352, 74.05 W
2025/02/16 20:13:20.362, 74.05 W
2025/02/16 20:13:20.373, 74.05 W
2025/02/16 20:13:20.383, 74.05 W
2025/02/16 20:13:20.393, 74.05 W
2025/02/16 20:13:20.403, 74.05 W
2025/02/16 20:13:20.413, 74.05 W
2025/02/16 20:13:20.423, 74.05 W
2025/02/16 20:13:20.433, 74.05 W
2025/02/16 20:13:20.443, 74.05 W
2025/02/16 20:13:20.453, 74.05 W
2025/02/16 20:13:20.463, 74.05 W
2025/02/16 20:13:20.473, 74.05 W
2025/02/16 20:13:20.483, 74.05 W
2025/02/16 20:13:20.493, 73.76 W
2025/02/16 20:13:20.503, 73.76 W
2025/02/16 20:13:20.513, 73.76 W
2025/02/16 20:13:20.524, 73.76 W
2025/02/16 20:13:20.534, 73.76 W
2025/02/16 20:13:20.544, 73.76 W
2025/02/16 20:13:20.554, 73.76 W
2025/02/16 20:13:20.564, 73.76 W
2025/02/16 20:13:20.574, 73.76 W
2025/02/16 20:13:20.584, 73.76 W
2025/02/16 20:13:20.594, 74.05 W
2025/02/16 20:13:20.604, 74.05 W
2025/02/16 20:13:20.614, 74.05 W
2025/02/16 20:13:20.624, 74.05 W
2025/02/16 20:13:20.634, 74.05 W
2025/02/16 20:13:20.644, 74.05 W
2025/02/16 20:13:20.654, 74.05 W
2025/02/16 20:13:20.664, 74.05 W
2025/02/16 20:13:20.675, 74.05 W
2025/02/16 20:13:20.685, 74.05 W
2025/02/16 20:13:20.695, 74.05 W
2025/02/16 20:13:20.705, 74.05 W
2025/02/16 20:13:20.715, 74.05 W
2025/02/16 20:13:20.725, 74.05 W
2025/02/16 20:13:20.735, 74.05 W
2025/02/16 20:13:20.745, 74.05 W
2025/02/16 20:13:20.755, 74.05 W
2025/02/16 20:13:20.765, 74.05 W
2025/02/16 20:13:20.775, 74.05 W
2025/02/16 20:13:20.785, 74.05 W
2025/02/16 20:13:20.795, 73.88 W
2025/02/16 20:13:20.805, 73.88 W
2025/02/16 20:13:20.815, 73.88 W
2025/02/16 20:13:20.825, 73.88 W
2025/02/16 20:13:20.836, 73.88 W
2025/02/16 20:13:20.846, 73.88 W
2025/02/16 20:13:20.856, 73.88 W
2025/02/16 20:13:20.866, 73.88 W
2025/02/16 20:13:20.876, 73.88 W
2025/02/16 20:13:20.886, 73.88 W
2025/02/16 20:13:20.896, 73.88 W
2025/02/16 20:13:20.906, 73.88 W
2025/02/16 20:13:20.916, 73.88 W
2025/02/16 20:13:20.926, 73.79 W
2025/02/16 20:13:20.936, 73.79 W
2025/02/16 20:13:20.946, 73.79 W
2025/02/16 20:13:20.956, 73.79 W
2025/02/16 20:13:20.966, 73.79 W
2025/02/16 20:13:20.976, 73.79 W
2025/02/16 20:13:20.986, 73.79 W
2025/02/16 20:13:20.997, 73.79 W
2025/02/16 20:13:21.007, 73.79 W
2025/02/16 20:13:21.017, 73.79 W
2025/02/16 20:13:21.027, 73.79 W
2025/02/16 20:13:21.037, 73.79 W
2025/02/16 20:13:21.047, 73.79 W
2025/02/16 20:13:21.057, 73.79 W
2025/02/16 20:13:21.067, 73.79 W
2025/02/16 20:13:21.077, 73.79 W
2025/02/16 20:13:21.087, 73.79 W
2025/02/16 20:13:21.097, 73.79 W
2025/02/16 20:13:21.107, 73.79 W
2025/02/16 20:13:21.117, 73.79 W
2025/02/16 20:13:21.127, 73.79 W
2025/02/16 20:13:21.137, 73.79 W
2025/02/16 20:13:21.148, 73.79 W
2025/02/16 20:13:21.158, 73.79 W
2025/02/16 20:13:21.168, 73.79 W
2025/02/16 20:13:21.178, 73.79 W
2025/02/16 20:13:21.188, 73.79 W
2025/02/16 20:13:21.198, 73.79 W
2025/02/16 20:13:21.208, 73.79 W
2025/02/16 20:13:21.218, 73.79 W
2025/02/16 20:13:21.228, 73.79 W
2025/02/16 20:13:21.238, 73.79 W
2025/02/16 20:13:21.248, 73.79 W
2025/02/16 20:13:21.258, 73.79 W
2025/02/16 20:13:21.268, 73.79 W
2025/02/16 20:13:21.278, 73.79 W
2025/02/16 20:13:21.288, 73.79 W
2025/02/16 20:13:21.298, 73.79 W
2025/02/16 20:13:21.309, 73.79 W
2025/02/16 20:13:21.319, 73.79 W
2025/02/16 20:13:21.329, 74.04 W
2025/02/16 20:13:21.339, 74.04 W
2025/02/16 20:13:21.349, 74.04 W
2025/02/16 20:13:21.359, 74.04 W
2025/02/16 20:13:21.369, 74.04 W
2025/02/16 20:13:21.379, 74.04 W
2025/02/16 20:13:21.389, 74.04 W
2025/02/16 20:13:21.399, 74.04 W
2025/02/16 20:13:21.409, 74.04 W
2025/02/16 20:13:21.419, 74.04 W
2025/02/16 20:13:21.429, 74.04 W
2025/02/16 20:13:21.439, 73.88 W
2025/02/16 20:13:21.449, 73.88 W
2025/02/16 20:13:21.460, 73.88 W
2025/02/16 20:13:21.470, 73.88 W
2025/02/16 20:13:21.480, 73.88 W
2025/02/16 20:13:21.490, 73.88 W
2025/02/16 20:13:21.500, 73.88 W
2025/02/16 20:13:21.510, 73.88 W
2025/02/16 20:13:21.520, 73.96 W
2025/02/16 20:13:21.530, 73.96 W
2025/02/16 20:13:21.540, 73.96 W
2025/02/16 20:13:21.550, 73.96 W
2025/02/16 20:13:21.560, 73.96 W
2025/02/16 20:13:21.570, 73.96 W
2025/02/16 20:13:21.580, 73.96 W
2025/02/16 20:13:21.590, 73.96 W
2025/02/16 20:13:21.600, 73.96 W
2025/02/16 20:13:21.610, 73.96 W
2025/02/16 20:13:21.621, 73.79 W
2025/02/16 20:13:21.631, 73.79 W
2025/02/16 20:13:21.641, 73.79 W
2025/02/16 20:13:21.651, 73.79 W
2025/02/16 20:13:21.661, 73.79 W
2025/02/16 20:13:21.671, 73.79 W
2025/02/16 20:13:21.681, 73.79 W
2025/02/16 20:13:21.691, 73.79 W
2025/02/16 20:13:21.701, 73.79 W
2025/02/16 20:13:21.711, 73.79 W
2025/02/16 20:13:21.721, 73.79 W
2025/02/16 20:13:21.731, 73.79 W
2025/02/16 20:13:21.741, 74.04 W
2025/02/16 20:13:21.751, 74.04 W
2025/02/16 20:13:21.761, 74.04 W
2025/02/16 20:13:21.771, 74.04 W
2025/02/16 20:13:21.782, 74.04 W
2025/02/16 20:13:21.792, 74.04 W
2025/02/16 20:13:21.802, 74.04 W
2025/02/16 20:13:21.812, 74.04 W
2025/02/16 20:13:21.822, 73.79 W
2025/02/16 20:13:21.832, 73.79 W
2025/02/16 20:13:21.842, 73.79 W
2025/02/16 20:13:21.852, 73.79 W
2025/02/16 20:13:21.862, 73.79 W
2025/02/16 20:13:21.872, 73.79 W
2025/02/16 20:13:21.882, 73.79 W
2025/02/16 20:13:21.892, 73.79 W
2025/02/16 20:13:21.902, 73.79 W
2025/02/16 20:13:21.912, 73.79 W
2025/02/16 20:13:21.922, 73.79 W
2025/02/16 20:13:21.932, 73.79 W
2025/02/16 20:13:21.943, 73.79 W
2025/02/16 20:13:21.953, 73.79 W
2025/02/16 20:13:21.963, 73.79 W
2025/02/16 20:13:21.973, 73.79 W
2025/02/16 20:13:21.983, 73.79 W
2025/02/16 20:13:21.993, 73.79 W
2025/02/16 20:13:22.003, 73.79 W
2025/02/16 20:13:22.013, 73.79 W
2025/02/16 20:13:22.023, 73.79 W
2025/02/16 20:13:22.033, 73.88 W
2025/02/16 20:13:22.043, 73.88 W
2025/02/16 20:13:22.053, 73.88 W
2025/02/16 20:13:22.063, 73.88 W
2025/02/16 20:13:22.073, 73.88 W
2025/02/16 20:13:22.083, 73.88 W
2025/02/16 20:13:22.094, 73.88 W
2025/02/16 20:13:22.104, 73.88 W
2025/02/16 20:13:22.114, 73.88 W
2025/02/16 20:13:22.124, 73.88 W
2025/02/16 20:13:22.134, 73.88 W
2025/02/16 20:13:22.144, 73.88 W
2025/02/16 20:13:22.154, 73.79 W
2025/02/16 20:13:22.164, 73.79 W
2025/02/16 20:13:22.174, 73.79 W
2025/02/16 20:13:22.184, 73.79 W
2025/02/16 20:13:22.194, 73.79 W
2025/02/16 20:13:22.204, 73.79 W
2025/02/16 20:13:22.214, 73.79 W
2025/02/16 20:13:22.224, 73.79 W
2025/02/16 20:13:22.234, 73.88 W
2025/02/16 20:13:22.245, 73.88 W
2025/02/16 20:13:22.255, 73.88 W
2025/02/16 20:13:22.265, 73.88 W
2025/02/16 20:13:22.275, 73.88 W
2025/02/16 20:13:22.285, 73.88 W
2025/02/16 20:13:22.295, 73.88 W
2025/02/16 20:13:22.305, 73.88 W
2025/02/16 20:13:22.315, 73.88 W
2025/02/16 20:13:22.325, 73.88 W
2025/02/16 20:13:22.335, 73.79 W
2025/02/16 20:13:22.345, 73.79 W
2025/02/16 20:13:22.355, 73.79 W
2025/02/16 20:13:22.365, 73.79 W
2025/02/16 20:13:22.375, 73.79 W
2025/02/16 20:13:22.386, 73.79 W
2025/02/16 20:13:22.396, 73.79 W
2025/02/16 20:13:22.406, 73.79 W
2025/02/16 20:13:22.416, 73.79 W
2025/02/16 20:13:22.426, 73.79 W
2025/02/16 20:13:22.436, 74.04 W
2025/02/16 20:13:22.446, 74.04 W
2025/02/16 20:13:22.456, 74.04 W
2025/02/16 20:13:22.466, 74.04 W
2025/02/16 20:13:22.476, 74.04 W
2025/02/16 20:13:22.486, 74.04 W
2025/02/16 20:13:22.496, 74.04 W
2025/02/16 20:13:22.506, 74.04 W
2025/02/16 20:13:22.516, 74.04 W
2025/02/16 20:13:22.526, 74.04 W
2025/02/16 20:13:22.537, 74.04 W
2025/02/16 20:13:22.547, 74.04 W
2025/02/16 20:13:22.557, 73.79 W
2025/02/16 20:13:22.567, 73.79 W
2025/02/16 20:13:22.577, 73.79 W
2025/02/16 20:13:22.587, 73.79 W
2025/02/16 20:13:22.597, 73.79 W
2025/02/16 20:13:22.607, 73.79 W
2025/02/16 20:13:22.617, 73.79 W
2025/02/16 20:13:22.627, 73.79 W
2025/02/16 20:13:22.637, 73.88 W
2025/02/16 20:13:22.647, 73.88 W
2025/02/16 20:13:22.657, 73.88 W
2025/02/16 20:13:22.667, 73.88 W
2025/02/16 20:13:22.677, 73.88 W
2025/02/16 20:13:22.688, 73.88 W
2025/02/16 20:13:22.698, 73.88 W
2025/02/16 20:13:22.708, 73.88 W
2025/02/16 20:13:22.718, 73.88 W
2025/02/16 20:13:22.728, 73.88 W
2025/02/16 20:13:22.738, 73.88 W
2025/02/16 20:13:22.748, 73.88 W
2025/02/16 20:13:22.758, 73.88 W
2025/02/16 20:13:22.768, 74.05 W
2025/02/16 20:13:22.778, 74.05 W
2025/02/16 20:13:22.788, 74.05 W
2025/02/16 20:13:22.798, 74.05 W
2025/02/16 20:13:22.808, 74.05 W
2025/02/16 20:13:22.818, 74.05 W
2025/02/16 20:13:22.828, 74.05 W
2025/02/16 20:13:22.838, 74.05 W
2025/02/16 20:13:22.849, 74.05 W
2025/02/16 20:13:22.859, 74.05 W
2025/02/16 20:13:22.869, 74.05 W
2025/02/16 20:13:22.879, 74.05 W
2025/02/16 20:13:22.889, 74.05 W
2025/02/16 20:13:22.899, 74.05 W
2025/02/16 20:13:22.909, 74.05 W
2025/02/16 20:13:22.919, 74.05 W
2025/02/16 20:13:22.929, 74.05 W
2025/02/16 20:13:22.939, 74.05 W
2025/02/16 20:13:22.949, 74.05 W
2025/02/16 20:13:22.959, 74.05 W
2025/02/16 20:13:22.969, 74.05 W
2025/02/16 20:13:22.979, 74.05 W
2025/02/16 20:13:22.989, 74.05 W
2025/02/16 20:13:22.999, 74.05 W
2025/02/16 20:13:23.010, 74.05 W
2025/02/16 20:13:23.020, 74.05 W
2025/02/16 20:13:23.030, 74.05 W
2025/02/16 20:13:23.040, 74.05 W
2025/02/16 20:13:23.050, 74.05 W
2025/02/16 20:13:23.060, 74.05 W
2025/02/16 20:13:23.070, 74.05 W
2025/02/16 20:13:23.080, 74.05 W
2025/02/16 20:13:23.090, 74.05 W
2025/02/16 20:13:23.100, 74.05 W
2025/02/16 20:13:23.110, 74.05 W
2025/02/16 20:13:23.120, 74.05 W
2025/02/16 20:13:23.130, 74.05 W
2025/02/16 20:13:23.140, 74.05 W
2025/02/16 20:13:23.150, 74.05 W
2025/02/16 20:13:23.161, 74.05 W
2025/02/16 20:13:23.171, 74.05 W
2025/02/16 20:13:23.181, 74.05 W
2025/02/16 20:13:23.191, 74.05 W
2025/02/16 20:13:23.201, 74.05 W
2025/02/16 20:13:23.211, 74.05 W
2025/02/16 20:13:23.221, 74.05 W
2025/02/16 20:13:23.231, 74.05 W
2025/02/16 20:13:23.241, 74.05 W
2025/02/16 20:13:23.251, 74.05 W
2025/02/16 20:13:23.261, 74.05 W
2025/02/16 20:13:23.271, 74.05 W
2025/02/16 20:13:23.281, 74.05 W
2025/02/16 20:13:23.291, 74.05 W
2025/02/16 20:13:23.301, 74.05 W
2025/02/16 20:13:23.312, 74.05 W
2025/02/16 20:13:23.322, 74.05 W
2025/02/16 20:13:23.332, 74.05 W
2025/02/16 20:13:23.342, 74.05 W
2025/02/16 20:13:23.352, 74.05 W
2025/02/16 20:13:23.362, 74.05 W
2025/02/16 20:13:23.372, 74.05 W
2025/02/16 20:13:23.382, 74.05 W
2025/02/16 20:13:23.392, 74.05 W
2025/02/16 20:13:23.402, 74.05 W
2025/02/16 20:13:23.412, 74.05 W
2025/02/16 20:13:23.422, 74.05 W
2025/02/16 20:13:23.432, 74.05 W
2025/02/16 20:13:23.442, 74.05 W
2025/02/16 20:13:23.452, 74.05 W
2025/02/16 20:13:23.462, 73.76 W
2025/02/16 20:13:23.473, 73.76 W
2025/02/16 20:13:23.483, 73.76 W
2025/02/16 20:13:23.493, 73.76 W
2025/02/16 20:13:23.503, 73.76 W
2025/02/16 20:13:23.513, 73.76 W
2025/02/16 20:13:23.523, 73.76 W
2025/02/16 20:13:23.533, 73.76 W
2025/02/16 20:13:23.543, 73.76 W
2025/02/16 20:13:23.553, 73.76 W
2025/02/16 20:13:23.563, 73.76 W
2025/02/16 20:13:23.573, 73.76 W
2025/02/16 20:13:23.583, 74.05 W
2025/02/16 20:13:23.593, 74.05 W
2025/02/16 20:13:23.603, 74.05 W
2025/02/16 20:13:23.613, 74.05 W
2025/02/16 20:13:23.623, 74.05 W
2025/02/16 20:13:23.634, 74.05 W
2025/02/16 20:13:23.644, 74.05 W
2025/02/16 20:13:23.654, 74.05 W
2025/02/16 20:13:23.664, 74.05 W
2025/02/16 20:13:23.674, 74.05 W
2025/02/16 20:13:23.684, 74.05 W
2025/02/16 20:13:23.694, 74.05 W
2025/02/16 20:13:23.704, 74.05 W
2025/02/16 20:13:23.714, 74.05 W
2025/02/16 20:13:23.724, 74.05 W
2025/02/16 20:13:23.734, 74.05 W
2025/02/16 20:13:23.744, 74.05 W
2025/02/16 20:13:23.754, 74.05 W
2025/02/16 20:13:23.764, 74.05 W
2025/02/16 20:13:23.774, 74.05 W
2025/02/16 20:13:23.785, 74.05 W
2025/02/16 20:13:23.795, 74.05 W
2025/02/16 20:13:23.805, 74.05 W
2025/02/16 20:13:23.815, 74.05 W
2025/02/16 20:13:23.825, 74.05 W
2025/02/16 20:13:23.835, 74.05 W
2025/02/16 20:13:23.845, 74.05 W
2025/02/16 20:13:23.855, 74.05 W
2025/02/16 20:13:23.865, 74.05 W
2025/02/16 20:13:23.875, 74.05 W
2025/02/16 20:13:23.885, 74.05 W
2025/02/16 20:13:23.895, 74.05 W
2025/02/16 20:13:23.905, 74.05 W
2025/02/16 20:13:23.915, 74.05 W
2025/02/16 20:13:23.925, 74.05 W
2025/02/16 20:13:23.935, 74.05 W
2025/02/16 20:13:23.946, 74.05 W
2025/02/16 20:13:23.956, 74.05 W
2025/02/16 20:13:23.966, 74.05 W
2025/02/16 20:13:23.976, 74.05 W
2025/02/16 20:13:23.986, 74.05 W
2025/02/16 20:13:23.996, 74.05 W
2025/02/16 20:13:24.006, 74.05 W
2025/02/16 20:13:24.016, 74.05 W
2025/02/16 20:13:24.026, 74.05 W
2025/02/16 20:13:24.036, 74.05 W
2025/02/16 20:13:24.046, 74.05 W
2025/02/16 20:13:24.056, 74.05 W
2025/02/16 20:13:24.066, 74.05 W
2025/02/16 20:13:24.076, 74.05 W
2025/02/16 20:13:24.086, 74.05 W
2025/02/16 20:13:24.097, 74.05 W
2025/02/16 20:13:24.107, 74.05 W
2025/02/16 20:13:24.117, 74.05 W
2025/02/16 20:13:24.127, 74.05 W
2025/02/16 20:13:24.137, 74.05 W
2025/02/16 20:13:24.147, 74.05 W
2025/02/16 20:13:24.157, 74.05 W
2025/02/16 20:13:24.167, 74.05 W
2025/02/16 20:13:24.177, 74.05 W
2025/02/16 20:13:24.187, 74.05 W
2025/02/16 20:13:24.197, 74.05 W
2025/02/16 20:13:24.207, 74.05 W
2025/02/16 20:13:24.217, 74.05 W
2025/02/16 20:13:24.227, 74.05 W
2025/02/16 20:13:24.237, 74.05 W
2025/02/16 20:13:24.247, 74.05 W
2025/02/16 20:13:24.258, 74.05 W
2025/02/16 20:13:24.268, 74.05 W
2025/02/16 20:13:24.278, 74.05 W
2025/02/16 20:13:24.288, 74.05 W
2025/02/16 20:13:24.298, 74.05 W
2025/02/16 20:13:24.308, 74.05 W
2025/02/16 20:13:24.318, 74.05 W
2025/02/16 20:13:24.328, 74.05 W
2025/02/16 20:13:24.338, 74.05 W
2025/02/16 20:13:24.348, 74.05 W
2025/02/16 20:13:24.358, 74.05 W
2025/02/16 20:13:24.368, 74.05 W
2025/02/16 20:13:24.378, 74.05 W
2025/02/16 20:13:24.388, 74.05 W
2025/02/16 20:13:24.398, 74.05 W
2025/02/16 20:13:24.409, 74.05 W
2025/02/16 20:13:24.419, 74.05 W
2025/02/16 20:13:24.429, 74.05 W
2025/02/16 20:13:24.439, 74.05 W
2025/02/16 20:13:24.449, 74.05 W
2025/02/16 20:13:24.459, 74.05 W
2025/02/16 20:13:24.469, 74.05 W
2025/02/16 20:13:24.479, 74.05 W
2025/02/16 20:13:24.489, 74.05 W
2025/02/16 20:13:24.499, 74.05 W
2025/02/16 20:13:24.509, 74.05 W
2025/02/16 20:13:24.519, 74.05 W
2025/02/16 20:13:24.529, 74.05 W
2025/02/16 20:13:24.539, 74.05 W
2025/02/16 20:13:24.549, 74.05 W
2025/02/16 20:13:24.559, 74.05 W
2025/02/16 20:13:24.570, 74.05 W
2025/02/16 20:13:24.580, 74.05 W
2025/02/16 20:13:24.590, 74.05 W
2025/02/16 20:13:24.600, 74.05 W
2025/02/16 20:13:24.610, 74.05 W
2025/02/16 20:13:24.620, 74.05 W
2025/02/16 20:13:24.630, 74.05 W
2025/02/16 20:13:24.640, 74.05 W
2025/02/16 20:13:24.650, 74.05 W
2025/02/16 20:13:24.660, 74.05 W
2025/02/16 20:13:24.670, 74.05 W
2025/02/16 20:13:24.680, 74.05 W
2025/02/16 20:13:24.690, 74.05 W
2025/02/16 20:13:24.700, 74.05 W
2025/02/16 20:13:24.710, 74.05 W
2025/02/16 20:13:24.720, 74.05 W
2025/02/16 20:13:24.731, 74.05 W
2025/02/16 20:13:24.741, 74.05 W
2025/02/16 20:13:24.751, 74.05 W
2025/02/16 20:13:24.761, 74.05 W
2025/02/16 20:13:24.771, 74.05 W
2025/02/16 20:13:24.781, 74.05 W
2025/02/16 20:13:24.791, 74.05 W
2025/02/16 20:13:24.801, 74.05 W
2025/02/16 20:13:24.811, 73.76 W
2025/02/16 20:13:24.821, 73.76 W
2025/02/16 20:13:24.831, 73.76 W
2025/02/16 20:13:24.841, 73.76 W
2025/02/16 20:13:24.851, 73.76 W
2025/02/16 20:13:24.861, 73.76 W
2025/02/16 20:13:24.872, 73.76 W
2025/02/16 20:13:24.882, 73.76 W
2025/02/16 20:13:24.892, 73.76 W
2025/02/16 20:13:24.902, 73.76 W
2025/02/16 20:13:24.912, 73.76 W
2025/02/16 20:13:24.922, 73.76 W
2025/02/16 20:13:24.932, 73.76 W
2025/02/16 20:13:24.942, 73.76 W
2025/02/16 20:13:24.952, 73.76 W
2025/02/16 20:13:24.962, 73.76 W
2025/02/16 20:13:24.972, 73.76 W
2025/02/16 20:13:24.982, 73.76 W
2025/02/16 20:13:24.992, 73.76 W
2025/02/16 20:13:25.002, 73.76 W
2025/02/16 20:13:25.012, 73.76 W
2025/02/16 20:13:25.022, 74.05 W
2025/02/16 20:13:25.033, 74.05 W
2025/02/16 20:13:25.043, 74.05 W
2025/02/16 20:13:25.053, 74.05 W
2025/02/16 20:13:25.063, 74.05 W
2025/02/16 20:13:25.073, 74.05 W
2025/02/16 20:13:25.083, 74.05 W
2025/02/16 20:13:25.093, 74.05 W
2025/02/16 20:13:25.103, 74.05 W
2025/02/16 20:13:25.113, 74.05 W
2025/02/16 20:13:25.123, 74.05 W
2025/02/16 20:13:25.133, 74.05 W
2025/02/16 20:13:25.143, 74.05 W
2025/02/16 20:13:25.153, 74.05 W
2025/02/16 20:13:25.163, 74.05 W
2025/02/16 20:13:25.173, 74.05 W
2025/02/16 20:13:25.183, 74.05 W
2025/02/16 20:13:25.194, 74.05 W
2025/02/16 20:13:25.204, 74.05 W
2025/02/16 20:13:25.214, 74.05 W
2025/02/16 20:13:25.224, 73.76 W
2025/02/16 20:13:25.234, 73.76 W
2025/02/16 20:13:25.244, 73.76 W
2025/02/16 20:13:25.254, 73.76 W
2025/02/16 20:13:25.264, 73.76 W
2025/02/16 20:13:25.274, 73.76 W
2025/02/16 20:13:25.284, 73.76 W
2025/02/16 20:13:25.294, 73.76 W
2025/02/16 20:13:25.304, 73.76 W
2025/02/16 20:13:25.314, 73.76 W
2025/02/16 20:13:25.324, 73.76 W
2025/02/16 20:13:25.334, 73.76 W
2025/02/16 20:13:25.345, 73.76 W
2025/02/16 20:13:25.355, 73.76 W
2025/02/16 20:13:25.365, 73.76 W
2025/02/16 20:13:25.375, 73.76 W
2025/02/16 20:13:25.385, 73.76 W
2025/02/16 20:13:25.395, 73.76 W
2025/02/16 20:13:25.405, 74.05 W
2025/02/16 20:13:25.415, 74.05 W
2025/02/16 20:13:25.425, 74.05 W
2025/02/16 20:13:25.435, 74.05 W
2025/02/16 20:13:25.445, 74.05 W
2025/02/16 20:13:25.455, 74.05 W
2025/02/16 20:13:25.465, 74.05 W
2025/02/16 20:13:25.475, 74.05 W
2025/02/16 20:13:25.485, 74.05 W
2025/02/16 20:13:25.495, 74.05 W
2025/02/16 20:13:25.506, 74.05 W
2025/02/16 20:13:25.516, 74.05 W
2025/02/16 20:13:25.526, 74.05 W
2025/02/16 20:13:25.536, 74.05 W
2025/02/16 20:13:25.546, 74.05 W
2025/02/16 20:13:25.556, 74.05 W
2025/02/16 20:13:25.566, 74.05 W
2025/02/16 20:13:25.576, 74.05 W
2025/02/16 20:13:25.586, 74.05 W
2025/02/16 20:13:25.596, 74.05 W
2025/02/16 20:13:25.606, 74.05 W
2025/02/16 20:13:25.616, 74.05 W
2025/02/16 20:13:25.626, 74.05 W
2025/02/16 20:13:25.636, 73.79 W
2025/02/16 20:13:25.646, 73.79 W
2025/02/16 20:13:25.657, 73.79 W
2025/02/16 20:13:25.667, 73.79 W
2025/02/16 20:13:25.677, 73.79 W
2025/02/16 20:13:25.687, 73.79 W
2025/02/16 20:13:25.697, 73.79 W
2025/02/16 20:13:25.707, 73.79 W
2025/02/16 20:13:25.717, 73.79 W
2025/02/16 20:13:25.727, 73.79 W
2025/02/16 20:13:25.737, 73.79 W
2025/02/16 20:13:25.747, 73.79 W
2025/02/16 20:13:25.757, 73.79 W
2025/02/16 20:13:25.767, 73.79 W
2025/02/16 20:13:25.777, 73.79 W
2025/02/16 20:13:25.787, 73.79 W
2025/02/16 20:13:25.797, 73.79 W
2025/02/16 20:13:25.808, 73.79 W
2025/02/16 20:13:25.818, 73.79 W
2025/02/16 20:13:25.828, 73.79 W
2025/02/16 20:13:25.838, 73.79 W
2025/02/16 20:13:25.848, 73.79 W
2025/02/16 20:13:25.858, 73.79 W
2025/02/16 20:13:25.868, 73.79 W
2025/02/16 20:13:25.878, 73.79 W
2025/02/16 20:13:25.888, 73.79 W
2025/02/16 20:13:25.898, 73.79 W
2025/02/16 20:13:25.908, 73.79 W
2025/02/16 20:13:25.918, 73.88 W
2025/02/16 20:13:25.928, 73.88 W
2025/02/16 20:13:25.938, 73.88 W
2025/02/16 20:13:25.948, 73.88 W
2025/02/16 20:13:25.958, 73.88 W
2025/02/16 20:13:25.969, 73.88 W
2025/02/16 20:13:25.979, 73.88 W
2025/02/16 20:13:25.989, 73.88 W
2025/02/16 20:13:25.999, 73.88 W
2025/02/16 20:13:26.009, 73.88 W
2025/02/16 20:13:26.019, 73.88 W
2025/02/16 20:13:26.029, 73.88 W
2025/02/16 20:13:26.039, 73.79 W
2025/02/16 20:13:26.049, 73.79 W
2025/02/16 20:13:26.059, 73.79 W
2025/02/16 20:13:26.069, 73.79 W
2025/02/16 20:13:26.079, 73.79 W
2025/02/16 20:13:26.089, 73.79 W
2025/02/16 20:13:26.099, 73.79 W
2025/02/16 20:13:26.109, 73.79 W
2025/02/16 20:13:26.120, 73.79 W
2025/02/16 20:13:26.130, 73.96 W
2025/02/16 20:13:26.140, 73.96 W
2025/02/16 20:13:26.150, 73.96 W
2025/02/16 20:13:26.160, 73.96 W
2025/02/16 20:13:26.170, 73.96 W
2025/02/16 20:13:26.180, 73.96 W
2025/02/16 20:13:26.190, 73.96 W
2025/02/16 20:13:26.200, 73.96 W
2025/02/16 20:13:26.210, 73.96 W
2025/02/16 20:13:26.220, 73.96 W
2025/02/16 20:13:26.230, 73.96 W
2025/02/16 20:13:26.240, 73.96 W
2025/02/16 20:13:26.250, 73.79 W
2025/02/16 20:13:26.260, 73.79 W
2025/02/16 20:13:26.270, 73.79 W
2025/02/16 20:13:26.281, 73.79 W
2025/02/16 20:13:26.291, 73.79 W
2025/02/16 20:13:26.301, 73.79 W
2025/02/16 20:13:26.311, 73.79 W
2025/02/16 20:13:26.321, 73.79 W
2025/02/16 20:13:26.331, 73.79 W
2025/02/16 20:13:26.341, 73.79 W
2025/02/16 20:13:26.351, 73.79 W
2025/02/16 20:13:26.361, 73.79 W
2025/02/16 20:13:26.371, 73.79 W
2025/02/16 20:13:26.381, 73.79 W
2025/02/16 20:13:26.391, 73.79 W
2025/02/16 20:13:26.401, 73.79 W
2025/02/16 20:13:26.411, 73.79 W
2025/02/16 20:13:26.421, 73.79 W
2025/02/16 20:13:26.431, 73.79 W
2025/02/16 20:13:26.442, 73.79 W
2025/02/16 20:13:26.452, 73.79 W
2025/02/16 20:13:26.462, 73.79 W
2025/02/16 20:13:26.472, 73.79 W
2025/02/16 20:13:26.482, 73.79 W
2025/02/16 20:13:26.492, 73.79 W
2025/02/16 20:13:26.502, 73.79 W
2025/02/16 20:13:26.512, 73.79 W
2025/02/16 20:13:26.522, 73.79 W
2025/02/16 20:13:26.532, 74.04 W
2025/02/16 20:13:26.542, 74.04 W
2025/02/16 20:13:26.552, 74.04 W
2025/02/16 20:13:26.562, 74.04 W
2025/02/16 20:13:26.572, 74.04 W
2025/02/16 20:13:26.582, 74.04 W
2025/02/16 20:13:26.593, 74.04 W
2025/02/16 20:13:26.603, 74.04 W
2025/02/16 20:13:26.613, 74.04 W
2025/02/16 20:13:26.623, 74.04 W
2025/02/16 20:13:26.633, 74.04 W
2025/02/16 20:13:26.643, 74.04 W
2025/02/16 20:13:26.653, 73.79 W
2025/02/16 20:13:26.663, 73.79 W
2025/02/16 20:13:26.673, 73.79 W
2025/02/16 20:13:26.683, 73.79 W
2025/02/16 20:13:26.693, 73.79 W
2025/02/16 20:13:26.703, 73.79 W
2025/02/16 20:13:26.713, 73.79 W
2025/02/16 20:13:26.723, 73.79 W
2025/02/16 20:13:26.733, 73.79 W
2025/02/16 20:13:26.744, 73.79 W
2025/02/16 20:13:26.754, 73.79 W
2025/02/16 20:13:26.764, 73.79 W
2025/02/16 20:13:26.774, 73.79 W
2025/02/16 20:13:26.784, 73.79 W
2025/02/16 20:13:26.794, 73.79 W
2025/02/16 20:13:26.804, 73.79 W
2025/02/16 20:13:26.814, 73.79 W
2025/02/16 20:13:26.824, 73.79 W
2025/02/16 20:13:26.834, 73.79 W
2025/02/16 20:13:26.844, 73.79 W
2025/02/16 20:13:26.854, 73.79 W
2025/02/16 20:13:26.864, 73.79 W
2025/02/16 20:13:26.874, 73.79 W
2025/02/16 20:13:26.884, 73.79 W
2025/02/16 20:13:26.894, 73.79 W
2025/02/16 20:13:26.905, 73.79 W
2025/02/16 20:13:26.915, 73.79 W
2025/02/16 20:13:26.925, 73.79 W
2025/02/16 20:13:26.935, 73.79 W
2025/02/16 20:13:26.945, 73.96 W
2025/02/16 20:13:26.955, 73.96 W
2025/02/16 20:13:26.965, 73.96 W
2025/02/16 20:13:26.975, 73.96 W
2025/02/16 20:13:26.985, 73.96 W
2025/02/16 20:13:26.995, 73.96 W
2025/02/16 20:13:27.005, 73.96 W
2025/02/16 20:13:27.015, 73.96 W
2025/02/16 20:13:27.025, 73.96 W
2025/02/16 20:13:27.035, 73.96 W
2025/02/16 20:13:27.045, 73.96 W
2025/02/16 20:13:27.055, 73.96 W
2025/02/16 20:13:27.066, 73.79 W
2025/02/16 20:13:27.076, 73.79 W
2025/02/16 20:13:27.086, 73.79 W
2025/02/16 20:13:27.096, 73.79 W
2025/02/16 20:13:27.106, 73.79 W
2025/02/16 20:13:27.116, 73.79 W
2025/02/16 20:13:27.126, 73.79 W
2025/02/16 20:13:27.136, 73.79 W
2025/02/16 20:13:27.146, 73.79 W
2025/02/16 20:13:27.156, 73.79 W
2025/02/16 20:13:27.166, 73.79 W
2025/02/16 20:13:27.176, 73.79 W
2025/02/16 20:13:27.186, 73.79 W
2025/02/16 20:13:27.196, 73.79 W
2025/02/16 20:13:27.206, 73.79 W
2025/02/16 20:13:27.216, 73.79 W
2025/02/16 20:13:27.227, 73.79 W
2025/02/16 20:13:27.237, 73.79 W
2025/02/16 20:13:27.247, 73.79 W
2025/02/16 20:13:27.257, 73.79 W
2025/02/16 20:13:27.267, 73.88 W
2025/02/16 20:13:27.277, 73.88 W
2025/02/16 20:13:27.287, 73.88 W
2025/02/16 20:13:27.297, 73.88 W
2025/02/16 20:13:27.307, 73.88 W
2025/02/16 20:13:27.317, 73.88 W
2025/02/16 20:13:27.327, 73.88 W
2025/02/16 20:13:27.337, 73.88 W
2025/02/16 20:13:27.347, 73.88 W
2025/02/16 20:13:27.357, 73.88 W
2025/02/16 20:13:27.367, 73.88 W
2025/02/16 20:13:27.378, 74.05 W
2025/02/16 20:13:27.388, 74.05 W
2025/02/16 20:13:27.398, 74.05 W
2025/02/16 20:13:27.408, 74.05 W
2025/02/16 20:13:27.418, 74.05 W
2025/02/16 20:13:27.428, 74.05 W
2025/02/16 20:13:27.438, 74.05 W
2025/02/16 20:13:27.448, 74.05 W
2025/02/16 20:13:27.458, 73.76 W
2025/02/16 20:13:27.468, 73.76 W
2025/02/16 20:13:27.478, 73.76 W
2025/02/16 20:13:27.488, 73.76 W
2025/02/16 20:13:27.498, 73.76 W
2025/02/16 20:13:27.508, 73.76 W
2025/02/16 20:13:27.518, 73.76 W
2025/02/16 20:13:27.529, 73.76 W
2025/02/16 20:13:27.539, 73.76 W
2025/02/16 20:13:27.549, 73.76 W
2025/02/16 20:13:27.559, 74.05 W
2025/02/16 20:13:27.569, 74.05 W
2025/02/16 20:13:27.579, 74.05 W
2025/02/16 20:13:27.589, 74.05 W
2025/02/16 20:13:27.599, 74.05 W
2025/02/16 20:13:27.609, 74.05 W
2025/02/16 20:13:27.619, 74.05 W
2025/02/16 20:13:27.629, 74.05 W
2025/02/16 20:13:27.639, 74.05 W
2025/02/16 20:13:27.649, 74.05 W
2025/02/16 20:13:27.659, 74.05 W
2025/02/16 20:13:27.669, 74.05 W
2025/02/16 20:13:27.679, 74.05 W
2025/02/16 20:13:27.690, 74.05 W
2025/02/16 20:13:27.700, 74.05 W
2025/02/16 20:13:27.710, 74.05 W
2025/02/16 20:13:27.720, 74.05 W
2025/02/16 20:13:27.730, 74.05 W
2025/02/16 20:13:27.740, 74.05 W
2025/02/16 20:13:27.750, 74.05 W
2025/02/16 20:13:27.760, 74.05 W
2025/02/16 20:13:27.770, 74.05 W
2025/02/16 20:13:27.780, 74.05 W
2025/02/16 20:13:27.790, 74.05 W
2025/02/16 20:13:27.800, 74.05 W
2025/02/16 20:13:27.810, 74.05 W
2025/02/16 20:13:27.820, 74.05 W
2025/02/16 20:13:27.830, 74.05 W
2025/02/16 20:13:27.841, 74.05 W
2025/02/16 20:13:27.851, 74.05 W
2025/02/16 20:13:27.861, 74.05 W
2025/02/16 20:13:27.871, 74.05 W
2025/02/16 20:13:27.881, 74.05 W
2025/02/16 20:13:27.891, 74.05 W
2025/02/16 20:13:27.901, 74.05 W
2025/02/16 20:13:27.911, 74.05 W
2025/02/16 20:13:27.921, 74.05 W
2025/02/16 20:13:27.931, 74.05 W
2025/02/16 20:13:27.941, 74.05 W
2025/02/16 20:13:27.951, 74.05 W
2025/02/16 20:13:27.961, 74.05 W
2025/02/16 20:13:27.971, 74.05 W
2025/02/16 20:13:27.981, 74.05 W
2025/02/16 20:13:27.991, 74.05 W
2025/02/16 20:13:28.002, 74.05 W
2025/02/16 20:13:28.012, 74.05 W
2025/02/16 20:13:28.022, 74.05 W
2025/02/16 20:13:28.032, 74.05 W
2025/02/16 20:13:28.042, 74.05 W
2025/02/16 20:13:28.052, 74.05 W
2025/02/16 20:13:28.062, 74.05 W
2025/02/16 20:13:28.072, 74.05 W
2025/02/16 20:13:28.082, 74.05 W
2025/02/16 20:13:28.092, 74.05 W
2025/02/16 20:13:28.102, 74.05 W
2025/02/16 20:13:28.112, 74.05 W
2025/02/16 20:13:28.122, 74.05 W
2025/02/16 20:13:28.132, 74.05 W
2025/02/16 20:13:28.142, 74.05 W
2025/02/16 20:13:28.153, 74.05 W
2025/02/16 20:13:28.163, 74.05 W
2025/02/16 20:13:28.173, 74.05 W
2025/02/16 20:13:28.183, 74.05 W
2025/02/16 20:13:28.193, 74.05 W
2025/02/16 20:13:28.203, 74.05 W
2025/02/16 20:13:28.213, 74.05 W
2025/02/16 20:13:28.223, 74.05 W
2025/02/16 20:13:28.233, 74.05 W
2025/02/16 20:13:28.243, 74.05 W
2025/02/16 20:13:28.253, 74.05 W
2025/02/16 20:13:28.263, 74.05 W
2025/02/16 20:13:28.273, 74.05 W
2025/02/16 20:13:28.283, 74.05 W
2025/02/16 20:13:28.293, 74.05 W
2025/02/16 20:13:28.303, 74.05 W
2025/02/16 20:13:28.314, 74.05 W
2025/02/16 20:13:28.324, 74.05 W
2025/02/16 20:13:28.334, 74.05 W
2025/02/16 20:13:28.344, 74.05 W
2025/02/16 20:13:28.354, 74.05 W
2025/02/16 20:13:28.364, 74.05 W
2025/02/16 20:13:28.374, 74.05 W
2025/02/16 20:13:28.384, 74.05 W
2025/02/16 20:13:28.394, 74.05 W
2025/02/16 20:13:28.404, 74.05 W
2025/02/16 20:13:28.414, 74.05 W
2025/02/16 20:13:28.424, 74.05 W
2025/02/16 20:13:28.434, 74.05 W
2025/02/16 20:13:28.444, 74.05 W
2025/02/16 20:13:28.455, 74.05 W
2025/02/16 20:13:28.465, 74.05 W
2025/02/16 20:13:28.475, 74.05 W
2025/02/16 20:13:28.485, 74.05 W
2025/02/16 20:13:28.495, 74.05 W
2025/02/16 20:13:28.505, 74.05 W
2025/02/16 20:13:28.515, 74.05 W
2025/02/16 20:13:28.525, 74.05 W
2025/02/16 20:13:28.535, 74.05 W
2025/02/16 20:13:28.545, 74.05 W
2025/02/16 20:13:28.555, 74.05 W
2025/02/16 20:13:28.565, 74.05 W
2025/02/16 20:13:28.575, 74.05 W
2025/02/16 20:13:28.585, 73.76 W
2025/02/16 20:13:28.595, 73.76 W
2025/02/16 20:13:28.605, 73.76 W
2025/02/16 20:13:28.616, 73.76 W
2025/02/16 20:13:28.626, 73.76 W
2025/02/16 20:13:28.636, 73.76 W
2025/02/16 20:13:28.646, 73.76 W
2025/02/16 20:13:28.656, 73.76 W
2025/02/16 20:13:28.666, 73.76 W
2025/02/16 20:13:28.676, 73.76 W
2025/02/16 20:13:28.686, 73.76 W
2025/02/16 20:13:28.696, 73.76 W
2025/02/16 20:13:28.706, 74.05 W
2025/02/16 20:13:28.716, 74.05 W
2025/02/16 20:13:28.726, 74.05 W
2025/02/16 20:13:28.736, 74.05 W
2025/02/16 20:13:28.746, 74.05 W
2025/02/16 20:13:28.756, 74.05 W
2025/02/16 20:13:28.767, 74.05 W
2025/02/16 20:13:28.777, 74.05 W
2025/02/16 20:13:28.787, 74.05 W
2025/02/16 20:13:28.797, 74.05 W
2025/02/16 20:13:28.807, 74.05 W
2025/02/16 20:13:28.817, 74.05 W
2025/02/16 20:13:28.827, 74.05 W
2025/02/16 20:13:28.837, 74.05 W
2025/02/16 20:13:28.847, 74.05 W
2025/02/16 20:13:28.857, 74.05 W
2025/02/16 20:13:28.867, 74.05 W
2025/02/16 20:13:28.877, 74.05 W
2025/02/16 20:13:28.887, 74.05 W
2025/02/16 20:13:28.897, 74.05 W
2025/02/16 20:13:28.907, 73.76 W
2025/02/16 20:13:28.917, 73.76 W
2025/02/16 20:13:28.928, 73.76 W
2025/02/16 20:13:28.938, 73.76 W
2025/02/16 20:13:28.948, 73.76 W
2025/02/16 20:13:28.958, 73.76 W
2025/02/16 20:13:28.968, 73.76 W
2025/02/16 20:13:28.978, 73.76 W
2025/02/16 20:13:28.988, 74.05 W
2025/02/16 20:13:28.998, 74.05 W
2025/02/16 20:13:29.008, 74.05 W
2025/02/16 20:13:29.018, 74.05 W
2025/02/16 20:13:29.028, 74.05 W
2025/02/16 20:13:29.038, 74.05 W
2025/02/16 20:13:29.048, 74.05 W
2025/02/16 20:13:29.058, 74.05 W
2025/02/16 20:13:29.068, 74.05 W
2025/02/16 20:13:29.078, 74.05 W
2025/02/16 20:13:29.089, 74.05 W
2025/02/16 20:13:29.099, 74.05 W
2025/02/16 20:13:29.109, 74.05 W
2025/02/16 20:13:29.119, 74.05 W
2025/02/16 20:13:29.129, 74.05 W
2025/02/16 20:13:29.139, 74.05 W
2025/02/16 20:13:29.149, 74.05 W
2025/02/16 20:13:29.159, 74.05 W
2025/02/16 20:13:29.169, 74.05 W
2025/02/16 20:13:29.179, 74.05 W
2025/02/16 20:13:29.189, 74.05 W
2025/02/16 20:13:29.199, 74.05 W
2025/02/16 20:13:29.209, 74.05 W
2025/02/16 20:13:29.219, 74.05 W
2025/02/16 20:13:29.229, 74.05 W
2025/02/16 20:13:29.240, 74.05 W
2025/02/16 20:13:29.250, 74.05 W
2025/02/16 20:13:29.260, 74.05 W
2025/02/16 20:13:29.270, 74.05 W
2025/02/16 20:13:29.280, 74.05 W
2025/02/16 20:13:29.290, 74.05 W
2025/02/16 20:13:29.300, 74.05 W
2025/02/16 20:13:29.310, 74.05 W
2025/02/16 20:13:29.320, 73.76 W
2025/02/16 20:13:29.330, 73.76 W
2025/02/16 20:13:29.340, 73.76 W
2025/02/16 20:13:29.350, 73.76 W
2025/02/16 20:13:29.360, 73.76 W
2025/02/16 20:13:29.370, 73.76 W
2025/02/16 20:13:29.380, 73.76 W
2025/02/16 20:13:29.391, 73.76 W
2025/02/16 20:13:29.401, 73.76 W
2025/02/16 20:13:29.411, 73.76 W
2025/02/16 20:13:29.421, 74.05 W
2025/02/16 20:13:29.431, 74.05 W
2025/02/16 20:13:29.441, 74.05 W
2025/02/16 20:13:29.451, 74.05 W
2025/02/16 20:13:29.461, 74.05 W
2025/02/16 20:13:29.471, 74.05 W
2025/02/16 20:13:29.481, 74.05 W
2025/02/16 20:13:29.491, 74.05 W
2025/02/16 20:13:29.501, 73.96 W
2025/02/16 20:13:29.511, 73.96 W
2025/02/16 20:13:29.521, 73.96 W
2025/02/16 20:13:29.531, 73.96 W
2025/02/16 20:13:29.541, 73.96 W
2025/02/16 20:13:29.552, 73.96 W
2025/02/16 20:13:29.562, 73.96 W
2025/02/16 20:13:29.572, 73.96 W
2025/02/16 20:13:29.582, 73.96 W
2025/02/16 20:13:29.592, 73.96 W
2025/02/16 20:13:29.602, 74.05 W
2025/02/16 20:13:29.612, 74.05 W
2025/02/16 20:13:29.622, 74.05 W
2025/02/16 20:13:29.632, 74.05 W
2025/02/16 20:13:29.642, 74.05 W
2025/02/16 20:13:29.652, 74.05 W
2025/02/16 20:13:29.662, 74.05 W
2025/02/16 20:13:29.672, 74.05 W
2025/02/16 20:13:29.682, 74.05 W
2025/02/16 20:13:29.692, 74.05 W
2025/02/16 20:13:29.703, 74.05 W
2025/02/16 20:13:29.713, 74.05 W
2025/02/16 20:13:29.723, 74.05 W
2025/02/16 20:13:29.733, 74.05 W
2025/02/16 20:13:29.743, 74.05 W
2025/02/16 20:13:29.753, 74.05 W
2025/02/16 20:13:29.763, 74.05 W
2025/02/16 20:13:29.773, 74.05 W
2025/02/16 20:13:29.783, 74.05 W
2025/02/16 20:13:29.793, 74.05 W
2025/02/16 20:13:29.803, 74.05 W
2025/02/16 20:13:29.813, 74.05 W
2025/02/16 20:13:29.823, 74.05 W
2025/02/16 20:13:29.833, 74.05 W
2025/02/16 20:13:29.843, 74.05 W
2025/02/16 20:13:29.853, 74.05 W
2025/02/16 20:13:29.864, 74.05 W
2025/02/16 20:13:29.874, 74.05 W
2025/02/16 20:13:29.884, 74.05 W
2025/02/16 20:13:29.894, 74.05 W
2025/02/16 20:13:29.904, 74.05 W
2025/02/16 20:13:29.914, 74.05 W
2025/02/16 20:13:29.924, 74.05 W
2025/02/16 20:13:29.934, 74.05 W
2025/02/16 20:13:29.944, 74.05 W
2025/02/16 20:13:29.954, 74.05 W
2025/02/16 20:13:29.964, 74.05 W
2025/02/16 20:13:29.974, 74.05 W
2025/02/16 20:13:29.984, 74.05 W
2025/02/16 20:13:29.994, 74.05 W
2025/02/16 20:13:30.004, 74.05 W
2025/02/16 20:13:30.015, 74.05 W
2025/02/16 20:13:30.025, 74.05 W
2025/02/16 20:13:30.035, 74.05 W
2025/02/16 20:13:30.045, 74.05 W
2025/02/16 20:13:30.055, 74.05 W
2025/02/16 20:13:30.065, 74.05 W
2025/02/16 20:13:30.075, 74.05 W
2025/02/16 20:13:30.085, 74.05 W
2025/02/16 20:13:30.095, 74.05 W
2025/02/16 20:13:30.105, 74.05 W
2025/02/16 20:13:30.115, 74.05 W
2025/02/16 20:13:30.125, 74.05 W
2025/02/16 20:13:30.135, 73.76 W
2025/02/16 20:13:30.145, 73.76 W
2025/02/16 20:13:30.155, 73.76 W
2025/02/16 20:13:30.165, 73.76 W
2025/02/16 20:13:30.176, 73.76 W
2025/02/16 20:13:30.186, 73.76 W
2025/02/16 20:13:30.196, 73.76 W
2025/02/16 20:13:30.206, 73.76 W
2025/02/16 20:13:30.216, 73.76 W
2025/02/16 20:13:30.226, 73.76 W
2025/02/16 20:13:30.236, 73.76 W
2025/02/16 20:13:30.246, 73.76 W
2025/02/16 20:13:30.256, 73.76 W
2025/02/16 20:13:30.266, 73.76 W
2025/02/16 20:13:30.276, 73.76 W
2025/02/16 20:13:30.286, 73.76 W
2025/02/16 20:13:30.296, 73.76 W
2025/02/16 20:13:30.306, 73.76 W
2025/02/16 20:13:30.316, 73.76 W
2025/02/16 20:13:30.327, 73.76 W
2025/02/16 20:13:30.337, 73.76 W
2025/02/16 20:13:30.347, 73.76 W
2025/02/16 20:13:30.357, 73.76 W
2025/02/16 20:13:30.367, 73.76 W
2025/02/16 20:13:30.377, 73.76 W
2025/02/16 20:13:30.387, 73.76 W
2025/02/16 20:13:30.397, 73.76 W
2025/02/16 20:13:30.407, 73.76 W
2025/02/16 20:13:30.417, 73.76 W
2025/02/16 20:13:30.427, 73.76 W
2025/02/16 20:13:30.437, 73.76 W
2025/02/16 20:13:30.447, 73.76 W
2025/02/16 20:13:30.457, 73.76 W
2025/02/16 20:13:30.467, 73.76 W
2025/02/16 20:13:30.478, 73.76 W
2025/02/16 20:13:30.488, 73.76 W
2025/02/16 20:13:30.498, 73.76 W
2025/02/16 20:13:30.508, 73.76 W
2025/02/16 20:13:30.518, 73.76 W
2025/02/16 20:13:30.528, 73.76 W
2025/02/16 20:13:30.538, 73.76 W
2025/02/16 20:13:30.548, 73.79 W
2025/02/16 20:13:30.558, 73.79 W
2025/02/16 20:13:30.568, 73.79 W
2025/02/16 20:13:30.578, 73.79 W
2025/02/16 20:13:30.588, 73.79 W
2025/02/16 20:13:30.598, 73.79 W
2025/02/16 20:13:30.608, 73.79 W
2025/02/16 20:13:30.618, 73.79 W
2025/02/16 20:13:30.628, 73.79 W
2025/02/16 20:13:30.639, 73.79 W
2025/02/16 20:13:30.649, 73.79 W
2025/02/16 20:13:30.659, 73.79 W
2025/02/16 20:13:30.669, 73.79 W
2025/02/16 20:13:30.679, 73.79 W
2025/02/16 20:13:30.689, 73.79 W
2025/02/16 20:13:30.699, 73.79 W
2025/02/16 20:13:30.709, 73.79 W
2025/02/16 20:13:30.719, 73.79 W
2025/02/16 20:13:30.729, 73.79 W
2025/02/16 20:13:30.739, 73.79 W
2025/02/16 20:13:30.749, 74.04 W
2025/02/16 20:13:30.759, 74.04 W
2025/02/16 20:13:30.769, 74.04 W
2025/02/16 20:13:30.779, 74.04 W
2025/02/16 20:13:30.789, 74.04 W
2025/02/16 20:13:30.800, 74.04 W
2025/02/16 20:13:30.810, 74.04 W
2025/02/16 20:13:30.820, 74.04 W
2025/02/16 20:13:30.830, 74.04 W
2025/02/16 20:13:30.840, 73.79 W
2025/02/16 20:13:30.850, 73.79 W
2025/02/16 20:13:30.860, 73.79 W
2025/02/16 20:13:30.870, 73.79 W
2025/02/16 20:13:30.880, 73.79 W
2025/02/16 20:13:30.890, 73.79 W
2025/02/16 20:13:30.900, 73.79 W
2025/02/16 20:13:30.910, 73.79 W
2025/02/16 20:13:30.920, 73.79 W
2025/02/16 20:13:30.930, 73.79 W
2025/02/16 20:13:30.940, 73.79 W
2025/02/16 20:13:30.951, 73.79 W
2025/02/16 20:13:30.961, 73.79 W
2025/02/16 20:13:30.971, 73.79 W
2025/02/16 20:13:30.981, 73.79 W
2025/02/16 20:13:30.991, 73.79 W
2025/02/16 20:13:31.001, 73.79 W
2025/02/16 20:13:31.011, 73.79 W
2025/02/16 20:13:31.021, 73.79 W
2025/02/16 20:13:31.031, 73.79 W
2025/02/16 20:13:31.041, 73.88 W
2025/02/16 20:13:31.051, 73.88 W
2025/02/16 20:13:31.061, 73.88 W
2025/02/16 20:13:31.071, 73.88 W
2025/02/16 20:13:31.081, 73.88 W
2025/02/16 20:13:31.091, 73.88 W
2025/02/16 20:13:31.102, 73.88 W
2025/02/16 20:13:31.112, 73.88 W
2025/02/16 20:13:31.122, 73.88 W
2025/02/16 20:13:31.132, 73.88 W
2025/02/16 20:13:31.142, 73.88 W
2025/02/16 20:13:31.152, 73.88 W
2025/02/16 20:13:31.162, 73.96 W
2025/02/16 20:13:31.172, 73.96 W
2025/02/16 20:13:31.182, 73.96 W
2025/02/16 20:13:31.192, 73.96 W
2025/02/16 20:13:31.202, 73.96 W
2025/02/16 20:13:31.212, 73.96 W
2025/02/16 20:13:31.222, 73.96 W
2025/02/16 20:13:31.232, 73.96 W
2025/02/16 20:13:31.242, 73.79 W
2025/02/16 20:13:31.252, 73.79 W
2025/02/16 20:13:31.263, 73.79 W
2025/02/16 20:13:31.273, 73.79 W
2025/02/16 20:13:31.283, 73.79 W
2025/02/16 20:13:31.293, 73.79 W
2025/02/16 20:13:31.303, 73.79 W
2025/02/16 20:13:31.313, 73.79 W
2025/02/16 20:13:31.323, 73.79 W
2025/02/16 20:13:31.333, 73.79 W
2025/02/16 20:13:31.343, 73.79 W
2025/02/16 20:13:31.353, 73.79 W
2025/02/16 20:13:31.363, 73.79 W
2025/02/16 20:13:31.373, 73.79 W
2025/02/16 20:13:31.383, 73.79 W
2025/02/16 20:13:31.393, 73.79 W
2025/02/16 20:13:31.403, 73.79 W
2025/02/16 20:13:31.413, 73.79 W
2025/02/16 20:13:31.424, 73.79 W
2025/02/16 20:13:31.434, 73.79 W
2025/02/16 20:13:31.444, 73.79 W
2025/02/16 20:13:31.454, 73.71 W
2025/02/16 20:13:31.464, 73.71 W
2025/02/16 20:13:31.474, 73.71 W
2025/02/16 20:13:31.484, 73.71 W
2025/02/16 20:13:31.494, 73.71 W
2025/02/16 20:13:31.504, 73.71 W
2025/02/16 20:13:31.514, 73.71 W
2025/02/16 20:13:31.524, 73.71 W
2025/02/16 20:13:31.534, 73.71 W
2025/02/16 20:13:31.544, 73.71 W
2025/02/16 20:13:31.554, 73.71 W
2025/02/16 20:13:31.564, 73.71 W
2025/02/16 20:13:31.575, 73.79 W
2025/02/16 20:13:31.585, 73.79 W
2025/02/16 20:13:31.595, 73.79 W
2025/02/16 20:13:31.605, 73.79 W
2025/02/16 20:13:31.615, 73.79 W
2025/02/16 20:13:31.625, 73.79 W
2025/02/16 20:13:31.635, 73.79 W
2025/02/16 20:13:31.645, 73.79 W
2025/02/16 20:13:31.655, 73.88 W
2025/02/16 20:13:31.665, 73.88 W
2025/02/16 20:13:31.675, 73.88 W
2025/02/16 20:13:31.685, 73.88 W
2025/02/16 20:13:31.695, 73.88 W
2025/02/16 20:13:31.705, 73.88 W
2025/02/16 20:13:31.715, 73.88 W
2025/02/16 20:13:31.725, 73.88 W
2025/02/16 20:13:31.736, 73.88 W
2025/02/16 20:13:31.746, 73.88 W
2025/02/16 20:13:31.756, 73.88 W
2025/02/16 20:13:31.766, 73.88 W
2025/02/16 20:13:31.776, 73.79 W
2025/02/16 20:13:31.786, 73.79 W
2025/02/16 20:13:31.796, 73.79 W
2025/02/16 20:13:31.806, 73.79 W
2025/02/16 20:13:31.816, 73.79 W
2025/02/16 20:13:31.826, 73.79 W
2025/02/16 20:13:31.836, 73.79 W
2025/02/16 20:13:31.846, 73.79 W
2025/02/16 20:13:31.856, 73.88 W
2025/02/16 20:13:31.866, 73.88 W
2025/02/16 20:13:31.876, 73.88 W
2025/02/16 20:13:31.887, 73.88 W
2025/02/16 20:13:31.897, 73.88 W
2025/02/16 20:13:31.907, 73.88 W
2025/02/16 20:13:31.917, 73.88 W
2025/02/16 20:13:31.927, 73.88 W
2025/02/16 20:13:31.937, 73.88 W
2025/02/16 20:13:31.947, 73.88 W
2025/02/16 20:13:31.957, 73.88 W
2025/02/16 20:13:31.967, 73.88 W
2025/02/16 20:13:31.977, 73.79 W
2025/02/16 20:13:31.987, 73.79 W
2025/02/16 20:13:31.997, 73.79 W
2025/02/16 20:13:32.007, 73.79 W
2025/02/16 20:13:32.017, 73.79 W
2025/02/16 20:13:32.027, 73.79 W
2025/02/16 20:13:32.037, 73.79 W
2025/02/16 20:13:32.048, 73.79 W
2025/02/16 20:13:32.058, 73.79 W
2025/02/16 20:13:32.068, 73.79 W
2025/02/16 20:13:32.078, 73.79 W
2025/02/16 20:13:32.088, 73.79 W
2025/02/16 20:13:32.098, 73.79 W
2025/02/16 20:13:32.108, 73.79 W
2025/02/16 20:13:32.118, 73.79 W
2025/02/16 20:13:32.128, 73.79 W
2025/02/16 20:13:32.138, 73.79 W
2025/02/16 20:13:32.148, 73.79 W
2025/02/16 20:13:32.158, 73.79 W
2025/02/16 20:13:32.168, 73.79 W
2025/02/16 20:13:32.178, 73.79 W
2025/02/16 20:13:32.188, 73.88 W
2025/02/16 20:13:32.199, 73.88 W
2025/02/16 20:13:32.209, 73.88 W
2025/02/16 20:13:32.219, 73.88 W
2025/02/16 20:13:32.229, 73.88 W
2025/02/16 20:13:32.239, 73.88 W
2025/02/16 20:13:32.249, 73.88 W
2025/02/16 20:13:32.259, 73.88 W
2025/02/16 20:13:32.269, 73.88 W
2025/02/16 20:13:32.279, 73.88 W
2025/02/16 20:13:32.289, 73.88 W
2025/02/16 20:13:32.299, 73.88 W
2025/02/16 20:13:32.309, 73.88 W
2025/02/16 20:13:32.319, 73.88 W
2025/02/16 20:13:32.329, 73.88 W
2025/02/16 20:13:32.339, 73.88 W
2025/02/16 20:13:32.349, 73.88 W
2025/02/16 20:13:32.360, 73.88 W
2025/02/16 20:13:32.370, 74.05 W
2025/02/16 20:13:32.380, 74.05 W
2025/02/16 20:13:32.390, 74.05 W
2025/02/16 20:13:32.400, 74.05 W
2025/02/16 20:13:32.410, 74.05 W
2025/02/16 20:13:32.420, 74.05 W
2025/02/16 20:13:32.430, 74.05 W
2025/02/16 20:13:32.440, 74.05 W
2025/02/16 20:13:32.450, 74.05 W
2025/02/16 20:13:32.460, 74.05 W
2025/02/16 20:13:32.470, 74.05 W
2025/02/16 20:13:32.480, 74.05 W
2025/02/16 20:13:32.490, 74.05 W
2025/02/16 20:13:32.500, 74.05 W
2025/02/16 20:13:32.511, 74.05 W
2025/02/16 20:13:32.521, 74.05 W
2025/02/16 20:13:32.531, 74.05 W
2025/02/16 20:13:32.541, 74.05 W
2025/02/16 20:13:32.551, 74.05 W
2025/02/16 20:13:32.561, 74.05 W
2025/02/16 20:13:32.571, 74.05 W
2025/02/16 20:13:32.581, 74.05 W
2025/02/16 20:13:32.591, 74.05 W
2025/02/16 20:13:32.601, 74.05 W
2025/02/16 20:13:32.611, 74.05 W
2025/02/16 20:13:32.621, 74.05 W
2025/02/16 20:13:32.631, 74.05 W
2025/02/16 20:13:32.641, 74.05 W
2025/02/16 20:13:32.651, 74.05 W
2025/02/16 20:13:32.661, 74.05 W
2025/02/16 20:13:32.672, 74.05 W
2025/02/16 20:13:32.682, 74.05 W
2025/02/16 20:13:32.692, 74.05 W
2025/02/16 20:13:32.702, 74.05 W
2025/02/16 20:13:32.712, 74.05 W
2025/02/16 20:13:32.722, 74.05 W
2025/02/16 20:13:32.732, 74.05 W
2025/02/16 20:13:32.742, 74.05 W
2025/02/16 20:13:32.752, 74.05 W
2025/02/16 20:13:32.762, 74.05 W
2025/02/16 20:13:32.772, 74.05 W
2025/02/16 20:13:32.782, 74.05 W
2025/02/16 20:13:32.792, 74.05 W
2025/02/16 20:13:32.802, 74.05 W
2025/02/16 20:13:32.812, 74.05 W
2025/02/16 20:13:32.823, 74.05 W
2025/02/16 20:13:32.833, 74.05 W
2025/02/16 20:13:32.843, 74.05 W
2025/02/16 20:13:32.853, 74.05 W
2025/02/16 20:13:32.863, 74.05 W
2025/02/16 20:13:32.873, 74.05 W
2025/02/16 20:13:32.883, 74.05 W
2025/02/16 20:13:32.893, 74.05 W
2025/02/16 20:13:32.903, 74.05 W
2025/02/16 20:13:32.913, 74.05 W
2025/02/16 20:13:32.923, 74.05 W
2025/02/16 20:13:32.933, 74.05 W
2025/02/16 20:13:32.943, 74.05 W
2025/02/16 20:13:32.953, 74.05 W
2025/02/16 20:13:32.963, 74.05 W
2025/02/16 20:13:32.974, 74.05 W
2025/02/16 20:13:32.984, 74.05 W
2025/02/16 20:13:32.994, 74.05 W
2025/02/16 20:13:33.004, 74.05 W
2025/02/16 20:13:33.014, 74.05 W
2025/02/16 20:13:33.024, 74.05 W
2025/02/16 20:13:33.034, 74.05 W
2025/02/16 20:13:33.044, 74.05 W
2025/02/16 20:13:33.054, 74.05 W
2025/02/16 20:13:33.064, 74.05 W
2025/02/16 20:13:33.074, 74.05 W
2025/02/16 20:13:33.084, 74.05 W
2025/02/16 20:13:33.094, 74.05 W
2025/02/16 20:13:33.104, 74.05 W
2025/02/16 20:13:33.114, 74.05 W
2025/02/16 20:13:33.125, 74.05 W
2025/02/16 20:13:33.135, 74.05 W
2025/02/16 20:13:33.145, 74.05 W
2025/02/16 20:13:33.155, 74.05 W
2025/02/16 20:13:33.165, 74.05 W
2025/02/16 20:13:33.175, 74.05 W
2025/02/16 20:13:33.185, 74.05 W
2025/02/16 20:13:33.195, 74.05 W
2025/02/16 20:13:33.205, 74.05 W
2025/02/16 20:13:33.215, 74.05 W
2025/02/16 20:13:33.225, 74.05 W
2025/02/16 20:13:33.235, 74.05 W
2025/02/16 20:13:33.245, 74.05 W
2025/02/16 20:13:33.255, 74.05 W
2025/02/16 20:13:33.265, 74.05 W
2025/02/16 20:13:33.275, 74.05 W
2025/02/16 20:13:33.286, 74.05 W
2025/02/16 20:13:33.296, 74.05 W
2025/02/16 20:13:33.306, 74.05 W
2025/02/16 20:13:33.316, 74.05 W
2025/02/16 20:13:33.326, 74.05 W
2025/02/16 20:13:33.336, 74.05 W
2025/02/16 20:13:33.346, 74.05 W
2025/02/16 20:13:33.356, 74.05 W
2025/02/16 20:13:33.366, 74.05 W
2025/02/16 20:13:33.376, 74.05 W
2025/02/16 20:13:33.386, 74.05 W
2025/02/16 20:13:33.396, 74.05 W
2025/02/16 20:13:33.406, 74.05 W
2025/02/16 20:13:33.416, 74.05 W
2025/02/16 20:13:33.426, 74.05 W
2025/02/16 20:13:33.437, 74.05 W
2025/02/16 20:13:33.447, 74.05 W
2025/02/16 20:13:33.457, 74.05 W
2025/02/16 20:13:33.467, 74.05 W
2025/02/16 20:13:33.477, 74.05 W
2025/02/16 20:13:33.487, 74.05 W
2025/02/16 20:13:33.497, 73.96 W
2025/02/16 20:13:33.507, 73.96 W
2025/02/16 20:13:33.517, 73.96 W
2025/02/16 20:13:33.527, 73.96 W
2025/02/16 20:13:33.537, 73.96 W
2025/02/16 20:13:33.547, 73.96 W
2025/02/16 20:13:33.557, 73.96 W
2025/02/16 20:13:33.567, 73.96 W
2025/02/16 20:13:33.577, 73.96 W
2025/02/16 20:13:33.587, 73.96 W
2025/02/16 20:13:33.598, 73.96 W
2025/02/16 20:13:33.608, 73.96 W
2025/02/16 20:13:33.618, 74.05 W
2025/02/16 20:13:33.628, 74.05 W
2025/02/16 20:13:33.638, 74.05 W
2025/02/16 20:13:33.648, 74.05 W
2025/02/16 20:13:33.658, 74.05 W
2025/02/16 20:13:33.668, 74.05 W
2025/02/16 20:13:33.678, 74.05 W
2025/02/16 20:13:33.688, 74.05 W
2025/02/16 20:13:33.698, 73.76 W
2025/02/16 20:13:33.708, 73.76 W
2025/02/16 20:13:33.718, 73.76 W
2025/02/16 20:13:33.728, 73.76 W
2025/02/16 20:13:33.738, 73.76 W
2025/02/16 20:13:33.749, 73.76 W
2025/02/16 20:13:33.759, 73.76 W
2025/02/16 20:13:33.769, 73.76 W
2025/02/16 20:13:33.779, 73.76 W
2025/02/16 20:13:33.789, 73.76 W
2025/02/16 20:13:33.799, 73.76 W
2025/02/16 20:13:33.809, 73.76 W
2025/02/16 20:13:33.819, 74.05 W
2025/02/16 20:13:33.829, 74.05 W
2025/02/16 20:13:33.839, 74.05 W
2025/02/16 20:13:33.849, 74.05 W
2025/02/16 20:13:33.859, 74.05 W
2025/02/16 20:13:33.869, 74.05 W
2025/02/16 20:13:33.879, 74.05 W
2025/02/16 20:13:33.889, 74.05 W
2025/02/16 20:13:33.900, 74.05 W
2025/02/16 20:13:33.910, 74.05 W
2025/02/16 20:13:33.920, 74.05 W
2025/02/16 20:13:33.930, 74.05 W
2025/02/16 20:13:33.940, 74.05 W
2025/02/16 20:13:33.950, 74.05 W
2025/02/16 20:13:33.960, 74.05 W
2025/02/16 20:13:33.970, 74.05 W
2025/02/16 20:13:33.980, 74.05 W
2025/02/16 20:13:33.990, 74.05 W
2025/02/16 20:13:34.000, 74.05 W
2025/02/16 20:13:34.010, 74.05 W
2025/02/16 20:13:34.020, 74.05 W
2025/02/16 20:13:34.030, 74.05 W
2025/02/16 20:13:34.040, 74.05 W
2025/02/16 20:13:34.050, 74.05 W
2025/02/16 20:13:34.061, 74.05 W
2025/02/16 20:13:34.071, 74.05 W
2025/02/16 20:13:34.081, 74.05 W
2025/02/16 20:13:34.091, 74.05 W
2025/02/16 20:13:34.101, 74.05 W
2025/02/16 20:13:34.111, 74.05 W
2025/02/16 20:13:34.121, 74.05 W
2025/02/16 20:13:34.131, 74.05 W
2025/02/16 20:13:34.141, 74.05 W
2025/02/16 20:13:34.151, 74.05 W
2025/02/16 20:13:34.161, 74.05 W
2025/02/16 20:13:34.171, 74.05 W
2025/02/16 20:13:34.181, 74.05 W
2025/02/16 20:13:34.191, 74.05 W
2025/02/16 20:13:34.201, 74.05 W
2025/02/16 20:13:34.212, 74.05 W
2025/02/16 20:13:34.222, 74.05 W
2025/02/16 20:13:34.232, 74.05 W
2025/02/16 20:13:34.242, 74.05 W
2025/02/16 20:13:34.252, 74.05 W
2025/02/16 20:13:34.262, 74.05 W
2025/02/16 20:13:34.272, 74.05 W
2025/02/16 20:13:34.282, 74.05 W
2025/02/16 20:13:34.292, 74.05 W
2025/02/16 20:13:34.302, 74.05 W
2025/02/16 20:13:34.312, 73.76 W
2025/02/16 20:13:34.322, 73.76 W
2025/02/16 20:13:34.332, 73.76 W
2025/02/16 20:13:34.342, 73.76 W
2025/02/16 20:13:34.352, 73.76 W
2025/02/16 20:13:34.362, 73.76 W
2025/02/16 20:13:34.373, 73.76 W
2025/02/16 20:13:34.383, 73.76 W
2025/02/16 20:13:34.393, 73.76 W
2025/02/16 20:13:34.403, 73.76 W
2025/02/16 20:13:34.413, 73.76 W
2025/02/16 20:13:34.423, 74.05 W
2025/02/16 20:13:34.433, 74.05 W
2025/02/16 20:13:34.443, 74.05 W
2025/02/16 20:13:34.453, 74.05 W
2025/02/16 20:13:34.463, 74.05 W
2025/02/16 20:13:34.473, 74.05 W
2025/02/16 20:13:34.483, 74.05 W
2025/02/16 20:13:34.493, 74.05 W
2025/02/16 20:13:34.503, 74.05 W
2025/02/16 20:13:34.513, 74.05 W
2025/02/16 20:13:34.524, 74.05 W
2025/02/16 20:13:34.534, 74.05 W
2025/02/16 20:13:34.544, 74.05 W
2025/02/16 20:13:34.554, 74.05 W
2025/02/16 20:13:34.564, 74.05 W
2025/02/16 20:13:34.574, 74.05 W
2025/02/16 20:13:34.584, 74.05 W
2025/02/16 20:13:34.594, 74.05 W
2025/02/16 20:13:34.604, 74.05 W
2025/02/16 20:13:34.614, 74.05 W
2025/02/16 20:13:34.624, 74.05 W
2025/02/16 20:13:34.634, 74.05 W
2025/02/16 20:13:34.644, 74.05 W
2025/02/16 20:13:34.654, 74.05 W
2025/02/16 20:13:34.664, 74.05 W
2025/02/16 20:13:34.675, 74.05 W
2025/02/16 20:13:34.685, 74.05 W
2025/02/16 20:13:34.695, 74.05 W
2025/02/16 20:13:34.705, 74.05 W
2025/02/16 20:13:34.715, 74.05 W
2025/02/16 20:13:34.725, 73.96 W
2025/02/16 20:13:34.735, 73.96 W
2025/02/16 20:13:34.745, 73.96 W
2025/02/16 20:13:34.755, 73.96 W
2025/02/16 20:13:34.765, 73.96 W
2025/02/16 20:13:34.775, 73.96 W
2025/02/16 20:13:34.785, 73.96 W
2025/02/16 20:13:34.795, 73.96 W
2025/02/16 20:13:34.805, 73.96 W
2025/02/16 20:13:34.815, 73.96 W
2025/02/16 20:13:34.825, 73.96 W
2025/02/16 20:13:34.836, 73.96 W
2025/02/16 20:13:34.846, 74.05 W
2025/02/16 20:13:34.856, 74.05 W
2025/02/16 20:13:34.866, 74.05 W
2025/02/16 20:13:34.876, 74.05 W
2025/02/16 20:13:34.886, 74.05 W
2025/02/16 20:13:34.896, 74.05 W
2025/02/16 20:13:34.906, 74.05 W
2025/02/16 20:13:34.916, 74.05 W
2025/02/16 20:13:34.926, 74.05 W
2025/02/16 20:13:34.936, 74.05 W
2025/02/16 20:13:34.946, 74.05 W
2025/02/16 20:13:34.956, 74.05 W
2025/02/16 20:13:34.966, 74.05 W
2025/02/16 20:13:34.976, 74.05 W
2025/02/16 20:13:34.986, 74.05 W
2025/02/16 20:13:34.997, 74.05 W
2025/02/16 20:13:35.007, 74.05 W
2025/02/16 20:13:35.017, 74.05 W
2025/02/16 20:13:35.027, 74.05 W
2025/02/16 20:13:35.037, 74.05 W
2025/02/16 20:13:35.047, 74.05 W
2025/02/16 20:13:35.057, 74.05 W
2025/02/16 20:13:35.067, 74.05 W
2025/02/16 20:13:35.077, 74.05 W
2025/02/16 20:13:35.087, 74.05 W
2025/02/16 20:13:35.097, 74.05 W
2025/02/16 20:13:35.107, 74.05 W
2025/02/16 20:13:35.117, 74.05 W
2025/02/16 20:13:35.127, 74.05 W
2025/02/16 20:13:35.137, 74.05 W
2025/02/16 20:13:35.148, 74.05 W
2025/02/16 20:13:35.158, 74.05 W
2025/02/16 20:13:35.168, 74.05 W
2025/02/16 20:13:35.178, 74.05 W
2025/02/16 20:13:35.188, 74.05 W
2025/02/16 20:13:35.198, 74.05 W
2025/02/16 20:13:35.208, 74.05 W
2025/02/16 20:13:35.218, 74.05 W
2025/02/16 20:13:35.228, 74.05 W
2025/02/16 20:13:35.238, 74.05 W
2025/02/16 20:13:35.248, 74.05 W
2025/02/16 20:13:35.258, 73.79 W
2025/02/16 20:13:35.268, 73.79 W
2025/02/16 20:13:35.278, 73.79 W
2025/02/16 20:13:35.288, 73.79 W
2025/02/16 20:13:35.298, 73.79 W
2025/02/16 20:13:35.309, 73.79 W
2025/02/16 20:13:35.319, 73.79 W
2025/02/16 20:13:35.329, 73.79 W
2025/02/16 20:13:35.339, 73.79 W
2025/02/16 20:13:35.349, 73.79 W
2025/02/16 20:13:35.359, 73.79 W
2025/02/16 20:13:35.369, 73.79 W
2025/02/16 20:13:35.379, 73.79 W
2025/02/16 20:13:35.389, 73.79 W
2025/02/16 20:13:35.399, 73.79 W
2025/02/16 20:13:35.409, 73.79 W
2025/02/16 20:13:35.419, 73.79 W
2025/02/16 20:13:35.429, 73.79 W
2025/02/16 20:13:35.439, 73.79 W
2025/02/16 20:13:35.449, 73.79 W
2025/02/16 20:13:35.460, 73.79 W
2025/02/16 20:13:35.470, 73.79 W
2025/02/16 20:13:35.480, 73.79 W
2025/02/16 20:13:35.490, 73.79 W
2025/02/16 20:13:35.500, 73.79 W
2025/02/16 20:13:35.510, 73.79 W
2025/02/16 20:13:35.520, 73.79 W
2025/02/16 20:13:35.530, 73.79 W
2025/02/16 20:13:35.540, 73.79 W
2025/02/16 20:13:35.550, 73.79 W
2025/02/16 20:13:35.560, 73.79 W
2025/02/16 20:13:35.570, 73.79 W
2025/02/16 20:13:35.580, 73.79 W
2025/02/16 20:13:35.590, 73.79 W
2025/02/16 20:13:35.600, 73.79 W
2025/02/16 20:13:35.610, 73.79 W
2025/02/16 20:13:35.621, 73.79 W
2025/02/16 20:13:35.631, 73.79 W
2025/02/16 20:13:35.641, 73.79 W
2025/02/16 20:13:35.651, 73.79 W
2025/02/16 20:13:35.661, 73.79 W
2025/02/16 20:13:35.671, 73.79 W
2025/02/16 20:13:35.681, 73.79 W
2025/02/16 20:13:35.691, 73.79 W
2025/02/16 20:13:35.701, 73.79 W
2025/02/16 20:13:35.711, 73.79 W
2025/02/16 20:13:35.721, 73.79 W
2025/02/16 20:13:35.731, 73.79 W
2025/02/16 20:13:35.741, 73.79 W
2025/02/16 20:13:35.751, 73.79 W
2025/02/16 20:13:35.761, 73.79 W
2025/02/16 20:13:35.771, 73.79 W
2025/02/16 20:13:35.782, 73.79 W
2025/02/16 20:13:35.792, 73.79 W
2025/02/16 20:13:35.802, 73.79 W
2025/02/16 20:13:35.812, 73.79 W
2025/02/16 20:13:35.822, 73.79 W
2025/02/16 20:13:35.832, 73.79 W
2025/02/16 20:13:35.842, 73.79 W
2025/02/16 20:13:35.852, 73.79 W
2025/02/16 20:13:35.862, 73.79 W
2025/02/16 20:13:35.872, 73.96 W
2025/02/16 20:13:35.882, 73.96 W
2025/02/16 20:13:35.892, 73.96 W
2025/02/16 20:13:35.902, 73.96 W
2025/02/16 20:13:35.912, 73.96 W
2025/02/16 20:13:35.922, 73.96 W
2025/02/16 20:13:35.933, 73.96 W
2025/02/16 20:13:35.943, 73.96 W
2025/02/16 20:13:35.953, 73.96 W
2025/02/16 20:13:35.963, 73.96 W
2025/02/16 20:13:35.973, 73.96 W
2025/02/16 20:13:35.983, 73.96 W
2025/02/16 20:13:35.993, 73.96 W
2025/02/16 20:13:36.003, 73.96 W
2025/02/16 20:13:36.013, 73.96 W
2025/02/16 20:13:36.023, 73.96 W
2025/02/16 20:13:36.033, 73.96 W
2025/02/16 20:13:36.043, 73.96 W
2025/02/16 20:13:36.053, 73.96 W
2025/02/16 20:13:36.063, 73.96 W
2025/02/16 20:13:36.073, 73.79 W
2025/02/16 20:13:36.083, 73.79 W
2025/02/16 20:13:36.094, 73.79 W
2025/02/16 20:13:36.104, 73.79 W
2025/02/16 20:13:36.114, 73.79 W
2025/02/16 20:13:36.124, 73.79 W
2025/02/16 20:13:36.134, 73.79 W
2025/02/16 20:13:36.144, 73.79 W
2025/02/16 20:13:36.154, 73.79 W
2025/02/16 20:13:36.164, 74.04 W
2025/02/16 20:13:36.174, 74.04 W
2025/02/16 20:13:36.184, 74.04 W
2025/02/16 20:13:36.194, 74.04 W
2025/02/16 20:13:36.204, 74.04 W
2025/02/16 20:13:36.214, 74.04 W
2025/02/16 20:13:36.224, 74.04 W
2025/02/16 20:13:36.234, 74.04 W
2025/02/16 20:13:36.245, 74.04 W
2025/02/16 20:13:36.255, 74.04 W
2025/02/16 20:13:36.265, 74.04 W
2025/02/16 20:13:36.275, 74.04 W
2025/02/16 20:13:36.285, 74.04 W
2025/02/16 20:13:36.295, 74.04 W
2025/02/16 20:13:36.305, 74.04 W
2025/02/16 20:13:36.315, 74.04 W
2025/02/16 20:13:36.325, 74.04 W
2025/02/16 20:13:36.335, 74.04 W
2025/02/16 20:13:36.345, 74.04 W
2025/02/16 20:13:36.355, 74.04 W
2025/02/16 20:13:36.365, 74.04 W
2025/02/16 20:13:36.375, 74.04 W
2025/02/16 20:13:36.385, 74.12 W
2025/02/16 20:13:36.396, 74.12 W
2025/02/16 20:13:36.406, 74.12 W
2025/02/16 20:13:36.416, 74.12 W
2025/02/16 20:13:36.426, 74.12 W
2025/02/16 20:13:36.436, 74.12 W
2025/02/16 20:13:36.446, 74.12 W
2025/02/16 20:13:36.456, 74.12 W
2025/02/16 20:13:36.466, 73.79 W
2025/02/16 20:13:36.476, 73.79 W
2025/02/16 20:13:36.486, 73.79 W
2025/02/16 20:13:36.496, 73.79 W
2025/02/16 20:13:36.506, 73.79 W
2025/02/16 20:13:36.516, 73.79 W
2025/02/16 20:13:36.526, 73.79 W
2025/02/16 20:13:36.536, 73.79 W
2025/02/16 20:13:36.546, 73.79 W
2025/02/16 20:13:36.557, 73.79 W
2025/02/16 20:13:36.567, 73.96 W
2025/02/16 20:13:36.577, 73.96 W
2025/02/16 20:13:36.587, 73.96 W
2025/02/16 20:13:36.597, 73.96 W
2025/02/16 20:13:36.607, 73.96 W
2025/02/16 20:13:36.617, 73.96 W
2025/02/16 20:13:36.627, 73.96 W
2025/02/16 20:13:36.637, 73.96 W
2025/02/16 20:13:36.647, 73.96 W
2025/02/16 20:13:36.657, 73.96 W
2025/02/16 20:13:36.667, 73.96 W
2025/02/16 20:13:36.677, 73.96 W
2025/02/16 20:13:36.687, 73.79 W
2025/02/16 20:13:36.697, 73.79 W
2025/02/16 20:13:36.707, 73.79 W
2025/02/16 20:13:36.718, 73.79 W
2025/02/16 20:13:36.728, 73.79 W
2025/02/16 20:13:36.738, 73.79 W
2025/02/16 20:13:36.748, 73.79 W
2025/02/16 20:13:36.758, 73.79 W
2025/02/16 20:13:36.768, 73.79 W
2025/02/16 20:13:36.778, 73.79 W
2025/02/16 20:13:36.788, 73.79 W
2025/02/16 20:13:36.798, 73.79 W
2025/02/16 20:13:36.808, 73.79 W
2025/02/16 20:13:36.818, 73.79 W
2025/02/16 20:13:36.828, 73.79 W
2025/02/16 20:13:36.838, 73.79 W
2025/02/16 20:13:36.848, 73.79 W
2025/02/16 20:13:36.858, 73.79 W
2025/02/16 20:13:36.869, 73.79 W
2025/02/16 20:13:36.879, 73.79 W
2025/02/16 20:13:36.889, 73.79 W
2025/02/16 20:13:36.899, 74.12 W
2025/02/16 20:13:36.909, 74.12 W
2025/02/16 20:13:36.919, 74.12 W
2025/02/16 20:13:36.929, 74.12 W
2025/02/16 20:13:36.939, 74.12 W
2025/02/16 20:13:36.949, 74.12 W
2025/02/16 20:13:36.959, 74.12 W
2025/02/16 20:13:36.969, 74.12 W
2025/02/16 20:13:36.979, 73.88 W
2025/02/16 20:13:36.989, 73.88 W
2025/02/16 20:13:36.999, 73.88 W
2025/02/16 20:13:37.009, 73.88 W
2025/02/16 20:13:37.019, 73.88 W
2025/02/16 20:13:37.030, 73.88 W
2025/02/16 20:13:37.040, 73.88 W
2025/02/16 20:13:37.050, 73.88 W
2025/02/16 20:13:37.060, 73.88 W
2025/02/16 20:13:37.070, 73.88 W
2025/02/16 20:13:37.080, 73.88 W
2025/02/16 20:13:37.090, 73.88 W
2025/02/16 20:13:37.100, 74.05 W
2025/02/16 20:13:37.110, 74.05 W
2025/02/16 20:13:37.120, 74.05 W
2025/02/16 20:13:37.130, 74.05 W
2025/02/16 20:13:37.140, 74.05 W
2025/02/16 20:13:37.150, 74.05 W
2025/02/16 20:13:37.160, 74.05 W
2025/02/16 20:13:37.170, 74.05 W
2025/02/16 20:13:37.181, 74.05 W
2025/02/16 20:13:37.191, 74.05 W
2025/02/16 20:13:37.201, 74.05 W
2025/02/16 20:13:37.211, 74.05 W
2025/02/16 20:13:37.221, 74.05 W
2025/02/16 20:13:37.231, 74.05 W
2025/02/16 20:13:37.241, 74.05 W
2025/02/16 20:13:37.251, 74.05 W
2025/02/16 20:13:37.261, 74.05 W
2025/02/16 20:13:37.271, 74.05 W
2025/02/16 20:13:37.281, 74.05 W
2025/02/16 20:13:37.291, 74.05 W
2025/02/16 20:13:37.301, 73.76 W
2025/02/16 20:13:37.311, 73.76 W
2025/02/16 20:13:37.321, 73.76 W
2025/02/16 20:13:37.332, 73.76 W
2025/02/16 20:13:37.342, 73.76 W
2025/02/16 20:13:37.352, 73.76 W
2025/02/16 20:13:37.362, 73.76 W
2025/02/16 20:13:37.372, 73.76 W
2025/02/16 20:13:37.382, 73.76 W
2025/02/16 20:13:37.392, 74.05 W
2025/02/16 20:13:37.402, 74.05 W
2025/02/16 20:13:37.412, 74.05 W
2025/02/16 20:13:37.422, 74.05 W
2025/02/16 20:13:37.432, 74.05 W
2025/02/16 20:13:37.442, 74.05 W
2025/02/16 20:13:37.452, 74.05 W
2025/02/16 20:13:37.462, 74.05 W
2025/02/16 20:13:37.472, 74.05 W
2025/02/16 20:13:37.482, 74.05 W
2025/02/16 20:13:37.493, 74.05 W
2025/02/16 20:13:37.503, 74.05 W
2025/02/16 20:13:37.513, 74.05 W
2025/02/16 20:13:37.523, 74.05 W
2025/02/16 20:13:37.533, 74.05 W
2025/02/16 20:13:37.543, 74.05 W
2025/02/16 20:13:37.553, 74.05 W
2025/02/16 20:13:37.563, 74.05 W
2025/02/16 20:13:37.573, 74.05 W
2025/02/16 20:13:37.583, 74.05 W
2025/02/16 20:13:37.593, 74.05 W
2025/02/16 20:13:37.603, 74.05 W
2025/02/16 20:13:37.613, 74.05 W
2025/02/16 20:13:37.623, 74.05 W
2025/02/16 20:13:37.633, 74.05 W
2025/02/16 20:13:37.643, 74.05 W
2025/02/16 20:13:37.654, 74.05 W
2025/02/16 20:13:37.664, 74.05 W
2025/02/16 20:13:37.674, 74.05 W
2025/02/16 20:13:37.684, 74.05 W
2025/02/16 20:13:37.694, 74.05 W
2025/02/16 20:13:37.704, 74.05 W
2025/02/16 20:13:37.714, 74.05 W
2025/02/16 20:13:37.724, 74.05 W
2025/02/16 20:13:37.734, 74.05 W
2025/02/16 20:13:37.744, 74.05 W
2025/02/16 20:13:37.754, 74.05 W
2025/02/16 20:13:37.764, 74.05 W
2025/02/16 20:13:37.774, 74.05 W
2025/02/16 20:13:37.784, 74.05 W
2025/02/16 20:13:37.794, 74.05 W
2025/02/16 20:13:37.805, 74.05 W
2025/02/16 20:13:37.815, 74.05 W
2025/02/16 20:13:37.825, 74.05 W
2025/02/16 20:13:37.835, 74.05 W
2025/02/16 20:13:37.845, 74.05 W
2025/02/16 20:13:37.855, 74.05 W
2025/02/16 20:13:37.865, 74.05 W
2025/02/16 20:13:37.875, 74.05 W
2025/02/16 20:13:37.885, 74.05 W
2025/02/16 20:13:37.895, 74.05 W
2025/02/16 20:13:37.905, 74.05 W
2025/02/16 20:13:37.915, 74.05 W
2025/02/16 20:13:37.925, 74.05 W
2025/02/16 20:13:37.935, 74.05 W
2025/02/16 20:13:37.945, 74.05 W
2025/02/16 20:13:37.955, 74.05 W
2025/02/16 20:13:37.966, 74.05 W
2025/02/16 20:13:37.976, 74.05 W
2025/02/16 20:13:37.986, 74.05 W
2025/02/16 20:13:37.996, 74.05 W
2025/02/16 20:13:38.006, 74.05 W
2025/02/16 20:13:38.016, 74.05 W
2025/02/16 20:13:38.026, 74.05 W
2025/02/16 20:13:38.036, 74.05 W
2025/02/16 20:13:38.046, 74.05 W
2025/02/16 20:13:38.056, 74.05 W
2025/02/16 20:13:38.066, 74.05 W
2025/02/16 20:13:38.076, 74.05 W
2025/02/16 20:13:38.086, 74.05 W
2025/02/16 20:13:38.096, 74.05 W
2025/02/16 20:13:38.107, 74.05 W
2025/02/16 20:13:38.117, 74.05 W
2025/02/16 20:13:38.127, 74.05 W
2025/02/16 20:13:38.137, 74.05 W
2025/02/16 20:13:38.147, 74.05 W
2025/02/16 20:13:38.157, 74.05 W
2025/02/16 20:13:38.167, 74.05 W
2025/02/16 20:13:38.177, 74.05 W
2025/02/16 20:13:38.187, 74.05 W
2025/02/16 20:13:38.197, 74.05 W
2025/02/16 20:13:38.207, 74.05 W
2025/02/16 20:13:38.217, 74.05 W
2025/02/16 20:13:38.227, 74.05 W
2025/02/16 20:13:38.237, 74.05 W
2025/02/16 20:13:38.247, 74.05 W
2025/02/16 20:13:38.257, 74.05 W
2025/02/16 20:13:38.268, 74.05 W
2025/02/16 20:13:38.278, 74.05 W
2025/02/16 20:13:38.288, 74.05 W
2025/02/16 20:13:38.298, 74.05 W
2025/02/16 20:13:38.308, 74.05 W
2025/02/16 20:13:38.318, 74.05 W
2025/02/16 20:13:38.328, 74.05 W
2025/02/16 20:13:38.338, 74.05 W
2025/02/16 20:13:38.348, 74.05 W
2025/02/16 20:13:38.358, 74.05 W
2025/02/16 20:13:38.368, 74.05 W
2025/02/16 20:13:38.378, 74.05 W
2025/02/16 20:13:38.388, 74.05 W
2025/02/16 20:13:38.398, 74.05 W
2025/02/16 20:13:38.408, 74.05 W
2025/02/16 20:13:38.419, 74.05 W
2025/02/16 20:13:38.429, 74.05 W
2025/02/16 20:13:38.439, 74.05 W
2025/02/16 20:13:38.449, 74.05 W
2025/02/16 20:13:38.459, 74.05 W
2025/02/16 20:13:38.469, 74.05 W
2025/02/16 20:13:38.479, 74.05 W
2025/02/16 20:13:38.489, 74.05 W
2025/02/16 20:13:38.499, 74.05 W
2025/02/16 20:13:38.509, 74.05 W
2025/02/16 20:13:38.519, 74.05 W
2025/02/16 20:13:38.529, 74.05 W
2025/02/16 20:13:38.539, 74.05 W
2025/02/16 20:13:38.549, 74.05 W
2025/02/16 20:13:38.559, 74.05 W
2025/02/16 20:13:38.569, 74.05 W
2025/02/16 20:13:38.580, 74.05 W
2025/02/16 20:13:38.590, 74.05 W
2025/02/16 20:13:38.600, 74.05 W
2025/02/16 20:13:38.610, 74.05 W
2025/02/16 20:13:38.620, 74.05 W
2025/02/16 20:13:38.630, 74.05 W
2025/02/16 20:13:38.640, 74.05 W
2025/02/16 20:13:38.650, 74.05 W
2025/02/16 20:13:38.660, 74.05 W
2025/02/16 20:13:38.670, 74.05 W
2025/02/16 20:13:38.680, 74.05 W
2025/02/16 20:13:38.690, 74.05 W
2025/02/16 20:13:38.700, 74.05 W
2025/02/16 20:13:38.710, 74.05 W
2025/02/16 20:13:38.720, 74.05 W
2025/02/16 20:13:38.731, 74.05 W
2025/02/16 20:13:38.741, 74.05 W
2025/02/16 20:13:38.751, 74.05 W
2025/02/16 20:13:38.761, 74.05 W
2025/02/16 20:13:38.771, 74.05 W
2025/02/16 20:13:38.781, 74.05 W
2025/02/16 20:13:38.791, 74.05 W
2025/02/16 20:13:38.801, 74.05 W
2025/02/16 20:13:38.811, 74.05 W
2025/02/16 20:13:38.821, 74.05 W
2025/02/16 20:13:38.831, 74.05 W
2025/02/16 20:13:38.841, 74.05 W
2025/02/16 20:13:38.851, 74.05 W
2025/02/16 20:13:38.861, 74.05 W
2025/02/16 20:13:38.871, 74.05 W
2025/02/16 20:13:38.882, 74.05 W
2025/02/16 20:13:38.892, 74.05 W
2025/02/16 20:13:38.902, 74.05 W
2025/02/16 20:13:38.912, 74.05 W
2025/02/16 20:13:38.922, 74.05 W
2025/02/16 20:13:38.932, 74.05 W
2025/02/16 20:13:38.942, 74.05 W
2025/02/16 20:13:38.952, 74.05 W
2025/02/16 20:13:38.962, 74.05 W
2025/02/16 20:13:38.972, 74.05 W
2025/02/16 20:13:38.982, 74.05 W
2025/02/16 20:13:38.992, 74.05 W
2025/02/16 20:13:39.002, 74.05 W
2025/02/16 20:13:39.012, 74.05 W
2025/02/16 20:13:39.022, 74.05 W
2025/02/16 20:13:39.032, 74.05 W
2025/02/16 20:13:39.043, 74.05 W
2025/02/16 20:13:39.053, 74.05 W
2025/02/16 20:13:39.063, 74.05 W
2025/02/16 20:13:39.073, 74.05 W
2025/02/16 20:13:39.083, 74.05 W
2025/02/16 20:13:39.093, 74.05 W
2025/02/16 20:13:39.103, 74.05 W
2025/02/16 20:13:39.113, 74.05 W
2025/02/16 20:13:39.123, 74.05 W
2025/02/16 20:13:39.133, 74.05 W
2025/02/16 20:13:39.143, 74.05 W
2025/02/16 20:13:39.153, 74.05 W
2025/02/16 20:13:39.163, 74.05 W
2025/02/16 20:13:39.173, 74.05 W
2025/02/16 20:13:39.183, 74.05 W
2025/02/16 20:13:39.194, 74.05 W
2025/02/16 20:13:39.204, 74.05 W
2025/02/16 20:13:39.214, 74.05 W
2025/02/16 20:13:39.224, 74.05 W
2025/02/16 20:13:39.234, 74.05 W
2025/02/16 20:13:39.244, 74.05 W
2025/02/16 20:13:39.254, 74.05 W
2025/02/16 20:13:39.264, 74.05 W
2025/02/16 20:13:39.274, 74.05 W
2025/02/16 20:13:39.284, 74.05 W
2025/02/16 20:13:39.294, 74.05 W
2025/02/16 20:13:39.304, 74.05 W
2025/02/16 20:13:39.314, 74.05 W
2025/02/16 20:13:39.324, 74.05 W
2025/02/16 20:13:39.334, 74.05 W
2025/02/16 20:13:39.344, 74.05 W
2025/02/16 20:13:39.355, 74.05 W
2025/02/16 20:13:39.365, 74.05 W
2025/02/16 20:13:39.375, 74.05 W
2025/02/16 20:13:39.385, 74.05 W
2025/02/16 20:13:39.395, 74.05 W
2025/02/16 20:13:39.405, 74.05 W
2025/02/16 20:13:39.415, 74.05 W
2025/02/16 20:13:39.425, 74.05 W
2025/02/16 20:13:39.435, 74.05 W
2025/02/16 20:13:39.445, 74.05 W
2025/02/16 20:13:39.455, 74.05 W
2025/02/16 20:13:39.465, 74.05 W
2025/02/16 20:13:39.475, 74.05 W
2025/02/16 20:13:39.485, 74.05 W
2025/02/16 20:13:39.495, 74.05 W
2025/02/16 20:13:39.506, 74.05 W
2025/02/16 20:13:39.516, 74.05 W
2025/02/16 20:13:39.526, 74.05 W
2025/02/16 20:13:39.536, 74.05 W
2025/02/16 20:13:39.546, 74.05 W
2025/02/16 20:13:39.556, 74.05 W
2025/02/16 20:13:39.566, 74.05 W
2025/02/16 20:13:39.576, 74.05 W
2025/02/16 20:13:39.586, 74.05 W
2025/02/16 20:13:39.596, 74.05 W
2025/02/16 20:13:39.606, 74.05 W
2025/02/16 20:13:39.616, 74.05 W
2025/02/16 20:13:39.626, 74.05 W
2025/02/16 20:13:39.636, 74.05 W
2025/02/16 20:13:39.646, 74.05 W
2025/02/16 20:13:39.656, 74.05 W
2025/02/16 20:13:39.667, 74.05 W
2025/02/16 20:13:39.677, 74.05 W
2025/02/16 20:13:39.687, 74.05 W
2025/02/16 20:13:39.697, 74.05 W
2025/02/16 20:13:39.707, 74.05 W
2025/02/16 20:13:39.717, 74.05 W
2025/02/16 20:13:39.727, 74.05 W
2025/02/16 20:13:39.737, 74.05 W
2025/02/16 20:13:39.747, 74.05 W
2025/02/16 20:13:39.757, 74.05 W
2025/02/16 20:13:39.767, 74.05 W
2025/02/16 20:13:39.777, 74.05 W
2025/02/16 20:13:39.787, 74.05 W
2025/02/16 20:13:39.797, 74.05 W
2025/02/16 20:13:39.807, 74.05 W
2025/02/16 20:13:39.818, 74.05 W
2025/02/16 20:13:39.828, 74.05 W
2025/02/16 20:13:39.838, 74.05 W
2025/02/16 20:13:39.848, 74.05 W
2025/02/16 20:13:39.858, 74.05 W
2025/02/16 20:13:39.868, 74.05 W
2025/02/16 20:13:39.878, 74.05 W
2025/02/16 20:13:39.888, 74.05 W
2025/02/16 20:13:39.898, 74.05 W
2025/02/16 20:13:39.908, 74.05 W
2025/02/16 20:13:39.918, 74.05 W
2025/02/16 20:13:39.928, 74.05 W
2025/02/16 20:13:39.938, 74.05 W
2025/02/16 20:13:39.948, 74.05 W
2025/02/16 20:13:39.958, 74.05 W
2025/02/16 20:13:39.968, 74.05 W
2025/02/16 20:13:39.979, 74.05 W
2025/02/16 20:13:39.989, 74.05 W
2025/02/16 20:13:39.999, 74.05 W
2025/02/16 20:13:40.009, 74.05 W
2025/02/16 20:13:40.019, 74.05 W
2025/02/16 20:13:40.029, 74.05 W
2025/02/16 20:13:40.039, 74.05 W
2025/02/16 20:13:40.049, 74.05 W
2025/02/16 20:13:40.059, 74.05 W
2025/02/16 20:13:40.069, 74.05 W
2025/02/16 20:13:40.079, 74.05 W
2025/02/16 20:13:40.089, 74.05 W
2025/02/16 20:13:40.099, 74.05 W
2025/02/16 20:13:40.109, 74.05 W
2025/02/16 20:13:40.119, 74.05 W
2025/02/16 20:13:40.129, 74.05 W
2025/02/16 20:13:40.140, 74.05 W
2025/02/16 20:13:40.150, 74.05 W
2025/02/16 20:13:40.160, 74.05 W
2025/02/16 20:13:40.170, 73.79 W
2025/02/16 20:13:40.180, 73.79 W
2025/02/16 20:13:40.190, 73.79 W
2025/02/16 20:13:40.200, 73.79 W
2025/02/16 20:13:40.210, 73.79 W
2025/02/16 20:13:40.220, 73.79 W
2025/02/16 20:13:40.230, 73.79 W
2025/02/16 20:13:40.240, 73.79 W
2025/02/16 20:13:40.250, 73.79 W
2025/02/16 20:13:40.260, 74.04 W
2025/02/16 20:13:40.270, 74.04 W
2025/02/16 20:13:40.280, 74.04 W
2025/02/16 20:13:40.291, 74.04 W
2025/02/16 20:13:40.301, 74.04 W
2025/02/16 20:13:40.311, 74.04 W
2025/02/16 20:13:40.321, 74.04 W
2025/02/16 20:13:40.331, 74.04 W
2025/02/16 20:13:40.341, 74.04 W
2025/02/16 20:13:40.351, 74.04 W
2025/02/16 20:13:40.361, 73.79 W
2025/02/16 20:13:40.371, 73.79 W
2025/02/16 20:13:40.381, 73.79 W
2025/02/16 20:13:40.391, 73.79 W
2025/02/16 20:13:40.401, 73.79 W
2025/02/16 20:13:40.411, 73.79 W
2025/02/16 20:13:40.421, 73.79 W
2025/02/16 20:13:40.431, 73.79 W
2025/02/16 20:13:40.441, 73.79 W
2025/02/16 20:13:40.452, 73.79 W
2025/02/16 20:13:40.462, 74.04 W
2025/02/16 20:13:40.472, 74.04 W
2025/02/16 20:13:40.482, 74.04 W
2025/02/16 20:13:40.492, 74.04 W
2025/02/16 20:13:40.502, 74.04 W
2025/02/16 20:13:40.512, 74.04 W
2025/02/16 20:13:40.522, 74.04 W
2025/02/16 20:13:40.532, 74.04 W
2025/02/16 20:13:40.542, 74.04 W
2025/02/16 20:13:40.552, 74.04 W
2025/02/16 20:13:40.562, 74.04 W
2025/02/16 20:13:40.572, 74.04 W
2025/02/16 20:13:40.582, 73.88 W
2025/02/16 20:13:40.592, 73.88 W
2025/02/16 20:13:40.602, 73.88 W
2025/02/16 20:13:40.613, 73.88 W
2025/02/16 20:13:40.623, 73.88 W
2025/02/16 20:13:40.633, 73.88 W
2025/02/16 20:13:40.643, 73.88 W
2025/02/16 20:13:40.653, 73.88 W
2025/02/16 20:13:40.663, 73.88 W
2025/02/16 20:13:40.673, 73.88 W
2025/02/16 20:13:40.683, 73.88 W
2025/02/16 20:13:40.693, 73.88 W
2025/02/16 20:13:40.703, 73.88 W
2025/02/16 20:13:40.713, 73.88 W
2025/02/16 20:13:40.723, 73.88 W
2025/02/16 20:13:40.733, 73.88 W
2025/02/16 20:13:40.743, 73.88 W
2025/02/16 20:13:40.754, 73.88 W
2025/02/16 20:13:40.764, 73.88 W
2025/02/16 20:13:40.774, 73.88 W
2025/02/16 20:13:40.784, 73.88 W
2025/02/16 20:13:40.794, 73.88 W
2025/02/16 20:13:40.804, 73.88 W
2025/02/16 20:13:40.814, 73.88 W
2025/02/16 20:13:40.824, 73.88 W
2025/02/16 20:13:40.834, 73.88 W
2025/02/16 20:13:40.844, 73.88 W
2025/02/16 20:13:40.854, 73.88 W
2025/02/16 20:13:40.864, 73.88 W
2025/02/16 20:13:40.874, 73.88 W
2025/02/16 20:13:40.884, 73.88 W
2025/02/16 20:13:40.894, 73.88 W
2025/02/16 20:13:40.904, 73.88 W
2025/02/16 20:13:40.915, 73.88 W
2025/02/16 20:13:40.925, 73.88 W
2025/02/16 20:13:40.935, 73.88 W
2025/02/16 20:13:40.945, 73.88 W
2025/02/16 20:13:40.955, 73.88 W
2025/02/16 20:13:40.965, 73.88 W
2025/02/16 20:13:40.975, 73.88 W
2025/02/16 20:13:40.985, 73.88 W
2025/02/16 20:13:40.995, 73.79 W
2025/02/16 20:13:41.005, 73.79 W
2025/02/16 20:13:41.015, 73.79 W
2025/02/16 20:13:41.025, 73.79 W
2025/02/16 20:13:41.035, 73.79 W
2025/02/16 20:13:41.045, 73.79 W
2025/02/16 20:13:41.055, 73.79 W
2025/02/16 20:13:41.065, 73.79 W
2025/02/16 20:13:41.076, 73.79 W
2025/02/16 20:13:41.086, 73.79 W
2025/02/16 20:13:41.096, 73.79 W
2025/02/16 20:13:41.106, 73.79 W
2025/02/16 20:13:41.116, 73.79 W
2025/02/16 20:13:41.126, 73.79 W
2025/02/16 20:13:41.136, 73.79 W
2025/02/16 20:13:41.146, 73.79 W
2025/02/16 20:13:41.156, 73.79 W
2025/02/16 20:13:41.166, 73.79 W
2025/02/16 20:13:41.176, 73.79 W
2025/02/16 20:13:41.186, 73.79 W
2025/02/16 20:13:41.196, 73.79 W
2025/02/16 20:13:41.206, 73.79 W
2025/02/16 20:13:41.216, 73.79 W
2025/02/16 20:13:41.227, 73.79 W
2025/02/16 20:13:41.237, 73.79 W
2025/02/16 20:13:41.247, 73.79 W
2025/02/16 20:13:41.257, 73.79 W
2025/02/16 20:13:41.267, 73.79 W
2025/02/16 20:13:41.277, 73.79 W
2025/02/16 20:13:41.287, 73.79 W
2025/02/16 20:13:41.297, 73.79 W
2025/02/16 20:13:41.307, 73.79 W
2025/02/16 20:13:41.317, 73.79 W
2025/02/16 20:13:41.327, 73.79 W
2025/02/16 20:13:41.337, 73.79 W
2025/02/16 20:13:41.347, 73.79 W
2025/02/16 20:13:41.357, 73.79 W
2025/02/16 20:13:41.367, 73.79 W
2025/02/16 20:13:41.377, 74.04 W
2025/02/16 20:13:41.388, 74.04 W
2025/02/16 20:13:41.398, 74.04 W
2025/02/16 20:13:41.408, 74.04 W
2025/02/16 20:13:41.418, 74.04 W
2025/02/16 20:13:41.428, 74.04 W
2025/02/16 20:13:41.438, 74.04 W
2025/02/16 20:13:41.448, 74.04 W
2025/02/16 20:13:41.458, 74.04 W
2025/02/16 20:13:41.468, 74.04 W
2025/02/16 20:13:41.478, 74.04 W
2025/02/16 20:13:41.488, 73.96 W
2025/02/16 20:13:41.498, 73.96 W
2025/02/16 20:13:41.508, 73.96 W
2025/02/16 20:13:41.518, 73.96 W
2025/02/16 20:13:41.528, 73.96 W
2025/02/16 20:13:41.539, 73.96 W
2025/02/16 20:13:41.549, 73.96 W
2025/02/16 20:13:41.559, 73.96 W
2025/02/16 20:13:41.569, 73.96 W
2025/02/16 20:13:41.579, 73.96 W
2025/02/16 20:13:41.589, 73.96 W
2025/02/16 20:13:41.599, 73.96 W
2025/02/16 20:13:41.609, 74.04 W
2025/02/16 20:13:41.619, 74.04 W
2025/02/16 20:13:41.629, 74.04 W
2025/02/16 20:13:41.639, 74.04 W
2025/02/16 20:13:41.649, 74.04 W
2025/02/16 20:13:41.659, 74.04 W
2025/02/16 20:13:41.669, 74.04 W
2025/02/16 20:13:41.679, 74.04 W
2025/02/16 20:13:41.690, 73.79 W
2025/02/16 20:13:41.700, 73.79 W
2025/02/16 20:13:41.710, 73.79 W
2025/02/16 20:13:41.720, 73.79 W
2025/02/16 20:13:41.730, 73.79 W
2025/02/16 20:13:41.740, 73.79 W
2025/02/16 20:13:41.750, 73.79 W
2025/02/16 20:13:41.760, 73.79 W
2025/02/16 20:13:41.770, 73.79 W
2025/02/16 20:13:41.780, 73.79 W
2025/02/16 20:13:41.790, 73.79 W
2025/02/16 20:13:41.800, 73.79 W
2025/02/16 20:13:41.810, 73.88 W
2025/02/16 20:13:41.820, 73.88 W
2025/02/16 20:13:41.830, 73.88 W
2025/02/16 20:13:41.840, 73.88 W
2025/02/16 20:13:41.851, 73.88 W
2025/02/16 20:13:41.861, 73.88 W
2025/02/16 20:13:41.871, 73.88 W
2025/02/16 20:13:41.881, 73.88 W
2025/02/16 20:13:41.891, 73.96 W
2025/02/16 20:13:41.901, 73.96 W
2025/02/16 20:13:41.911, 73.96 W
2025/02/16 20:13:41.921, 73.96 W
2025/02/16 20:13:41.931, 73.96 W
2025/02/16 20:13:41.941, 73.96 W
2025/02/16 20:13:41.951, 73.96 W
2025/02/16 20:13:41.961, 73.96 W
2025/02/16 20:13:41.971, 73.96 W
2025/02/16 20:13:41.981, 73.96 W
2025/02/16 20:13:41.991, 73.96 W
2025/02/16 20:13:42.001, 73.96 W
2025/02/16 20:13:42.012, 74.05 W
2025/02/16 20:13:42.022, 74.05 W
2025/02/16 20:13:42.032, 74.05 W
2025/02/16 20:13:42.042, 74.05 W
2025/02/16 20:13:42.052, 74.05 W
2025/02/16 20:13:42.062, 74.05 W
2025/02/16 20:13:42.072, 74.05 W
2025/02/16 20:13:42.082, 74.05 W
2025/02/16 20:13:42.092, 74.05 W
2025/02/16 20:13:42.102, 74.05 W
2025/02/16 20:13:42.112, 74.05 W
2025/02/16 20:13:42.122, 74.05 W
2025/02/16 20:13:42.132, 74.05 W
2025/02/16 20:13:42.142, 74.05 W
2025/02/16 20:13:42.152, 74.05 W
2025/02/16 20:13:42.163, 74.05 W
2025/02/16 20:13:42.173, 74.05 W
2025/02/16 20:13:42.183, 74.05 W
2025/02/16 20:13:42.193, 74.05 W
2025/02/16 20:13:42.203, 74.05 W
2025/02/16 20:13:42.213, 74.05 W
2025/02/16 20:13:42.223, 74.05 W
2025/02/16 20:13:42.233, 74.05 W
2025/02/16 20:13:42.243, 74.05 W
2025/02/16 20:13:42.253, 74.05 W
2025/02/16 20:13:42.263, 74.05 W
2025/02/16 20:13:42.273, 74.05 W
2025/02/16 20:13:42.283, 74.05 W
2025/02/16 20:13:42.293, 74.05 W
2025/02/16 20:13:42.304, 74.05 W
2025/02/16 20:13:42.314, 74.05 W
2025/02/16 20:13:42.324, 74.05 W
2025/02/16 20:13:42.334, 74.05 W
2025/02/16 20:13:42.344, 74.05 W
2025/02/16 20:13:42.354, 74.05 W
2025/02/16 20:13:42.364, 74.05 W
2025/02/16 20:13:42.374, 74.05 W
2025/02/16 20:13:42.384, 74.05 W
2025/02/16 20:13:42.394, 74.05 W
2025/02/16 20:13:42.404, 74.05 W
2025/02/16 20:13:42.414, 74.05 W
2025/02/16 20:13:42.424, 74.05 W
2025/02/16 20:13:42.434, 74.05 W
2025/02/16 20:13:42.444, 74.05 W
2025/02/16 20:13:42.455, 74.05 W
2025/02/16 20:13:42.465, 74.05 W
2025/02/16 20:13:42.475, 74.05 W
2025/02/16 20:13:42.485, 74.05 W
2025/02/16 20:13:42.495, 74.05 W
2025/02/16 20:13:42.505, 74.05 W
2025/02/16 20:13:42.515, 74.05 W
2025/02/16 20:13:42.525, 74.05 W
2025/02/16 20:13:42.535, 74.05 W
2025/02/16 20:13:42.545, 74.05 W
2025/02/16 20:13:42.555, 74.05 W
2025/02/16 20:13:42.565, 74.05 W
2025/02/16 20:13:42.575, 74.05 W
2025/02/16 20:13:42.585, 74.05 W
2025/02/16 20:13:42.595, 74.05 W
2025/02/16 20:13:42.605, 74.05 W
2025/02/16 20:13:42.616, 74.05 W
2025/02/16 20:13:42.626, 74.05 W
2025/02/16 20:13:42.636, 74.05 W
2025/02/16 20:13:42.646, 74.05 W
2025/02/16 20:13:42.656, 74.05 W
2025/02/16 20:13:42.666, 74.05 W
2025/02/16 20:13:42.676, 74.05 W
2025/02/16 20:13:42.686, 74.05 W
2025/02/16 20:13:42.696, 74.05 W
2025/02/16 20:13:42.706, 74.05 W
2025/02/16 20:13:42.716, 74.05 W
2025/02/16 20:13:42.726, 74.05 W
2025/02/16 20:13:42.736, 74.05 W
2025/02/16 20:13:42.746, 74.05 W
2025/02/16 20:13:42.756, 74.05 W
2025/02/16 20:13:42.767, 74.05 W
2025/02/16 20:13:42.777, 74.05 W
2025/02/16 20:13:42.787, 74.05 W
2025/02/16 20:13:42.797, 74.05 W
2025/02/16 20:13:42.807, 74.05 W
2025/02/16 20:13:42.817, 74.05 W
2025/02/16 20:13:42.827, 74.05 W
2025/02/16 20:13:42.837, 74.05 W
2025/02/16 20:13:42.847, 74.05 W
2025/02/16 20:13:42.857, 74.05 W
2025/02/16 20:13:42.867, 74.05 W
2025/02/16 20:13:42.877, 74.05 W
2025/02/16 20:13:42.887, 74.05 W
2025/02/16 20:13:42.897, 74.05 W
2025/02/16 20:13:42.907, 74.05 W
2025/02/16 20:13:42.917, 74.05 W
2025/02/16 20:13:42.928, 74.05 W
2025/02/16 20:13:42.938, 74.05 W
2025/02/16 20:13:42.948, 74.05 W
2025/02/16 20:13:42.958, 74.05 W
2025/02/16 20:13:42.968, 74.05 W
2025/02/16 20:13:42.978, 74.05 W
2025/02/16 20:13:42.988, 74.05 W
2025/02/16 20:13:42.998, 74.05 W
2025/02/16 20:13:43.008, 74.05 W
2025/02/16 20:13:43.018, 74.05 W
2025/02/16 20:13:43.028, 74.05 W
2025/02/16 20:13:43.038, 74.05 W
2025/02/16 20:13:43.048, 74.05 W
2025/02/16 20:13:43.058, 74.05 W
2025/02/16 20:13:43.068, 74.05 W
2025/02/16 20:13:43.079, 74.05 W
2025/02/16 20:13:43.089, 74.05 W
2025/02/16 20:13:43.099, 74.05 W
2025/02/16 20:13:43.109, 74.05 W
2025/02/16 20:13:43.119, 74.05 W
2025/02/16 20:13:43.129, 74.05 W
2025/02/16 20:13:43.139, 74.05 W
2025/02/16 20:13:43.149, 74.05 W
2025/02/16 20:13:43.159, 74.05 W
2025/02/16 20:13:43.169, 74.05 W
2025/02/16 20:13:43.179, 74.05 W
2025/02/16 20:13:43.189, 74.05 W
2025/02/16 20:13:43.199, 74.05 W
2025/02/16 20:13:43.209, 74.05 W
2025/02/16 20:13:43.219, 74.05 W
2025/02/16 20:13:43.229, 74.05 W
2025/02/16 20:13:43.240, 74.05 W
2025/02/16 20:13:43.250, 74.05 W
2025/02/16 20:13:43.260, 74.05 W
2025/02/16 20:13:43.270, 74.05 W
2025/02/16 20:13:43.280, 74.05 W
2025/02/16 20:13:43.290, 74.05 W
2025/02/16 20:13:43.300, 74.05 W
2025/02/16 20:13:43.310, 74.05 W
2025/02/16 20:13:43.320, 74.05 W
2025/02/16 20:13:43.330, 74.05 W
2025/02/16 20:13:43.340, 74.05 W
2025/02/16 20:13:43.350, 74.05 W
2025/02/16 20:13:43.360, 74.05 W
2025/02/16 20:13:43.370, 74.05 W
2025/02/16 20:13:43.381, 74.05 W
2025/02/16 20:13:43.391, 74.05 W
2025/02/16 20:13:43.401, 74.05 W
2025/02/16 20:13:43.411, 74.05 W
2025/02/16 20:13:43.421, 74.05 W
2025/02/16 20:13:43.431, 74.05 W
2025/02/16 20:13:43.441, 74.05 W
2025/02/16 20:13:43.451, 74.05 W
2025/02/16 20:13:43.461, 74.05 W
2025/02/16 20:13:43.471, 74.05 W
2025/02/16 20:13:43.481, 74.05 W
2025/02/16 20:13:43.491, 74.05 W
2025/02/16 20:13:43.501, 74.05 W
2025/02/16 20:13:43.511, 74.05 W
2025/02/16 20:13:43.521, 74.05 W
2025/02/16 20:13:43.531, 74.05 W
2025/02/16 20:13:43.542, 74.05 W
2025/02/16 20:13:43.552, 74.05 W
2025/02/16 20:13:43.562, 74.05 W
2025/02/16 20:13:43.572, 74.05 W
2025/02/16 20:13:43.582, 74.05 W
2025/02/16 20:13:43.592, 74.05 W
2025/02/16 20:13:43.602, 74.05 W
2025/02/16 20:13:43.612, 74.05 W
2025/02/16 20:13:43.622, 74.05 W
2025/02/16 20:13:43.632, 74.05 W
2025/02/16 20:13:43.642, 74.05 W
2025/02/16 20:13:43.652, 74.05 W
2025/02/16 20:13:43.662, 74.05 W
2025/02/16 20:13:43.672, 74.05 W
2025/02/16 20:13:43.682, 74.05 W
2025/02/16 20:13:43.692, 74.05 W
2025/02/16 20:13:43.703, 74.05 W
2025/02/16 20:13:43.713, 74.05 W
2025/02/16 20:13:43.723, 74.05 W
2025/02/16 20:13:43.733, 74.05 W
2025/02/16 20:13:43.743, 74.05 W
2025/02/16 20:13:43.753, 74.05 W
2025/02/16 20:13:43.763, 74.05 W
2025/02/16 20:13:43.773, 74.05 W
2025/02/16 20:13:43.783, 74.05 W
2025/02/16 20:13:43.793, 74.05 W
2025/02/16 20:13:43.803, 74.05 W
2025/02/16 20:13:43.813, 74.05 W
2025/02/16 20:13:43.823, 74.05 W
2025/02/16 20:13:43.833, 74.05 W
2025/02/16 20:13:43.843, 74.05 W
2025/02/16 20:13:43.854, 74.05 W
2025/02/16 20:13:43.864, 74.05 W
2025/02/16 20:13:43.874, 74.05 W
2025/02/16 20:13:43.884, 74.05 W
2025/02/16 20:13:43.894, 74.05 W
2025/02/16 20:13:43.904, 74.05 W
2025/02/16 20:13:43.914, 74.05 W
2025/02/16 20:13:43.924, 74.05 W
2025/02/16 20:13:43.934, 74.05 W
2025/02/16 20:13:43.944, 74.05 W
2025/02/16 20:13:43.954, 74.05 W
2025/02/16 20:13:43.964, 74.05 W
2025/02/16 20:13:43.974, 74.05 W
2025/02/16 20:13:43.984, 74.05 W
2025/02/16 20:13:43.994, 74.05 W
2025/02/16 20:13:44.004, 74.05 W
2025/02/16 20:13:44.015, 74.05 W
2025/02/16 20:13:44.025, 74.05 W
2025/02/16 20:13:44.035, 74.05 W
2025/02/16 20:13:44.045, 74.05 W
2025/02/16 20:13:44.055, 74.05 W
2025/02/16 20:13:44.065, 74.05 W
2025/02/16 20:13:44.075, 74.05 W
2025/02/16 20:13:44.085, 74.05 W
2025/02/16 20:13:44.095, 74.05 W
2025/02/16 20:13:44.105, 74.05 W
2025/02/16 20:13:44.115, 74.05 W
2025/02/16 20:13:44.125, 74.05 W
2025/02/16 20:13:44.135, 74.05 W
2025/02/16 20:13:44.145, 74.05 W
2025/02/16 20:13:44.155, 74.05 W
2025/02/16 20:13:44.166, 74.05 W
2025/02/16 20:13:44.176, 74.05 W
2025/02/16 20:13:44.186, 74.05 W
2025/02/16 20:13:44.196, 74.05 W
2025/02/16 20:13:44.206, 74.05 W
2025/02/16 20:13:44.216, 74.05 W
2025/02/16 20:13:44.226, 74.05 W
2025/02/16 20:13:44.236, 74.05 W
2025/02/16 20:13:44.246, 74.05 W
2025/02/16 20:13:44.256, 74.05 W
2025/02/16 20:13:44.266, 74.05 W
2025/02/16 20:13:44.276, 74.05 W
2025/02/16 20:13:44.286, 74.05 W
2025/02/16 20:13:44.296, 74.05 W
2025/02/16 20:13:44.306, 74.05 W
2025/02/16 20:13:44.317, 74.05 W
2025/02/16 20:13:44.327, 74.05 W
2025/02/16 20:13:44.337, 74.05 W
2025/02/16 20:13:44.347, 74.05 W
2025/02/16 20:13:44.357, 74.05 W
2025/02/16 20:13:44.367, 74.05 W
2025/02/16 20:13:44.377, 74.05 W
2025/02/16 20:13:44.387, 74.05 W
2025/02/16 20:13:44.397, 74.05 W
2025/02/16 20:13:44.407, 74.05 W
2025/02/16 20:13:44.417, 74.05 W
2025/02/16 20:13:44.427, 74.05 W
2025/02/16 20:13:44.437, 74.05 W
2025/02/16 20:13:44.447, 74.05 W
2025/02/16 20:13:44.457, 74.05 W
2025/02/16 20:13:44.467, 74.05 W
2025/02/16 20:13:44.478, 74.05 W
2025/02/16 20:13:44.488, 74.05 W
2025/02/16 20:13:44.498, 74.05 W
2025/02/16 20:13:44.508, 74.05 W
2025/02/16 20:13:44.518, 74.05 W
2025/02/16 20:13:44.528, 74.05 W
2025/02/16 20:13:44.538, 74.05 W
2025/02/16 20:13:44.548, 74.05 W
2025/02/16 20:13:44.558, 74.05 W
2025/02/16 20:13:44.568, 74.05 W
2025/02/16 20:13:44.578, 74.05 W
2025/02/16 20:13:44.588, 74.05 W
2025/02/16 20:13:44.598, 74.05 W
2025/02/16 20:13:44.608, 74.05 W
2025/02/16 20:13:44.618, 74.05 W
2025/02/16 20:13:44.629, 74.05 W
2025/02/16 20:13:44.639, 74.05 W
2025/02/16 20:13:44.649, 74.05 W
2025/02/16 20:13:44.659, 74.05 W
2025/02/16 20:13:44.669, 74.05 W
2025/02/16 20:13:44.679, 74.05 W
2025/02/16 20:13:44.689, 74.05 W
2025/02/16 20:13:44.699, 74.05 W
2025/02/16 20:13:44.709, 74.05 W
2025/02/16 20:13:44.719, 74.05 W
2025/02/16 20:13:44.729, 74.05 W
2025/02/16 20:13:44.739, 74.05 W
2025/02/16 20:13:44.749, 74.05 W
2025/02/16 20:13:44.759, 73.76 W
2025/02/16 20:13:44.769, 73.76 W
2025/02/16 20:13:44.779, 73.76 W
2025/02/16 20:13:44.790, 73.76 W
2025/02/16 20:13:44.800, 73.76 W
2025/02/16 20:13:44.810, 73.76 W
2025/02/16 20:13:44.820, 73.76 W
2025/02/16 20:13:44.830, 73.76 W
2025/02/16 20:13:44.840, 73.76 W
2025/02/16 20:13:44.850, 73.76 W
2025/02/16 20:13:44.860, 73.76 W
2025/02/16 20:13:44.870, 73.76 W
2025/02/16 20:13:44.880, 73.79 W
2025/02/16 20:13:44.890, 73.79 W
2025/02/16 20:13:44.900, 73.79 W
2025/02/16 20:13:44.910, 73.79 W
2025/02/16 20:13:44.920, 73.79 W
2025/02/16 20:13:44.930, 73.79 W
2025/02/16 20:13:44.940, 73.79 W
2025/02/16 20:13:44.951, 73.79 W
2025/02/16 20:13:44.961, 73.79 W
2025/02/16 20:13:44.971, 73.79 W
2025/02/16 20:13:44.981, 73.79 W
2025/02/16 20:13:44.991, 73.79 W
2025/02/16 20:13:45.001, 73.79 W
2025/02/16 20:13:45.011, 73.79 W
2025/02/16 20:13:45.021, 73.79 W
2025/02/16 20:13:45.031, 73.79 W
2025/02/16 20:13:45.041, 73.79 W
2025/02/16 20:13:45.051, 73.79 W
2025/02/16 20:13:45.061, 73.79 W
2025/02/16 20:13:45.071, 73.79 W
2025/02/16 20:13:45.081, 73.79 W
2025/02/16 20:13:45.091, 73.79 W
2025/02/16 20:13:45.102, 73.79 W
2025/02/16 20:13:45.112, 73.79 W
2025/02/16 20:13:45.122, 73.79 W
2025/02/16 20:13:45.132, 73.79 W
2025/02/16 20:13:45.142, 73.79 W
2025/02/16 20:13:45.152, 73.79 W
2025/02/16 20:13:45.162, 73.79 W
2025/02/16 20:13:45.172, 74.04 W
2025/02/16 20:13:45.182, 74.04 W
2025/02/16 20:13:45.192, 74.04 W
2025/02/16 20:13:45.202, 74.04 W
2025/02/16 20:13:45.212, 74.04 W
2025/02/16 20:13:45.222, 74.04 W
2025/02/16 20:13:45.232, 74.04 W
2025/02/16 20:13:45.242, 74.04 W
2025/02/16 20:13:45.253, 74.04 W
2025/02/16 20:13:45.263, 74.04 W
2025/02/16 20:13:45.273, 74.04 W
2025/02/16 20:13:45.283, 74.04 W
2025/02/16 20:13:45.293, 73.88 W
2025/02/16 20:13:45.303, 73.88 W
2025/02/16 20:13:45.313, 73.88 W
2025/02/16 20:13:45.323, 73.88 W
2025/02/16 20:13:45.333, 73.88 W
2025/02/16 20:13:45.343, 73.88 W
2025/02/16 20:13:45.353, 73.88 W
2025/02/16 20:13:45.363, 73.88 W
2025/02/16 20:13:45.373, 73.88 W
2025/02/16 20:13:45.383, 73.88 W
2025/02/16 20:13:45.393, 73.79 W
2025/02/16 20:13:45.403, 73.79 W
2025/02/16 20:13:45.414, 73.79 W
2025/02/16 20:13:45.424, 73.79 W
2025/02/16 20:13:45.434, 73.79 W
2025/02/16 20:13:45.444, 73.79 W
2025/02/16 20:13:45.454, 73.79 W
2025/02/16 20:13:45.464, 73.79 W
2025/02/16 20:13:45.474, 73.96 W
2025/02/16 20:13:45.484, 73.96 W
2025/02/16 20:13:45.494, 73.96 W
2025/02/16 20:13:45.504, 73.96 W
2025/02/16 20:13:45.514, 73.96 W
2025/02/16 20:13:45.524, 73.96 W
2025/02/16 20:13:45.534, 73.96 W
2025/02/16 20:13:45.544, 73.96 W
2025/02/16 20:13:45.554, 73.96 W
2025/02/16 20:13:45.565, 73.96 W
2025/02/16 20:13:45.575, 73.79 W
2025/02/16 20:13:45.585, 73.79 W
2025/02/16 20:13:45.595, 73.79 W
2025/02/16 20:13:45.605, 73.79 W
2025/02/16 20:13:45.615, 73.79 W
2025/02/16 20:13:45.625, 73.79 W
2025/02/16 20:13:45.635, 73.79 W
2025/02/16 20:13:45.645, 73.79 W
2025/02/16 20:13:45.655, 73.79 W
2025/02/16 20:13:45.665, 73.79 W
2025/02/16 20:13:45.675, 73.79 W
2025/02/16 20:13:45.685, 73.79 W
2025/02/16 20:13:45.695, 73.79 W
2025/02/16 20:13:45.705, 73.79 W
2025/02/16 20:13:45.715, 73.79 W
2025/02/16 20:13:45.726, 73.79 W
2025/02/16 20:13:45.736, 73.79 W
2025/02/16 20:13:45.746, 73.79 W
2025/02/16 20:13:45.756, 73.79 W
2025/02/16 20:13:45.766, 73.79 W
2025/02/16 20:13:45.776, 73.79 W
2025/02/16 20:13:45.786, 73.79 W
2025/02/16 20:13:45.796, 73.79 W
2025/02/16 20:13:45.806, 73.79 W
2025/02/16 20:13:45.816, 73.79 W
2025/02/16 20:13:45.826, 73.79 W
2025/02/16 20:13:45.836, 73.79 W
2025/02/16 20:13:45.846, 73.79 W
2025/02/16 20:13:45.856, 73.79 W
2025/02/16 20:13:45.866, 73.79 W
2025/02/16 20:13:45.876, 73.79 W
2025/02/16 20:13:45.887, 73.79 W
2025/02/16 20:13:45.897, 73.79 W
2025/02/16 20:13:45.907, 73.79 W
2025/02/16 20:13:45.917, 73.79 W
2025/02/16 20:13:45.927, 73.79 W
2025/02/16 20:13:45.937, 73.79 W
2025/02/16 20:13:45.947, 73.79 W
2025/02/16 20:13:45.957, 73.79 W
2025/02/16 20:13:45.967, 73.79 W
2025/02/16 20:13:45.977, 73.79 W
2025/02/16 20:13:45.987, 73.79 W
2025/02/16 20:13:45.997, 73.79 W
2025/02/16 20:13:46.007, 73.79 W
2025/02/16 20:13:46.017, 73.79 W
2025/02/16 20:13:46.027, 73.79 W
2025/02/16 20:13:46.038, 73.79 W
2025/02/16 20:13:46.048, 73.79 W
2025/02/16 20:13:46.058, 73.79 W
2025/02/16 20:13:46.068, 73.79 W
2025/02/16 20:13:46.078, 73.79 W
2025/02/16 20:13:46.088, 73.79 W
2025/02/16 20:13:46.098, 73.79 W
2025/02/16 20:13:46.108, 73.88 W
2025/02/16 20:13:46.118, 73.88 W
2025/02/16 20:13:46.128, 73.88 W
2025/02/16 20:13:46.138, 73.88 W
2025/02/16 20:13:46.148, 73.88 W
2025/02/16 20:13:46.158, 73.88 W
2025/02/16 20:13:46.168, 73.88 W
2025/02/16 20:13:46.178, 73.88 W
2025/02/16 20:13:46.189, 73.88 W
2025/02/16 20:13:46.199, 73.88 W
2025/02/16 20:13:46.209, 73.88 W
2025/02/16 20:13:46.219, 73.88 W
2025/02/16 20:13:46.229, 73.88 W
2025/02/16 20:13:46.239, 73.88 W
2025/02/16 20:13:46.249, 73.88 W
2025/02/16 20:13:46.259, 73.88 W
2025/02/16 20:13:46.269, 73.88 W
2025/02/16 20:13:46.279, 73.88 W
2025/02/16 20:13:46.289, 73.88 W
2025/02/16 20:13:46.299, 73.88 W
2025/02/16 20:13:46.309, 73.88 W
2025/02/16 20:13:46.319, 73.79 W
2025/02/16 20:13:46.329, 73.79 W
2025/02/16 20:13:46.340, 73.79 W
2025/02/16 20:13:46.350, 73.79 W
2025/02/16 20:13:46.360, 73.79 W
2025/02/16 20:13:46.370, 73.79 W
2025/02/16 20:13:46.380, 73.79 W
2025/02/16 20:13:46.390, 73.79 W
2025/02/16 20:13:46.400, 73.79 W
2025/02/16 20:13:46.410, 73.79 W
2025/02/16 20:13:46.420, 73.79 W
2025/02/16 20:13:46.430, 73.79 W
2025/02/16 20:13:46.440, 73.79 W
2025/02/16 20:13:46.450, 73.79 W
2025/02/16 20:13:46.460, 73.79 W
2025/02/16 20:13:46.470, 73.79 W
2025/02/16 20:13:46.480, 73.79 W
2025/02/16 20:13:46.491, 73.79 W
2025/02/16 20:13:46.501, 73.79 W
2025/02/16 20:13:46.511, 73.79 W
2025/02/16 20:13:46.521, 73.79 W
2025/02/16 20:13:46.531, 73.79 W
2025/02/16 20:13:46.541, 73.79 W
2025/02/16 20:13:46.551, 73.79 W
2025/02/16 20:13:46.561, 73.79 W
2025/02/16 20:13:46.571, 73.79 W
2025/02/16 20:13:46.581, 73.79 W
2025/02/16 20:13:46.591, 73.79 W
2025/02/16 20:13:46.601, 74.12 W
2025/02/16 20:13:46.611, 74.12 W
2025/02/16 20:13:46.621, 74.12 W
2025/02/16 20:13:46.631, 74.12 W
2025/02/16 20:13:46.641, 74.12 W
2025/02/16 20:13:46.652, 74.12 W
2025/02/16 20:13:46.662, 74.12 W
2025/02/16 20:13:46.672, 74.12 W
2025/02/16 20:13:46.682, 74.12 W
2025/02/16 20:13:46.692, 74.12 W
2025/02/16 20:13:46.702, 74.12 W
2025/02/16 20:13:46.712, 74.12 W
2025/02/16 20:13:46.722, 74.05 W
2025/02/16 20:13:46.732, 74.05 W
2025/02/16 20:13:46.742, 74.05 W
2025/02/16 20:13:46.752, 74.05 W
2025/02/16 20:13:46.762, 74.05 W
2025/02/16 20:13:46.772, 74.05 W
2025/02/16 20:13:46.782, 74.05 W
2025/02/16 20:13:46.792, 74.05 W
2025/02/16 20:13:46.803, 73.76 W
2025/02/16 20:13:46.813, 73.76 W
2025/02/16 20:13:46.823, 73.76 W
2025/02/16 20:13:46.833, 73.76 W
2025/02/16 20:13:46.843, 73.76 W
2025/02/16 20:13:46.853, 73.76 W
2025/02/16 20:13:46.863, 73.76 W
2025/02/16 20:13:46.873, 73.76 W
2025/02/16 20:13:46.883, 73.76 W
2025/02/16 20:13:46.893, 73.76 W
2025/02/16 20:13:46.903, 73.76 W
2025/02/16 20:13:46.913, 73.76 W
2025/02/16 20:13:46.923, 73.76 W
2025/02/16 20:13:46.933, 73.76 W
2025/02/16 20:13:46.943, 73.76 W
2025/02/16 20:13:46.954, 73.76 W
2025/02/16 20:13:46.964, 73.76 W
2025/02/16 20:13:46.974, 73.76 W
2025/02/16 20:13:46.984, 73.76 W
2025/02/16 20:13:46.994, 73.76 W
2025/02/16 20:13:47.004, 73.76 W
2025/02/16 20:13:47.014, 74.05 W
2025/02/16 20:13:47.024, 74.05 W
2025/02/16 20:13:47.034, 74.05 W
2025/02/16 20:13:47.044, 74.05 W
2025/02/16 20:13:47.054, 74.05 W
2025/02/16 20:13:47.064, 74.05 W
2025/02/16 20:13:47.074, 74.05 W
2025/02/16 20:13:47.084, 74.05 W
2025/02/16 20:13:47.094, 74.05 W
2025/02/16 20:13:47.104, 74.05 W
2025/02/16 20:13:47.115, 74.05 W
2025/02/16 20:13:47.125, 74.05 W
2025/02/16 20:13:47.135, 74.05 W
2025/02/16 20:13:47.145, 74.05 W
2025/02/16 20:13:47.155, 74.05 W
2025/02/16 20:13:47.165, 74.05 W
2025/02/16 20:13:47.175, 74.05 W
2025/02/16 20:13:47.185, 74.05 W
2025/02/16 20:13:47.195, 74.05 W
2025/02/16 20:13:47.205, 74.05 W
2025/02/16 20:13:47.215, 74.05 W
2025/02/16 20:13:47.225, 74.05 W
2025/02/16 20:13:47.235, 74.05 W
2025/02/16 20:13:47.245, 74.05 W
2025/02/16 20:13:47.255, 74.05 W
2025/02/16 20:13:47.266, 74.05 W
2025/02/16 20:13:47.276, 74.05 W
2025/02/16 20:13:47.286, 74.05 W
2025/02/16 20:13:47.296, 74.05 W
2025/02/16 20:13:47.306, 74.05 W
2025/02/16 20:13:47.316, 74.05 W
2025/02/16 20:13:47.326, 74.05 W
2025/02/16 20:13:47.336, 74.05 W
2025/02/16 20:13:47.346, 74.05 W
2025/02/16 20:13:47.356, 74.05 W
2025/02/16 20:13:47.366, 74.05 W
2025/02/16 20:13:47.376, 74.05 W
2025/02/16 20:13:47.386, 74.05 W
2025/02/16 20:13:47.396, 74.05 W
2025/02/16 20:13:47.406, 74.05 W
2025/02/16 20:13:47.416, 74.05 W
2025/02/16 20:13:47.427, 74.05 W
2025/02/16 20:13:47.437, 74.05 W
2025/02/16 20:13:47.447, 74.05 W
2025/02/16 20:13:47.457, 74.05 W
2025/02/16 20:13:47.467, 74.05 W
2025/02/16 20:13:47.477, 74.05 W
2025/02/16 20:13:47.487, 74.05 W
2025/02/16 20:13:47.497, 74.05 W
2025/02/16 20:13:47.507, 74.05 W
2025/02/16 20:13:47.517, 74.05 W
2025/02/16 20:13:47.527, 74.05 W
2025/02/16 20:13:47.537, 74.05 W
2025/02/16 20:13:47.547, 74.05 W
2025/02/16 20:13:47.557, 74.05 W
2025/02/16 20:13:47.567, 74.05 W
2025/02/16 20:13:47.578, 74.05 W
2025/02/16 20:13:47.588, 74.05 W
2025/02/16 20:13:47.598, 74.05 W
2025/02/16 20:13:47.608, 74.05 W
2025/02/16 20:13:47.618, 74.05 W
2025/02/16 20:13:47.628, 74.05 W
2025/02/16 20:13:47.638, 74.05 W
2025/02/16 20:13:47.648, 74.05 W
2025/02/16 20:13:47.658, 74.05 W
2025/02/16 20:13:47.668, 74.05 W
2025/02/16 20:13:47.678, 74.05 W
2025/02/16 20:13:47.688, 74.05 W
2025/02/16 20:13:47.698, 74.05 W
2025/02/16 20:13:47.708, 74.05 W
2025/02/16 20:13:47.718, 74.05 W
2025/02/16 20:13:47.729, 74.05 W
2025/02/16 20:13:47.739, 74.05 W
2025/02/16 20:13:47.749, 74.05 W
2025/02/16 20:13:47.759, 74.05 W
2025/02/16 20:13:47.769, 74.05 W
2025/02/16 20:13:47.779, 74.05 W
2025/02/16 20:13:47.789, 74.05 W
2025/02/16 20:13:47.799, 74.05 W
2025/02/16 20:13:47.809, 74.05 W
2025/02/16 20:13:47.819, 74.05 W
2025/02/16 20:13:47.829, 74.05 W
2025/02/16 20:13:47.839, 74.05 W
2025/02/16 20:13:47.849, 74.05 W
2025/02/16 20:13:47.859, 74.05 W
2025/02/16 20:13:47.869, 74.05 W
2025/02/16 20:13:47.880, 74.05 W
2025/02/16 20:13:47.890, 74.05 W
2025/02/16 20:13:47.900, 74.05 W
2025/02/16 20:13:47.910, 74.05 W
2025/02/16 20:13:47.920, 74.05 W
2025/02/16 20:13:47.930, 74.05 W
2025/02/16 20:13:47.940, 74.05 W
2025/02/16 20:13:47.950, 74.05 W
2025/02/16 20:13:47.960, 74.05 W
2025/02/16 20:13:47.970, 74.05 W
2025/02/16 20:13:47.980, 74.05 W
2025/02/16 20:13:47.990, 74.05 W
2025/02/16 20:13:48.000, 74.05 W
2025/02/16 20:13:48.010, 74.05 W
2025/02/16 20:13:48.020, 74.05 W
2025/02/16 20:13:48.030, 74.05 W
2025/02/16 20:13:48.041, 74.05 W
2025/02/16 20:13:48.051, 74.05 W
2025/02/16 20:13:48.061, 74.05 W
2025/02/16 20:13:48.071, 74.05 W
2025/02/16 20:13:48.081, 74.05 W
2025/02/16 20:13:48.091, 74.05 W
2025/02/16 20:13:48.101, 74.05 W
2025/02/16 20:13:48.111, 74.05 W
2025/02/16 20:13:48.121, 74.05 W
2025/02/16 20:13:48.131, 74.05 W
2025/02/16 20:13:48.141, 74.05 W
2025/02/16 20:13:48.151, 74.05 W
2025/02/16 20:13:48.161, 74.05 W
2025/02/16 20:13:48.171, 74.05 W
2025/02/16 20:13:48.181, 74.05 W
2025/02/16 20:13:48.192, 74.05 W
2025/02/16 20:13:48.202, 74.05 W
2025/02/16 20:13:48.212, 74.05 W
2025/02/16 20:13:48.222, 74.05 W
2025/02/16 20:13:48.232, 74.05 W
2025/02/16 20:13:48.242, 74.05 W
2025/02/16 20:13:48.252, 74.05 W
2025/02/16 20:13:48.262, 74.05 W
2025/02/16 20:13:48.272, 74.05 W
2025/02/16 20:13:48.282, 74.05 W
2025/02/16 20:13:48.292, 74.05 W
2025/02/16 20:13:48.302, 74.05 W
2025/02/16 20:13:48.312, 74.05 W
2025/02/16 20:13:48.322, 74.05 W
2025/02/16 20:13:48.332, 74.05 W
2025/02/16 20:13:48.343, 74.05 W
2025/02/16 20:13:48.353, 74.05 W
2025/02/16 20:13:48.363, 74.05 W
2025/02/16 20:13:48.373, 74.05 W
2025/02/16 20:13:48.383, 74.05 W
2025/02/16 20:13:48.393, 74.05 W
2025/02/16 20:13:48.403, 74.05 W
2025/02/16 20:13:48.413, 74.05 W
2025/02/16 20:13:48.423, 74.05 W
2025/02/16 20:13:48.433, 74.05 W
2025/02/16 20:13:48.443, 74.05 W
2025/02/16 20:13:48.453, 74.05 W
2025/02/16 20:13:48.463, 74.05 W
2025/02/16 20:13:48.473, 74.05 W
2025/02/16 20:13:48.483, 74.05 W
2025/02/16 20:13:48.493, 74.05 W
2025/02/16 20:13:48.504, 74.05 W
2025/02/16 20:13:48.514, 74.05 W
2025/02/16 20:13:48.524, 74.05 W
2025/02/16 20:13:48.534, 74.05 W
2025/02/16 20:13:48.544, 74.05 W
2025/02/16 20:13:48.554, 74.05 W
2025/02/16 20:13:48.564, 74.05 W
2025/02/16 20:13:48.574, 74.05 W
2025/02/16 20:13:48.584, 74.05 W
2025/02/16 20:13:48.594, 74.05 W
2025/02/16 20:13:48.604, 74.05 W
2025/02/16 20:13:48.614, 74.05 W
2025/02/16 20:13:48.624, 74.05 W
2025/02/16 20:13:48.634, 74.05 W
2025/02/16 20:13:48.644, 74.05 W
2025/02/16 20:13:48.655, 74.05 W
2025/02/16 20:13:48.665, 74.05 W
2025/02/16 20:13:48.675, 74.05 W
2025/02/16 20:13:48.685, 74.05 W
2025/02/16 20:13:48.695, 74.05 W
2025/02/16 20:13:48.705, 74.05 W
2025/02/16 20:13:48.715, 74.05 W
2025/02/16 20:13:48.725, 74.05 W
2025/02/16 20:13:48.735, 74.05 W
2025/02/16 20:13:48.745, 74.05 W
2025/02/16 20:13:48.755, 74.05 W
2025/02/16 20:13:48.765, 74.05 W
2025/02/16 20:13:48.775, 74.05 W
2025/02/16 20:13:48.785, 74.05 W
2025/02/16 20:13:48.795, 74.05 W
2025/02/16 20:13:48.805, 74.05 W
2025/02/16 20:13:48.816, 74.05 W
2025/02/16 20:13:48.826, 74.05 W
2025/02/16 20:13:48.836, 74.05 W
2025/02/16 20:13:48.846, 74.05 W
2025/02/16 20:13:48.856, 74.05 W
2025/02/16 20:13:48.866, 74.05 W
2025/02/16 20:13:48.876, 74.05 W
2025/02/16 20:13:48.886, 74.05 W
2025/02/16 20:13:48.896, 74.05 W
2025/02/16 20:13:48.906, 74.05 W
2025/02/16 20:13:48.916, 74.05 W
2025/02/16 20:13:48.926, 74.05 W
2025/02/16 20:13:48.936, 74.05 W
2025/02/16 20:13:48.946, 74.05 W
2025/02/16 20:13:48.956, 74.05 W
2025/02/16 20:13:48.967, 74.05 W
2025/02/16 20:13:48.977, 74.05 W
2025/02/16 20:13:48.987, 74.05 W
2025/02/16 20:13:48.997, 74.05 W
2025/02/16 20:13:49.007, 74.05 W
2025/02/16 20:13:49.017, 74.05 W
2025/02/16 20:13:49.027, 74.05 W
2025/02/16 20:13:49.037, 74.05 W
2025/02/16 20:13:49.047, 74.05 W
2025/02/16 20:13:49.057, 73.76 W
2025/02/16 20:13:49.067, 73.76 W
2025/02/16 20:13:49.077, 73.76 W
2025/02/16 20:13:49.087, 73.76 W
2025/02/16 20:13:49.097, 73.76 W
2025/02/16 20:13:49.107, 73.76 W
2025/02/16 20:13:49.117, 73.76 W
2025/02/16 20:13:49.128, 73.76 W
2025/02/16 20:13:49.138, 73.76 W
2025/02/16 20:13:49.148, 73.76 W
2025/02/16 20:13:49.158, 73.76 W
2025/02/16 20:13:49.168, 73.76 W
2025/02/16 20:13:49.178, 74.05 W
2025/02/16 20:13:49.188, 74.05 W
2025/02/16 20:13:49.198, 74.05 W
2025/02/16 20:13:49.208, 74.05 W
2025/02/16 20:13:49.218, 74.05 W
2025/02/16 20:13:49.228, 74.05 W
2025/02/16 20:13:49.238, 74.05 W
2025/02/16 20:13:49.248, 74.05 W
2025/02/16 20:13:49.258, 74.05 W
2025/02/16 20:13:49.268, 74.05 W
2025/02/16 20:13:49.278, 74.05 W
2025/02/16 20:13:49.289, 74.05 W
2025/02/16 20:13:49.299, 74.05 W
2025/02/16 20:13:49.309, 74.05 W
2025/02/16 20:13:49.319, 74.05 W
2025/02/16 20:13:49.329, 74.05 W
2025/02/16 20:13:49.339, 74.05 W
2025/02/16 20:13:49.349, 74.05 W
2025/02/16 20:13:49.359, 74.05 W
2025/02/16 20:13:49.369, 74.05 W
2025/02/16 20:13:49.379, 74.05 W
2025/02/16 20:13:49.389, 74.05 W
2025/02/16 20:13:49.399, 74.05 W
2025/02/16 20:13:49.409, 74.05 W
2025/02/16 20:13:49.419, 74.05 W
2025/02/16 20:13:49.429, 74.05 W
2025/02/16 20:13:49.440, 74.05 W
2025/02/16 20:13:49.450, 74.05 W
2025/02/16 20:13:49.460, 74.05 W
2025/02/16 20:13:49.470, 74.04 W
2025/02/16 20:13:49.480, 74.04 W
2025/02/16 20:13:49.490, 74.04 W
2025/02/16 20:13:49.500, 74.04 W
2025/02/16 20:13:49.510, 74.04 W
2025/02/16 20:13:49.520, 74.04 W
2025/02/16 20:13:49.530, 74.04 W
2025/02/16 20:13:49.540, 74.04 W
2025/02/16 20:13:49.550, 74.04 W
2025/02/16 20:13:49.560, 74.04 W
2025/02/16 20:13:49.570, 74.04 W
2025/02/16 20:13:49.580, 74.04 W
2025/02/16 20:13:49.590, 73.79 W
2025/02/16 20:13:49.601, 73.79 W
2025/02/16 20:13:49.611, 73.79 W
2025/02/16 20:13:49.621, 73.79 W
2025/02/16 20:13:49.631, 73.79 W
2025/02/16 20:13:49.641, 73.79 W
2025/02/16 20:13:49.651, 73.79 W
2025/02/16 20:13:49.661, 73.79 W
2025/02/16 20:13:49.671, 74.04 W
2025/02/16 20:13:49.681, 74.04 W
2025/02/16 20:13:49.691, 74.04 W
2025/02/16 20:13:49.701, 74.04 W
2025/02/16 20:13:49.711, 74.04 W
2025/02/16 20:13:49.721, 74.04 W
2025/02/16 20:13:49.731, 74.04 W
2025/02/16 20:13:49.741, 74.04 W
2025/02/16 20:13:49.752, 74.04 W
2025/02/16 20:13:49.762, 74.04 W
2025/02/16 20:13:49.772, 74.04 W
2025/02/16 20:13:49.782, 74.04 W
2025/02/16 20:13:49.792, 73.79 W
2025/02/16 20:13:49.802, 73.79 W
2025/02/16 20:13:49.812, 73.79 W
2025/02/16 20:13:49.822, 73.79 W
2025/02/16 20:13:49.832, 73.79 W
2025/02/16 20:13:49.842, 73.79 W
2025/02/16 20:13:49.852, 73.79 W
2025/02/16 20:13:49.862, 73.79 W
2025/02/16 20:13:49.872, 73.79 W
2025/02/16 20:13:49.882, 73.79 W
2025/02/16 20:13:49.892, 73.79 W
2025/02/16 20:13:49.902, 73.79 W
2025/02/16 20:13:49.913, 73.79 W
2025/02/16 20:13:49.923, 73.79 W
2025/02/16 20:13:49.933, 73.79 W
2025/02/16 20:13:49.943, 73.79 W
2025/02/16 20:13:49.953, 73.79 W
2025/02/16 20:13:49.963, 73.79 W
2025/02/16 20:13:49.973, 73.79 W
2025/02/16 20:13:49.983, 73.79 W
2025/02/16 20:13:49.993, 73.79 W
2025/02/16 20:13:50.003, 74.04 W
2025/02/16 20:13:50.013, 74.04 W
2025/02/16 20:13:50.023, 74.04 W
2025/02/16 20:13:50.033, 74.04 W
2025/02/16 20:13:50.043, 74.04 W
2025/02/16 20:13:50.053, 74.04 W
2025/02/16 20:13:50.063, 74.04 W
2025/02/16 20:13:50.074, 74.04 W
2025/02/16 20:13:50.084, 73.88 W
2025/02/16 20:13:50.094, 73.88 W
2025/02/16 20:13:50.104, 73.88 W
2025/02/16 20:13:50.114, 73.88 W
2025/02/16 20:13:50.124, 73.88 W
2025/02/16 20:13:50.134, 73.88 W
2025/02/16 20:13:50.144, 73.88 W
2025/02/16 20:13:50.154, 73.88 W
2025/02/16 20:13:50.164, 73.88 W
2025/02/16 20:13:50.174, 73.88 W
2025/02/16 20:13:50.184, 73.88 W
2025/02/16 20:13:50.194, 73.88 W
2025/02/16 20:13:50.204, 73.88 W
2025/02/16 20:13:50.214, 73.88 W
2025/02/16 20:13:50.225, 73.88 W
2025/02/16 20:13:50.235, 73.88 W
2025/02/16 20:13:50.248, 73.88 W
2025/02/16 20:13:50.258, 73.88 W
2025/02/16 20:13:50.268, 73.88 W
2025/02/16 20:13:50.278, 73.88 W
2025/02/16 20:13:50.288, 74.04 W
2025/02/16 20:13:50.298, 74.04 W
2025/02/16 20:13:50.308, 74.04 W
2025/02/16 20:13:50.319, 74.04 W
2025/02/16 20:13:50.329, 74.04 W
2025/02/16 20:13:50.339, 74.04 W
2025/02/16 20:13:50.349, 74.04 W
2025/02/16 20:13:50.359, 74.04 W
2025/02/16 20:13:50.369, 74.04 W
2025/02/16 20:13:50.379, 74.04 W
2025/02/16 20:13:50.389, 73.50 W
2025/02/16 20:13:50.399, 73.50 W
2025/02/16 20:13:50.409, 73.50 W
2025/02/16 20:13:50.419, 73.50 W
2025/02/16 20:13:50.429, 73.50 W
2025/02/16 20:13:50.439, 73.50 W
2025/02/16 20:13:50.449, 73.50 W
2025/02/16 20:13:50.459, 73.50 W
2025/02/16 20:13:50.470, 73.50 W
2025/02/16 20:13:50.480, 73.50 W
2025/02/16 20:13:50.490, 73.50 W
2025/02/16 20:13:50.500, 73.50 W
2025/02/16 20:13:50.510, 73.50 W
2025/02/16 20:13:50.520, 73.50 W
2025/02/16 20:13:50.530, 73.50 W
2025/02/16 20:13:50.540, 73.50 W
2025/02/16 20:13:50.550, 73.50 W
2025/02/16 20:13:50.560, 73.50 W
2025/02/16 20:13:50.570, 73.50 W
2025/02/16 20:13:50.580, 73.50 W
2025/02/16 20:13:50.590, 73.50 W
2025/02/16 20:13:50.600, 73.50 W
2025/02/16 20:13:50.610, 73.50 W
2025/02/16 20:13:50.620, 73.50 W
2025/02/16 20:13:50.631, 73.50 W
2025/02/16 20:13:50.641, 73.50 W
2025/02/16 20:13:50.651, 73.50 W
2025/02/16 20:13:50.661, 73.50 W
2025/02/16 20:13:50.671, 73.50 W
2025/02/16 20:13:50.681, 73.50 W
2025/02/16 20:13:50.691, 73.50 W
2025/02/16 20:13:50.701, 73.88 W
2025/02/16 20:13:50.711, 73.88 W
2025/02/16 20:13:50.721, 73.88 W
2025/02/16 20:13:50.731, 73.88 W
2025/02/16 20:13:50.741, 73.88 W
2025/02/16 20:13:50.751, 73.88 W
2025/02/16 20:13:50.761, 73.88 W
2025/02/16 20:13:50.771, 73.88 W
2025/02/16 20:13:50.781, 73.88 W
2025/02/16 20:13:50.792, 73.88 W
2025/02/16 20:13:50.802, 73.88 W
2025/02/16 20:13:50.812, 73.88 W
2025/02/16 20:13:50.822, 73.50 W
2025/02/16 20:13:50.832, 73.50 W
2025/02/16 20:13:50.842, 73.50 W
2025/02/16 20:13:50.852, 73.50 W
2025/02/16 20:13:50.862, 73.50 W
2025/02/16 20:13:50.872, 73.50 W
2025/02/16 20:13:50.882, 73.50 W
2025/02/16 20:13:50.892, 73.50 W
2025/02/16 20:13:50.902, 73.68 W
2025/02/16 20:13:50.912, 73.68 W
2025/02/16 20:13:50.922, 73.68 W
2025/02/16 20:13:50.932, 73.68 W
2025/02/16 20:13:50.943, 73.68 W
2025/02/16 20:13:50.953, 73.68 W
2025/02/16 20:13:50.963, 73.68 W
2025/02/16 20:13:50.973, 73.68 W
2025/02/16 20:13:50.983, 73.68 W
2025/02/16 20:13:50.993, 73.68 W
2025/02/16 20:13:51.003, 73.68 W
2025/02/16 20:13:51.013, 73.68 W
2025/02/16 20:13:51.023, 73.59 W
2025/02/16 20:13:51.033, 73.59 W
2025/02/16 20:13:51.043, 73.59 W
2025/02/16 20:13:51.053, 73.59 W
2025/02/16 20:13:51.063, 73.59 W
2025/02/16 20:13:51.073, 73.59 W
2025/02/16 20:13:51.083, 73.59 W
2025/02/16 20:13:51.093, 73.59 W
2025/02/16 20:13:51.104, 73.59 W
2025/02/16 20:13:51.114, 73.59 W
2025/02/16 20:13:51.124, 73.59 W
2025/02/16 20:13:51.134, 73.59 W
2025/02/16 20:13:51.144, 73.59 W
2025/02/16 20:13:51.154, 73.59 W
2025/02/16 20:13:51.164, 73.59 W
2025/02/16 20:13:51.174, 73.59 W
2025/02/16 20:13:51.184, 73.59 W
2025/02/16 20:13:51.194, 73.59 W
2025/02/16 20:13:51.204, 73.59 W
2025/02/16 20:13:51.214, 73.59 W
2025/02/16 20:13:51.224, 73.38 W
2025/02/16 20:13:51.234, 73.38 W
2025/02/16 20:13:51.244, 73.38 W
2025/02/16 20:13:51.255, 73.38 W
2025/02/16 20:13:51.265, 73.38 W
2025/02/16 20:13:51.275, 73.38 W
2025/02/16 20:13:51.285, 73.38 W
2025/02/16 20:13:51.295, 73.38 W
2025/02/16 20:13:51.305, 73.38 W
2025/02/16 20:13:51.315, 73.38 W
2025/02/16 20:13:51.325, 73.38 W
2025/02/16 20:13:51.335, 73.38 W
2025/02/16 20:13:51.345, 73.38 W
2025/02/16 20:13:51.355, 73.38 W
2025/02/16 20:13:51.365, 73.38 W
2025/02/16 20:13:51.375, 73.38 W
2025/02/16 20:13:51.385, 73.38 W
2025/02/16 20:13:51.395, 73.38 W
2025/02/16 20:13:51.405, 73.38 W
2025/02/16 20:13:51.416, 73.76 W
2025/02/16 20:13:51.426, 73.76 W
2025/02/16 20:13:51.436, 73.76 W
2025/02/16 20:13:51.446, 73.76 W
2025/02/16 20:13:51.456, 73.76 W
2025/02/16 20:13:51.466, 73.76 W
2025/02/16 20:13:51.476, 73.76 W
2025/02/16 20:13:51.486, 73.76 W
2025/02/16 20:13:51.496, 73.76 W
2025/02/16 20:13:51.506, 73.76 W
2025/02/16 20:13:51.516, 73.76 W
2025/02/16 20:13:51.526, 73.76 W
2025/02/16 20:13:51.536, 73.76 W
2025/02/16 20:13:51.546, 73.76 W
2025/02/16 20:13:51.556, 73.76 W
2025/02/16 20:13:51.566, 73.76 W
2025/02/16 20:13:51.577, 73.76 W
2025/02/16 20:13:51.587, 73.76 W
2025/02/16 20:13:51.597, 73.76 W
2025/02/16 20:13:51.607, 73.76 W
2025/02/16 20:13:51.617, 73.76 W
2025/02/16 20:13:51.627, 73.76 W
2025/02/16 20:13:51.637, 73.76 W
2025/02/16 20:13:51.647, 73.76 W
2025/02/16 20:13:51.657, 73.76 W
2025/02/16 20:13:51.667, 73.76 W
2025/02/16 20:13:51.677, 73.76 W
2025/02/16 20:13:51.687, 73.76 W
2025/02/16 20:13:51.697, 73.76 W
2025/02/16 20:13:51.707, 73.76 W
2025/02/16 20:13:51.717, 73.76 W
2025/02/16 20:13:51.728, 73.76 W
2025/02/16 20:13:51.738, 73.76 W
2025/02/16 20:13:51.748, 73.76 W
2025/02/16 20:13:51.758, 73.76 W
2025/02/16 20:13:51.768, 73.76 W
2025/02/16 20:13:51.778, 73.76 W
2025/02/16 20:13:51.788, 73.76 W
2025/02/16 20:13:51.798, 73.76 W
2025/02/16 20:13:51.808, 73.76 W
2025/02/16 20:13:51.818, 73.76 W
2025/02/16 20:13:51.828, 73.76 W
2025/02/16 20:13:51.838, 73.76 W
2025/02/16 20:13:51.848, 73.76 W
2025/02/16 20:13:51.858, 73.76 W
2025/02/16 20:13:51.868, 73.76 W
2025/02/16 20:13:51.878, 73.76 W
2025/02/16 20:13:51.889, 73.76 W
2025/02/16 20:13:51.899, 73.76 W
2025/02/16 20:13:51.909, 73.76 W
2025/02/16 20:13:51.919, 73.76 W
2025/02/16 20:13:51.929, 73.76 W
2025/02/16 20:13:51.939, 73.76 W
2025/02/16 20:13:51.949, 73.76 W
2025/02/16 20:13:51.959, 73.76 W
2025/02/16 20:13:51.969, 73.76 W
2025/02/16 20:13:51.979, 73.76 W
2025/02/16 20:13:51.989, 73.76 W
2025/02/16 20:13:51.999, 73.76 W
2025/02/16 20:13:52.009, 73.76 W
2025/02/16 20:13:52.019, 73.76 W
2025/02/16 20:13:52.029, 73.76 W
2025/02/16 20:13:52.040, 73.76 W
2025/02/16 20:13:52.050, 73.46 W
2025/02/16 20:13:52.060, 73.46 W
2025/02/16 20:13:52.070, 73.46 W
2025/02/16 20:13:52.080, 73.46 W
2025/02/16 20:13:52.090, 73.46 W
2025/02/16 20:13:52.100, 73.46 W
2025/02/16 20:13:52.110, 73.46 W
2025/02/16 20:13:52.120, 73.46 W
2025/02/16 20:13:52.130, 73.46 W
2025/02/16 20:13:52.140, 73.46 W
2025/02/16 20:13:52.150, 73.46 W
2025/02/16 20:13:52.160, 73.46 W
2025/02/16 20:13:52.170, 73.46 W
2025/02/16 20:13:52.180, 73.46 W
2025/02/16 20:13:52.190, 73.46 W
2025/02/16 20:13:52.201, 73.46 W
2025/02/16 20:13:52.211, 73.46 W
2025/02/16 20:13:52.221, 73.46 W
2025/02/16 20:13:52.231, 73.46 W
2025/02/16 20:13:52.241, 73.46 W
2025/02/16 20:13:52.251, 73.76 W
2025/02/16 20:13:52.261, 73.76 W
2025/02/16 20:13:52.271, 73.76 W
2025/02/16 20:13:52.281, 73.76 W
2025/02/16 20:13:52.291, 73.76 W
2025/02/16 20:13:52.301, 73.76 W
2025/02/16 20:13:52.311, 73.76 W
2025/02/16 20:13:52.321, 73.76 W
2025/02/16 20:13:52.331, 73.76 W
2025/02/16 20:13:52.341, 73.46 W
2025/02/16 20:13:52.352, 73.46 W
2025/02/16 20:13:52.362, 73.46 W
2025/02/16 20:13:52.372, 73.46 W
2025/02/16 20:13:52.382, 73.46 W
2025/02/16 20:13:52.392, 73.46 W
2025/02/16 20:13:52.402, 73.46 W
2025/02/16 20:13:52.412, 73.46 W
2025/02/16 20:13:52.422, 73.46 W
2025/02/16 20:13:52.432, 73.46 W
2025/02/16 20:13:52.442, 73.46 W
2025/02/16 20:13:52.452, 73.46 W
2025/02/16 20:13:52.462, 73.46 W
2025/02/16 20:13:52.472, 73.46 W
2025/02/16 20:13:52.482, 73.46 W
2025/02/16 20:13:52.492, 73.46 W
2025/02/16 20:13:52.502, 73.46 W
2025/02/16 20:13:52.513, 73.46 W
2025/02/16 20:13:52.523, 73.46 W
2025/02/16 20:13:52.533, 73.46 W
2025/02/16 20:13:52.543, 73.46 W
2025/02/16 20:13:52.553, 73.46 W
2025/02/16 20:13:52.563, 73.46 W
2025/02/16 20:13:52.573, 73.46 W
2025/02/16 20:13:52.583, 73.46 W
2025/02/16 20:13:52.593, 73.46 W
2025/02/16 20:13:52.603, 73.46 W
2025/02/16 20:13:52.613, 73.46 W
2025/02/16 20:13:52.623, 73.46 W
2025/02/16 20:13:52.633, 73.46 W
2025/02/16 20:13:52.643, 73.46 W
2025/02/16 20:13:52.653, 73.46 W
2025/02/16 20:13:52.664, 73.76 W
2025/02/16 20:13:52.674, 73.76 W
2025/02/16 20:13:52.684, 73.76 W
2025/02/16 20:13:52.694, 73.76 W
2025/02/16 20:13:52.704, 73.76 W
2025/02/16 20:13:52.714, 73.76 W
2025/02/16 20:13:52.724, 73.76 W
2025/02/16 20:13:52.734, 73.76 W
2025/02/16 20:13:52.744, 73.46 W
2025/02/16 20:13:52.754, 73.46 W
2025/02/16 20:13:52.764, 73.46 W
2025/02/16 20:13:52.774, 73.46 W
2025/02/16 20:13:52.784, 73.46 W
2025/02/16 20:13:52.794, 73.46 W
2025/02/16 20:13:52.804, 73.46 W
2025/02/16 20:13:52.814, 73.46 W
2025/02/16 20:13:52.825, 73.46 W
2025/02/16 20:13:52.835, 73.46 W
2025/02/16 20:13:52.845, 73.46 W
2025/02/16 20:13:52.855, 73.46 W
2025/02/16 20:13:52.865, 73.76 W
2025/02/16 20:13:52.875, 73.76 W
2025/02/16 20:13:52.885, 73.76 W
2025/02/16 20:13:52.895, 73.76 W
2025/02/16 20:13:52.905, 73.76 W
2025/02/16 20:13:52.915, 73.76 W
2025/02/16 20:13:52.925, 73.76 W
2025/02/16 20:13:52.935, 73.76 W
2025/02/16 20:13:52.945, 73.76 W
2025/02/16 20:13:52.955, 73.76 W
2025/02/16 20:13:52.965, 73.76 W
2025/02/16 20:13:52.976, 73.76 W
2025/02/16 20:13:52.986, 73.76 W
2025/02/16 20:13:52.996, 73.76 W
2025/02/16 20:13:53.006, 73.76 W
2025/02/16 20:13:53.016, 73.76 W
2025/02/16 20:13:53.026, 73.76 W
2025/02/16 20:13:53.036, 73.76 W
2025/02/16 20:13:53.046, 73.76 W
2025/02/16 20:13:53.056, 73.76 W
2025/02/16 20:13:53.066, 73.76 W
2025/02/16 20:13:53.076, 73.76 W
2025/02/16 20:13:53.086, 73.76 W
2025/02/16 20:13:53.096, 73.76 W
2025/02/16 20:13:53.106, 73.76 W
2025/02/16 20:13:53.116, 73.76 W
2025/02/16 20:13:53.126, 73.76 W
2025/02/16 20:13:53.137, 73.76 W
2025/02/16 20:13:53.147, 73.76 W
2025/02/16 20:13:53.157, 73.46 W
2025/02/16 20:13:53.167, 73.46 W
2025/02/16 20:13:53.177, 73.46 W
2025/02/16 20:13:53.187, 73.46 W
2025/02/16 20:13:53.197, 73.46 W
2025/02/16 20:13:53.207, 73.46 W
2025/02/16 20:13:53.217, 73.46 W
2025/02/16 20:13:53.227, 73.46 W
2025/02/16 20:13:53.237, 73.46 W
2025/02/16 20:13:53.247, 73.46 W
2025/02/16 20:13:53.257, 73.46 W
2025/02/16 20:13:53.267, 73.46 W
2025/02/16 20:13:53.277, 73.46 W
2025/02/16 20:13:53.287, 73.46 W
2025/02/16 20:13:53.298, 73.46 W
2025/02/16 20:13:53.308, 73.46 W
2025/02/16 20:13:53.318, 73.46 W
2025/02/16 20:13:53.328, 73.46 W
2025/02/16 20:13:53.338, 73.46 W
2025/02/16 20:13:53.348, 73.46 W
2025/02/16 20:13:53.358, 73.46 W
2025/02/16 20:13:53.368, 73.46 W
2025/02/16 20:13:53.378, 73.76 W
2025/02/16 20:13:53.388, 73.76 W
2025/02/16 20:13:53.398, 73.76 W
2025/02/16 20:13:53.408, 73.76 W
2025/02/16 20:13:53.418, 73.76 W
2025/02/16 20:13:53.428, 73.76 W
2025/02/16 20:13:53.438, 73.76 W
2025/02/16 20:13:53.449, 73.76 W
2025/02/16 20:13:53.459, 73.76 W
2025/02/16 20:13:53.469, 73.76 W
2025/02/16 20:13:53.479, 73.76 W
2025/02/16 20:13:53.489, 73.76 W
2025/02/16 20:13:53.499, 73.76 W
2025/02/16 20:13:53.509, 73.76 W
2025/02/16 20:13:53.519, 73.76 W
2025/02/16 20:13:53.529, 73.76 W
2025/02/16 20:13:53.539, 73.76 W
2025/02/16 20:13:53.549, 73.76 W
2025/02/16 20:13:53.559, 73.76 W
2025/02/16 20:13:53.569, 73.46 W
2025/02/16 20:13:53.579, 73.46 W
2025/02/16 20:13:53.589, 73.46 W
2025/02/16 20:13:53.599, 73.46 W
2025/02/16 20:13:53.610, 73.46 W
2025/02/16 20:13:53.620, 73.46 W
2025/02/16 20:13:53.630, 73.46 W
2025/02/16 20:13:53.640, 73.46 W
2025/02/16 20:13:53.650, 73.46 W
2025/02/16 20:13:53.660, 73.46 W
2025/02/16 20:13:53.670, 73.46 W
2025/02/16 20:13:53.680, 73.46 W
2025/02/16 20:13:53.690, 73.46 W
2025/02/16 20:13:53.700, 73.46 W
2025/02/16 20:13:53.710, 73.46 W
2025/02/16 20:13:53.720, 73.46 W
2025/02/16 20:13:53.730, 73.46 W
2025/02/16 20:13:53.740, 73.46 W
2025/02/16 20:13:53.750, 73.46 W
2025/02/16 20:13:53.761, 73.46 W
2025/02/16 20:13:53.771, 73.46 W
2025/02/16 20:13:53.781, 73.46 W
2025/02/16 20:13:53.791, 73.46 W
2025/02/16 20:13:53.801, 73.46 W
2025/02/16 20:13:53.811, 73.46 W
2025/02/16 20:13:53.821, 73.46 W
2025/02/16 20:13:53.831, 73.46 W
2025/02/16 20:13:53.841, 73.46 W
2025/02/16 20:13:53.851, 73.46 W
2025/02/16 20:13:53.861, 73.46 W
2025/02/16 20:13:53.871, 73.46 W
2025/02/16 20:13:53.881, 73.46 W
2025/02/16 20:13:53.891, 73.76 W
2025/02/16 20:13:53.901, 73.76 W
2025/02/16 20:13:53.911, 73.76 W
2025/02/16 20:13:53.922, 73.76 W
2025/02/16 20:13:53.932, 73.76 W
2025/02/16 20:13:53.942, 73.76 W
2025/02/16 20:13:53.952, 73.76 W
2025/02/16 20:13:53.962, 73.76 W
2025/02/16 20:13:53.972, 73.46 W
2025/02/16 20:13:53.982, 73.46 W
2025/02/16 20:13:53.992, 73.46 W
2025/02/16 20:13:54.002, 73.46 W
2025/02/16 20:13:54.012, 73.46 W
2025/02/16 20:13:54.022, 73.46 W
2025/02/16 20:13:54.032, 73.46 W
2025/02/16 20:13:54.042, 73.46 W
2025/02/16 20:13:54.052, 73.46 W
2025/02/16 20:13:54.062, 73.46 W
2025/02/16 20:13:54.072, 73.46 W
2025/02/16 20:13:54.083, 73.46 W
2025/02/16 20:13:54.093, 73.46 W
2025/02/16 20:13:54.103, 73.76 W
2025/02/16 20:13:54.113, 73.76 W
2025/02/16 20:13:54.123, 73.76 W
2025/02/16 20:13:54.133, 73.76 W
2025/02/16 20:13:54.143, 73.76 W
2025/02/16 20:13:54.153, 73.76 W
2025/02/16 20:13:54.163, 73.76 W
2025/02/16 20:13:54.173, 73.76 W
2025/02/16 20:13:54.183, 73.50 W
2025/02/16 20:13:54.193, 73.50 W
2025/02/16 20:13:54.203, 73.50 W
2025/02/16 20:13:54.213, 73.50 W
2025/02/16 20:13:54.223, 73.50 W
2025/02/16 20:13:54.234, 73.50 W
2025/02/16 20:13:54.244, 73.50 W
2025/02/16 20:13:54.254, 73.50 W
2025/02/16 20:13:54.264, 73.50 W
2025/02/16 20:13:54.274, 73.50 W
2025/02/16 20:13:54.284, 73.50 W
2025/02/16 20:13:54.294, 73.50 W
2025/02/16 20:13:54.304, 73.50 W
2025/02/16 20:13:54.314, 73.50 W
2025/02/16 20:13:54.324, 73.50 W
2025/02/16 20:13:54.334, 73.50 W
2025/02/16 20:13:54.344, 73.50 W
2025/02/16 20:13:54.354, 73.50 W
2025/02/16 20:13:54.364, 73.50 W
2025/02/16 20:13:54.374, 73.50 W
2025/02/16 20:13:54.384, 73.50 W
2025/02/16 20:13:54.395, 73.50 W
2025/02/16 20:13:54.405, 73.50 W
2025/02/16 20:13:54.415, 73.50 W
2025/02/16 20:13:54.425, 73.50 W
2025/02/16 20:13:54.435, 73.50 W
2025/02/16 20:13:54.445, 73.50 W
2025/02/16 20:13:54.455, 73.50 W
2025/02/16 20:13:54.465, 73.50 W
2025/02/16 20:13:54.475, 73.50 W
2025/02/16 20:13:54.485, 73.50 W
2025/02/16 20:13:54.495, 73.50 W
2025/02/16 20:13:54.505, 73.50 W
2025/02/16 20:13:54.515, 73.50 W
2025/02/16 20:13:54.525, 73.50 W
2025/02/16 20:13:54.535, 73.50 W
2025/02/16 20:13:54.546, 73.50 W
2025/02/16 20:13:54.556, 73.50 W
2025/02/16 20:13:54.566, 73.50 W
2025/02/16 20:13:54.576, 73.50 W
2025/02/16 20:13:54.586, 73.50 W
2025/02/16 20:13:54.596, 73.50 W
2025/02/16 20:13:54.606, 73.50 W
2025/02/16 20:13:54.616, 73.50 W
2025/02/16 20:13:54.626, 73.50 W
2025/02/16 20:13:54.636, 73.50 W
2025/02/16 20:13:54.646, 73.50 W
2025/02/16 20:13:54.656, 73.50 W
2025/02/16 20:13:54.666, 73.50 W
2025/02/16 20:13:54.676, 73.50 W
2025/02/16 20:13:54.686, 73.50 W
2025/02/16 20:13:54.696, 73.50 W
2025/02/16 20:13:54.707, 73.50 W
2025/02/16 20:13:54.717, 73.59 W
2025/02/16 20:13:54.727, 73.59 W
2025/02/16 20:13:54.737, 73.59 W
2025/02/16 20:13:54.747, 73.59 W
2025/02/16 20:13:54.757, 73.59 W
2025/02/16 20:13:54.767, 73.59 W
2025/02/16 20:13:54.777, 73.59 W
2025/02/16 20:13:54.787, 73.59 W
2025/02/16 20:13:54.797, 73.50 W
2025/02/16 20:13:54.807, 73.50 W
2025/02/16 20:13:54.817, 73.50 W
2025/02/16 20:13:54.827, 73.50 W
2025/02/16 20:13:54.837, 73.50 W
2025/02/16 20:13:54.847, 73.50 W
2025/02/16 20:13:54.857, 73.50 W
2025/02/16 20:13:54.868, 73.50 W
2025/02/16 20:13:54.878, 73.50 W
2025/02/16 20:13:54.888, 73.50 W
2025/02/16 20:13:54.898, 73.50 W
2025/02/16 20:13:54.908, 73.50 W
2025/02/16 20:13:54.918, 73.68 W
2025/02/16 20:13:54.928, 73.68 W
2025/02/16 20:13:54.938, 73.68 W
2025/02/16 20:13:54.948, 73.68 W
2025/02/16 20:13:54.958, 73.68 W
2025/02/16 20:13:54.968, 73.68 W
2025/02/16 20:13:54.978, 73.68 W
2025/02/16 20:13:54.988, 73.68 W
2025/02/16 20:13:54.998, 73.79 W
2025/02/16 20:13:55.008, 73.79 W
2025/02/16 20:13:55.019, 73.79 W
2025/02/16 20:13:55.029, 73.79 W
2025/02/16 20:13:55.039, 73.79 W
2025/02/16 20:13:55.049, 73.79 W
2025/02/16 20:13:55.059, 73.79 W
2025/02/16 20:13:55.069, 73.79 W
2025/02/16 20:13:55.079, 73.79 W
2025/02/16 20:13:55.089, 73.79 W
2025/02/16 20:13:55.099, 73.79 W
2025/02/16 20:13:55.109, 73.79 W
2025/02/16 20:13:55.119, 73.79 W
2025/02/16 20:13:55.129, 73.79 W
2025/02/16 20:13:55.139, 73.79 W
2025/02/16 20:13:55.149, 73.79 W
2025/02/16 20:13:55.159, 73.79 W
2025/02/16 20:13:55.170, 73.79 W
2025/02/16 20:13:55.180, 73.79 W
2025/02/16 20:13:55.190, 73.79 W
2025/02/16 20:13:55.200, 73.79 W
2025/02/16 20:13:55.210, 73.79 W
2025/02/16 20:13:55.220, 73.79 W
2025/02/16 20:13:55.230, 73.79 W
2025/02/16 20:13:55.240, 73.79 W
2025/02/16 20:13:55.250, 73.79 W
2025/02/16 20:13:55.260, 73.79 W
2025/02/16 20:13:55.270, 73.79 W
2025/02/16 20:13:55.280, 73.79 W
2025/02/16 20:13:55.290, 73.79 W
2025/02/16 20:13:55.300, 73.79 W
2025/02/16 20:13:55.310, 73.79 W
2025/02/16 20:13:55.321, 73.79 W
2025/02/16 20:13:55.331, 73.79 W
2025/02/16 20:13:55.341, 73.79 W
2025/02/16 20:13:55.351, 73.79 W
2025/02/16 20:13:55.361, 73.79 W
2025/02/16 20:13:55.371, 73.79 W
2025/02/16 20:13:55.381, 73.79 W
2025/02/16 20:13:55.391, 73.79 W
2025/02/16 20:13:55.401, 73.79 W
2025/02/16 20:13:55.411, 73.79 W
2025/02/16 20:13:55.421, 73.79 W
2025/02/16 20:13:55.431, 73.88 W
2025/02/16 20:13:55.441, 73.88 W
2025/02/16 20:13:55.451, 73.88 W
2025/02/16 20:13:55.461, 73.88 W
2025/02/16 20:13:55.471, 73.88 W
2025/02/16 20:13:55.482, 73.88 W
2025/02/16 20:13:55.492, 73.88 W
2025/02/16 20:13:55.502, 73.88 W
2025/02/16 20:13:55.512, 73.88 W
2025/02/16 20:13:55.522, 73.88 W
2025/02/16 20:13:55.532, 73.88 W
2025/02/16 20:13:55.542, 73.88 W
2025/02/16 20:13:55.552, 73.88 W
2025/02/16 20:13:55.562, 73.88 W
2025/02/16 20:13:55.572, 73.88 W
2025/02/16 20:13:55.582, 73.88 W
2025/02/16 20:13:55.592, 73.88 W
2025/02/16 20:13:55.602, 73.88 W
2025/02/16 20:13:55.612, 73.96 W
2025/02/16 20:13:55.622, 73.96 W
2025/02/16 20:13:55.632, 73.96 W
2025/02/16 20:13:55.643, 73.96 W
2025/02/16 20:13:55.653, 73.96 W
2025/02/16 20:13:55.663, 73.96 W
2025/02/16 20:13:55.673, 73.96 W
2025/02/16 20:13:55.683, 73.96 W
2025/02/16 20:13:55.693, 73.96 W
2025/02/16 20:13:55.703, 73.96 W
2025/02/16 20:13:55.713, 73.96 W
2025/02/16 20:13:55.723, 73.96 W
2025/02/16 20:13:55.733, 73.79 W
2025/02/16 20:13:55.743, 73.79 W
2025/02/16 20:13:55.753, 73.79 W
2025/02/16 20:13:55.763, 73.79 W
2025/02/16 20:13:55.773, 73.79 W
2025/02/16 20:13:55.783, 73.79 W
2025/02/16 20:13:55.794, 73.79 W
2025/02/16 20:13:55.804, 73.79 W
2025/02/16 20:13:55.814, 73.79 W
2025/02/16 20:13:55.824, 74.04 W
2025/02/16 20:13:55.834, 74.04 W
2025/02/16 20:13:55.844, 74.04 W
2025/02/16 20:13:55.854, 74.04 W
2025/02/16 20:13:55.864, 74.04 W
2025/02/16 20:13:55.874, 74.04 W
2025/02/16 20:13:55.884, 74.04 W
2025/02/16 20:13:55.894, 74.04 W
2025/02/16 20:13:55.904, 74.04 W
2025/02/16 20:13:55.914, 74.04 W
2025/02/16 20:13:55.924, 74.04 W
2025/02/16 20:13:55.934, 74.04 W
2025/02/16 20:13:55.944, 73.88 W
2025/02/16 20:13:55.955, 73.88 W
2025/02/16 20:13:55.965, 73.88 W
2025/02/16 20:13:55.975, 73.88 W
2025/02/16 20:13:55.985, 73.88 W
2025/02/16 20:13:55.995, 73.88 W
2025/02/16 20:13:56.005, 73.88 W
2025/02/16 20:13:56.015, 73.88 W
2025/02/16 20:13:56.025, 73.88 W
2025/02/16 20:13:56.035, 73.88 W
2025/02/16 20:13:56.045, 73.88 W
2025/02/16 20:13:56.055, 73.88 W
2025/02/16 20:13:56.065, 73.88 W
2025/02/16 20:13:56.075, 73.88 W
2025/02/16 20:13:56.085, 73.88 W
2025/02/16 20:13:56.095, 73.88 W
2025/02/16 20:13:56.106, 73.88 W
2025/02/16 20:13:56.116, 73.88 W
2025/02/16 20:13:56.126, 73.88 W
2025/02/16 20:13:56.136, 73.88 W
2025/02/16 20:13:56.146, 74.05 W
2025/02/16 20:13:56.156, 74.05 W
2025/02/16 20:13:56.166, 74.05 W
2025/02/16 20:13:56.176, 74.05 W
2025/02/16 20:13:56.186, 74.05 W
2025/02/16 20:13:56.196, 74.05 W
2025/02/16 20:13:56.206, 74.05 W
2025/02/16 20:13:56.216, 74.05 W
2025/02/16 20:13:56.226, 74.05 W
2025/02/16 20:13:56.236, 74.05 W
2025/02/16 20:13:56.246, 74.05 W
2025/02/16 20:13:56.256, 74.05 W
2025/02/16 20:13:56.267, 74.05 W
2025/02/16 20:13:56.277, 74.05 W
2025/02/16 20:13:56.287, 74.05 W
2025/02/16 20:13:56.297, 74.05 W
2025/02/16 20:13:56.307, 74.05 W
2025/02/16 20:13:56.317, 74.05 W
2025/02/16 20:13:56.327, 74.05 W
2025/02/16 20:13:56.337, 74.05 W
2025/02/16 20:13:56.347, 74.05 W
2025/02/16 20:13:56.357, 74.05 W
2025/02/16 20:13:56.367, 74.05 W
2025/02/16 20:13:56.377, 74.05 W
2025/02/16 20:13:56.387, 74.05 W
2025/02/16 20:13:56.397, 74.05 W
2025/02/16 20:13:56.407, 74.05 W
2025/02/16 20:13:56.417, 74.05 W
2025/02/16 20:13:56.428, 74.05 W
2025/02/16 20:13:56.438, 74.05 W
2025/02/16 20:13:56.448, 74.05 W
2025/02/16 20:13:56.458, 74.05 W
2025/02/16 20:13:56.468, 74.05 W
2025/02/16 20:13:56.478, 74.05 W
2025/02/16 20:13:56.488, 74.05 W
2025/02/16 20:13:56.498, 74.05 W
2025/02/16 20:13:56.508, 74.05 W
2025/02/16 20:13:56.518, 74.05 W
2025/02/16 20:13:56.528, 74.05 W
2025/02/16 20:13:56.538, 74.05 W
2025/02/16 20:13:56.548, 74.05 W
2025/02/16 20:13:56.558, 74.05 W
2025/02/16 20:13:56.568, 74.05 W
2025/02/16 20:13:56.579, 74.05 W
2025/02/16 20:13:56.589, 74.05 W
2025/02/16 20:13:56.599, 74.05 W
2025/02/16 20:13:56.609, 74.05 W
2025/02/16 20:13:56.619, 74.05 W
2025/02/16 20:13:56.629, 74.05 W
2025/02/16 20:13:56.639, 74.05 W
2025/02/16 20:13:56.649, 74.05 W
2025/02/16 20:13:56.659, 74.05 W
2025/02/16 20:13:56.669, 74.05 W
2025/02/16 20:13:56.679, 74.05 W
2025/02/16 20:13:56.689, 74.05 W
2025/02/16 20:13:56.699, 74.05 W
2025/02/16 20:13:56.709, 74.05 W
2025/02/16 20:13:56.719, 74.05 W
2025/02/16 20:13:56.729, 74.05 W
2025/02/16 20:13:56.740, 74.05 W
2025/02/16 20:13:56.750, 74.05 W
2025/02/16 20:13:56.760, 74.05 W
2025/02/16 20:13:56.770, 74.05 W
2025/02/16 20:13:56.780, 74.05 W
2025/02/16 20:13:56.790, 74.05 W
2025/02/16 20:13:56.800, 74.05 W
2025/02/16 20:13:56.810, 74.05 W
2025/02/16 20:13:56.820, 74.05 W
2025/02/16 20:13:56.830, 74.05 W
2025/02/16 20:13:56.840, 74.05 W
2025/02/16 20:13:56.850, 74.05 W
2025/02/16 20:13:56.860, 74.05 W
2025/02/16 20:13:56.870, 74.05 W
2025/02/16 20:13:56.880, 74.05 W
2025/02/16 20:13:56.891, 74.05 W
2025/02/16 20:13:56.901, 74.05 W
2025/02/16 20:13:56.911, 74.05 W
2025/02/16 20:13:56.921, 74.05 W
2025/02/16 20:13:56.931, 74.05 W
2025/02/16 20:13:56.941, 74.05 W
2025/02/16 20:13:56.951, 74.05 W
2025/02/16 20:13:56.961, 74.05 W
2025/02/16 20:13:56.971, 74.05 W
2025/02/16 20:13:56.981, 74.05 W
2025/02/16 20:13:56.991, 74.05 W
2025/02/16 20:13:57.001, 74.05 W
2025/02/16 20:13:57.011, 74.05 W
2025/02/16 20:13:57.021, 74.05 W
2025/02/16 20:13:57.031, 74.05 W
2025/02/16 20:13:57.042, 74.05 W
2025/02/16 20:13:57.052, 74.05 W
2025/02/16 20:13:57.062, 74.05 W
2025/02/16 20:13:57.072, 74.05 W
2025/02/16 20:13:57.082, 74.05 W
2025/02/16 20:13:57.092, 74.05 W
2025/02/16 20:13:57.102, 74.05 W
2025/02/16 20:13:57.112, 74.05 W
2025/02/16 20:13:57.122, 74.05 W
2025/02/16 20:13:57.132, 74.05 W
2025/02/16 20:13:57.142, 74.05 W
2025/02/16 20:13:57.152, 74.05 W
2025/02/16 20:13:57.162, 74.05 W
2025/02/16 20:13:57.172, 74.05 W
2025/02/16 20:13:57.182, 74.05 W
2025/02/16 20:13:57.192, 74.05 W
2025/02/16 20:13:57.203, 74.05 W
2025/02/16 20:13:57.213, 74.05 W
2025/02/16 20:13:57.223, 74.05 W
2025/02/16 20:13:57.233, 74.05 W
2025/02/16 20:13:57.243, 74.05 W
2025/02/16 20:13:57.253, 74.05 W
2025/02/16 20:13:57.263, 74.05 W
2025/02/16 20:13:57.273, 74.05 W
2025/02/16 20:13:57.283, 74.05 W
2025/02/16 20:13:57.293, 74.05 W
2025/02/16 20:13:57.303, 74.05 W
2025/02/16 20:13:57.313, 74.05 W
2025/02/16 20:13:57.323, 74.05 W
2025/02/16 20:13:57.333, 74.05 W
2025/02/16 20:13:57.343, 74.05 W
2025/02/16 20:13:57.353, 74.05 W
2025/02/16 20:13:57.364, 74.05 W
2025/02/16 20:13:57.374, 74.05 W
2025/02/16 20:13:57.384, 74.05 W
2025/02/16 20:13:57.394, 74.05 W
2025/02/16 20:13:57.404, 74.05 W
2025/02/16 20:13:57.414, 74.05 W
2025/02/16 20:13:57.424, 74.05 W
2025/02/16 20:13:57.434, 74.05 W
2025/02/16 20:13:57.444, 74.05 W
2025/02/16 20:13:57.454, 74.05 W
2025/02/16 20:13:57.464, 74.05 W
2025/02/16 20:13:57.474, 74.05 W
2025/02/16 20:13:57.484, 74.05 W
2025/02/16 20:13:57.494, 74.05 W
2025/02/16 20:13:57.504, 74.05 W
2025/02/16 20:13:57.515, 74.05 W
2025/02/16 20:13:57.525, 74.05 W
2025/02/16 20:13:57.535, 74.05 W
2025/02/16 20:13:57.545, 74.05 W
2025/02/16 20:13:57.555, 74.05 W
2025/02/16 20:13:57.565, 74.05 W
2025/02/16 20:13:57.575, 74.05 W
2025/02/16 20:13:57.585, 74.05 W
2025/02/16 20:13:57.595, 74.05 W
2025/02/16 20:13:57.605, 74.05 W
2025/02/16 20:13:57.615, 74.05 W
2025/02/16 20:13:57.625, 74.05 W
2025/02/16 20:13:57.635, 74.05 W
2025/02/16 20:13:57.645, 74.05 W
2025/02/16 20:13:57.655, 74.05 W
2025/02/16 20:13:57.666, 74.05 W
2025/02/16 20:13:57.676, 74.05 W
2025/02/16 20:13:57.686, 74.05 W
2025/02/16 20:13:57.696, 74.05 W
2025/02/16 20:13:57.706, 74.05 W
2025/02/16 20:13:57.716, 74.05 W
2025/02/16 20:13:57.726, 74.05 W
2025/02/16 20:13:57.736, 74.05 W
2025/02/16 20:13:57.746, 74.05 W
2025/02/16 20:13:57.756, 74.05 W
2025/02/16 20:13:57.766, 74.05 W
2025/02/16 20:13:57.776, 74.05 W
2025/02/16 20:13:57.786, 74.05 W
2025/02/16 20:13:57.796, 74.05 W
2025/02/16 20:13:57.806, 74.05 W
2025/02/16 20:13:57.817, 74.05 W
2025/02/16 20:13:57.827, 74.05 W
2025/02/16 20:13:57.837, 74.05 W
2025/02/16 20:13:57.847, 74.05 W
2025/02/16 20:13:57.857, 74.05 W
2025/02/16 20:13:57.867, 74.05 W
2025/02/16 20:13:57.877, 74.05 W
2025/02/16 20:13:57.887, 74.05 W
2025/02/16 20:13:57.897, 74.05 W
2025/02/16 20:13:57.907, 74.05 W
2025/02/16 20:13:57.917, 74.05 W
2025/02/16 20:13:57.927, 74.05 W
2025/02/16 20:13:57.937, 74.05 W
2025/02/16 20:13:57.947, 74.05 W
2025/02/16 20:13:57.957, 74.05 W
2025/02/16 20:13:57.967, 74.05 W
2025/02/16 20:13:57.978, 74.05 W
2025/02/16 20:13:57.988, 74.05 W
2025/02/16 20:13:57.998, 74.05 W
2025/02/16 20:13:58.008, 74.05 W
2025/02/16 20:13:58.018, 74.05 W
2025/02/16 20:13:58.028, 74.05 W
2025/02/16 20:13:58.038, 74.05 W
2025/02/16 20:13:58.048, 74.05 W
2025/02/16 20:13:58.058, 74.05 W
2025/02/16 20:13:58.068, 74.05 W
2025/02/16 20:13:58.078, 74.05 W
2025/02/16 20:13:58.088, 74.05 W
2025/02/16 20:13:58.098, 74.05 W
2025/02/16 20:13:58.108, 74.05 W
2025/02/16 20:13:58.118, 74.05 W
2025/02/16 20:13:58.129, 74.05 W
2025/02/16 20:13:58.139, 74.05 W
2025/02/16 20:13:58.149, 74.05 W
2025/02/16 20:13:58.159, 74.05 W
2025/02/16 20:13:58.169, 74.05 W
2025/02/16 20:13:58.179, 74.05 W
2025/02/16 20:13:58.189, 74.05 W
2025/02/16 20:13:58.199, 74.05 W
2025/02/16 20:13:58.209, 74.05 W
2025/02/16 20:13:58.219, 74.05 W
2025/02/16 20:13:58.229, 74.05 W
2025/02/16 20:13:58.239, 74.05 W
2025/02/16 20:13:58.249, 74.05 W
2025/02/16 20:13:58.259, 74.05 W
2025/02/16 20:13:58.269, 74.05 W
2025/02/16 20:13:58.279, 74.05 W
2025/02/16 20:13:58.290, 74.05 W
2025/02/16 20:13:58.300, 74.05 W
2025/02/16 20:13:58.310, 74.05 W
2025/02/16 20:13:58.320, 74.05 W
2025/02/16 20:13:58.330, 74.05 W
2025/02/16 20:13:58.340, 74.05 W
2025/02/16 20:13:58.350, 74.05 W
2025/02/16 20:13:58.360, 74.05 W
2025/02/16 20:13:58.370, 74.05 W
2025/02/16 20:13:58.380, 74.05 W
2025/02/16 20:13:58.390, 74.05 W
2025/02/16 20:13:58.400, 74.05 W
2025/02/16 20:13:58.410, 74.05 W
2025/02/16 20:13:58.420, 74.05 W
2025/02/16 20:13:58.430, 74.05 W
2025/02/16 20:13:58.441, 74.05 W
2025/02/16 20:13:58.451, 74.05 W
2025/02/16 20:13:58.461, 74.05 W
2025/02/16 20:13:58.471, 74.05 W
2025/02/16 20:13:58.481, 74.05 W
2025/02/16 20:13:58.491, 74.05 W
2025/02/16 20:13:58.501, 74.05 W
2025/02/16 20:13:58.511, 74.05 W
2025/02/16 20:13:58.521, 74.05 W
2025/02/16 20:13:58.531, 74.05 W
2025/02/16 20:13:58.541, 74.05 W
2025/02/16 20:13:58.551, 74.05 W
2025/02/16 20:13:58.561, 74.05 W
2025/02/16 20:13:58.571, 74.05 W
2025/02/16 20:13:58.581, 74.05 W
2025/02/16 20:13:58.592, 74.05 W
2025/02/16 20:13:58.602, 74.05 W
2025/02/16 20:13:58.612, 74.05 W
2025/02/16 20:13:58.622, 74.05 W
2025/02/16 20:13:58.632, 74.05 W
2025/02/16 20:13:58.642, 74.05 W
2025/02/16 20:13:58.652, 74.05 W
2025/02/16 20:13:58.662, 74.05 W
2025/02/16 20:13:58.672, 74.05 W
2025/02/16 20:13:58.682, 74.05 W
2025/02/16 20:13:58.692, 74.05 W
2025/02/16 20:13:58.702, 74.05 W
2025/02/16 20:13:58.712, 74.05 W
2025/02/16 20:13:58.722, 74.05 W
2025/02/16 20:13:58.732, 74.05 W
2025/02/16 20:13:58.742, 74.05 W
2025/02/16 20:13:58.753, 74.05 W
2025/02/16 20:13:58.763, 74.05 W
2025/02/16 20:13:58.773, 74.05 W
2025/02/16 20:13:58.783, 74.05 W
2025/02/16 20:13:58.793, 74.05 W
2025/02/16 20:13:58.803, 74.05 W
2025/02/16 20:13:58.813, 74.05 W
2025/02/16 20:13:58.823, 74.05 W
2025/02/16 20:13:58.833, 74.05 W
2025/02/16 20:13:58.843, 74.05 W
2025/02/16 20:13:58.853, 74.05 W
2025/02/16 20:13:58.863, 74.05 W
2025/02/16 20:13:58.873, 74.05 W
2025/02/16 20:13:58.883, 74.05 W
2025/02/16 20:13:58.893, 74.05 W
2025/02/16 20:13:58.904, 74.05 W
2025/02/16 20:13:58.914, 74.05 W
2025/02/16 20:13:58.924, 74.05 W
2025/02/16 20:13:58.934, 74.05 W
2025/02/16 20:13:58.944, 74.05 W
2025/02/16 20:13:58.954, 74.05 W
2025/02/16 20:13:58.964, 74.05 W
2025/02/16 20:13:58.974, 74.05 W
2025/02/16 20:13:58.984, 74.05 W
2025/02/16 20:13:58.994, 74.05 W
2025/02/16 20:13:59.004, 74.05 W
2025/02/16 20:13:59.014, 74.05 W
2025/02/16 20:13:59.024, 74.05 W
2025/02/16 20:13:59.034, 74.05 W
2025/02/16 20:13:59.044, 74.05 W
2025/02/16 20:13:59.054, 74.05 W
2025/02/16 20:13:59.065, 74.05 W
2025/02/16 20:13:59.075, 74.05 W
2025/02/16 20:13:59.085, 74.05 W
2025/02/16 20:13:59.095, 74.04 W
2025/02/16 20:13:59.105, 74.04 W
2025/02/16 20:13:59.115, 74.04 W
2025/02/16 20:13:59.125, 74.04 W
2025/02/16 20:13:59.135, 74.04 W
2025/02/16 20:13:59.145, 74.04 W
2025/02/16 20:13:59.155, 74.04 W
2025/02/16 20:13:59.165, 74.04 W
2025/02/16 20:13:59.175, 74.04 W
2025/02/16 20:13:59.185, 74.04 W
2025/02/16 20:13:59.195, 74.04 W
2025/02/16 20:13:59.205, 74.04 W
2025/02/16 20:13:59.216, 74.04 W
2025/02/16 20:13:59.226, 74.04 W
2025/02/16 20:13:59.236, 74.04 W
2025/02/16 20:13:59.246, 74.04 W
2025/02/16 20:13:59.256, 74.04 W
2025/02/16 20:13:59.266, 74.04 W
2025/02/16 20:13:59.276, 74.04 W
2025/02/16 20:13:59.286, 74.04 W
2025/02/16 20:13:59.296, 74.04 W
2025/02/16 20:13:59.306, 74.04 W
2025/02/16 20:13:59.316, 74.04 W
2025/02/16 20:13:59.326, 74.04 W
2025/02/16 20:13:59.336, 74.04 W
2025/02/16 20:13:59.346, 74.04 W
2025/02/16 20:13:59.356, 74.04 W
2025/02/16 20:13:59.366, 74.04 W
2025/02/16 20:13:59.377, 74.04 W
2025/02/16 20:13:59.387, 74.04 W
2025/02/16 20:13:59.397, 74.04 W
2025/02/16 20:13:59.407, 73.79 W
2025/02/16 20:13:59.417, 73.79 W
2025/02/16 20:13:59.427, 73.79 W
2025/02/16 20:13:59.437, 73.79 W
2025/02/16 20:13:59.447, 73.79 W
2025/02/16 20:13:59.457, 73.79 W
2025/02/16 20:13:59.467, 73.79 W
2025/02/16 20:13:59.477, 73.79 W
2025/02/16 20:13:59.487, 73.79 W
2025/02/16 20:13:59.497, 73.79 W
2025/02/16 20:13:59.507, 74.04 W
2025/02/16 20:13:59.517, 74.04 W
2025/02/16 20:13:59.528, 74.04 W
2025/02/16 20:13:59.538, 74.04 W
2025/02/16 20:13:59.548, 74.04 W
2025/02/16 20:13:59.558, 74.04 W
2025/02/16 20:13:59.568, 74.04 W
2025/02/16 20:13:59.578, 74.04 W
2025/02/16 20:13:59.588, 74.04 W
2025/02/16 20:13:59.598, 74.04 W
2025/02/16 20:13:59.608, 74.04 W
2025/02/16 20:13:59.618, 74.04 W
2025/02/16 20:13:59.628, 74.12 W
2025/02/16 20:13:59.638, 74.12 W
2025/02/16 20:13:59.648, 74.12 W
2025/02/16 20:13:59.658, 74.12 W
2025/02/16 20:13:59.668, 74.12 W
2025/02/16 20:13:59.678, 74.12 W
2025/02/16 20:13:59.689, 74.12 W
2025/02/16 20:13:59.699, 74.12 W
2025/02/16 20:13:59.709, 74.04 W
2025/02/16 20:13:59.719, 74.04 W
2025/02/16 20:13:59.729, 74.04 W
2025/02/16 20:13:59.739, 74.04 W
2025/02/16 20:13:59.749, 74.04 W
2025/02/16 20:13:59.759, 74.04 W
2025/02/16 20:13:59.769, 74.04 W
2025/02/16 20:13:59.779, 74.04 W
2025/02/16 20:13:59.789, 74.04 W
2025/02/16 20:13:59.799, 74.04 W
2025/02/16 20:13:59.809, 74.04 W
2025/02/16 20:13:59.819, 74.04 W
2025/02/16 20:13:59.829, 74.21 W
2025/02/16 20:13:59.839, 74.21 W
2025/02/16 20:13:59.850, 74.21 W
2025/02/16 20:13:59.860, 74.21 W
2025/02/16 20:13:59.870, 74.21 W
2025/02/16 20:13:59.880, 74.21 W
2025/02/16 20:13:59.890, 74.21 W
2025/02/16 20:13:59.900, 74.21 W
2025/02/16 20:13:59.910, 74.21 W
2025/02/16 20:13:59.920, 74.04 W
2025/02/16 20:13:59.930, 74.04 W
2025/02/16 20:13:59.940, 74.04 W
2025/02/16 20:13:59.950, 74.04 W
2025/02/16 20:13:59.960, 74.04 W
2025/02/16 20:13:59.970, 74.04 W
2025/02/16 20:13:59.980, 74.04 W
2025/02/16 20:13:59.990, 74.04 W
2025/02/16 20:14:00.001, 74.04 W
2025/02/16 20:14:00.011, 74.04 W
2025/02/16 20:14:00.021, 74.04 W
2025/02/16 20:14:00.031, 74.04 W
2025/02/16 20:14:00.041, 74.04 W
2025/02/16 20:14:00.051, 74.04 W
2025/02/16 20:14:00.061, 74.04 W
2025/02/16 20:14:00.071, 74.04 W
2025/02/16 20:14:00.081, 74.04 W
2025/02/16 20:14:00.091, 74.04 W
2025/02/16 20:14:00.101, 74.04 W
2025/02/16 20:14:00.111, 74.04 W
2025/02/16 20:14:00.121, 74.04 W
2025/02/16 20:14:00.131, 74.04 W
2025/02/16 20:14:00.141, 74.04 W
2025/02/16 20:14:00.151, 74.04 W
2025/02/16 20:14:00.162, 74.04 W
2025/02/16 20:14:00.172, 74.04 W
2025/02/16 20:14:00.182, 74.04 W
2025/02/16 20:14:00.192, 74.04 W
2025/02/16 20:14:00.202, 74.04 W
2025/02/16 20:14:00.212, 74.04 W
2025/02/16 20:14:00.222, 74.04 W
2025/02/16 20:14:00.232, 74.04 W
2025/02/16 20:14:00.242, 74.04 W
2025/02/16 20:14:00.252, 74.04 W
2025/02/16 20:14:00.262, 74.04 W
2025/02/16 20:14:00.272, 74.04 W
2025/02/16 20:14:00.282, 74.04 W
2025/02/16 20:14:00.292, 74.04 W
2025/02/16 20:14:00.302, 74.04 W
2025/02/16 20:14:00.313, 74.04 W
2025/02/16 20:14:00.323, 74.12 W
2025/02/16 20:14:00.333, 74.12 W
2025/02/16 20:14:00.343, 74.12 W
2025/02/16 20:14:00.353, 74.12 W
2025/02/16 20:14:00.363, 74.12 W
2025/02/16 20:14:00.373, 74.12 W
2025/02/16 20:14:00.383, 74.12 W
2025/02/16 20:14:00.393, 74.12 W
2025/02/16 20:14:00.403, 74.12 W
2025/02/16 20:14:00.413, 74.12 W
2025/02/16 20:14:00.423, 74.12 W
2025/02/16 20:14:00.433, 74.04 W
2025/02/16 20:14:00.443, 74.04 W
2025/02/16 20:14:00.454, 74.04 W
2025/02/16 20:14:00.464, 74.04 W
2025/02/16 20:14:00.474, 74.04 W
2025/02/16 20:14:00.484, 74.04 W
2025/02/16 20:14:00.494, 74.04 W
2025/02/16 20:14:00.504, 74.04 W
2025/02/16 20:14:00.514, 74.04 W
2025/02/16 20:14:00.524, 74.04 W
2025/02/16 20:14:00.534, 73.96 W
2025/02/16 20:14:00.544, 73.96 W
2025/02/16 20:14:00.554, 73.96 W
2025/02/16 20:14:00.564, 73.96 W
2025/02/16 20:14:00.574, 73.96 W
2025/02/16 20:14:00.584, 73.96 W
2025/02/16 20:14:00.594, 73.96 W
2025/02/16 20:14:00.605, 73.96 W
2025/02/16 20:14:00.615, 73.96 W
2025/02/16 20:14:00.625, 73.96 W
2025/02/16 20:14:00.635, 73.96 W
2025/02/16 20:14:00.645, 73.96 W
2025/02/16 20:14:00.655, 74.04 W
2025/02/16 20:14:00.665, 74.04 W
2025/02/16 20:14:00.675, 74.04 W
2025/02/16 20:14:00.685, 74.04 W
2025/02/16 20:14:00.695, 74.04 W
2025/02/16 20:14:00.705, 74.04 W
2025/02/16 20:14:00.715, 74.04 W
2025/02/16 20:14:00.725, 74.04 W
2025/02/16 20:14:00.735, 74.04 W
2025/02/16 20:14:00.745, 74.04 W
2025/02/16 20:14:00.755, 74.04 W
2025/02/16 20:14:00.766, 74.04 W
2025/02/16 20:14:00.776, 74.04 W
2025/02/16 20:14:00.786, 74.04 W
2025/02/16 20:14:00.796, 74.04 W
2025/02/16 20:14:00.806, 74.04 W
2025/02/16 20:14:00.816, 74.04 W
2025/02/16 20:14:00.826, 74.04 W
2025/02/16 20:14:00.836, 74.04 W
2025/02/16 20:14:00.846, 74.04 W
2025/02/16 20:14:00.856, 73.88 W
2025/02/16 20:14:00.866, 73.88 W
2025/02/16 20:14:00.876, 73.88 W
2025/02/16 20:14:00.886, 73.88 W
2025/02/16 20:14:00.896, 73.88 W
2025/02/16 20:14:00.906, 73.88 W
2025/02/16 20:14:00.916, 73.88 W
2025/02/16 20:14:00.927, 73.88 W
2025/02/16 20:14:00.937, 73.96 W
2025/02/16 20:14:00.947, 73.96 W
2025/02/16 20:14:00.957, 73.96 W
2025/02/16 20:14:00.967, 73.96 W
2025/02/16 20:14:00.977, 73.96 W
2025/02/16 20:14:00.987, 73.96 W
2025/02/16 20:14:00.997, 73.96 W
2025/02/16 20:14:01.007, 73.96 W
2025/02/16 20:14:01.017, 73.96 W
2025/02/16 20:14:01.027, 73.96 W
2025/02/16 20:14:01.037, 73.96 W
2025/02/16 20:14:01.047, 73.96 W
2025/02/16 20:14:01.057, 74.05 W
2025/02/16 20:14:01.067, 74.05 W
2025/02/16 20:14:01.078, 74.05 W
2025/02/16 20:14:01.088, 74.05 W
2025/02/16 20:14:01.098, 74.05 W
2025/02/16 20:14:01.108, 74.05 W
2025/02/16 20:14:01.118, 74.05 W
2025/02/16 20:14:01.128, 74.05 W
2025/02/16 20:14:01.138, 74.05 W
2025/02/16 20:14:01.148, 74.05 W
2025/02/16 20:14:01.158, 74.05 W
2025/02/16 20:14:01.168, 74.05 W
2025/02/16 20:14:01.178, 74.05 W
2025/02/16 20:14:01.188, 74.05 W
2025/02/16 20:14:01.198, 74.05 W
2025/02/16 20:14:01.208, 74.05 W
2025/02/16 20:14:01.218, 74.05 W
2025/02/16 20:14:01.229, 74.05 W
2025/02/16 20:14:01.239, 74.05 W
2025/02/16 20:14:01.249, 74.05 W
2025/02/16 20:14:01.259, 74.05 W
2025/02/16 20:14:01.269, 74.05 W
2025/02/16 20:14:01.279, 74.05 W
2025/02/16 20:14:01.289, 74.05 W
2025/02/16 20:14:01.299, 74.05 W
2025/02/16 20:14:01.309, 74.05 W
2025/02/16 20:14:01.319, 74.05 W
2025/02/16 20:14:01.329, 74.05 W
2025/02/16 20:14:01.339, 74.05 W
2025/02/16 20:14:01.349, 74.05 W
2025/02/16 20:14:01.359, 74.05 W
2025/02/16 20:14:01.369, 74.05 W
2025/02/16 20:14:01.379, 74.05 W
2025/02/16 20:14:01.390, 74.05 W
2025/02/16 20:14:01.400, 74.05 W
2025/02/16 20:14:01.410, 74.05 W
2025/02/16 20:14:01.420, 74.05 W
2025/02/16 20:14:01.430, 74.05 W
2025/02/16 20:14:01.440, 74.05 W
2025/02/16 20:14:01.450, 74.05 W
2025/02/16 20:14:01.460, 74.05 W
2025/02/16 20:14:01.470, 74.05 W
2025/02/16 20:14:01.480, 74.05 W
2025/02/16 20:14:01.490, 74.05 W
2025/02/16 20:14:01.500, 74.05 W
2025/02/16 20:14:01.510, 74.05 W
2025/02/16 20:14:01.520, 74.05 W
2025/02/16 20:14:01.531, 74.05 W
2025/02/16 20:14:01.541, 74.05 W
2025/02/16 20:14:01.551, 74.05 W
2025/02/16 20:14:01.561, 74.05 W
2025/02/16 20:14:01.571, 74.05 W
2025/02/16 20:14:01.581, 74.05 W
2025/02/16 20:14:01.591, 74.05 W
2025/02/16 20:14:01.601, 74.05 W
2025/02/16 20:14:01.611, 74.05 W
2025/02/16 20:14:01.621, 74.05 W
2025/02/16 20:14:01.631, 74.05 W
2025/02/16 20:14:01.641, 74.05 W
2025/02/16 20:14:01.651, 74.05 W
2025/02/16 20:14:01.661, 74.05 W
2025/02/16 20:14:01.672, 74.05 W
2025/02/16 20:14:01.682, 74.05 W
2025/02/16 20:14:01.692, 74.05 W
2025/02/16 20:14:01.702, 74.05 W
2025/02/16 20:14:01.712, 74.05 W
2025/02/16 20:14:01.722, 74.05 W
2025/02/16 20:14:01.732, 74.05 W
2025/02/16 20:14:01.742, 74.05 W
2025/02/16 20:14:01.752, 74.05 W
2025/02/16 20:14:01.762, 74.05 W
2025/02/16 20:14:01.772, 74.05 W
2025/02/16 20:14:01.782, 74.05 W
2025/02/16 20:14:01.792, 74.05 W
2025/02/16 20:14:01.802, 74.05 W
2025/02/16 20:14:01.813, 74.05 W
2025/02/16 20:14:01.823, 74.05 W
2025/02/16 20:14:01.833, 74.05 W
2025/02/16 20:14:01.843, 74.05 W
2025/02/16 20:14:01.853, 74.05 W
2025/02/16 20:14:01.863, 74.05 W
2025/02/16 20:14:01.873, 74.05 W
2025/02/16 20:14:01.883, 74.05 W
2025/02/16 20:14:01.893, 74.05 W
2025/02/16 20:14:01.903, 74.05 W
2025/02/16 20:14:01.913, 74.05 W
2025/02/16 20:14:01.923, 74.05 W
2025/02/16 20:14:01.933, 74.05 W
2025/02/16 20:14:01.943, 74.05 W
2025/02/16 20:14:01.954, 74.05 W
2025/02/16 20:14:01.964, 74.05 W
2025/02/16 20:14:01.974, 74.05 W
2025/02/16 20:14:01.984, 74.05 W
2025/02/16 20:14:01.994, 74.05 W
2025/02/16 20:14:02.004, 74.05 W
2025/02/16 20:14:02.014, 74.05 W
2025/02/16 20:14:02.024, 74.05 W
2025/02/16 20:14:02.034, 74.05 W
2025/02/16 20:14:02.044, 74.05 W
2025/02/16 20:14:02.054, 74.05 W
2025/02/16 20:14:02.064, 74.05 W
2025/02/16 20:14:02.074, 74.05 W
2025/02/16 20:14:02.084, 74.05 W
2025/02/16 20:14:02.094, 74.05 W
2025/02/16 20:14:02.105, 74.05 W
2025/02/16 20:14:02.115, 74.05 W
2025/02/16 20:14:02.125, 74.05 W
2025/02/16 20:14:02.135, 74.05 W
2025/02/16 20:14:02.145, 74.05 W
2025/02/16 20:14:02.155, 74.05 W
2025/02/16 20:14:02.165, 74.05 W
2025/02/16 20:14:02.175, 74.05 W
2025/02/16 20:14:02.185, 74.05 W
2025/02/16 20:14:02.195, 74.05 W
2025/02/16 20:14:02.205, 74.05 W
2025/02/16 20:14:02.215, 74.05 W
2025/02/16 20:14:02.225, 74.05 W
2025/02/16 20:14:02.235, 74.05 W
2025/02/16 20:14:02.245, 74.05 W
2025/02/16 20:14:02.256, 74.05 W
2025/02/16 20:14:02.266, 74.05 W
2025/02/16 20:14:02.276, 74.05 W
2025/02/16 20:14:02.286, 74.05 W
2025/02/16 20:14:02.296, 74.05 W
2025/02/16 20:14:02.306, 74.05 W
2025/02/16 20:14:02.316, 74.05 W
2025/02/16 20:14:02.326, 74.05 W
2025/02/16 20:14:02.336, 74.05 W
2025/02/16 20:14:02.346, 74.05 W
2025/02/16 20:14:02.356, 74.05 W
2025/02/16 20:14:02.366, 74.05 W
2025/02/16 20:14:02.376, 74.05 W
2025/02/16 20:14:02.386, 74.05 W
2025/02/16 20:14:02.396, 74.05 W
2025/02/16 20:14:02.406, 74.05 W
2025/02/16 20:14:02.417, 74.05 W
2025/02/16 20:14:02.427, 74.05 W
2025/02/16 20:14:02.437, 74.05 W
2025/02/16 20:14:02.447, 74.05 W
2025/02/16 20:14:02.457, 74.05 W
2025/02/16 20:14:02.467, 74.05 W
2025/02/16 20:14:02.477, 74.05 W
2025/02/16 20:14:02.487, 74.05 W
2025/02/16 20:14:02.497, 74.05 W
2025/02/16 20:14:02.507, 74.05 W
2025/02/16 20:14:02.517, 74.05 W
2025/02/16 20:14:02.527, 74.05 W
2025/02/16 20:14:02.537, 74.05 W
2025/02/16 20:14:02.547, 74.05 W
2025/02/16 20:14:02.557, 74.05 W
2025/02/16 20:14:02.567, 74.05 W
2025/02/16 20:14:02.578, 74.05 W
2025/02/16 20:14:02.588, 74.05 W
2025/02/16 20:14:02.598, 74.05 W
2025/02/16 20:14:02.608, 74.05 W
2025/02/16 20:14:02.618, 74.05 W
2025/02/16 20:14:02.628, 74.05 W
2025/02/16 20:14:02.638, 74.05 W
2025/02/16 20:14:02.648, 74.05 W
2025/02/16 20:14:02.658, 74.05 W
2025/02/16 20:14:02.668, 74.05 W
2025/02/16 20:14:02.678, 74.05 W
2025/02/16 20:14:02.688, 74.05 W
2025/02/16 20:14:02.698, 74.05 W
2025/02/16 20:14:02.708, 74.05 W
2025/02/16 20:14:02.718, 74.05 W
2025/02/16 20:14:02.729, 74.05 W
2025/02/16 20:14:02.739, 74.05 W
2025/02/16 20:14:02.749, 74.05 W
2025/02/16 20:14:02.759, 74.05 W
2025/02/16 20:14:02.769, 74.05 W
2025/02/16 20:14:02.779, 74.05 W
2025/02/16 20:14:02.789, 74.05 W
2025/02/16 20:14:02.799, 74.05 W
2025/02/16 20:14:02.809, 74.05 W
2025/02/16 20:14:02.819, 74.05 W
2025/02/16 20:14:02.829, 74.05 W
2025/02/16 20:14:02.839, 74.05 W
2025/02/16 20:14:02.849, 74.05 W
2025/02/16 20:14:02.859, 74.05 W
2025/02/16 20:14:02.869, 74.05 W
2025/02/16 20:14:02.879, 74.05 W
2025/02/16 20:14:02.890, 74.05 W
2025/02/16 20:14:02.900, 73.96 W
2025/02/16 20:14:02.910, 73.96 W
2025/02/16 20:14:02.920, 73.96 W
2025/02/16 20:14:02.930, 73.96 W
2025/02/16 20:14:02.940, 73.96 W
2025/02/16 20:14:02.950, 73.96 W
2025/02/16 20:14:02.960, 73.96 W
2025/02/16 20:14:02.970, 73.96 W
2025/02/16 20:14:02.980, 73.96 W
2025/02/16 20:14:02.990, 74.05 W
2025/02/16 20:14:03.000, 74.05 W
2025/02/16 20:14:03.010, 74.05 W
2025/02/16 20:14:03.020, 74.05 W
2025/02/16 20:14:03.031, 74.05 W
2025/02/16 20:14:03.041, 74.05 W
2025/02/16 20:14:03.051, 74.05 W
2025/02/16 20:14:03.061, 74.05 W
2025/02/16 20:14:03.071, 74.05 W
2025/02/16 20:14:03.081, 74.05 W
2025/02/16 20:14:03.091, 74.05 W
2025/02/16 20:14:03.101, 74.05 W
2025/02/16 20:14:03.111, 74.05 W
2025/02/16 20:14:03.121, 74.05 W
2025/02/16 20:14:03.131, 74.05 W
2025/02/16 20:14:03.141, 74.05 W
2025/02/16 20:14:03.151, 74.05 W
2025/02/16 20:14:03.161, 74.05 W
2025/02/16 20:14:03.171, 74.05 W
2025/02/16 20:14:03.182, 74.05 W
2025/02/16 20:14:03.192, 74.05 W
2025/02/16 20:14:03.202, 74.05 W
2025/02/16 20:14:03.212, 74.05 W
2025/02/16 20:14:03.222, 74.05 W
2025/02/16 20:14:03.232, 74.05 W
2025/02/16 20:14:03.242, 74.05 W
2025/02/16 20:14:03.252, 74.05 W
2025/02/16 20:14:03.262, 74.05 W
2025/02/16 20:14:03.272, 74.05 W
2025/02/16 20:14:03.282, 74.05 W
2025/02/16 20:14:03.292, 74.05 W
2025/02/16 20:14:03.302, 74.05 W
2025/02/16 20:14:03.312, 74.05 W
2025/02/16 20:14:03.322, 74.05 W
2025/02/16 20:14:03.332, 74.05 W
2025/02/16 20:14:03.343, 74.05 W
2025/02/16 20:14:03.353, 74.05 W
2025/02/16 20:14:03.363, 74.05 W
2025/02/16 20:14:03.373, 74.05 W
2025/02/16 20:14:03.383, 74.05 W
2025/02/16 20:14:03.393, 74.05 W
2025/02/16 20:14:03.403, 74.05 W
2025/02/16 20:14:03.413, 74.05 W
2025/02/16 20:14:03.423, 74.05 W
2025/02/16 20:14:03.433, 74.05 W
2025/02/16 20:14:03.443, 74.05 W
2025/02/16 20:14:03.453, 74.05 W
2025/02/16 20:14:03.463, 74.05 W
2025/02/16 20:14:03.473, 74.05 W
2025/02/16 20:14:03.483, 74.05 W
2025/02/16 20:14:03.494, 74.05 W
2025/02/16 20:14:03.504, 74.05 W
2025/02/16 20:14:03.514, 74.05 W
2025/02/16 20:14:03.524, 74.05 W
2025/02/16 20:14:03.534, 74.05 W
2025/02/16 20:14:03.544, 74.05 W
2025/02/16 20:14:03.554, 74.05 W
2025/02/16 20:14:03.564, 74.05 W
2025/02/16 20:14:03.574, 74.05 W
2025/02/16 20:14:03.584, 74.05 W
2025/02/16 20:14:03.594, 74.05 W
2025/02/16 20:14:03.604, 74.05 W
2025/02/16 20:14:03.614, 74.05 W
2025/02/16 20:14:03.624, 74.05 W
2025/02/16 20:14:03.634, 74.05 W
2025/02/16 20:14:03.644, 74.05 W
2025/02/16 20:14:03.655, 74.05 W
2025/02/16 20:14:03.665, 74.05 W
2025/02/16 20:14:03.675, 74.05 W
2025/02/16 20:14:03.685, 74.05 W
2025/02/16 20:14:03.695, 74.05 W
2025/02/16 20:14:03.705, 74.05 W
2025/02/16 20:14:03.715, 74.05 W
2025/02/16 20:14:03.725, 74.05 W
2025/02/16 20:14:03.735, 74.05 W
2025/02/16 20:14:03.745, 74.05 W
2025/02/16 20:14:03.755, 74.05 W
2025/02/16 20:14:03.765, 74.05 W
2025/02/16 20:14:03.775, 74.05 W
2025/02/16 20:14:03.785, 74.05 W
2025/02/16 20:14:03.795, 74.05 W
2025/02/16 20:14:03.806, 74.05 W
2025/02/16 20:14:03.816, 74.05 W
2025/02/16 20:14:03.826, 74.05 W
2025/02/16 20:14:03.836, 74.05 W
2025/02/16 20:14:03.846, 74.05 W
2025/02/16 20:14:03.856, 74.05 W
2025/02/16 20:14:03.866, 74.05 W
2025/02/16 20:14:03.876, 74.05 W
2025/02/16 20:14:03.886, 74.05 W
2025/02/16 20:14:03.896, 74.05 W
2025/02/16 20:14:03.906, 74.05 W
2025/02/16 20:14:03.916, 74.05 W
2025/02/16 20:14:03.926, 74.05 W
2025/02/16 20:14:03.936, 74.05 W
2025/02/16 20:14:03.947, 74.05 W
2025/02/16 20:14:03.957, 74.05 W
2025/02/16 20:14:03.967, 74.05 W
2025/02/16 20:14:03.977, 74.05 W
2025/02/16 20:14:03.987, 74.05 W
2025/02/16 20:14:03.997, 74.05 W
2025/02/16 20:14:04.007, 74.05 W
2025/02/16 20:14:04.017, 74.05 W
2025/02/16 20:14:04.027, 74.05 W
2025/02/16 20:14:04.037, 74.05 W
2025/02/16 20:14:04.047, 74.05 W
2025/02/16 20:14:04.057, 74.05 W
2025/02/16 20:14:04.067, 74.05 W
2025/02/16 20:14:04.077, 74.05 W
2025/02/16 20:14:04.087, 74.05 W
2025/02/16 20:14:04.098, 74.05 W
2025/02/16 20:14:04.108, 74.05 W
2025/02/16 20:14:04.118, 74.05 W
2025/02/16 20:14:04.128, 74.05 W
2025/02/16 20:14:04.138, 74.04 W
2025/02/16 20:14:04.148, 74.04 W
2025/02/16 20:14:04.158, 74.04 W
2025/02/16 20:14:04.168, 74.04 W
2025/02/16 20:14:04.178, 74.04 W
2025/02/16 20:14:04.188, 74.04 W
2025/02/16 20:14:04.198, 74.04 W
2025/02/16 20:14:04.208, 74.04 W
2025/02/16 20:14:04.218, 74.04 W
2025/02/16 20:14:04.228, 74.04 W
2025/02/16 20:14:04.238, 74.04 W
2025/02/16 20:14:04.248, 74.04 W
2025/02/16 20:14:04.259, 74.04 W
2025/02/16 20:14:04.269, 74.04 W
2025/02/16 20:14:04.279, 74.04 W
2025/02/16 20:14:04.289, 74.04 W
2025/02/16 20:14:04.299, 74.04 W
2025/02/16 20:14:04.309, 74.04 W
2025/02/16 20:14:04.319, 74.04 W
2025/02/16 20:14:04.329, 74.04 W
2025/02/16 20:14:04.339, 74.04 W
2025/02/16 20:14:04.349, 74.04 W
2025/02/16 20:14:04.359, 74.04 W
2025/02/16 20:14:04.369, 74.04 W
2025/02/16 20:14:04.379, 74.04 W
2025/02/16 20:14:04.389, 74.04 W
2025/02/16 20:14:04.399, 74.04 W
2025/02/16 20:14:04.409, 74.04 W
2025/02/16 20:14:04.420, 74.04 W
2025/02/16 20:14:04.430, 74.04 W
2025/02/16 20:14:04.440, 74.04 W
2025/02/16 20:14:04.450, 74.04 W
2025/02/16 20:14:04.460, 74.04 W
2025/02/16 20:14:04.470, 74.04 W
2025/02/16 20:14:04.480, 74.04 W
2025/02/16 20:14:04.490, 74.04 W
2025/02/16 20:14:04.500, 74.04 W
2025/02/16 20:14:04.510, 74.04 W
2025/02/16 20:14:04.520, 74.04 W
2025/02/16 20:14:04.530, 74.04 W
2025/02/16 20:14:04.540, 74.04 W
2025/02/16 20:14:04.550, 74.04 W
2025/02/16 20:14:04.560, 74.04 W
2025/02/16 20:14:04.571, 74.04 W
2025/02/16 20:14:04.581, 74.04 W
2025/02/16 20:14:04.591, 74.04 W
2025/02/16 20:14:04.601, 74.04 W
2025/02/16 20:14:04.611, 74.04 W
2025/02/16 20:14:04.621, 74.04 W
2025/02/16 20:14:04.631, 73.79 W
2025/02/16 20:14:04.641, 73.79 W
2025/02/16 20:14:04.651, 73.79 W
2025/02/16 20:14:04.661, 73.79 W
2025/02/16 20:14:04.671, 73.79 W
2025/02/16 20:14:04.681, 73.79 W
2025/02/16 20:14:04.691, 73.79 W
2025/02/16 20:14:04.701, 73.79 W
2025/02/16 20:14:04.711, 73.79 W
2025/02/16 20:14:04.722, 73.79 W
2025/02/16 20:14:04.732, 73.79 W
2025/02/16 20:14:04.742, 73.79 W
2025/02/16 20:14:04.752, 73.88 W
2025/02/16 20:14:04.762, 73.88 W
2025/02/16 20:14:04.772, 73.88 W
2025/02/16 20:14:04.782, 73.88 W
2025/02/16 20:14:04.792, 73.88 W
2025/02/16 20:14:04.802, 73.88 W
2025/02/16 20:14:04.812, 73.88 W
2025/02/16 20:14:04.822, 73.88 W
2025/02/16 20:14:04.832, 74.04 W
2025/02/16 20:14:04.842, 74.04 W
2025/02/16 20:14:04.852, 74.04 W
2025/02/16 20:14:04.862, 74.04 W
2025/02/16 20:14:04.872, 74.04 W
2025/02/16 20:14:04.883, 74.04 W
2025/02/16 20:14:04.893, 74.04 W
2025/02/16 20:14:04.903, 74.04 W
2025/02/16 20:14:04.913, 74.04 W
2025/02/16 20:14:04.923, 74.04 W
2025/02/16 20:14:04.933, 74.04 W
2025/02/16 20:14:04.943, 74.04 W
2025/02/16 20:14:04.953, 74.04 W
2025/02/16 20:14:04.963, 74.04 W
2025/02/16 20:14:04.973, 74.04 W
2025/02/16 20:14:04.983, 74.04 W
2025/02/16 20:14:04.993, 74.04 W
2025/02/16 20:14:05.003, 74.04 W
2025/02/16 20:14:05.013, 74.04 W
2025/02/16 20:14:05.023, 74.04 W
2025/02/16 20:14:05.034, 74.04 W
2025/02/16 20:14:05.044, 74.04 W
2025/02/16 20:14:05.054, 74.04 W
2025/02/16 20:14:05.064, 74.04 W
2025/02/16 20:14:05.074, 74.04 W
2025/02/16 20:14:05.084, 74.04 W
2025/02/16 20:14:05.094, 74.04 W
2025/02/16 20:14:05.104, 74.04 W
2025/02/16 20:14:05.114, 74.04 W
2025/02/16 20:14:05.124, 74.04 W
2025/02/16 20:14:05.134, 74.04 W
2025/02/16 20:14:05.144, 74.04 W
2025/02/16 20:14:05.154, 74.04 W
2025/02/16 20:14:05.164, 74.04 W
2025/02/16 20:14:05.174, 74.04 W
2025/02/16 20:14:05.184, 74.04 W
2025/02/16 20:14:05.195, 74.04 W
2025/02/16 20:14:05.205, 74.04 W
2025/02/16 20:14:05.215, 74.04 W
2025/02/16 20:14:05.225, 74.04 W
2025/02/16 20:14:05.235, 74.04 W
2025/02/16 20:14:05.245, 73.95 W
2025/02/16 20:14:05.255, 73.95 W
2025/02/16 20:14:05.265, 73.95 W
2025/02/16 20:14:05.275, 73.95 W
2025/02/16 20:14:05.285, 73.95 W
2025/02/16 20:14:05.295, 73.95 W
2025/02/16 20:14:05.305, 73.95 W
2025/02/16 20:14:05.315, 73.95 W
2025/02/16 20:14:05.325, 73.95 W
2025/02/16 20:14:05.335, 73.95 W
2025/02/16 20:14:05.345, 73.95 W
2025/02/16 20:14:05.356, 74.04 W
2025/02/16 20:14:05.366, 74.04 W
2025/02/16 20:14:05.376, 74.04 W
2025/02/16 20:14:05.386, 74.04 W
2025/02/16 20:14:05.396, 74.04 W
2025/02/16 20:14:05.406, 74.04 W
2025/02/16 20:14:05.416, 74.04 W
2025/02/16 20:14:05.426, 74.04 W
2025/02/16 20:14:05.436, 74.04 W
2025/02/16 20:14:05.446, 74.04 W
2025/02/16 20:14:05.456, 74.04 W
2025/02/16 20:14:05.466, 74.04 W
2025/02/16 20:14:05.476, 74.04 W
2025/02/16 20:14:05.486, 74.04 W
2025/02/16 20:14:05.496, 74.04 W
2025/02/16 20:14:05.507, 74.04 W
2025/02/16 20:14:05.517, 74.04 W
2025/02/16 20:14:05.527, 74.04 W
2025/02/16 20:14:05.537, 74.04 W
2025/02/16 20:14:05.547, 74.04 W
2025/02/16 20:14:05.557, 74.04 W
2025/02/16 20:14:05.567, 74.21 W
2025/02/16 20:14:05.577, 74.21 W
2025/02/16 20:14:05.587, 74.21 W
2025/02/16 20:14:05.597, 74.21 W
2025/02/16 20:14:05.607, 74.21 W
2025/02/16 20:14:05.617, 74.21 W
2025/02/16 20:14:05.627, 74.21 W
2025/02/16 20:14:05.637, 74.21 W
2025/02/16 20:14:05.647, 74.04 W
2025/02/16 20:14:05.658, 74.04 W
2025/02/16 20:14:05.668, 74.04 W
2025/02/16 20:14:05.678, 74.04 W
2025/02/16 20:14:05.688, 74.04 W
2025/02/16 20:14:05.698, 74.04 W
2025/02/16 20:14:05.708, 74.04 W
2025/02/16 20:14:05.718, 74.04 W
2025/02/16 20:14:05.728, 74.04 W
2025/02/16 20:14:05.738, 74.04 W
2025/02/16 20:14:05.748, 74.04 W
2025/02/16 20:14:05.758, 74.04 W
2025/02/16 20:14:05.768, 73.79 W
2025/02/16 20:14:05.778, 73.79 W
2025/02/16 20:14:05.788, 73.79 W
2025/02/16 20:14:05.798, 73.79 W
2025/02/16 20:14:05.808, 73.79 W
2025/02/16 20:14:05.819, 73.79 W
2025/02/16 20:14:05.829, 73.79 W
2025/02/16 20:14:05.839, 73.79 W
2025/02/16 20:14:05.849, 73.79 W
2025/02/16 20:14:05.859, 74.04 W
2025/02/16 20:14:05.869, 74.04 W
2025/02/16 20:14:05.879, 74.04 W
2025/02/16 20:14:05.889, 74.04 W
2025/02/16 20:14:05.899, 74.04 W
2025/02/16 20:14:05.909, 74.04 W
2025/02/16 20:14:05.919, 74.04 W
2025/02/16 20:14:05.929, 74.04 W
2025/02/16 20:14:05.939, 74.04 W
2025/02/16 20:14:05.949, 74.04 W
2025/02/16 20:14:05.959, 74.04 W
2025/02/16 20:14:05.970, 74.04 W
2025/02/16 20:14:05.980, 74.05 W
2025/02/16 20:14:05.990, 74.05 W
2025/02/16 20:14:06.000, 74.05 W
2025/02/16 20:14:06.010, 74.05 W
2025/02/16 20:14:06.020, 74.05 W
2025/02/16 20:14:06.030, 74.05 W
2025/02/16 20:14:06.040, 74.05 W
2025/02/16 20:14:06.050, 74.05 W
2025/02/16 20:14:06.060, 74.05 W
2025/02/16 20:14:06.070, 74.05 W
2025/02/16 20:14:06.080, 74.05 W
2025/02/16 20:14:06.090, 74.05 W
2025/02/16 20:14:06.100, 74.05 W
2025/02/16 20:14:06.110, 74.05 W
2025/02/16 20:14:06.120, 74.05 W
2025/02/16 20:14:06.131, 74.05 W
2025/02/16 20:14:06.141, 74.05 W
2025/02/16 20:14:06.151, 74.05 W
2025/02/16 20:14:06.161, 74.05 W
2025/02/16 20:14:06.171, 74.05 W
2025/02/16 20:14:06.181, 74.05 W
2025/02/16 20:14:06.191, 74.05 W
2025/02/16 20:14:06.201, 74.05 W
2025/02/16 20:14:06.211, 74.05 W
2025/02/16 20:14:06.221, 74.05 W
2025/02/16 20:14:06.231, 74.05 W
2025/02/16 20:14:06.241, 74.05 W
2025/02/16 20:14:06.251, 74.05 W
2025/02/16 20:14:06.261, 74.05 W
2025/02/16 20:14:06.271, 74.05 W
2025/02/16 20:14:06.282, 74.05 W
2025/02/16 20:14:06.292, 74.05 W
2025/02/16 20:14:06.302, 74.05 W
2025/02/16 20:14:06.312, 74.05 W
2025/02/16 20:14:06.322, 74.05 W
2025/02/16 20:14:06.332, 74.05 W
2025/02/16 20:14:06.342, 74.05 W
2025/02/16 20:14:06.352, 74.05 W
2025/02/16 20:14:06.362, 74.05 W
2025/02/16 20:14:06.372, 74.05 W
2025/02/16 20:14:06.382, 74.05 W
2025/02/16 20:14:06.392, 74.05 W
2025/02/16 20:14:06.402, 74.05 W
2025/02/16 20:14:06.412, 74.05 W
2025/02/16 20:14:06.422, 74.05 W
2025/02/16 20:14:06.433, 74.05 W
2025/02/16 20:14:06.443, 74.05 W
2025/02/16 20:14:06.453, 74.05 W
2025/02/16 20:14:06.463, 74.05 W
2025/02/16 20:14:06.473, 74.05 W
2025/02/16 20:14:06.483, 74.05 W
2025/02/16 20:14:06.493, 74.05 W
2025/02/16 20:14:06.503, 74.05 W
2025/02/16 20:14:06.513, 74.05 W
2025/02/16 20:14:06.523, 74.05 W
2025/02/16 20:14:06.533, 74.05 W
2025/02/16 20:14:06.543, 74.05 W
2025/02/16 20:14:06.553, 74.05 W
2025/02/16 20:14:06.563, 74.05 W
2025/02/16 20:14:06.573, 74.05 W
2025/02/16 20:14:06.584, 74.05 W
2025/02/16 20:14:06.594, 74.05 W
2025/02/16 20:14:06.604, 74.05 W
2025/02/16 20:14:06.614, 74.05 W
2025/02/16 20:14:06.624, 74.05 W
2025/02/16 20:14:06.634, 74.05 W
2025/02/16 20:14:06.644, 74.05 W
2025/02/16 20:14:06.654, 74.05 W
2025/02/16 20:14:06.664, 74.05 W
2025/02/16 20:14:06.674, 74.05 W
2025/02/16 20:14:06.684, 74.05 W
2025/02/16 20:14:06.694, 74.05 W
2025/02/16 20:14:06.704, 74.05 W
2025/02/16 20:14:06.714, 74.05 W
2025/02/16 20:14:06.724, 74.05 W
2025/02/16 20:14:06.734, 74.05 W
2025/02/16 20:14:06.745, 74.05 W
2025/02/16 20:14:06.755, 74.05 W
2025/02/16 20:14:06.765, 74.05 W
2025/02/16 20:14:06.775, 74.05 W
2025/02/16 20:14:06.785, 74.05 W
2025/02/16 20:14:06.795, 74.05 W
2025/02/16 20:14:06.805, 74.05 W
2025/02/16 20:14:06.815, 74.05 W
2025/02/16 20:14:06.825, 74.05 W
2025/02/16 20:14:06.835, 74.05 W
2025/02/16 20:14:06.845, 74.05 W
2025/02/16 20:14:06.855, 74.05 W
2025/02/16 20:14:06.865, 74.05 W
2025/02/16 20:14:06.875, 74.05 W
2025/02/16 20:14:06.885, 74.05 W
2025/02/16 20:14:06.896, 74.05 W
2025/02/16 20:14:06.906, 74.05 W
2025/02/16 20:14:06.916, 74.05 W
2025/02/16 20:14:06.926, 74.05 W
2025/02/16 20:14:06.936, 74.05 W
2025/02/16 20:14:06.946, 74.05 W
2025/02/16 20:14:06.956, 74.05 W
2025/02/16 20:14:06.966, 74.05 W
2025/02/16 20:14:06.976, 74.05 W
2025/02/16 20:14:06.986, 74.05 W
2025/02/16 20:14:06.996, 74.05 W
2025/02/16 20:14:07.006, 74.05 W
2025/02/16 20:14:07.016, 74.05 W
2025/02/16 20:14:07.026, 74.05 W
2025/02/16 20:14:07.036, 74.05 W
2025/02/16 20:14:07.046, 74.05 W
2025/02/16 20:14:07.057, 74.05 W
2025/02/16 20:14:07.067, 74.05 W
2025/02/16 20:14:07.077, 74.05 W
2025/02/16 20:14:07.087, 74.05 W
2025/02/16 20:14:07.097, 74.05 W
2025/02/16 20:14:07.107, 74.05 W
2025/02/16 20:14:07.117, 74.05 W
2025/02/16 20:14:07.127, 74.05 W
2025/02/16 20:14:07.137, 74.05 W
2025/02/16 20:14:07.147, 74.05 W
2025/02/16 20:14:07.157, 74.05 W
2025/02/16 20:14:07.167, 74.05 W
2025/02/16 20:14:07.177, 74.05 W
2025/02/16 20:14:07.187, 74.05 W
2025/02/16 20:14:07.197, 74.05 W
2025/02/16 20:14:07.208, 74.05 W
2025/02/16 20:14:07.218, 74.05 W
2025/02/16 20:14:07.228, 74.05 W
2025/02/16 20:14:07.238, 74.05 W
2025/02/16 20:14:07.248, 74.05 W
2025/02/16 20:14:07.258, 74.05 W
2025/02/16 20:14:07.268, 74.05 W
2025/02/16 20:14:07.278, 74.05 W
2025/02/16 20:14:07.288, 74.05 W
2025/02/16 20:14:07.298, 74.05 W
2025/02/16 20:14:07.308, 74.05 W
2025/02/16 20:14:07.318, 74.05 W
2025/02/16 20:14:07.328, 74.05 W
2025/02/16 20:14:07.338, 74.05 W
2025/02/16 20:14:07.348, 74.05 W
2025/02/16 20:14:07.359, 74.05 W
2025/02/16 20:14:07.369, 74.05 W
2025/02/16 20:14:07.379, 74.05 W
2025/02/16 20:14:07.389, 74.29 W
2025/02/16 20:14:07.399, 74.29 W
2025/02/16 20:14:07.409, 74.29 W
2025/02/16 20:14:07.419, 74.29 W
2025/02/16 20:14:07.429, 74.29 W
2025/02/16 20:14:07.439, 74.29 W
2025/02/16 20:14:07.449, 74.29 W
2025/02/16 20:14:07.459, 74.29 W
2025/02/16 20:14:07.469, 74.29 W
2025/02/16 20:14:07.479, 74.29 W
2025/02/16 20:14:07.489, 74.29 W
2025/02/16 20:14:07.499, 74.05 W
2025/02/16 20:14:07.509, 74.05 W
2025/02/16 20:14:07.520, 74.05 W
2025/02/16 20:14:07.530, 74.05 W
2025/02/16 20:14:07.540, 74.05 W
2025/02/16 20:14:07.550, 74.05 W
2025/02/16 20:14:07.560, 74.05 W
2025/02/16 20:14:07.570, 74.05 W
2025/02/16 20:14:07.580, 74.05 W
2025/02/16 20:14:07.590, 74.05 W
2025/02/16 20:14:07.600, 74.05 W
2025/02/16 20:14:07.610, 74.05 W
2025/02/16 20:14:07.620, 74.05 W
2025/02/16 20:14:07.630, 74.05 W
2025/02/16 20:14:07.640, 74.05 W
2025/02/16 20:14:07.650, 74.05 W
2025/02/16 20:14:07.660, 74.05 W
2025/02/16 20:14:07.671, 74.05 W
2025/02/16 20:14:07.681, 74.05 W
2025/02/16 20:14:07.691, 74.05 W
2025/02/16 20:14:07.701, 74.05 W
2025/02/16 20:14:07.711, 74.05 W
2025/02/16 20:14:07.721, 74.05 W
2025/02/16 20:14:07.731, 74.05 W
2025/02/16 20:14:07.741, 74.05 W
2025/02/16 20:14:07.751, 74.05 W
2025/02/16 20:14:07.761, 74.05 W
2025/02/16 20:14:07.771, 74.05 W
2025/02/16 20:14:07.781, 74.05 W
2025/02/16 20:14:07.791, 74.05 W
2025/02/16 20:14:07.801, 74.05 W
2025/02/16 20:14:07.811, 74.05 W
2025/02/16 20:14:07.821, 74.05 W
2025/02/16 20:14:07.832, 74.05 W
2025/02/16 20:14:07.842, 74.05 W
2025/02/16 20:14:07.852, 74.05 W
2025/02/16 20:14:07.862, 74.05 W
2025/02/16 20:14:07.872, 74.05 W
2025/02/16 20:14:07.882, 74.05 W
2025/02/16 20:14:07.892, 74.05 W
2025/02/16 20:14:07.902, 74.05 W
2025/02/16 20:14:07.912, 74.05 W
2025/02/16 20:14:07.922, 74.05 W
2025/02/16 20:14:07.932, 74.05 W
2025/02/16 20:14:07.942, 74.05 W
2025/02/16 20:14:07.952, 74.05 W
2025/02/16 20:14:07.962, 74.05 W
2025/02/16 20:14:07.972, 74.05 W
2025/02/16 20:14:07.983, 74.05 W
2025/02/16 20:14:07.993, 74.05 W
2025/02/16 20:14:08.003, 74.05 W
2025/02/16 20:14:08.013, 74.05 W
2025/02/16 20:14:08.023, 74.05 W
2025/02/16 20:14:08.033, 74.05 W
2025/02/16 20:14:08.043, 74.05 W
2025/02/16 20:14:08.053, 74.05 W
2025/02/16 20:14:08.063, 74.05 W
2025/02/16 20:14:08.073, 74.05 W
2025/02/16 20:14:08.083, 74.05 W
2025/02/16 20:14:08.093, 74.05 W
2025/02/16 20:14:08.103, 74.05 W
2025/02/16 20:14:08.113, 74.05 W
2025/02/16 20:14:08.123, 74.05 W
2025/02/16 20:14:08.133, 74.05 W
2025/02/16 20:14:08.144, 74.05 W
2025/02/16 20:14:08.154, 74.05 W
2025/02/16 20:14:08.164, 74.05 W
2025/02/16 20:14:08.174, 74.05 W
2025/02/16 20:14:08.184, 74.05 W
2025/02/16 20:14:08.194, 74.05 W
2025/02/16 20:14:08.204, 74.05 W
2025/02/16 20:14:08.214, 74.05 W
2025/02/16 20:14:08.224, 74.05 W
2025/02/16 20:14:08.234, 74.05 W
2025/02/16 20:14:08.244, 74.05 W
2025/02/16 20:14:08.254, 74.05 W
2025/02/16 20:14:08.264, 74.05 W
2025/02/16 20:14:08.274, 74.05 W
2025/02/16 20:14:08.284, 74.05 W
2025/02/16 20:14:08.295, 74.05 W
2025/02/16 20:14:08.305, 74.05 W
2025/02/16 20:14:08.315, 74.05 W
2025/02/16 20:14:08.325, 74.05 W
2025/02/16 20:14:08.335, 74.05 W
2025/02/16 20:14:08.345, 74.05 W
2025/02/16 20:14:08.355, 74.05 W
2025/02/16 20:14:08.365, 74.05 W
2025/02/16 20:14:08.375, 74.05 W
2025/02/16 20:14:08.385, 74.05 W
2025/02/16 20:14:08.395, 74.05 W
2025/02/16 20:14:08.405, 74.05 W
2025/02/16 20:14:08.415, 74.05 W
2025/02/16 20:14:08.425, 74.05 W
2025/02/16 20:14:08.435, 74.05 W
2025/02/16 20:14:08.445, 74.05 W
2025/02/16 20:14:08.456, 74.05 W
2025/02/16 20:14:08.466, 74.05 W
2025/02/16 20:14:08.476, 74.05 W
2025/02/16 20:14:08.486, 74.05 W
2025/02/16 20:14:08.496, 74.05 W
2025/02/16 20:14:08.506, 74.05 W
2025/02/16 20:14:08.516, 74.05 W
2025/02/16 20:14:08.526, 74.05 W
2025/02/16 20:14:08.536, 74.05 W
2025/02/16 20:14:08.546, 74.05 W
2025/02/16 20:14:08.556, 74.05 W
2025/02/16 20:14:08.566, 74.05 W
2025/02/16 20:14:08.576, 74.05 W
2025/02/16 20:14:08.586, 74.05 W
2025/02/16 20:14:08.596, 74.05 W
2025/02/16 20:14:08.607, 74.05 W
2025/02/16 20:14:08.617, 74.05 W
2025/02/16 20:14:08.627, 74.05 W
2025/02/16 20:14:08.637, 74.05 W
2025/02/16 20:14:08.647, 74.05 W
2025/02/16 20:14:08.657, 74.05 W
2025/02/16 20:14:08.667, 74.05 W
2025/02/16 20:14:08.677, 74.05 W
2025/02/16 20:14:08.687, 74.05 W
2025/02/16 20:14:08.697, 74.05 W
2025/02/16 20:14:08.707, 74.05 W
2025/02/16 20:14:08.717, 74.05 W
2025/02/16 20:14:08.727, 74.05 W
2025/02/16 20:14:08.737, 74.05 W
2025/02/16 20:14:08.747, 74.05 W
2025/02/16 20:14:08.757, 74.05 W
2025/02/16 20:14:08.768, 74.05 W
2025/02/16 20:14:08.778, 74.05 W
2025/02/16 20:14:08.788, 74.05 W
2025/02/16 20:14:08.798, 74.05 W
2025/02/16 20:14:08.808, 74.05 W
2025/02/16 20:14:08.818, 74.05 W
2025/02/16 20:14:08.828, 74.05 W
2025/02/16 20:14:08.838, 74.05 W
2025/02/16 20:14:08.848, 74.05 W
2025/02/16 20:14:08.858, 74.05 W
2025/02/16 20:14:08.868, 74.05 W
2025/02/16 20:14:08.878, 74.05 W
2025/02/16 20:14:08.888, 74.05 W
2025/02/16 20:14:08.898, 74.05 W
2025/02/16 20:14:08.908, 74.05 W
2025/02/16 20:14:08.919, 74.05 W
2025/02/16 20:14:08.929, 74.04 W
2025/02/16 20:14:08.939, 74.04 W
2025/02/16 20:14:08.949, 74.04 W
2025/02/16 20:14:08.959, 74.04 W
2025/02/16 20:14:08.969, 74.04 W
2025/02/16 20:14:08.979, 74.04 W
2025/02/16 20:14:08.989, 74.04 W
2025/02/16 20:14:08.999, 74.04 W
2025/02/16 20:14:09.009, 74.04 W
2025/02/16 20:14:09.019, 74.04 W
2025/02/16 20:14:09.029, 74.04 W
2025/02/16 20:14:09.039, 74.04 W
2025/02/16 20:14:09.049, 74.04 W
2025/02/16 20:14:09.059, 74.04 W
2025/02/16 20:14:09.070, 74.04 W
2025/02/16 20:14:09.080, 74.04 W
2025/02/16 20:14:09.090, 74.04 W
2025/02/16 20:14:09.100, 74.04 W
2025/02/16 20:14:09.110, 74.04 W
2025/02/16 20:14:09.120, 74.04 W
2025/02/16 20:14:09.130, 74.04 W
2025/02/16 20:14:09.140, 74.04 W
2025/02/16 20:14:09.150, 74.04 W
2025/02/16 20:14:09.160, 74.04 W
2025/02/16 20:14:09.170, 74.04 W
2025/02/16 20:14:09.180, 74.04 W
2025/02/16 20:14:09.190, 74.04 W
2025/02/16 20:14:09.200, 74.04 W
2025/02/16 20:14:09.210, 74.04 W
2025/02/16 20:14:09.221, 74.04 W
2025/02/16 20:14:09.231, 74.04 W
2025/02/16 20:14:09.241, 74.04 W
2025/02/16 20:14:09.251, 74.04 W
2025/02/16 20:14:09.261, 74.04 W
2025/02/16 20:14:09.271, 74.04 W
2025/02/16 20:14:09.281, 74.04 W
2025/02/16 20:14:09.291, 74.04 W
2025/02/16 20:14:09.301, 74.04 W
2025/02/16 20:14:09.311, 74.04 W
2025/02/16 20:14:09.321, 74.04 W
2025/02/16 20:14:09.331, 74.04 W
2025/02/16 20:14:09.341, 74.04 W
2025/02/16 20:14:09.351, 74.04 W
2025/02/16 20:14:09.361, 74.04 W
2025/02/16 20:14:09.371, 74.04 W
2025/02/16 20:14:09.382, 74.04 W
2025/02/16 20:14:09.392, 74.04 W
2025/02/16 20:14:09.402, 74.04 W
2025/02/16 20:14:09.412, 74.04 W
2025/02/16 20:14:09.422, 74.04 W
2025/02/16 20:14:09.432, 74.04 W
2025/02/16 20:14:09.442, 74.12 W
2025/02/16 20:14:09.452, 74.12 W
2025/02/16 20:14:09.462, 74.12 W
2025/02/16 20:14:09.472, 74.12 W
2025/02/16 20:14:09.482, 74.12 W
2025/02/16 20:14:09.492, 74.12 W
2025/02/16 20:14:09.502, 74.12 W
2025/02/16 20:14:09.512, 74.12 W
2025/02/16 20:14:09.522, 74.12 W
2025/02/16 20:14:09.532, 74.12 W
2025/02/16 20:14:09.543, 74.12 W
2025/02/16 20:14:09.553, 74.12 W
2025/02/16 20:14:09.563, 74.12 W
2025/02/16 20:14:09.573, 74.12 W
2025/02/16 20:14:09.583, 74.12 W
2025/02/16 20:14:09.593, 74.12 W
2025/02/16 20:14:09.603, 74.12 W
2025/02/16 20:14:09.613, 74.12 W
2025/02/16 20:14:09.623, 74.12 W
2025/02/16 20:14:09.633, 74.12 W
2025/02/16 20:14:09.643, 74.12 W
2025/02/16 20:14:09.653, 74.12 W
2025/02/16 20:14:09.663, 74.04 W
2025/02/16 20:14:09.673, 74.04 W
2025/02/16 20:14:09.683, 74.04 W
2025/02/16 20:14:09.693, 74.04 W
2025/02/16 20:14:09.704, 74.04 W
2025/02/16 20:14:09.714, 74.04 W
2025/02/16 20:14:09.724, 74.04 W
2025/02/16 20:14:09.734, 74.04 W
2025/02/16 20:14:09.744, 74.04 W
2025/02/16 20:14:09.754, 74.04 W
2025/02/16 20:14:09.764, 74.04 W
2025/02/16 20:14:09.774, 74.04 W
2025/02/16 20:14:09.784, 74.04 W
2025/02/16 20:14:09.794, 74.04 W
2025/02/16 20:14:09.804, 74.04 W
2025/02/16 20:14:09.814, 74.04 W
2025/02/16 20:14:09.824, 74.04 W
2025/02/16 20:14:09.834, 74.04 W
2025/02/16 20:14:09.844, 74.04 W
2025/02/16 20:14:09.855, 74.04 W
2025/02/16 20:14:09.865, 74.04 W
2025/02/16 20:14:09.875, 74.04 W
2025/02/16 20:14:09.885, 74.04 W
2025/02/16 20:14:09.895, 74.04 W
2025/02/16 20:14:09.905, 74.04 W
2025/02/16 20:14:09.915, 74.04 W
2025/02/16 20:14:09.925, 74.04 W
2025/02/16 20:14:09.935, 74.04 W
2025/02/16 20:14:09.945, 73.79 W
2025/02/16 20:14:09.955, 73.79 W
2025/02/16 20:14:09.965, 73.79 W
2025/02/16 20:14:09.975, 73.79 W
2025/02/16 20:14:09.985, 73.79 W
2025/02/16 20:14:09.995, 73.79 W
2025/02/16 20:14:10.006, 73.79 W
2025/02/16 20:14:10.016, 73.79 W
2025/02/16 20:14:10.026, 73.79 W
2025/02/16 20:14:10.036, 73.79 W
2025/02/16 20:14:10.046, 73.79 W
2025/02/16 20:14:10.056, 73.79 W
2025/02/16 20:14:10.066, 73.79 W
2025/02/16 20:14:10.076, 74.04 W
2025/02/16 20:14:10.086, 74.04 W
2025/02/16 20:14:10.096, 74.04 W
2025/02/16 20:14:10.106, 74.04 W
2025/02/16 20:14:10.116, 74.04 W
2025/02/16 20:14:10.126, 74.04 W
2025/02/16 20:14:10.136, 74.04 W
2025/02/16 20:14:10.146, 74.04 W
2025/02/16 20:14:10.156, 74.04 W
2025/02/16 20:14:10.167, 74.04 W
2025/02/16 20:14:10.177, 74.04 W
2025/02/16 20:14:10.187, 74.04 W
2025/02/16 20:14:10.197, 74.04 W
2025/02/16 20:14:10.207, 74.04 W
2025/02/16 20:14:10.217, 74.04 W
2025/02/16 20:14:10.227, 74.04 W
2025/02/16 20:14:10.237, 74.04 W
2025/02/16 20:14:10.247, 74.04 W
2025/02/16 20:14:10.257, 74.04 W
2025/02/16 20:14:10.267, 74.04 W
2025/02/16 20:14:10.277, 74.12 W
2025/02/16 20:14:10.287, 74.12 W
2025/02/16 20:14:10.297, 74.12 W
2025/02/16 20:14:10.307, 74.12 W
2025/02/16 20:14:10.318, 74.12 W
2025/02/16 20:14:10.328, 74.12 W
2025/02/16 20:14:10.338, 74.12 W
2025/02/16 20:14:10.348, 74.12 W
2025/02/16 20:14:10.358, 73.88 W
2025/02/16 20:14:10.368, 73.88 W
2025/02/16 20:14:10.378, 73.88 W
2025/02/16 20:14:10.388, 73.88 W
2025/02/16 20:14:10.398, 73.88 W
2025/02/16 20:14:10.408, 73.88 W
2025/02/16 20:14:10.418, 73.88 W
2025/02/16 20:14:10.428, 73.88 W
2025/02/16 20:14:10.438, 73.88 W
2025/02/16 20:14:10.448, 73.88 W
2025/02/16 20:14:10.458, 74.04 W
2025/02/16 20:14:10.468, 74.04 W
2025/02/16 20:14:10.479, 74.04 W
2025/02/16 20:14:10.489, 74.04 W
2025/02/16 20:14:10.499, 74.04 W
2025/02/16 20:14:10.509, 74.04 W
2025/02/16 20:14:10.519, 74.04 W
2025/02/16 20:14:10.529, 74.04 W
2025/02/16 20:14:10.539, 74.04 W
2025/02/16 20:14:10.549, 74.04 W
2025/02/16 20:14:10.559, 73.79 W
2025/02/16 20:14:10.569, 73.79 W
2025/02/16 20:14:10.579, 73.79 W
2025/02/16 20:14:10.589, 73.79 W
2025/02/16 20:14:10.599, 73.79 W
2025/02/16 20:14:10.609, 73.79 W
2025/02/16 20:14:10.619, 73.79 W
2025/02/16 20:14:10.629, 73.79 W
2025/02/16 20:14:10.640, 73.79 W
2025/02/16 20:14:10.650, 73.79 W
2025/02/16 20:14:10.660, 73.79 W
2025/02/16 20:14:10.670, 73.79 W
2025/02/16 20:14:10.680, 73.79 W
2025/02/16 20:14:10.690, 74.04 W
2025/02/16 20:14:10.700, 74.04 W
2025/02/16 20:14:10.710, 74.04 W
2025/02/16 20:14:10.720, 74.04 W
2025/02/16 20:14:10.730, 74.04 W
2025/02/16 20:14:10.740, 74.04 W
2025/02/16 20:14:10.750, 74.04 W
2025/02/16 20:14:10.760, 74.04 W
2025/02/16 20:14:10.770, 74.05 W
2025/02/16 20:14:10.780, 74.05 W
2025/02/16 20:14:10.791, 74.05 W
2025/02/16 20:14:10.801, 74.05 W
2025/02/16 20:14:10.811, 74.05 W
2025/02/16 20:14:10.821, 74.05 W
2025/02/16 20:14:10.831, 74.05 W
2025/02/16 20:14:10.841, 74.05 W
2025/02/16 20:14:10.851, 74.05 W
2025/02/16 20:14:10.861, 74.05 W
2025/02/16 20:14:10.871, 74.05 W
2025/02/16 20:14:10.881, 74.05 W
2025/02/16 20:14:10.891, 74.05 W
2025/02/16 20:14:10.901, 74.05 W
2025/02/16 20:14:10.911, 74.05 W
2025/02/16 20:14:10.921, 74.05 W
2025/02/16 20:14:10.931, 74.05 W
2025/02/16 20:14:10.941, 74.05 W
2025/02/16 20:14:10.952, 74.05 W
2025/02/16 20:14:10.962, 74.05 W
2025/02/16 20:14:10.972, 74.05 W
2025/02/16 20:14:10.982, 74.05 W
2025/02/16 20:14:10.992, 74.05 W
2025/02/16 20:14:11.002, 74.05 W
2025/02/16 20:14:11.012, 74.05 W
2025/02/16 20:14:11.022, 74.05 W
2025/02/16 20:14:11.032, 74.05 W
2025/02/16 20:14:11.042, 74.05 W
2025/02/16 20:14:11.052, 74.05 W
2025/02/16 20:14:11.062, 74.05 W
2025/02/16 20:14:11.072, 74.05 W
2025/02/16 20:14:11.082, 74.05 W
2025/02/16 20:14:11.092, 74.05 W
2025/02/16 20:14:11.103, 74.05 W
2025/02/16 20:14:11.113, 74.05 W
2025/02/16 20:14:11.123, 74.05 W
2025/02/16 20:14:11.133, 74.05 W
2025/02/16 20:14:11.143, 74.05 W
2025/02/16 20:14:11.153, 74.05 W
2025/02/16 20:14:11.163, 74.05 W
2025/02/16 20:14:11.173, 74.05 W
2025/02/16 20:14:11.183, 74.05 W
2025/02/16 20:14:11.193, 74.05 W
2025/02/16 20:14:11.203, 74.05 W
2025/02/16 20:14:11.213, 74.05 W
2025/02/16 20:14:11.223, 74.05 W
2025/02/16 20:14:11.233, 74.05 W
2025/02/16 20:14:11.243, 74.05 W
2025/02/16 20:14:11.253, 74.05 W
2025/02/16 20:14:11.264, 74.05 W
2025/02/16 20:14:11.274, 74.05 W
2025/02/16 20:14:11.284, 74.05 W
2025/02/16 20:14:11.294, 74.05 W
2025/02/16 20:14:11.304, 74.05 W
2025/02/16 20:14:11.314, 74.05 W
2025/02/16 20:14:11.324, 74.05 W
2025/02/16 20:14:11.334, 74.05 W
2025/02/16 20:14:11.344, 74.05 W
2025/02/16 20:14:11.354, 74.05 W
2025/02/16 20:14:11.364, 74.05 W
2025/02/16 20:14:11.374, 74.05 W
2025/02/16 20:14:11.384, 74.05 W
2025/02/16 20:14:11.394, 74.05 W
2025/02/16 20:14:11.404, 74.05 W
2025/02/16 20:14:11.415, 74.05 W
2025/02/16 20:14:11.425, 74.05 W
2025/02/16 20:14:11.435, 74.05 W
2025/02/16 20:14:11.445, 74.05 W
2025/02/16 20:14:11.455, 74.05 W
2025/02/16 20:14:11.465, 74.05 W
2025/02/16 20:14:11.475, 74.05 W
2025/02/16 20:14:11.485, 74.05 W
2025/02/16 20:14:11.495, 74.05 W
2025/02/16 20:14:11.505, 74.05 W
2025/02/16 20:14:11.515, 74.05 W
2025/02/16 20:14:11.525, 74.05 W
2025/02/16 20:14:11.535, 74.05 W
2025/02/16 20:14:11.545, 74.05 W
2025/02/16 20:14:11.555, 74.05 W
2025/02/16 20:14:11.565, 74.05 W
2025/02/16 20:14:11.576, 74.05 W
2025/02/16 20:14:11.586, 74.05 W
2025/02/16 20:14:11.596, 74.05 W
2025/02/16 20:14:11.606, 74.05 W
2025/02/16 20:14:11.616, 74.05 W
2025/02/16 20:14:11.626, 74.05 W
2025/02/16 20:14:11.636, 74.05 W
2025/02/16 20:14:11.646, 74.05 W
2025/02/16 20:14:11.656, 74.05 W
2025/02/16 20:14:11.666, 74.05 W
2025/02/16 20:14:11.676, 74.05 W
2025/02/16 20:14:11.686, 74.05 W
2025/02/16 20:14:11.696, 74.05 W
2025/02/16 20:14:11.706, 74.05 W
2025/02/16 20:14:11.717, 74.05 W
2025/02/16 20:14:11.727, 74.05 W
2025/02/16 20:14:11.737, 74.05 W
2025/02/16 20:14:11.747, 74.05 W
2025/02/16 20:14:11.757, 74.05 W
2025/02/16 20:14:11.767, 74.05 W
2025/02/16 20:14:11.777, 74.05 W
2025/02/16 20:14:11.787, 74.05 W
2025/02/16 20:14:11.797, 74.05 W
2025/02/16 20:14:11.807, 74.05 W
2025/02/16 20:14:11.817, 74.05 W
2025/02/16 20:14:11.827, 74.05 W
2025/02/16 20:14:11.837, 74.05 W
2025/02/16 20:14:11.847, 74.05 W
2025/02/16 20:14:11.857, 74.05 W
2025/02/16 20:14:11.867, 74.05 W
2025/02/16 20:14:11.878, 74.05 W
2025/02/16 20:14:11.888, 74.05 W
2025/02/16 20:14:11.898, 74.05 W
2025/02/16 20:14:11.908, 74.05 W
2025/02/16 20:14:11.918, 74.05 W
2025/02/16 20:14:11.928, 74.05 W
2025/02/16 20:14:11.938, 74.05 W
2025/02/16 20:14:11.948, 74.05 W
2025/02/16 20:14:11.958, 74.05 W
2025/02/16 20:14:11.968, 74.05 W
2025/02/16 20:14:11.978, 74.05 W
2025/02/16 20:14:11.988, 74.05 W
2025/02/16 20:14:11.998, 74.05 W
2025/02/16 20:14:12.008, 74.05 W
2025/02/16 20:14:12.018, 74.05 W
2025/02/16 20:14:12.029, 74.05 W
2025/02/16 20:14:12.039, 74.05 W
2025/02/16 20:14:12.049, 74.05 W
2025/02/16 20:14:12.059, 74.05 W
2025/02/16 20:14:12.069, 74.05 W
2025/02/16 20:14:12.079, 74.05 W
2025/02/16 20:14:12.089, 74.05 W
2025/02/16 20:14:12.099, 74.05 W
2025/02/16 20:14:12.109, 74.05 W
2025/02/16 20:14:12.119, 74.05 W
2025/02/16 20:14:12.129, 74.05 W
2025/02/16 20:14:12.139, 74.05 W
2025/02/16 20:14:12.149, 74.05 W
2025/02/16 20:14:12.159, 74.05 W
2025/02/16 20:14:12.169, 74.05 W
2025/02/16 20:14:12.179, 74.05 W
2025/02/16 20:14:12.190, 74.05 W
2025/02/16 20:14:12.200, 74.05 W
2025/02/16 20:14:12.210, 74.05 W
2025/02/16 20:14:12.220, 74.05 W
2025/02/16 20:14:12.230, 74.05 W
2025/02/16 20:14:12.240, 74.05 W
2025/02/16 20:14:12.250, 74.05 W
2025/02/16 20:14:12.260, 74.05 W
2025/02/16 20:14:12.270, 74.05 W
2025/02/16 20:14:12.280, 74.05 W
2025/02/16 20:14:12.290, 74.05 W
2025/02/16 20:14:12.300, 74.05 W
2025/02/16 20:14:12.310, 74.05 W
2025/02/16 20:14:12.320, 74.05 W
2025/02/16 20:14:12.330, 74.05 W
2025/02/16 20:14:12.340, 74.05 W
2025/02/16 20:14:12.351, 74.05 W
2025/02/16 20:14:12.361, 74.05 W
2025/02/16 20:14:12.371, 74.05 W
2025/02/16 20:14:12.381, 74.05 W
2025/02/16 20:14:12.391, 74.05 W
2025/02/16 20:14:12.401, 74.05 W
2025/02/16 20:14:12.411, 74.05 W
2025/02/16 20:14:12.421, 74.05 W
2025/02/16 20:14:12.431, 74.05 W
2025/02/16 20:14:12.441, 74.05 W
2025/02/16 20:14:12.451, 74.05 W
2025/02/16 20:14:12.461, 74.05 W
2025/02/16 20:14:12.471, 74.05 W
2025/02/16 20:14:12.481, 74.05 W
2025/02/16 20:14:12.491, 74.05 W
2025/02/16 20:14:12.502, 74.05 W
2025/02/16 20:14:12.512, 74.05 W
2025/02/16 20:14:12.522, 74.05 W
2025/02/16 20:14:12.532, 74.05 W
2025/02/16 20:14:12.542, 74.05 W
2025/02/16 20:14:12.552, 74.05 W
2025/02/16 20:14:12.562, 74.05 W
2025/02/16 20:14:12.572, 74.05 W
2025/02/16 20:14:12.582, 74.05 W
2025/02/16 20:14:12.592, 74.05 W
2025/02/16 20:14:12.602, 74.05 W
2025/02/16 20:14:12.612, 74.05 W
2025/02/16 20:14:12.622, 74.05 W
2025/02/16 20:14:12.632, 74.05 W
2025/02/16 20:14:12.642, 74.05 W
2025/02/16 20:14:12.653, 74.05 W
2025/02/16 20:14:12.663, 74.05 W
2025/02/16 20:14:12.673, 74.05 W
2025/02/16 20:14:12.683, 74.05 W
2025/02/16 20:14:12.693, 74.05 W
2025/02/16 20:14:12.703, 74.05 W
2025/02/16 20:14:12.713, 74.05 W
2025/02/16 20:14:12.723, 74.05 W
2025/02/16 20:14:12.733, 74.05 W
2025/02/16 20:14:12.743, 74.05 W
2025/02/16 20:14:12.753, 74.05 W
2025/02/16 20:14:12.763, 74.05 W
2025/02/16 20:14:12.773, 74.05 W
2025/02/16 20:14:12.783, 74.05 W
2025/02/16 20:14:12.793, 74.05 W
2025/02/16 20:14:12.803, 74.05 W
2025/02/16 20:14:12.814, 74.05 W
2025/02/16 20:14:12.824, 74.05 W
2025/02/16 20:14:12.834, 74.05 W
2025/02/16 20:14:12.844, 74.05 W
2025/02/16 20:14:12.854, 74.05 W
2025/02/16 20:14:12.864, 74.05 W
2025/02/16 20:14:12.874, 74.05 W
2025/02/16 20:14:12.884, 74.05 W
2025/02/16 20:14:12.894, 74.05 W
2025/02/16 20:14:12.904, 74.05 W
2025/02/16 20:14:12.914, 74.05 W
2025/02/16 20:14:12.924, 74.05 W
2025/02/16 20:14:12.934, 74.05 W
2025/02/16 20:14:12.944, 74.05 W
2025/02/16 20:14:12.954, 74.05 W
2025/02/16 20:14:12.965, 74.05 W
2025/02/16 20:14:12.975, 74.05 W
2025/02/16 20:14:12.985, 74.05 W
2025/02/16 20:14:12.995, 74.05 W
2025/02/16 20:14:13.005, 74.05 W
2025/02/16 20:14:13.015, 74.05 W
2025/02/16 20:14:13.025, 74.05 W
2025/02/16 20:14:13.035, 74.05 W
2025/02/16 20:14:13.045, 74.05 W
2025/02/16 20:14:13.055, 74.05 W
2025/02/16 20:14:13.065, 74.05 W
2025/02/16 20:14:13.075, 74.05 W
2025/02/16 20:14:13.085, 74.05 W
2025/02/16 20:14:13.095, 74.05 W
2025/02/16 20:14:13.105, 74.05 W
2025/02/16 20:14:13.115, 74.05 W
2025/02/16 20:14:13.126, 74.05 W
2025/02/16 20:14:13.136, 74.05 W
2025/02/16 20:14:13.146, 73.96 W
2025/02/16 20:14:13.156, 73.96 W
2025/02/16 20:14:13.166, 73.96 W
2025/02/16 20:14:13.176, 73.96 W
2025/02/16 20:14:13.186, 73.96 W
2025/02/16 20:14:13.196, 73.96 W
2025/02/16 20:14:13.206, 73.96 W
2025/02/16 20:14:13.216, 73.96 W
2025/02/16 20:14:13.226, 74.05 W
2025/02/16 20:14:13.236, 74.05 W
2025/02/16 20:14:13.246, 74.05 W
2025/02/16 20:14:13.256, 74.05 W
2025/02/16 20:14:13.266, 74.05 W
2025/02/16 20:14:13.277, 74.05 W
2025/02/16 20:14:13.287, 74.05 W
2025/02/16 20:14:13.297, 74.05 W
2025/02/16 20:14:13.307, 74.05 W
2025/02/16 20:14:13.317, 74.05 W
2025/02/16 20:14:13.327, 74.05 W
2025/02/16 20:14:13.337, 74.05 W
2025/02/16 20:14:13.347, 74.05 W
2025/02/16 20:14:13.357, 74.05 W
2025/02/16 20:14:13.367, 74.05 W
2025/02/16 20:14:13.377, 74.05 W
2025/02/16 20:14:13.387, 74.05 W
2025/02/16 20:14:13.397, 74.05 W
2025/02/16 20:14:13.407, 74.05 W
2025/02/16 20:14:13.417, 74.05 W
2025/02/16 20:14:13.428, 74.05 W
2025/02/16 20:14:13.438, 74.05 W
2025/02/16 20:14:13.448, 74.05 W
2025/02/16 20:14:13.458, 74.05 W
2025/02/16 20:14:13.468, 74.05 W
2025/02/16 20:14:13.478, 74.05 W
2025/02/16 20:14:13.488, 74.05 W
2025/02/16 20:14:13.498, 74.05 W
2025/02/16 20:14:13.508, 74.05 W
2025/02/16 20:14:13.518, 74.05 W
2025/02/16 20:14:13.528, 74.05 W
2025/02/16 20:14:13.538, 74.05 W
2025/02/16 20:14:13.548, 74.05 W
2025/02/16 20:14:13.558, 74.05 W
2025/02/16 20:14:13.568, 74.05 W
2025/02/16 20:14:13.578, 74.05 W
2025/02/16 20:14:13.589, 74.05 W
2025/02/16 20:14:13.599, 74.05 W
2025/02/16 20:14:13.609, 74.05 W
2025/02/16 20:14:13.619, 74.05 W
2025/02/16 20:14:13.629, 74.05 W
2025/02/16 20:14:13.639, 74.05 W
2025/02/16 20:14:13.649, 74.05 W
2025/02/16 20:14:13.659, 74.05 W
2025/02/16 20:14:13.669, 74.05 W
2025/02/16 20:14:13.679, 74.05 W
2025/02/16 20:14:13.689, 74.05 W
2025/02/16 20:14:13.699, 74.05 W
2025/02/16 20:14:13.709, 74.05 W
2025/02/16 20:14:13.719, 74.05 W
2025/02/16 20:14:13.729, 74.05 W
2025/02/16 20:14:13.740, 74.05 W
2025/02/16 20:14:13.750, 74.05 W
2025/02/16 20:14:13.760, 74.05 W
2025/02/16 20:14:13.770, 74.05 W
2025/02/16 20:14:13.780, 74.05 W
2025/02/16 20:14:13.790, 74.05 W
2025/02/16 20:14:13.800, 74.05 W
2025/02/16 20:14:13.810, 74.05 W
2025/02/16 20:14:13.820, 74.05 W
2025/02/16 20:14:13.830, 74.05 W
2025/02/16 20:14:13.840, 74.05 W
2025/02/16 20:14:13.850, 74.05 W
2025/02/16 20:14:13.860, 74.05 W
2025/02/16 20:14:13.870, 74.05 W
2025/02/16 20:14:13.880, 74.05 W
2025/02/16 20:14:13.890, 74.05 W
2025/02/16 20:14:13.901, 74.05 W
2025/02/16 20:14:13.911, 74.05 W
2025/02/16 20:14:13.921, 74.05 W
2025/02/16 20:14:13.931, 74.05 W
2025/02/16 20:14:13.941, 74.05 W
2025/02/16 20:14:13.951, 74.05 W
2025/02/16 20:14:13.961, 74.04 W
2025/02/16 20:14:13.971, 74.04 W
2025/02/16 20:14:13.981, 74.04 W
2025/02/16 20:14:13.991, 74.04 W
2025/02/16 20:14:14.001, 74.04 W
2025/02/16 20:14:14.011, 74.04 W
2025/02/16 20:14:14.021, 74.04 W
2025/02/16 20:14:14.031, 74.04 W
2025/02/16 20:14:14.041, 74.04 W
2025/02/16 20:14:14.051, 74.04 W
2025/02/16 20:14:14.062, 74.04 W
2025/02/16 20:14:14.072, 74.04 W
2025/02/16 20:14:14.082, 74.04 W
2025/02/16 20:14:14.092, 74.04 W
2025/02/16 20:14:14.102, 74.04 W
2025/02/16 20:14:14.112, 74.04 W
2025/02/16 20:14:14.122, 74.04 W
2025/02/16 20:14:14.132, 74.04 W
2025/02/16 20:14:14.142, 74.04 W
2025/02/16 20:14:14.152, 74.04 W
2025/02/16 20:14:14.162, 74.04 W
2025/02/16 20:14:14.172, 74.04 W
2025/02/16 20:14:14.182, 74.04 W
2025/02/16 20:14:14.192, 74.04 W
2025/02/16 20:14:14.202, 74.04 W
2025/02/16 20:14:14.213, 74.04 W
2025/02/16 20:14:14.223, 74.04 W
2025/02/16 20:14:14.233, 74.04 W
2025/02/16 20:14:14.243, 74.04 W
2025/02/16 20:14:14.253, 74.04 W
2025/02/16 20:14:14.263, 74.04 W
2025/02/16 20:14:14.273, 74.04 W
2025/02/16 20:14:14.283, 74.04 W
2025/02/16 20:14:14.293, 74.04 W
2025/02/16 20:14:14.303, 74.04 W
2025/02/16 20:14:14.313, 74.04 W
2025/02/16 20:14:14.323, 74.04 W
2025/02/16 20:14:14.333, 74.04 W
2025/02/16 20:14:14.343, 74.04 W
2025/02/16 20:14:14.353, 74.04 W
2025/02/16 20:14:14.364, 74.04 W
2025/02/16 20:14:14.374, 74.04 W
2025/02/16 20:14:14.384, 74.04 W
2025/02/16 20:14:14.394, 74.04 W
2025/02/16 20:14:14.404, 74.04 W
2025/02/16 20:14:14.414, 74.04 W
2025/02/16 20:14:14.424, 74.04 W
2025/02/16 20:14:14.434, 74.04 W
2025/02/16 20:14:14.444, 74.04 W
2025/02/16 20:14:14.454, 74.12 W
2025/02/16 20:14:14.464, 74.12 W
2025/02/16 20:14:14.474, 74.12 W
2025/02/16 20:14:14.484, 74.12 W
2025/02/16 20:14:14.494, 74.12 W
2025/02/16 20:14:14.504, 74.12 W
2025/02/16 20:14:14.514, 74.12 W
2025/02/16 20:14:14.525, 74.12 W
2025/02/16 20:14:14.535, 74.12 W
2025/02/16 20:14:14.545, 74.12 W
2025/02/16 20:14:14.555, 74.12 W
2025/02/16 20:14:14.565, 74.12 W
2025/02/16 20:14:14.575, 74.12 W
2025/02/16 20:14:14.585, 74.12 W
2025/02/16 20:14:14.595, 74.12 W
2025/02/16 20:14:14.605, 74.12 W
2025/02/16 20:14:14.615, 74.12 W
2025/02/16 20:14:14.625, 74.12 W
2025/02/16 20:14:14.635, 74.12 W
2025/02/16 20:14:14.645, 74.12 W
2025/02/16 20:14:14.655, 73.88 W
2025/02/16 20:14:14.665, 73.88 W
2025/02/16 20:14:14.676, 73.88 W
2025/02/16 20:14:14.686, 73.88 W
2025/02/16 20:14:14.696, 73.88 W
2025/02/16 20:14:14.706, 73.88 W
2025/02/16 20:14:14.716, 73.88 W
2025/02/16 20:14:14.726, 73.88 W
2025/02/16 20:14:14.736, 73.88 W
2025/02/16 20:14:14.746, 73.88 W
2025/02/16 20:14:14.756, 73.88 W
2025/02/16 20:14:14.766, 73.88 W
2025/02/16 20:14:14.776, 73.88 W
2025/02/16 20:14:14.786, 74.04 W
2025/02/16 20:14:14.796, 74.04 W
2025/02/16 20:14:14.806, 74.04 W
2025/02/16 20:14:14.816, 74.04 W
2025/02/16 20:14:14.826, 74.04 W
2025/02/16 20:14:14.837, 74.04 W
2025/02/16 20:14:14.847, 74.04 W
2025/02/16 20:14:14.857, 74.04 W
2025/02/16 20:14:14.867, 73.79 W
2025/02/16 20:14:14.877, 73.79 W
2025/02/16 20:14:14.887, 73.79 W
2025/02/16 20:14:14.897, 73.79 W
2025/02/16 20:14:14.907, 73.79 W
2025/02/16 20:14:14.917, 73.79 W
2025/02/16 20:14:14.927, 73.79 W
2025/02/16 20:14:14.937, 73.79 W
2025/02/16 20:14:14.947, 73.79 W
2025/02/16 20:14:14.957, 73.79 W
2025/02/16 20:14:14.967, 73.79 W
2025/02/16 20:14:14.977, 73.79 W
2025/02/16 20:14:14.987, 74.04 W
2025/02/16 20:14:14.998, 74.04 W
2025/02/16 20:14:15.008, 74.04 W
2025/02/16 20:14:15.018, 74.04 W
2025/02/16 20:14:15.028, 74.04 W
2025/02/16 20:14:15.038, 74.04 W
2025/02/16 20:14:15.048, 74.04 W
2025/02/16 20:14:15.058, 74.04 W
2025/02/16 20:14:15.068, 74.04 W
2025/02/16 20:14:15.078, 74.04 W
2025/02/16 20:14:15.088, 74.04 W
2025/02/16 20:14:15.098, 74.04 W
2025/02/16 20:14:15.108, 74.04 W
2025/02/16 20:14:15.118, 74.04 W
2025/02/16 20:14:15.128, 74.04 W
2025/02/16 20:14:15.138, 74.04 W
2025/02/16 20:14:15.149, 74.04 W
2025/02/16 20:14:15.159, 74.04 W
2025/02/16 20:14:15.169, 74.04 W
2025/02/16 20:14:15.179, 74.04 W
2025/02/16 20:14:15.189, 74.12 W
2025/02/16 20:14:15.199, 74.12 W
2025/02/16 20:14:15.209, 74.12 W
2025/02/16 20:14:15.219, 74.12 W
2025/02/16 20:14:15.229, 74.12 W
2025/02/16 20:14:15.239, 74.12 W
2025/02/16 20:14:15.249, 74.12 W
2025/02/16 20:14:15.259, 74.12 W
2025/02/16 20:14:15.269, 74.12 W
2025/02/16 20:14:15.279, 74.12 W
2025/02/16 20:14:15.289, 74.12 W
2025/02/16 20:14:15.300, 74.12 W
2025/02/16 20:14:15.310, 74.12 W
2025/02/16 20:14:15.320, 74.12 W
2025/02/16 20:14:15.330, 74.12 W
2025/02/16 20:14:15.340, 74.12 W
2025/02/16 20:14:15.350, 74.12 W
2025/02/16 20:14:15.360, 74.12 W
2025/02/16 20:14:15.370, 74.12 W
2025/02/16 20:14:15.380, 73.88 W
2025/02/16 20:14:15.390, 73.88 W
2025/02/16 20:14:15.400, 73.88 W
2025/02/16 20:14:15.410, 73.88 W
2025/02/16 20:14:15.420, 73.88 W
2025/02/16 20:14:15.430, 73.88 W
2025/02/16 20:14:15.440, 73.88 W
2025/02/16 20:14:15.450, 73.88 W
2025/02/16 20:14:15.461, 73.88 W
2025/02/16 20:14:15.471, 73.88 W
2025/02/16 20:14:15.481, 74.04 W
2025/02/16 20:14:15.491, 74.04 W
2025/02/16 20:14:15.501, 74.04 W
2025/02/16 20:14:15.511, 74.04 W
2025/02/16 20:14:15.521, 74.04 W
2025/02/16 20:14:15.531, 74.04 W
2025/02/16 20:14:15.541, 74.04 W
2025/02/16 20:14:15.551, 74.04 W
2025/02/16 20:14:15.561, 74.04 W
2025/02/16 20:14:15.571, 74.04 W
2025/02/16 20:14:15.581, 74.04 W
2025/02/16 20:14:15.591, 74.04 W
2025/02/16 20:14:15.601, 74.04 W
2025/02/16 20:14:15.612, 74.04 W
2025/02/16 20:14:15.622, 74.04 W
2025/02/16 20:14:15.632, 74.04 W
2025/02/16 20:14:15.642, 74.04 W
2025/02/16 20:14:15.652, 74.04 W
2025/02/16 20:14:15.662, 74.04 W
2025/02/16 20:14:15.672, 74.04 W
2025/02/16 20:14:15.682, 74.12 W
2025/02/16 20:14:15.692, 74.12 W
2025/02/16 20:14:15.702, 74.12 W
2025/02/16 20:14:15.712, 74.12 W
2025/02/16 20:14:15.722, 74.12 W
2025/02/16 20:14:15.732, 74.12 W
2025/02/16 20:14:15.742, 74.12 W
2025/02/16 20:14:15.752, 74.12 W
2025/02/16 20:14:15.762, 74.12 W
2025/02/16 20:14:15.773, 74.12 W
2025/02/16 20:14:15.783, 74.12 W
2025/02/16 20:14:15.793, 74.12 W
2025/02/16 20:14:15.803, 74.12 W
2025/02/16 20:14:15.813, 74.12 W
2025/02/16 20:14:15.823, 74.12 W
2025/02/16 20:14:15.833, 74.12 W
2025/02/16 20:14:15.843, 74.12 W
2025/02/16 20:14:15.853, 74.12 W
2025/02/16 20:14:15.863, 74.12 W
2025/02/16 20:14:15.873, 74.12 W
2025/02/16 20:14:15.883, 74.12 W
2025/02/16 20:14:15.893, 74.05 W
2025/02/16 20:14:15.903, 74.05 W
2025/02/16 20:14:15.913, 74.05 W
2025/02/16 20:14:15.923, 74.05 W
2025/02/16 20:14:15.934, 74.05 W
2025/02/16 20:14:15.944, 74.05 W
2025/02/16 20:14:15.954, 74.05 W
2025/02/16 20:14:15.964, 74.05 W
2025/02/16 20:14:15.974, 74.05 W
2025/02/16 20:14:15.984, 74.05 W
2025/02/16 20:14:15.994, 74.05 W
2025/02/16 20:14:16.004, 74.05 W
2025/02/16 20:14:16.014, 73.96 W
2025/02/16 20:14:16.024, 73.96 W
2025/02/16 20:14:16.034, 73.96 W
2025/02/16 20:14:16.044, 73.96 W
2025/02/16 20:14:16.054, 73.96 W
2025/02/16 20:14:16.065, 73.96 W
2025/02/16 20:14:16.075, 73.96 W
2025/02/16 20:14:16.085, 73.96 W
2025/02/16 20:14:16.095, 74.05 W
2025/02/16 20:14:16.105, 74.05 W
2025/02/16 20:14:16.115, 74.05 W
2025/02/16 20:14:16.125, 74.05 W
2025/02/16 20:14:16.135, 74.05 W
2025/02/16 20:14:16.145, 74.05 W
2025/02/16 20:14:16.155, 74.05 W
2025/02/16 20:14:16.165, 74.05 W
2025/02/16 20:14:16.175, 74.05 W
2025/02/16 20:14:16.185, 74.05 W
2025/02/16 20:14:16.195, 74.05 W
2025/02/16 20:14:16.205, 74.05 W
2025/02/16 20:14:16.216, 74.05 W
2025/02/16 20:14:16.226, 74.05 W
2025/02/16 20:14:16.236, 74.05 W
2025/02/16 20:14:16.246, 74.05 W
2025/02/16 20:14:16.256, 74.05 W
2025/02/16 20:14:16.266, 74.05 W
2025/02/16 20:14:16.276, 74.05 W
2025/02/16 20:14:16.286, 74.05 W
2025/02/16 20:14:16.296, 74.05 W
2025/02/16 20:14:16.306, 74.05 W
2025/02/16 20:14:16.316, 74.05 W
2025/02/16 20:14:16.326, 74.05 W
2025/02/16 20:14:16.336, 74.05 W
2025/02/16 20:14:16.346, 74.05 W
2025/02/16 20:14:16.356, 74.05 W
2025/02/16 20:14:16.366, 74.05 W
2025/02/16 20:14:16.377, 74.05 W
2025/02/16 20:14:16.387, 74.05 W
2025/02/16 20:14:16.397, 74.05 W
2025/02/16 20:14:16.407, 74.05 W
2025/02/16 20:14:16.417, 74.05 W
2025/02/16 20:14:16.427, 74.05 W
2025/02/16 20:14:16.437, 74.05 W
2025/02/16 20:14:16.447, 74.05 W
2025/02/16 20:14:16.457, 74.05 W
2025/02/16 20:14:16.467, 74.05 W
2025/02/16 20:14:16.477, 74.05 W
2025/02/16 20:14:16.487, 74.05 W
2025/02/16 20:14:16.497, 74.05 W
2025/02/16 20:14:16.507, 74.05 W
2025/02/16 20:14:16.517, 74.05 W
2025/02/16 20:14:16.528, 74.05 W
2025/02/16 20:14:16.538, 74.05 W
2025/02/16 20:14:16.548, 74.05 W
2025/02/16 20:14:16.558, 74.05 W
2025/02/16 20:14:16.568, 74.05 W
2025/02/16 20:14:16.578, 74.05 W
2025/02/16 20:14:16.588, 74.05 W
2025/02/16 20:14:16.598, 74.05 W
2025/02/16 20:14:16.608, 74.05 W
2025/02/16 20:14:16.618, 74.05 W
2025/02/16 20:14:16.628, 74.05 W
2025/02/16 20:14:16.638, 74.05 W
2025/02/16 20:14:16.648, 74.05 W
2025/02/16 20:14:16.658, 74.05 W
2025/02/16 20:14:16.668, 74.05 W
2025/02/16 20:14:16.678, 74.05 W
2025/02/16 20:14:16.689, 74.05 W
2025/02/16 20:14:16.699, 74.05 W
2025/02/16 20:14:16.709, 74.05 W
2025/02/16 20:14:16.719, 74.05 W
2025/02/16 20:14:16.729, 74.05 W
2025/02/16 20:14:16.739, 74.05 W
2025/02/16 20:14:16.749, 74.05 W
2025/02/16 20:14:16.759, 74.05 W
2025/02/16 20:14:16.769, 74.05 W
2025/02/16 20:14:16.779, 74.05 W
2025/02/16 20:14:16.789, 74.05 W
2025/02/16 20:14:16.799, 74.05 W
2025/02/16 20:14:16.809, 74.05 W
2025/02/16 20:14:16.819, 74.05 W
2025/02/16 20:14:16.829, 74.05 W
2025/02/16 20:14:16.840, 74.05 W
2025/02/16 20:14:16.850, 74.05 W
2025/02/16 20:14:16.860, 74.05 W
2025/02/16 20:14:16.870, 74.05 W
2025/02/16 20:14:16.880, 74.05 W
2025/02/16 20:14:16.890, 74.05 W
2025/02/16 20:14:16.900, 74.05 W
2025/02/16 20:14:16.910, 74.05 W
2025/02/16 20:14:16.920, 74.05 W
2025/02/16 20:14:16.930, 74.05 W
2025/02/16 20:14:16.940, 74.05 W
2025/02/16 20:14:16.950, 74.05 W
2025/02/16 20:14:16.960, 74.05 W
2025/02/16 20:14:16.970, 74.05 W
2025/02/16 20:14:16.980, 74.05 W
2025/02/16 20:14:16.990, 74.05 W
2025/02/16 20:14:17.001, 74.05 W
2025/02/16 20:14:17.011, 74.05 W
2025/02/16 20:14:17.021, 74.05 W
2025/02/16 20:14:17.031, 74.05 W
2025/02/16 20:14:17.041, 74.05 W
2025/02/16 20:14:17.051, 74.05 W
2025/02/16 20:14:17.061, 74.05 W
2025/02/16 20:14:17.071, 74.05 W
2025/02/16 20:14:17.081, 74.05 W
2025/02/16 20:14:17.091, 74.05 W
2025/02/16 20:14:17.101, 74.05 W
2025/02/16 20:14:17.111, 74.05 W
2025/02/16 20:14:17.121, 74.05 W
2025/02/16 20:14:17.131, 74.05 W
2025/02/16 20:14:17.141, 74.05 W
2025/02/16 20:14:17.151, 74.05 W
2025/02/16 20:14:17.162, 74.05 W
2025/02/16 20:14:17.172, 74.05 W
2025/02/16 20:14:17.182, 74.05 W
2025/02/16 20:14:17.192, 74.05 W
2025/02/16 20:14:17.202, 74.05 W
2025/02/16 20:14:17.212, 74.05 W
2025/02/16 20:14:17.222, 74.05 W
2025/02/16 20:14:17.232, 74.05 W
2025/02/16 20:14:17.242, 73.76 W
2025/02/16 20:14:17.252, 73.76 W
2025/02/16 20:14:17.262, 73.76 W
2025/02/16 20:14:17.272, 73.76 W
2025/02/16 20:14:17.282, 73.76 W
2025/02/16 20:14:17.292, 73.76 W
2025/02/16 20:14:17.302, 73.76 W
2025/02/16 20:14:17.313, 73.76 W
2025/02/16 20:14:17.323, 73.76 W
2025/02/16 20:14:17.333, 73.76 W
2025/02/16 20:14:17.343, 73.76 W
2025/02/16 20:14:17.353, 73.76 W
2025/02/16 20:14:17.363, 73.76 W
2025/02/16 20:14:17.373, 73.76 W
2025/02/16 20:14:17.383, 73.76 W
2025/02/16 20:14:17.393, 73.76 W
2025/02/16 20:14:17.403, 73.76 W
2025/02/16 20:14:17.413, 73.76 W
2025/02/16 20:14:17.423, 74.05 W
2025/02/16 20:14:17.433, 74.05 W
2025/02/16 20:14:17.443, 74.05 W
2025/02/16 20:14:17.453, 74.05 W
2025/02/16 20:14:17.464, 74.05 W
2025/02/16 20:14:17.474, 74.05 W
2025/02/16 20:14:17.484, 74.05 W
2025/02/16 20:14:17.494, 74.05 W
2025/02/16 20:14:17.504, 74.05 W
2025/02/16 20:14:17.514, 74.05 W
2025/02/16 20:14:17.524, 74.05 W
2025/02/16 20:14:17.534, 74.05 W
2025/02/16 20:14:17.544, 74.05 W
2025/02/16 20:14:17.554, 74.05 W
2025/02/16 20:14:17.564, 74.05 W
2025/02/16 20:14:17.574, 74.05 W
2025/02/16 20:14:17.584, 74.05 W
2025/02/16 20:14:17.594, 74.05 W
2025/02/16 20:14:17.604, 74.05 W
2025/02/16 20:14:17.614, 74.05 W
2025/02/16 20:14:17.625, 74.05 W
2025/02/16 20:14:17.635, 74.05 W
2025/02/16 20:14:17.645, 74.05 W
2025/02/16 20:14:17.655, 73.76 W
2025/02/16 20:14:17.665, 73.76 W
2025/02/16 20:14:17.675, 73.76 W
2025/02/16 20:14:17.685, 73.76 W
2025/02/16 20:14:17.695, 73.76 W
2025/02/16 20:14:17.705, 73.76 W
2025/02/16 20:14:17.715, 73.76 W
2025/02/16 20:14:17.725, 73.76 W
2025/02/16 20:14:17.735, 73.76 W
2025/02/16 20:14:17.745, 73.76 W
2025/02/16 20:14:17.755, 73.76 W
2025/02/16 20:14:17.765, 73.76 W
2025/02/16 20:14:17.776, 73.76 W
2025/02/16 20:14:17.786, 73.76 W
2025/02/16 20:14:17.796, 73.76 W
2025/02/16 20:14:17.806, 73.76 W
2025/02/16 20:14:17.816, 73.76 W
2025/02/16 20:14:17.826, 73.76 W
2025/02/16 20:14:17.836, 73.76 W
2025/02/16 20:14:17.846, 73.76 W
2025/02/16 20:14:17.856, 73.76 W
2025/02/16 20:14:17.866, 73.76 W
2025/02/16 20:14:17.876, 73.76 W
2025/02/16 20:14:17.886, 73.76 W
2025/02/16 20:14:17.896, 73.76 W
2025/02/16 20:14:17.906, 73.76 W
2025/02/16 20:14:17.916, 73.76 W
2025/02/16 20:14:17.926, 73.76 W
2025/02/16 20:14:17.937, 73.76 W
2025/02/16 20:14:17.947, 73.76 W
2025/02/16 20:14:17.957, 73.76 W
2025/02/16 20:14:17.967, 73.76 W
2025/02/16 20:14:17.977, 73.76 W
2025/02/16 20:14:17.987, 73.76 W
2025/02/16 20:14:17.997, 73.76 W
2025/02/16 20:14:18.007, 73.76 W
2025/02/16 20:14:18.017, 73.76 W
2025/02/16 20:14:18.027, 73.76 W
2025/02/16 20:14:18.037, 73.76 W
2025/02/16 20:14:18.047, 73.76 W
2025/02/16 20:14:18.057, 73.76 W
2025/02/16 20:14:18.067, 73.76 W
2025/02/16 20:14:18.077, 73.76 W
2025/02/16 20:14:18.088, 73.76 W
2025/02/16 20:14:18.098, 73.76 W
2025/02/16 20:14:18.108, 73.76 W
2025/02/16 20:14:18.118, 73.76 W
2025/02/16 20:14:18.128, 73.76 W
2025/02/16 20:14:18.138, 73.76 W
2025/02/16 20:14:18.148, 73.76 W
2025/02/16 20:14:18.158, 73.76 W
2025/02/16 20:14:18.168, 73.76 W
2025/02/16 20:14:18.178, 73.76 W
2025/02/16 20:14:18.188, 73.76 W
2025/02/16 20:14:18.198, 73.76 W
2025/02/16 20:14:18.208, 73.76 W
2025/02/16 20:14:18.218, 73.76 W
2025/02/16 20:14:18.228, 73.76 W
2025/02/16 20:14:18.239, 73.76 W
2025/02/16 20:14:18.249, 73.76 W
2025/02/16 20:14:18.259, 73.76 W
2025/02/16 20:14:18.269, 74.05 W
2025/02/16 20:14:18.279, 74.05 W
2025/02/16 20:14:18.289, 74.05 W
2025/02/16 20:14:18.299, 74.05 W
2025/02/16 20:14:18.309, 74.05 W
2025/02/16 20:14:18.319, 74.05 W
2025/02/16 20:14:18.329, 74.05 W
2025/02/16 20:14:18.339, 74.05 W
2025/02/16 20:14:18.349, 73.76 W
2025/02/16 20:14:18.359, 73.76 W
2025/02/16 20:14:18.369, 73.76 W
2025/02/16 20:14:18.379, 73.76 W
2025/02/16 20:14:18.389, 73.76 W
2025/02/16 20:14:18.400, 73.76 W
2025/02/16 20:14:18.410, 73.76 W
2025/02/16 20:14:18.420, 73.76 W
2025/02/16 20:14:18.430, 73.76 W
2025/02/16 20:14:18.440, 73.76 W
2025/02/16 20:14:18.450, 74.05 W
2025/02/16 20:14:18.460, 74.05 W
2025/02/16 20:14:18.470, 74.05 W
2025/02/16 20:14:18.480, 74.05 W
2025/02/16 20:14:18.490, 74.05 W
2025/02/16 20:14:18.500, 74.05 W
2025/02/16 20:14:18.510, 74.05 W
2025/02/16 20:14:18.520, 74.05 W
2025/02/16 20:14:18.530, 74.05 W
2025/02/16 20:14:18.540, 74.05 W
2025/02/16 20:14:18.550, 73.76 W
2025/02/16 20:14:18.561, 73.76 W
2025/02/16 20:14:18.571, 73.76 W
2025/02/16 20:14:18.581, 73.76 W
2025/02/16 20:14:18.591, 73.76 W
2025/02/16 20:14:18.601, 73.76 W
2025/02/16 20:14:18.611, 73.76 W
2025/02/16 20:14:18.621, 73.76 W
2025/02/16 20:14:18.631, 73.76 W
2025/02/16 20:14:18.641, 73.76 W
2025/02/16 20:14:18.651, 73.76 W
2025/02/16 20:14:18.661, 73.76 W
2025/02/16 20:14:18.671, 73.76 W
2025/02/16 20:14:18.681, 73.76 W
2025/02/16 20:14:18.691, 73.76 W
2025/02/16 20:14:18.701, 73.76 W
2025/02/16 20:14:18.712, 73.76 W
2025/02/16 20:14:18.722, 73.76 W
2025/02/16 20:14:18.732, 73.76 W
2025/02/16 20:14:18.742, 73.76 W
2025/02/16 20:14:18.752, 73.76 W
2025/02/16 20:14:18.762, 73.79 W
2025/02/16 20:14:18.772, 73.79 W
2025/02/16 20:14:18.782, 73.79 W
2025/02/16 20:14:18.792, 73.79 W
2025/02/16 20:14:18.802, 73.79 W
2025/02/16 20:14:18.812, 73.79 W
2025/02/16 20:14:18.822, 73.79 W
2025/02/16 20:14:18.832, 73.79 W
2025/02/16 20:14:18.842, 73.79 W
2025/02/16 20:14:18.852, 73.79 W
2025/02/16 20:14:18.862, 73.79 W
2025/02/16 20:14:18.873, 73.79 W
2025/02/16 20:14:18.883, 73.79 W
2025/02/16 20:14:18.893, 73.79 W
2025/02/16 20:14:18.903, 73.79 W
2025/02/16 20:14:18.913, 73.79 W
2025/02/16 20:14:18.923, 73.79 W
2025/02/16 20:14:18.933, 73.79 W
2025/02/16 20:14:18.943, 73.79 W
2025/02/16 20:14:18.953, 73.79 W
2025/02/16 20:14:18.963, 73.79 W
2025/02/16 20:14:18.973, 73.79 W
2025/02/16 20:14:18.983, 73.79 W
2025/02/16 20:14:18.993, 73.79 W
2025/02/16 20:14:19.003, 73.79 W
2025/02/16 20:14:19.013, 73.79 W
2025/02/16 20:14:19.024, 73.79 W
2025/02/16 20:14:19.034, 73.79 W
2025/02/16 20:14:19.044, 73.79 W
2025/02/16 20:14:19.054, 73.79 W
2025/02/16 20:14:19.064, 73.79 W
2025/02/16 20:14:19.074, 73.79 W
2025/02/16 20:14:19.084, 73.79 W
2025/02/16 20:14:19.094, 73.79 W
2025/02/16 20:14:19.104, 73.79 W
2025/02/16 20:14:19.114, 73.79 W
2025/02/16 20:14:19.124, 73.79 W
2025/02/16 20:14:19.134, 73.79 W
2025/02/16 20:14:19.144, 73.79 W
2025/02/16 20:14:19.154, 73.79 W
2025/02/16 20:14:19.164, 73.88 W
2025/02/16 20:14:19.174, 73.88 W
2025/02/16 20:14:19.185, 73.88 W
2025/02/16 20:14:19.195, 73.88 W
2025/02/16 20:14:19.205, 73.88 W
2025/02/16 20:14:19.215, 73.88 W
2025/02/16 20:14:19.225, 73.88 W
2025/02/16 20:14:19.235, 73.88 W
2025/02/16 20:14:19.245, 73.88 W
2025/02/16 20:14:19.255, 73.88 W
2025/02/16 20:14:19.265, 73.88 W
2025/02/16 20:14:19.275, 73.88 W
2025/02/16 20:14:19.285, 73.79 W
2025/02/16 20:14:19.295, 73.79 W
2025/02/16 20:14:19.305, 73.79 W
2025/02/16 20:14:19.315, 73.79 W
2025/02/16 20:14:19.325, 73.79 W
2025/02/16 20:14:19.335, 73.79 W
2025/02/16 20:14:19.346, 73.79 W
2025/02/16 20:14:19.356, 73.79 W
2025/02/16 20:14:19.366, 73.79 W
2025/02/16 20:14:19.376, 73.96 W
2025/02/16 20:14:19.386, 73.96 W
2025/02/16 20:14:19.396, 73.96 W
2025/02/16 20:14:19.406, 73.96 W
2025/02/16 20:14:19.416, 73.96 W
2025/02/16 20:14:19.426, 73.96 W
2025/02/16 20:14:19.436, 73.96 W
2025/02/16 20:14:19.446, 73.96 W
2025/02/16 20:14:19.456, 73.96 W
2025/02/16 20:14:19.466, 73.96 W
2025/02/16 20:14:19.476, 73.96 W
2025/02/16 20:14:19.486, 73.96 W
2025/02/16 20:14:19.497, 73.71 W
2025/02/16 20:14:19.507, 73.71 W
2025/02/16 20:14:19.517, 73.71 W
2025/02/16 20:14:19.527, 73.71 W
2025/02/16 20:14:19.537, 73.71 W
2025/02/16 20:14:19.547, 73.71 W
2025/02/16 20:14:19.557, 73.71 W
2025/02/16 20:14:19.567, 73.71 W
2025/02/16 20:14:19.577, 74.04 W
2025/02/16 20:14:19.587, 74.04 W
2025/02/16 20:14:19.597, 74.04 W
2025/02/16 20:14:19.607, 74.04 W
2025/02/16 20:14:19.617, 74.04 W
2025/02/16 20:14:19.627, 74.04 W
2025/02/16 20:14:19.637, 74.04 W
2025/02/16 20:14:19.647, 74.04 W
2025/02/16 20:14:19.658, 74.04 W
2025/02/16 20:14:19.668, 74.04 W
2025/02/16 20:14:19.678, 74.04 W
2025/02/16 20:14:19.688, 74.04 W
2025/02/16 20:14:19.698, 73.79 W
2025/02/16 20:14:19.708, 73.79 W
2025/02/16 20:14:19.718, 73.79 W
2025/02/16 20:14:19.728, 73.79 W
2025/02/16 20:14:19.738, 73.79 W
2025/02/16 20:14:19.748, 73.79 W
2025/02/16 20:14:19.758, 73.79 W
2025/02/16 20:14:19.768, 73.79 W
2025/02/16 20:14:19.778, 73.79 W
2025/02/16 20:14:19.788, 73.79 W
2025/02/16 20:14:19.798, 73.79 W
2025/02/16 20:14:19.809, 73.79 W
2025/02/16 20:14:19.819, 73.79 W
2025/02/16 20:14:19.829, 73.79 W
2025/02/16 20:14:19.839, 73.79 W
2025/02/16 20:14:19.849, 73.79 W
2025/02/16 20:14:19.859, 73.79 W
2025/02/16 20:14:19.869, 73.79 W
2025/02/16 20:14:19.879, 73.79 W
2025/02/16 20:14:19.889, 73.79 W
2025/02/16 20:14:19.899, 73.79 W
2025/02/16 20:14:19.909, 73.79 W
2025/02/16 20:14:19.919, 73.79 W
2025/02/16 20:14:19.929, 73.79 W
2025/02/16 20:14:19.939, 73.79 W
2025/02/16 20:14:19.949, 73.79 W
2025/02/16 20:14:19.959, 73.79 W
2025/02/16 20:14:19.970, 73.79 W
2025/02/16 20:14:19.980, 73.79 W
2025/02/16 20:14:19.990, 73.79 W
2025/02/16 20:14:20.000, 73.79 W
2025/02/16 20:14:20.010, 73.79 W
2025/02/16 20:14:20.020, 73.79 W
2025/02/16 20:14:20.030, 73.79 W
2025/02/16 20:14:20.040, 73.79 W
2025/02/16 20:14:20.050, 73.79 W
2025/02/16 20:14:20.060, 73.79 W
2025/02/16 20:14:20.070, 73.79 W
2025/02/16 20:14:20.080, 73.79 W
2025/02/16 20:14:20.090, 73.79 W
2025/02/16 20:14:20.100, 73.79 W
2025/02/16 20:14:20.110, 73.79 W
2025/02/16 20:14:20.121, 73.79 W
2025/02/16 20:14:20.131, 73.79 W
2025/02/16 20:14:20.141, 73.79 W
2025/02/16 20:14:20.151, 73.79 W
2025/02/16 20:14:20.161, 73.79 W
2025/02/16 20:14:20.171, 73.79 W
2025/02/16 20:14:20.181, 73.79 W
2025/02/16 20:14:20.191, 73.96 W
2025/02/16 20:14:20.201, 73.96 W
2025/02/16 20:14:20.211, 73.96 W
2025/02/16 20:14:20.221, 73.96 W
2025/02/16 20:14:20.231, 73.96 W
2025/02/16 20:14:20.241, 73.96 W
2025/02/16 20:14:20.251, 73.96 W
2025/02/16 20:14:20.261, 73.96 W
2025/02/16 20:14:20.271, 73.96 W
2025/02/16 20:14:20.282, 73.96 W
2025/02/16 20:14:20.292, 73.96 W
2025/02/16 20:14:20.302, 73.96 W
2025/02/16 20:14:20.312, 73.79 W
2025/02/16 20:14:20.322, 73.79 W
2025/02/16 20:14:20.332, 73.79 W
2025/02/16 20:14:20.342, 73.79 W
2025/02/16 20:14:20.352, 73.79 W
2025/02/16 20:14:20.362, 73.79 W
2025/02/16 20:14:20.372, 73.79 W
2025/02/16 20:14:20.382, 73.79 W
2025/02/16 20:14:20.392, 73.79 W
2025/02/16 20:14:20.402, 73.79 W
2025/02/16 20:14:20.412, 73.79 W
2025/02/16 20:14:20.422, 73.79 W
2025/02/16 20:14:20.433, 73.79 W
2025/02/16 20:14:20.443, 73.79 W
2025/02/16 20:14:20.453, 73.79 W
2025/02/16 20:14:20.463, 73.79 W
2025/02/16 20:14:20.473, 73.79 W
2025/02/16 20:14:20.483, 73.79 W
2025/02/16 20:14:20.493, 73.79 W
2025/02/16 20:14:20.503, 73.88 W
2025/02/16 20:14:20.513, 73.88 W
2025/02/16 20:14:20.523, 73.88 W
2025/02/16 20:14:20.533, 73.88 W
2025/02/16 20:14:20.543, 73.88 W
2025/02/16 20:14:20.553, 73.88 W
2025/02/16 20:14:20.563, 73.88 W
2025/02/16 20:14:20.573, 73.88 W
2025/02/16 20:14:20.583, 73.88 W
2025/02/16 20:14:20.594, 73.88 W
2025/02/16 20:14:20.604, 73.68 W
2025/02/16 20:14:20.614, 73.68 W
2025/02/16 20:14:20.624, 73.68 W
2025/02/16 20:14:20.634, 73.68 W
2025/02/16 20:14:20.644, 73.68 W
2025/02/16 20:14:20.654, 73.68 W
2025/02/16 20:14:20.664, 73.68 W
2025/02/16 20:14:20.674, 73.68 W
2025/02/16 20:14:20.684, 73.68 W
2025/02/16 20:14:20.694, 73.68 W
2025/02/16 20:14:20.704, 73.68 W
2025/02/16 20:14:20.714, 73.68 W
2025/02/16 20:14:20.724, 74.05 W
2025/02/16 20:14:20.734, 74.05 W
2025/02/16 20:14:20.745, 74.05 W
2025/02/16 20:14:20.755, 74.05 W
2025/02/16 20:14:20.765, 74.05 W
2025/02/16 20:14:20.775, 74.05 W
2025/02/16 20:14:20.785, 74.05 W
2025/02/16 20:14:20.795, 74.05 W
2025/02/16 20:14:20.805, 74.05 W
2025/02/16 20:14:20.815, 74.05 W
2025/02/16 20:14:20.825, 74.05 W
2025/02/16 20:14:20.835, 74.05 W
2025/02/16 20:14:20.845, 74.05 W
2025/02/16 20:14:20.855, 74.05 W
2025/02/16 20:14:20.865, 74.05 W
2025/02/16 20:14:20.875, 74.05 W
2025/02/16 20:14:20.885, 74.05 W
2025/02/16 20:14:20.895, 74.05 W
2025/02/16 20:14:20.906, 74.05 W
2025/02/16 20:14:20.916, 74.05 W
2025/02/16 20:14:20.926, 74.05 W
2025/02/16 20:14:20.936, 74.05 W
2025/02/16 20:14:20.946, 74.05 W
2025/02/16 20:14:20.956, 74.05 W
2025/02/16 20:14:20.966, 74.05 W
2025/02/16 20:14:20.976, 74.05 W
2025/02/16 20:14:20.986, 74.05 W
2025/02/16 20:14:20.996, 74.05 W
2025/02/16 20:14:21.006, 74.05 W
2025/02/16 20:14:21.016, 74.05 W
2025/02/16 20:14:21.026, 74.05 W
2025/02/16 20:14:21.036, 74.05 W
2025/02/16 20:14:21.046, 74.05 W
2025/02/16 20:14:21.057, 74.05 W
2025/02/16 20:14:21.067, 74.05 W
2025/02/16 20:14:21.077, 74.05 W
2025/02/16 20:14:21.087, 74.05 W
2025/02/16 20:14:21.097, 74.05 W
2025/02/16 20:14:21.107, 74.05 W
2025/02/16 20:14:21.117, 74.05 W
2025/02/16 20:14:21.127, 74.05 W
2025/02/16 20:14:21.137, 74.05 W
2025/02/16 20:14:21.147, 74.05 W
2025/02/16 20:14:21.157, 74.05 W
2025/02/16 20:14:21.167, 74.05 W
2025/02/16 20:14:21.177, 74.05 W
2025/02/16 20:14:21.187, 74.05 W
2025/02/16 20:14:21.197, 74.05 W
2025/02/16 20:14:21.207, 74.05 W
2025/02/16 20:14:21.218, 74.05 W
2025/02/16 20:14:21.228, 74.05 W
2025/02/16 20:14:21.238, 74.05 W
2025/02/16 20:14:21.248, 74.05 W
2025/02/16 20:14:21.258, 74.05 W
2025/02/16 20:14:21.268, 74.05 W
2025/02/16 20:14:21.278, 74.05 W
2025/02/16 20:14:21.288, 74.05 W
2025/02/16 20:14:21.298, 74.05 W
2025/02/16 20:14:21.308, 74.05 W
2025/02/16 20:14:21.318, 74.05 W
2025/02/16 20:14:21.328, 74.05 W
2025/02/16 20:14:21.338, 73.68 W
2025/02/16 20:14:21.348, 73.68 W
2025/02/16 20:14:21.358, 73.68 W
2025/02/16 20:14:21.369, 73.68 W
2025/02/16 20:14:21.379, 73.68 W
2025/02/16 20:14:21.389, 73.68 W
2025/02/16 20:14:21.399, 73.68 W
2025/02/16 20:14:21.409, 73.68 W
2025/02/16 20:14:21.419, 73.68 W
2025/02/16 20:14:21.429, 73.68 W
2025/02/16 20:14:21.439, 73.76 W
2025/02/16 20:14:21.449, 73.76 W
2025/02/16 20:14:21.459, 73.76 W
2025/02/16 20:14:21.469, 73.76 W
2025/02/16 20:14:21.479, 73.76 W
2025/02/16 20:14:21.489, 73.76 W
2025/02/16 20:14:21.499, 73.76 W
2025/02/16 20:14:21.509, 73.76 W
2025/02/16 20:14:21.519, 73.76 W
2025/02/16 20:14:21.530, 74.05 W
2025/02/16 20:14:21.540, 74.05 W
2025/02/16 20:14:21.550, 74.05 W
2025/02/16 20:14:21.560, 74.05 W
2025/02/16 20:14:21.570, 74.05 W
2025/02/16 20:14:21.580, 74.05 W
2025/02/16 20:14:21.590, 74.05 W
2025/02/16 20:14:21.600, 74.05 W
2025/02/16 20:14:21.610, 74.05 W
2025/02/16 20:14:21.620, 74.05 W
2025/02/16 20:14:21.630, 73.76 W
2025/02/16 20:14:21.640, 73.76 W
2025/02/16 20:14:21.650, 73.76 W
2025/02/16 20:14:21.660, 73.76 W
2025/02/16 20:14:21.670, 73.76 W
2025/02/16 20:14:21.681, 73.76 W
2025/02/16 20:14:21.691, 73.76 W
2025/02/16 20:14:21.701, 73.76 W
2025/02/16 20:14:21.711, 73.76 W
2025/02/16 20:14:21.721, 73.76 W
2025/02/16 20:14:21.731, 73.76 W
2025/02/16 20:14:21.741, 73.76 W
2025/02/16 20:14:21.751, 74.05 W
2025/02/16 20:14:21.761, 74.05 W
2025/02/16 20:14:21.771, 74.05 W
2025/02/16 20:14:21.781, 74.05 W
2025/02/16 20:14:21.791, 74.05 W
2025/02/16 20:14:21.801, 74.05 W
2025/02/16 20:14:21.811, 74.05 W
2025/02/16 20:14:21.821, 74.05 W
2025/02/16 20:14:21.831, 73.76 W
2025/02/16 20:14:21.842, 73.76 W
2025/02/16 20:14:21.852, 73.76 W
2025/02/16 20:14:21.862, 73.76 W
2025/02/16 20:14:21.872, 73.76 W
2025/02/16 20:14:21.882, 73.76 W
2025/02/16 20:14:21.892, 73.76 W
2025/02/16 20:14:21.902, 73.76 W
2025/02/16 20:14:21.912, 73.76 W
2025/02/16 20:14:21.922, 73.76 W
2025/02/16 20:14:21.932, 73.76 W
2025/02/16 20:14:21.942, 73.76 W
2025/02/16 20:14:21.952, 74.05 W
2025/02/16 20:14:21.962, 74.05 W
2025/02/16 20:14:21.972, 74.05 W
2025/02/16 20:14:21.982, 74.05 W
2025/02/16 20:14:21.993, 74.05 W
2025/02/16 20:14:22.003, 74.05 W
2025/02/16 20:14:22.013, 74.05 W
2025/02/16 20:14:22.023, 74.05 W
2025/02/16 20:14:22.033, 74.05 W
2025/02/16 20:14:22.043, 74.05 W
2025/02/16 20:14:22.053, 74.05 W
2025/02/16 20:14:22.063, 74.05 W
2025/02/16 20:14:22.073, 74.05 W
2025/02/16 20:14:22.083, 74.05 W
2025/02/16 20:14:22.093, 74.05 W
2025/02/16 20:14:22.103, 74.05 W
2025/02/16 20:14:22.113, 74.05 W
2025/02/16 20:14:22.123, 74.05 W
2025/02/16 20:14:22.133, 74.05 W
2025/02/16 20:14:22.143, 74.05 W
2025/02/16 20:14:22.154, 73.76 W
2025/02/16 20:14:22.164, 73.76 W
2025/02/16 20:14:22.174, 73.76 W
2025/02/16 20:14:22.184, 73.76 W
2025/02/16 20:14:22.194, 73.76 W
2025/02/16 20:14:22.204, 73.76 W
2025/02/16 20:14:22.214, 73.76 W
2025/02/16 20:14:22.224, 73.76 W
2025/02/16 20:14:22.234, 73.76 W
2025/02/16 20:14:22.244, 74.05 W
2025/02/16 20:14:22.254, 74.05 W
2025/02/16 20:14:22.264, 74.05 W
2025/02/16 20:14:22.274, 74.05 W
2025/02/16 20:14:22.284, 74.05 W
2025/02/16 20:14:22.294, 74.05 W
2025/02/16 20:14:22.305, 74.05 W
2025/02/16 20:14:22.315, 74.05 W
2025/02/16 20:14:22.325, 74.05 W
2025/02/16 20:14:22.335, 74.05 W
2025/02/16 20:14:22.345, 74.05 W
2025/02/16 20:14:22.355, 74.05 W
2025/02/16 20:14:22.365, 74.05 W
2025/02/16 20:14:22.375, 74.05 W
2025/02/16 20:14:22.385, 74.05 W
2025/02/16 20:14:22.395, 74.05 W
2025/02/16 20:14:22.405, 74.05 W
2025/02/16 20:14:22.415, 74.05 W
2025/02/16 20:14:22.425, 74.05 W
2025/02/16 20:14:22.435, 74.05 W
2025/02/16 20:14:22.445, 74.05 W
2025/02/16 20:14:22.455, 74.05 W
2025/02/16 20:14:22.466, 73.76 W
2025/02/16 20:14:22.476, 73.76 W
2025/02/16 20:14:22.486, 73.76 W
2025/02/16 20:14:22.496, 73.76 W
2025/02/16 20:14:22.506, 73.76 W
2025/02/16 20:14:22.516, 73.76 W
2025/02/16 20:14:22.526, 73.76 W
2025/02/16 20:14:22.536, 73.76 W
2025/02/16 20:14:22.546, 73.76 W
2025/02/16 20:14:22.556, 73.76 W
2025/02/16 20:14:22.566, 73.76 W
2025/02/16 20:14:22.576, 73.76 W
2025/02/16 20:14:22.586, 73.76 W
2025/02/16 20:14:22.596, 73.76 W
2025/02/16 20:14:22.606, 73.76 W
2025/02/16 20:14:22.617, 73.76 W
2025/02/16 20:14:22.627, 73.76 W
2025/02/16 20:14:22.637, 73.76 W
2025/02/16 20:14:22.647, 73.76 W
2025/02/16 20:14:22.657, 74.05 W
2025/02/16 20:14:22.667, 74.05 W
2025/02/16 20:14:22.677, 74.05 W
2025/02/16 20:14:22.687, 74.05 W
2025/02/16 20:14:22.697, 74.05 W
2025/02/16 20:14:22.707, 74.05 W
2025/02/16 20:14:22.717, 74.05 W
2025/02/16 20:14:22.727, 74.05 W
2025/02/16 20:14:22.737, 74.05 W
2025/02/16 20:14:22.747, 74.05 W
2025/02/16 20:14:22.757, 74.05 W
2025/02/16 20:14:22.767, 74.05 W
2025/02/16 20:14:22.778, 73.76 W
2025/02/16 20:14:22.788, 73.76 W
2025/02/16 20:14:22.798, 73.76 W
2025/02/16 20:14:22.808, 73.76 W
2025/02/16 20:14:22.818, 73.76 W
2025/02/16 20:14:22.828, 73.76 W
2025/02/16 20:14:22.838, 73.76 W
2025/02/16 20:14:22.848, 73.76 W
2025/02/16 20:14:22.858, 73.76 W
2025/02/16 20:14:22.868, 73.76 W
2025/02/16 20:14:22.878, 73.76 W
2025/02/16 20:14:22.888, 73.76 W
2025/02/16 20:14:22.898, 73.76 W
2025/02/16 20:14:22.908, 73.76 W
2025/02/16 20:14:22.918, 73.76 W
2025/02/16 20:14:22.929, 73.76 W
2025/02/16 20:14:22.939, 73.76 W
2025/02/16 20:14:22.949, 73.76 W
2025/02/16 20:14:22.959, 73.76 W
2025/02/16 20:14:22.969, 73.76 W
2025/02/16 20:14:22.979, 73.76 W
2025/02/16 20:14:22.989, 73.76 W
2025/02/16 20:14:22.999, 73.76 W
2025/02/16 20:14:23.009, 73.76 W
2025/02/16 20:14:23.019, 73.76 W
2025/02/16 20:14:23.029, 73.76 W
2025/02/16 20:14:23.039, 73.76 W
2025/02/16 20:14:23.049, 73.76 W
2025/02/16 20:14:23.059, 73.76 W
2025/02/16 20:14:23.069, 73.76 W
2025/02/16 20:14:23.080, 73.76 W
2025/02/16 20:14:23.090, 73.76 W
2025/02/16 20:14:23.100, 73.76 W
2025/02/16 20:14:23.110, 73.76 W
2025/02/16 20:14:23.120, 73.76 W
2025/02/16 20:14:23.130, 73.76 W
2025/02/16 20:14:23.140, 73.76 W
2025/02/16 20:14:23.150, 73.76 W
2025/02/16 20:14:23.160, 73.76 W
2025/02/16 20:14:23.170, 73.76 W
2025/02/16 20:14:23.180, 73.76 W
2025/02/16 20:14:23.190, 73.76 W
2025/02/16 20:14:23.200, 73.76 W
2025/02/16 20:14:23.210, 73.76 W
2025/02/16 20:14:23.220, 73.76 W
2025/02/16 20:14:23.230, 73.76 W
2025/02/16 20:14:23.241, 73.76 W
2025/02/16 20:14:23.251, 73.76 W
2025/02/16 20:14:23.261, 73.76 W
2025/02/16 20:14:23.271, 74.05 W
2025/02/16 20:14:23.281, 74.05 W
2025/02/16 20:14:23.291, 74.05 W
2025/02/16 20:14:23.301, 74.05 W
2025/02/16 20:14:23.311, 74.05 W
2025/02/16 20:14:23.321, 74.05 W
2025/02/16 20:14:23.331, 74.05 W
2025/02/16 20:14:23.341, 74.05 W
2025/02/16 20:14:23.351, 74.05 W
2025/02/16 20:14:23.361, 74.05 W
2025/02/16 20:14:23.371, 73.76 W
2025/02/16 20:14:23.381, 73.76 W
2025/02/16 20:14:23.392, 73.76 W
2025/02/16 20:14:23.402, 73.76 W
2025/02/16 20:14:23.412, 73.76 W
2025/02/16 20:14:23.422, 73.76 W
2025/02/16 20:14:23.432, 73.76 W
2025/02/16 20:14:23.442, 73.76 W
2025/02/16 20:14:23.452, 73.76 W
2025/02/16 20:14:23.462, 73.76 W
2025/02/16 20:14:23.472, 73.76 W
2025/02/16 20:14:23.482, 73.76 W
2025/02/16 20:14:23.492, 73.76 W
2025/02/16 20:14:23.502, 73.76 W
2025/02/16 20:14:23.512, 73.76 W
2025/02/16 20:14:23.522, 73.76 W
2025/02/16 20:14:23.532, 73.76 W
2025/02/16 20:14:23.542, 73.76 W
2025/02/16 20:14:23.553, 73.76 W
2025/02/16 20:14:23.563, 73.76 W
2025/02/16 20:14:23.573, 73.76 W
2025/02/16 20:14:23.583, 73.76 W
2025/02/16 20:14:23.593, 73.76 W
2025/02/16 20:14:23.603, 73.76 W
2025/02/16 20:14:23.613, 73.76 W
2025/02/16 20:14:23.623, 73.76 W
2025/02/16 20:14:23.633, 73.76 W
2025/02/16 20:14:23.643, 73.76 W
2025/02/16 20:14:23.653, 73.76 W
2025/02/16 20:14:23.663, 73.76 W
2025/02/16 20:14:23.673, 73.76 W
2025/02/16 20:14:23.683, 73.76 W
2025/02/16 20:14:23.693, 73.76 W
2025/02/16 20:14:23.704, 73.76 W
2025/02/16 20:14:23.714, 73.76 W
2025/02/16 20:14:23.724, 73.76 W
2025/02/16 20:14:23.734, 73.76 W
2025/02/16 20:14:23.744, 73.76 W
2025/02/16 20:14:23.754, 73.76 W
2025/02/16 20:14:23.764, 73.76 W
2025/02/16 20:14:23.774, 73.76 W
2025/02/16 20:14:23.784, 73.76 W
2025/02/16 20:14:23.794, 74.05 W
2025/02/16 20:14:23.804, 74.05 W
2025/02/16 20:14:23.814, 74.05 W
2025/02/16 20:14:23.824, 74.05 W
2025/02/16 20:14:23.834, 74.05 W
2025/02/16 20:14:23.844, 74.05 W
2025/02/16 20:14:23.854, 74.05 W
2025/02/16 20:14:23.865, 74.05 W
2025/02/16 20:14:23.875, 73.76 W
2025/02/16 20:14:23.885, 73.76 W
2025/02/16 20:14:23.895, 73.76 W
2025/02/16 20:14:23.905, 73.76 W
2025/02/16 20:14:23.915, 73.76 W
2025/02/16 20:14:23.925, 73.76 W
2025/02/16 20:14:23.935, 73.76 W
2025/02/16 20:14:23.945, 73.76 W
2025/02/16 20:14:23.955, 73.76 W
2025/02/16 20:14:23.965, 73.76 W
2025/02/16 20:14:23.975, 73.76 W
2025/02/16 20:14:23.985, 73.76 W
2025/02/16 20:14:23.995, 73.76 W
2025/02/16 20:14:24.005, 73.88 W
2025/02/16 20:14:24.016, 73.88 W
2025/02/16 20:14:24.026, 73.88 W
2025/02/16 20:14:24.036, 73.88 W
2025/02/16 20:14:24.046, 73.88 W
2025/02/16 20:14:24.056, 73.88 W
2025/02/16 20:14:24.066, 73.88 W
2025/02/16 20:14:24.076, 73.88 W
2025/02/16 20:14:24.086, 73.79 W
2025/02/16 20:14:24.096, 73.79 W
2025/02/16 20:14:24.106, 73.79 W
2025/02/16 20:14:24.116, 73.79 W
2025/02/16 20:14:24.126, 73.79 W
2025/02/16 20:14:24.136, 73.79 W
2025/02/16 20:14:24.146, 73.79 W
2025/02/16 20:14:24.156, 73.79 W
2025/02/16 20:14:24.166, 73.79 W
2025/02/16 20:14:24.177, 73.79 W
2025/02/16 20:14:24.187, 73.79 W
2025/02/16 20:14:24.197, 73.79 W
2025/02/16 20:14:24.207, 74.04 W
2025/02/16 20:14:24.217, 74.04 W
2025/02/16 20:14:24.227, 74.04 W
2025/02/16 20:14:24.237, 74.04 W
2025/02/16 20:14:24.247, 74.04 W
2025/02/16 20:14:24.257, 74.04 W
2025/02/16 20:14:24.267, 74.04 W
2025/02/16 20:14:24.277, 74.04 W
2025/02/16 20:14:24.287, 73.79 W
2025/02/16 20:14:24.297, 73.79 W
2025/02/16 20:14:24.307, 73.79 W
2025/02/16 20:14:24.317, 73.79 W
2025/02/16 20:14:24.328, 73.79 W
2025/02/16 20:14:24.338, 73.79 W
2025/02/16 20:14:24.348, 73.79 W
2025/02/16 20:14:24.358, 73.79 W
2025/02/16 20:14:24.368, 73.79 W
2025/02/16 20:14:24.378, 73.79 W
2025/02/16 20:14:24.388, 73.79 W
2025/02/16 20:14:24.398, 73.79 W
2025/02/16 20:14:24.408, 73.79 W
2025/02/16 20:14:24.418, 73.79 W
2025/02/16 20:14:24.428, 73.79 W
2025/02/16 20:14:24.438, 73.79 W
2025/02/16 20:14:24.448, 73.79 W
2025/02/16 20:14:24.458, 73.79 W
2025/02/16 20:14:24.468, 73.79 W
2025/02/16 20:14:24.478, 73.79 W
2025/02/16 20:14:24.489, 73.79 W
2025/02/16 20:14:24.499, 73.88 W
2025/02/16 20:14:24.509, 73.88 W
2025/02/16 20:14:24.519, 73.88 W
2025/02/16 20:14:24.529, 73.88 W
2025/02/16 20:14:24.539, 73.88 W
2025/02/16 20:14:24.549, 73.88 W
2025/02/16 20:14:24.559, 73.88 W
2025/02/16 20:14:24.569, 73.88 W
2025/02/16 20:14:24.579, 73.88 W
2025/02/16 20:14:24.589, 73.88 W
2025/02/16 20:14:24.599, 73.88 W
2025/02/16 20:14:24.609, 73.88 W
2025/02/16 20:14:24.619, 73.88 W
2025/02/16 20:14:24.629, 73.88 W
2025/02/16 20:14:24.639, 73.88 W
2025/02/16 20:14:24.650, 73.88 W
2025/02/16 20:14:24.660, 73.88 W
2025/02/16 20:14:24.670, 73.88 W
2025/02/16 20:14:24.680, 73.88 W
2025/02/16 20:14:24.690, 73.88 W
2025/02/16 20:14:24.700, 73.88 W
2025/02/16 20:14:24.710, 73.88 W
2025/02/16 20:14:24.720, 73.88 W
2025/02/16 20:14:24.730, 73.88 W
2025/02/16 20:14:24.740, 73.88 W
2025/02/16 20:14:24.750, 73.88 W
2025/02/16 20:14:24.760, 73.88 W
2025/02/16 20:14:24.770, 73.88 W
2025/02/16 20:14:24.780, 73.88 W
2025/02/16 20:14:24.790, 73.88 W
2025/02/16 20:14:24.801, 73.88 W
2025/02/16 20:14:24.811, 73.88 W
2025/02/16 20:14:24.821, 73.79 W
2025/02/16 20:14:24.831, 73.79 W
2025/02/16 20:14:24.841, 73.79 W
2025/02/16 20:14:24.851, 73.79 W
2025/02/16 20:14:24.861, 73.79 W
2025/02/16 20:14:24.871, 73.79 W
2025/02/16 20:14:24.881, 73.79 W
2025/02/16 20:14:24.891, 73.79 W
2025/02/16 20:14:24.901, 74.04 W
2025/02/16 20:14:24.911, 74.04 W
2025/02/16 20:14:24.921, 74.04 W
2025/02/16 20:14:24.931, 74.04 W
2025/02/16 20:14:24.941, 74.04 W
2025/02/16 20:14:24.951, 74.04 W
2025/02/16 20:14:24.962, 74.04 W
2025/02/16 20:14:24.972, 74.04 W
2025/02/16 20:14:24.982, 74.04 W
2025/02/16 20:14:24.992, 74.04 W
2025/02/16 20:14:25.002, 74.04 W
2025/02/16 20:14:25.012, 74.04 W
2025/02/16 20:14:25.022, 73.79 W
2025/02/16 20:14:25.032, 73.79 W
2025/02/16 20:14:25.042, 73.79 W
2025/02/16 20:14:25.052, 73.79 W
2025/02/16 20:14:25.062, 73.79 W
2025/02/16 20:14:25.072, 73.79 W
2025/02/16 20:14:25.082, 73.79 W
2025/02/16 20:14:25.092, 73.79 W
2025/02/16 20:14:25.102, 73.79 W
2025/02/16 20:14:25.113, 74.04 W
2025/02/16 20:14:25.123, 74.04 W
2025/02/16 20:14:25.133, 74.04 W
2025/02/16 20:14:25.143, 74.04 W
2025/02/16 20:14:25.153, 74.04 W
2025/02/16 20:14:25.163, 74.04 W
2025/02/16 20:14:25.173, 74.04 W
2025/02/16 20:14:25.183, 74.04 W
2025/02/16 20:14:25.193, 74.04 W
2025/02/16 20:14:25.203, 74.04 W
2025/02/16 20:14:25.213, 74.04 W
2025/02/16 20:14:25.223, 74.04 W
2025/02/16 20:14:25.233, 73.79 W
2025/02/16 20:14:25.243, 73.79 W
2025/02/16 20:14:25.253, 73.79 W
2025/02/16 20:14:25.263, 73.79 W
2025/02/16 20:14:25.274, 73.79 W
2025/02/16 20:14:25.284, 73.79 W
2025/02/16 20:14:25.294, 73.79 W
2025/02/16 20:14:25.304, 73.79 W
2025/02/16 20:14:25.314, 73.79 W
2025/02/16 20:14:25.324, 73.79 W
2025/02/16 20:14:25.334, 73.79 W
2025/02/16 20:14:25.344, 73.79 W
2025/02/16 20:14:25.354, 73.79 W
2025/02/16 20:14:25.364, 73.79 W
2025/02/16 20:14:25.374, 73.79 W
2025/02/16 20:14:25.384, 73.79 W
2025/02/16 20:14:25.394, 73.79 W
2025/02/16 20:14:25.404, 73.79 W
2025/02/16 20:14:25.414, 73.88 W
2025/02/16 20:14:25.424, 73.88 W
2025/02/16 20:14:25.435, 73.88 W
2025/02/16 20:14:25.445, 73.88 W
2025/02/16 20:14:25.455, 73.88 W
2025/02/16 20:14:25.465, 73.88 W
2025/02/16 20:14:25.475, 73.88 W
2025/02/16 20:14:25.485, 73.88 W
2025/02/16 20:14:25.495, 73.88 W
2025/02/16 20:14:25.505, 73.88 W
2025/02/16 20:14:25.515, 73.79 W
2025/02/16 20:14:25.525, 73.79 W
2025/02/16 20:14:25.535, 73.79 W
2025/02/16 20:14:25.545, 73.79 W
2025/02/16 20:14:25.555, 73.79 W
2025/02/16 20:14:25.565, 73.79 W
2025/02/16 20:14:25.575, 73.79 W
2025/02/16 20:14:25.586, 73.79 W
2025/02/16 20:14:25.596, 73.79 W
2025/02/16 20:14:25.606, 73.79 W
2025/02/16 20:14:25.616, 73.79 W
2025/02/16 20:14:25.626, 73.79 W
2025/02/16 20:14:25.636, 73.88 W
2025/02/16 20:14:25.646, 73.88 W
2025/02/16 20:14:25.656, 73.88 W
2025/02/16 20:14:25.666, 73.88 W
2025/02/16 20:14:25.676, 73.88 W
2025/02/16 20:14:25.686, 73.88 W
2025/02/16 20:14:25.696, 73.88 W
2025/02/16 20:14:25.706, 73.88 W
2025/02/16 20:14:25.716, 73.88 W
2025/02/16 20:14:25.726, 73.88 W
2025/02/16 20:14:25.737, 73.88 W
2025/02/16 20:14:25.747, 73.88 W
2025/02/16 20:14:25.757, 73.88 W
2025/02/16 20:14:25.767, 73.88 W
2025/02/16 20:14:25.777, 73.88 W
2025/02/16 20:14:25.787, 73.88 W
2025/02/16 20:14:25.797, 73.88 W
2025/02/16 20:14:25.807, 73.88 W
2025/02/16 20:14:25.817, 73.88 W
2025/02/16 20:14:25.827, 73.88 W
2025/02/16 20:14:25.837, 73.88 W
2025/02/16 20:14:25.847, 73.96 W
2025/02/16 20:14:25.857, 73.96 W
2025/02/16 20:14:25.867, 73.96 W
2025/02/16 20:14:25.877, 73.96 W
2025/02/16 20:14:25.887, 73.96 W
2025/02/16 20:14:25.898, 73.96 W
2025/02/16 20:14:25.908, 73.96 W
2025/02/16 20:14:25.918, 73.96 W
2025/02/16 20:14:25.928, 74.05 W
2025/02/16 20:14:25.938, 74.05 W
2025/02/16 20:14:25.948, 74.05 W
2025/02/16 20:14:25.958, 74.05 W
2025/02/16 20:14:25.968, 74.05 W
2025/02/16 20:14:25.978, 74.05 W
2025/02/16 20:14:25.988, 74.05 W
2025/02/16 20:14:25.998, 74.05 W
2025/02/16 20:14:26.008, 74.05 W
2025/02/16 20:14:26.018, 74.05 W
2025/02/16 20:14:26.028, 74.05 W
2025/02/16 20:14:26.039, 74.05 W
2025/02/16 20:14:26.049, 74.05 W
2025/02/16 20:14:26.059, 74.05 W
2025/02/16 20:14:26.069, 74.05 W
2025/02/16 20:14:26.079, 74.05 W
2025/02/16 20:14:26.089, 74.05 W
2025/02/16 20:14:26.099, 74.05 W
2025/02/16 20:14:26.109, 74.05 W
2025/02/16 20:14:26.119, 74.05 W
2025/02/16 20:14:26.129, 74.05 W
2025/02/16 20:14:26.139, 74.05 W
2025/02/16 20:14:26.149, 74.05 W
2025/02/16 20:14:26.159, 74.05 W
2025/02/16 20:14:26.169, 74.05 W
2025/02/16 20:14:26.179, 74.05 W
2025/02/16 20:14:26.189, 74.05 W
2025/02/16 20:14:26.200, 74.05 W
2025/02/16 20:14:26.210, 74.05 W
2025/02/16 20:14:26.220, 74.05 W
2025/02/16 20:14:26.230, 74.05 W
2025/02/16 20:14:26.240, 74.05 W
2025/02/16 20:14:26.250, 74.05 W
2025/02/16 20:14:26.260, 74.05 W
2025/02/16 20:14:26.270, 74.05 W
2025/02/16 20:14:26.280, 74.05 W
2025/02/16 20:14:26.290, 74.05 W
2025/02/16 20:14:26.300, 74.05 W
2025/02/16 20:14:26.310, 74.05 W
2025/02/16 20:14:26.320, 74.05 W
2025/02/16 20:14:26.330, 74.05 W
2025/02/16 20:14:26.340, 74.05 W
2025/02/16 20:14:26.351, 74.05 W
2025/02/16 20:14:26.361, 74.05 W
2025/02/16 20:14:26.371, 74.05 W
2025/02/16 20:14:26.381, 74.05 W
2025/02/16 20:14:26.391, 74.05 W
2025/02/16 20:14:26.401, 74.05 W
2025/02/16 20:14:26.411, 74.05 W
2025/02/16 20:14:26.421, 74.05 W
2025/02/16 20:14:26.431, 74.05 W
2025/02/16 20:14:26.441, 74.05 W
2025/02/16 20:14:26.451, 74.05 W
2025/02/16 20:14:26.461, 74.05 W
2025/02/16 20:14:26.471, 74.05 W
2025/02/16 20:14:26.481, 74.05 W
2025/02/16 20:14:26.491, 74.05 W
2025/02/16 20:14:26.502, 74.05 W
2025/02/16 20:14:26.512, 74.05 W
2025/02/16 20:14:26.522, 74.05 W
2025/02/16 20:14:26.532, 74.05 W
2025/02/16 20:14:26.542, 74.05 W
2025/02/16 20:14:26.552, 74.05 W
2025/02/16 20:14:26.562, 74.05 W
2025/02/16 20:14:26.572, 74.05 W
2025/02/16 20:14:26.582, 74.05 W
2025/02/16 20:14:26.592, 74.05 W
2025/02/16 20:14:26.602, 74.05 W
2025/02/16 20:14:26.612, 74.05 W
2025/02/16 20:14:26.622, 74.05 W
2025/02/16 20:14:26.632, 74.05 W
2025/02/16 20:14:26.642, 74.05 W
2025/02/16 20:14:26.652, 74.05 W
2025/02/16 20:14:26.663, 74.05 W
2025/02/16 20:14:26.673, 74.05 W
2025/02/16 20:14:26.683, 74.05 W
2025/02/16 20:14:26.693, 74.05 W
2025/02/16 20:14:26.703, 74.05 W
2025/02/16 20:14:26.713, 74.05 W
2025/02/16 20:14:26.723, 74.05 W
2025/02/16 20:14:26.733, 74.05 W
2025/02/16 20:14:26.743, 74.05 W
2025/02/16 20:14:26.753, 74.05 W
2025/02/16 20:14:26.763, 74.05 W
2025/02/16 20:14:26.773, 74.05 W
2025/02/16 20:14:26.783, 74.05 W
2025/02/16 20:14:26.793, 74.05 W
2025/02/16 20:14:26.803, 74.05 W
2025/02/16 20:14:26.813, 74.05 W
2025/02/16 20:14:26.824, 74.05 W
2025/02/16 20:14:26.834, 74.05 W
2025/02/16 20:14:26.844, 74.05 W
2025/02/16 20:14:26.854, 74.05 W
2025/02/16 20:14:26.864, 74.05 W
2025/02/16 20:14:26.874, 74.05 W
2025/02/16 20:14:26.884, 74.05 W
2025/02/16 20:14:26.894, 74.05 W
2025/02/16 20:14:26.904, 74.05 W
2025/02/16 20:14:26.914, 74.05 W
2025/02/16 20:14:26.924, 74.05 W
2025/02/16 20:14:26.934, 74.05 W
2025/02/16 20:14:26.944, 74.05 W
2025/02/16 20:14:26.954, 74.05 W
2025/02/16 20:14:26.964, 74.05 W
2025/02/16 20:14:26.975, 74.05 W
2025/02/16 20:14:26.985, 74.05 W
2025/02/16 20:14:26.995, 74.05 W
2025/02/16 20:14:27.005, 74.05 W
2025/02/16 20:14:27.015, 74.05 W
2025/02/16 20:14:27.025, 74.05 W
2025/02/16 20:14:27.035, 74.05 W
2025/02/16 20:14:27.045, 74.05 W
2025/02/16 20:14:27.055, 74.05 W
2025/02/16 20:14:27.065, 74.05 W
2025/02/16 20:14:27.075, 74.05 W
2025/02/16 20:14:27.085, 74.05 W
2025/02/16 20:14:27.095, 74.05 W
2025/02/16 20:14:27.105, 74.05 W
2025/02/16 20:14:27.115, 74.05 W
2025/02/16 20:14:27.125, 74.05 W
2025/02/16 20:14:27.136, 74.05 W
2025/02/16 20:14:27.146, 74.05 W
2025/02/16 20:14:27.156, 74.05 W
2025/02/16 20:14:27.166, 74.05 W
2025/02/16 20:14:27.176, 74.05 W
2025/02/16 20:14:27.186, 74.05 W
2025/02/16 20:14:27.196, 74.05 W
2025/02/16 20:14:27.206, 74.05 W
2025/02/16 20:14:27.216, 74.05 W
2025/02/16 20:14:27.226, 74.05 W
2025/02/16 20:14:27.236, 74.05 W
2025/02/16 20:14:27.246, 74.05 W
2025/02/16 20:14:27.256, 74.05 W
2025/02/16 20:14:27.266, 74.05 W
2025/02/16 20:14:27.276, 74.05 W
2025/02/16 20:14:27.287, 74.05 W
2025/02/16 20:14:27.297, 74.05 W
2025/02/16 20:14:27.307, 74.05 W
2025/02/16 20:14:27.317, 74.05 W
2025/02/16 20:14:27.327, 74.05 W
2025/02/16 20:14:27.337, 74.05 W
2025/02/16 20:14:27.347, 74.05 W
2025/02/16 20:14:27.357, 74.05 W
2025/02/16 20:14:27.367, 74.05 W
2025/02/16 20:14:27.377, 74.05 W
2025/02/16 20:14:27.387, 74.05 W
2025/02/16 20:14:27.397, 74.05 W
2025/02/16 20:14:27.407, 74.05 W
2025/02/16 20:14:27.417, 74.05 W
2025/02/16 20:14:27.427, 74.05 W
2025/02/16 20:14:27.438, 74.05 W
2025/02/16 20:14:27.448, 74.05 W
2025/02/16 20:14:27.458, 74.05 W
2025/02/16 20:14:27.468, 74.05 W
2025/02/16 20:14:27.478, 74.05 W
2025/02/16 20:14:27.488, 74.05 W
2025/02/16 20:14:27.498, 74.05 W
2025/02/16 20:14:27.508, 74.05 W
2025/02/16 20:14:27.518, 74.05 W
2025/02/16 20:14:27.528, 74.05 W
2025/02/16 20:14:27.538, 74.05 W
2025/02/16 20:14:27.548, 74.05 W
2025/02/16 20:14:27.558, 74.05 W
2025/02/16 20:14:27.568, 74.05 W
2025/02/16 20:14:27.578, 74.05 W
2025/02/16 20:14:27.588, 74.05 W
2025/02/16 20:14:27.599, 74.05 W
2025/02/16 20:14:27.609, 74.05 W
2025/02/16 20:14:27.619, 74.05 W
2025/02/16 20:14:27.629, 74.05 W
2025/02/16 20:14:27.639, 74.05 W
2025/02/16 20:14:27.649, 74.05 W
2025/02/16 20:14:27.659, 74.05 W
2025/02/16 20:14:27.669, 74.05 W
2025/02/16 20:14:27.679, 74.05 W
2025/02/16 20:14:27.689, 74.05 W
2025/02/16 20:14:27.699, 74.05 W
2025/02/16 20:14:27.709, 74.05 W
2025/02/16 20:14:27.719, 74.05 W
2025/02/16 20:14:27.729, 74.05 W
2025/02/16 20:14:27.739, 74.05 W
2025/02/16 20:14:27.750, 74.05 W
2025/02/16 20:14:27.760, 74.05 W
2025/02/16 20:14:27.770, 74.05 W
2025/02/16 20:14:27.780, 74.05 W
2025/02/16 20:14:27.790, 74.05 W
2025/02/16 20:14:27.800, 74.05 W
2025/02/16 20:14:27.810, 74.05 W
2025/02/16 20:14:27.820, 74.05 W
2025/02/16 20:14:27.830, 74.05 W
2025/02/16 20:14:27.840, 74.05 W
2025/02/16 20:14:27.850, 74.05 W
2025/02/16 20:14:27.860, 74.05 W
2025/02/16 20:14:27.870, 74.05 W
2025/02/16 20:14:27.880, 74.05 W
2025/02/16 20:14:27.890, 74.05 W
2025/02/16 20:14:27.900, 74.05 W
2025/02/16 20:14:27.911, 74.05 W
2025/02/16 20:14:27.921, 74.05 W
2025/02/16 20:14:27.931, 74.05 W
2025/02/16 20:14:27.941, 74.05 W
2025/02/16 20:14:27.951, 74.05 W
2025/02/16 20:14:27.961, 74.05 W
2025/02/16 20:14:27.971, 74.05 W
2025/02/16 20:14:27.981, 74.05 W
2025/02/16 20:14:27.991, 74.05 W
2025/02/16 20:14:28.001, 74.05 W
2025/02/16 20:14:28.011, 74.05 W
2025/02/16 20:14:28.021, 74.05 W
2025/02/16 20:14:28.031, 74.05 W
2025/02/16 20:14:28.041, 74.05 W
2025/02/16 20:14:28.051, 74.05 W
2025/02/16 20:14:28.062, 74.05 W
2025/02/16 20:14:28.072, 74.05 W
2025/02/16 20:14:28.082, 74.05 W
2025/02/16 20:14:28.092, 74.05 W
2025/02/16 20:14:28.102, 74.05 W
2025/02/16 20:14:28.112, 74.05 W
2025/02/16 20:14:28.122, 74.05 W
2025/02/16 20:14:28.132, 74.05 W
2025/02/16 20:14:28.142, 74.05 W
2025/02/16 20:14:28.152, 74.05 W
2025/02/16 20:14:28.162, 74.05 W
2025/02/16 20:14:28.172, 74.05 W
2025/02/16 20:14:28.182, 74.05 W
2025/02/16 20:14:28.192, 74.05 W
2025/02/16 20:14:28.202, 74.05 W
2025/02/16 20:14:28.213, 74.05 W
2025/02/16 20:14:28.223, 74.05 W
2025/02/16 20:14:28.233, 74.05 W
2025/02/16 20:14:28.243, 74.05 W
2025/02/16 20:14:28.253, 74.05 W
2025/02/16 20:14:28.263, 74.05 W
2025/02/16 20:14:28.273, 74.05 W
2025/02/16 20:14:28.283, 74.05 W
2025/02/16 20:14:28.293, 74.05 W
2025/02/16 20:14:28.303, 73.76 W
2025/02/16 20:14:28.313, 73.76 W
2025/02/16 20:14:28.323, 73.76 W
2025/02/16 20:14:28.333, 73.76 W
2025/02/16 20:14:28.343, 73.76 W
2025/02/16 20:14:28.354, 73.76 W
2025/02/16 20:14:28.364, 73.76 W
2025/02/16 20:14:28.374, 73.76 W
2025/02/16 20:14:28.384, 73.76 W
2025/02/16 20:14:28.394, 73.76 W
2025/02/16 20:14:28.404, 74.05 W
2025/02/16 20:14:28.414, 74.05 W
2025/02/16 20:14:28.424, 74.05 W
2025/02/16 20:14:28.434, 74.05 W
2025/02/16 20:14:28.444, 74.05 W
2025/02/16 20:14:28.454, 74.05 W
2025/02/16 20:14:28.464, 74.05 W
2025/02/16 20:14:28.474, 74.05 W
2025/02/16 20:14:28.484, 73.76 W
2025/02/16 20:14:28.494, 73.76 W
2025/02/16 20:14:28.505, 73.76 W
2025/02/16 20:14:28.515, 73.76 W
2025/02/16 20:14:28.525, 73.76 W
2025/02/16 20:14:28.535, 73.76 W
2025/02/16 20:14:28.545, 73.76 W
2025/02/16 20:14:28.555, 73.76 W
2025/02/16 20:14:28.565, 73.76 W
2025/02/16 20:14:28.575, 73.76 W
2025/02/16 20:14:28.585, 74.05 W
2025/02/16 20:14:28.595, 74.05 W
2025/02/16 20:14:28.605, 74.05 W
2025/02/16 20:14:28.615, 74.05 W
2025/02/16 20:14:28.625, 74.05 W
2025/02/16 20:14:28.635, 74.05 W
2025/02/16 20:14:28.645, 74.05 W
2025/02/16 20:14:28.655, 74.05 W
2025/02/16 20:14:28.666, 74.05 W
2025/02/16 20:14:28.676, 74.05 W
2025/02/16 20:14:28.686, 74.05 W
2025/02/16 20:14:28.696, 74.05 W
2025/02/16 20:14:28.706, 74.05 W
2025/02/16 20:14:28.716, 73.76 W
2025/02/16 20:14:28.726, 73.76 W
2025/02/16 20:14:28.736, 73.76 W
2025/02/16 20:14:28.746, 73.76 W
2025/02/16 20:14:28.756, 73.76 W
2025/02/16 20:14:28.766, 73.76 W
2025/02/16 20:14:28.776, 73.76 W
2025/02/16 20:14:28.786, 73.76 W
2025/02/16 20:14:28.796, 74.05 W
2025/02/16 20:14:28.806, 74.05 W
2025/02/16 20:14:28.817, 74.05 W
2025/02/16 20:14:28.827, 74.05 W
2025/02/16 20:14:28.837, 74.05 W
2025/02/16 20:14:28.847, 74.05 W
2025/02/16 20:14:28.857, 74.05 W
2025/02/16 20:14:28.867, 74.05 W
2025/02/16 20:14:28.877, 74.05 W
2025/02/16 20:14:28.887, 74.05 W
2025/02/16 20:14:28.897, 74.05 W
2025/02/16 20:14:28.907, 74.05 W
2025/02/16 20:14:28.917, 73.79 W
2025/02/16 20:14:28.927, 73.79 W
2025/02/16 20:14:28.937, 73.79 W
2025/02/16 20:14:28.947, 73.79 W
2025/02/16 20:14:28.957, 73.79 W
2025/02/16 20:14:28.967, 73.79 W
2025/02/16 20:14:28.978, 73.79 W
2025/02/16 20:14:28.988, 73.79 W
2025/02/16 20:14:28.998, 73.79 W
2025/02/16 20:14:29.008, 73.79 W
2025/02/16 20:14:29.018, 73.79 W
2025/02/16 20:14:29.028, 73.79 W
2025/02/16 20:14:29.038, 73.79 W
2025/02/16 20:14:29.048, 73.79 W
2025/02/16 20:14:29.058, 73.79 W
2025/02/16 20:14:29.068, 73.79 W
2025/02/16 20:14:29.078, 73.79 W
2025/02/16 20:14:29.088, 73.79 W
2025/02/16 20:14:29.098, 73.79 W
2025/02/16 20:14:29.108, 73.79 W
2025/02/16 20:14:29.118, 73.79 W
2025/02/16 20:14:29.129, 73.79 W
2025/02/16 20:14:29.139, 73.79 W
2025/02/16 20:14:29.149, 73.79 W
2025/02/16 20:14:29.159, 73.79 W
2025/02/16 20:14:29.169, 73.79 W
2025/02/16 20:14:29.179, 73.79 W
2025/02/16 20:14:29.189, 73.79 W
2025/02/16 20:14:29.199, 73.79 W
2025/02/16 20:14:29.209, 73.79 W
2025/02/16 20:14:29.219, 73.79 W
2025/02/16 20:14:29.229, 73.79 W
2025/02/16 20:14:29.239, 73.79 W
2025/02/16 20:14:29.249, 73.79 W
2025/02/16 20:14:29.259, 73.79 W
2025/02/16 20:14:29.269, 73.79 W
2025/02/16 20:14:29.280, 73.79 W
2025/02/16 20:14:29.290, 73.79 W
2025/02/16 20:14:29.300, 73.79 W
2025/02/16 20:14:29.310, 73.79 W
2025/02/16 20:14:29.320, 73.79 W
2025/02/16 20:14:29.330, 73.79 W
2025/02/16 20:14:29.340, 73.79 W
2025/02/16 20:14:29.350, 73.79 W
2025/02/16 20:14:29.360, 73.79 W
2025/02/16 20:14:29.370, 73.79 W
2025/02/16 20:14:29.380, 73.79 W
2025/02/16 20:14:29.390, 73.79 W
2025/02/16 20:14:29.400, 73.79 W
2025/02/16 20:14:29.410, 73.79 W
2025/02/16 20:14:29.420, 73.79 W
2025/02/16 20:14:29.430, 73.79 W
2025/02/16 20:14:29.441, 73.79 W
2025/02/16 20:14:29.451, 73.79 W
2025/02/16 20:14:29.461, 73.79 W
2025/02/16 20:14:29.471, 73.79 W
2025/02/16 20:14:29.481, 73.79 W
2025/02/16 20:14:29.491, 73.79 W
2025/02/16 20:14:29.501, 73.79 W
2025/02/16 20:14:29.511, 73.96 W
2025/02/16 20:14:29.521, 73.96 W
2025/02/16 20:14:29.531, 73.96 W
2025/02/16 20:14:29.541, 73.96 W
2025/02/16 20:14:29.551, 73.96 W
2025/02/16 20:14:29.561, 73.96 W
2025/02/16 20:14:29.571, 73.96 W
2025/02/16 20:14:29.581, 73.96 W
2025/02/16 20:14:29.591, 73.96 W
2025/02/16 20:14:29.602, 73.96 W
2025/02/16 20:14:29.612, 73.79 W
2025/02/16 20:14:29.622, 73.79 W
2025/02/16 20:14:29.632, 73.79 W
2025/02/16 20:14:29.642, 73.79 W
2025/02/16 20:14:29.652, 73.79 W
2025/02/16 20:14:29.662, 73.79 W
2025/02/16 20:14:29.672, 73.79 W
2025/02/16 20:14:29.682, 73.79 W
2025/02/16 20:14:29.692, 73.79 W
2025/02/16 20:14:29.702, 73.79 W
2025/02/16 20:14:29.712, 73.79 W
2025/02/16 20:14:29.722, 73.79 W
2025/02/16 20:14:29.732, 73.79 W
2025/02/16 20:14:29.742, 73.79 W
2025/02/16 20:14:29.753, 73.79 W
2025/02/16 20:14:29.763, 73.79 W
2025/02/16 20:14:29.773, 73.79 W
2025/02/16 20:14:29.783, 73.79 W
2025/02/16 20:14:29.793, 73.79 W
2025/02/16 20:14:29.803, 73.79 W
2025/02/16 20:14:29.813, 73.79 W
2025/02/16 20:14:29.823, 73.79 W
2025/02/16 20:14:29.833, 73.79 W
2025/02/16 20:14:29.843, 73.79 W
2025/02/16 20:14:29.853, 73.79 W
2025/02/16 20:14:29.863, 73.79 W
2025/02/16 20:14:29.873, 73.79 W
2025/02/16 20:14:29.883, 73.79 W
2025/02/16 20:14:29.893, 73.79 W
2025/02/16 20:14:29.903, 73.79 W
2025/02/16 20:14:29.914, 73.79 W
2025/02/16 20:14:29.924, 73.79 W
2025/02/16 20:14:29.934, 73.79 W
2025/02/16 20:14:29.944, 73.79 W
2025/02/16 20:14:29.954, 73.79 W
2025/02/16 20:14:29.964, 73.79 W
2025/02/16 20:14:29.974, 73.79 W
2025/02/16 20:14:29.984, 73.79 W
2025/02/16 20:14:29.994, 73.79 W
2025/02/16 20:14:30.004, 73.79 W
2025/02/16 20:14:30.014, 73.79 W
2025/02/16 20:14:30.024, 74.04 W
2025/02/16 20:14:30.034, 74.04 W
2025/02/16 20:14:30.044, 74.04 W
2025/02/16 20:14:30.054, 74.04 W
2025/02/16 20:14:30.065, 74.04 W
2025/02/16 20:14:30.075, 74.04 W
2025/02/16 20:14:30.085, 74.04 W
2025/02/16 20:14:30.095, 74.04 W
2025/02/16 20:14:30.105, 74.04 W
2025/02/16 20:14:30.115, 74.04 W
2025/02/16 20:14:30.125, 74.04 W
2025/02/16 20:14:30.135, 74.04 W
2025/02/16 20:14:30.145, 73.79 W
2025/02/16 20:14:30.155, 73.79 W
2025/02/16 20:14:30.165, 73.79 W
2025/02/16 20:14:30.175, 73.79 W
2025/02/16 20:14:30.185, 73.79 W
2025/02/16 20:14:30.195, 73.79 W
2025/02/16 20:14:30.205, 73.79 W
2025/02/16 20:14:30.215, 73.79 W
2025/02/16 20:14:30.226, 73.88 W
2025/02/16 20:14:30.236, 73.88 W
2025/02/16 20:14:30.246, 73.88 W
2025/02/16 20:14:30.256, 73.88 W
2025/02/16 20:14:30.266, 73.88 W
2025/02/16 20:14:30.276, 73.88 W
2025/02/16 20:14:30.286, 73.88 W
2025/02/16 20:14:30.296, 73.88 W
2025/02/16 20:14:30.306, 73.88 W
2025/02/16 20:14:30.316, 73.88 W
2025/02/16 20:14:30.326, 73.88 W
2025/02/16 20:14:30.336, 73.88 W
2025/02/16 20:14:30.346, 73.88 W
2025/02/16 20:14:30.356, 73.88 W
2025/02/16 20:14:30.366, 73.88 W
2025/02/16 20:14:30.376, 73.88 W
2025/02/16 20:14:30.387, 73.88 W
2025/02/16 20:14:30.397, 73.88 W
2025/02/16 20:14:30.407, 73.88 W
2025/02/16 20:14:30.417, 73.88 W
2025/02/16 20:14:30.427, 73.88 W
2025/02/16 20:14:30.437, 73.88 W
2025/02/16 20:14:30.447, 73.88 W
2025/02/16 20:14:30.457, 73.79 W
2025/02/16 20:14:30.467, 73.79 W
2025/02/16 20:14:30.477, 73.79 W
2025/02/16 20:14:30.487, 73.79 W
2025/02/16 20:14:30.497, 73.79 W
2025/02/16 20:14:30.507, 73.79 W
2025/02/16 20:14:30.517, 73.79 W
2025/02/16 20:14:30.527, 73.79 W
2025/02/16 20:14:30.538, 73.79 W
2025/02/16 20:14:30.548, 73.79 W
2025/02/16 20:14:30.558, 73.79 W
2025/02/16 20:14:30.568, 73.79 W
2025/02/16 20:14:30.578, 73.79 W
2025/02/16 20:14:30.588, 73.79 W
2025/02/16 20:14:30.598, 73.79 W
2025/02/16 20:14:30.608, 73.79 W
2025/02/16 20:14:30.618, 73.79 W
2025/02/16 20:14:30.628, 73.79 W
2025/02/16 20:14:30.638, 73.88 W
2025/02/16 20:14:30.648, 73.88 W
2025/02/16 20:14:30.658, 73.88 W
2025/02/16 20:14:30.668, 73.88 W
2025/02/16 20:14:30.678, 73.88 W
2025/02/16 20:14:30.688, 73.88 W
2025/02/16 20:14:30.699, 73.88 W
2025/02/16 20:14:30.709, 73.88 W
2025/02/16 20:14:30.719, 73.88 W
2025/02/16 20:14:30.729, 73.88 W
2025/02/16 20:14:30.739, 73.88 W
2025/02/16 20:14:30.749, 73.88 W
2025/02/16 20:14:30.759, 74.05 W
2025/02/16 20:14:30.769, 74.05 W
2025/02/16 20:14:30.779, 74.05 W
2025/02/16 20:14:30.789, 74.05 W
2025/02/16 20:14:30.799, 74.05 W
2025/02/16 20:14:30.809, 74.05 W
2025/02/16 20:14:30.819, 74.05 W
2025/02/16 20:14:30.829, 74.05 W
2025/02/16 20:14:30.839, 74.05 W
2025/02/16 20:14:30.849, 74.05 W
2025/02/16 20:14:30.860, 74.05 W
2025/02/16 20:14:30.870, 74.05 W
2025/02/16 20:14:30.880, 74.05 W
2025/02/16 20:14:30.890, 74.05 W
2025/02/16 20:14:30.900, 74.05 W
2025/02/16 20:14:30.910, 74.05 W
2025/02/16 20:14:30.920, 74.05 W
2025/02/16 20:14:30.930, 74.05 W
2025/02/16 20:14:30.940, 74.05 W
2025/02/16 20:14:30.950, 74.05 W
2025/02/16 20:14:30.960, 74.05 W
2025/02/16 20:14:30.970, 74.05 W
2025/02/16 20:14:30.980, 74.05 W
2025/02/16 20:14:30.990, 74.05 W
2025/02/16 20:14:31.000, 74.05 W
2025/02/16 20:14:31.010, 74.05 W
2025/02/16 20:14:31.021, 74.05 W
2025/02/16 20:14:31.031, 74.05 W
2025/02/16 20:14:31.041, 74.05 W
2025/02/16 20:14:31.051, 74.05 W
2025/02/16 20:14:31.061, 74.05 W
2025/02/16 20:14:31.071, 74.05 W
2025/02/16 20:14:31.081, 74.05 W
2025/02/16 20:14:31.091, 74.05 W
2025/02/16 20:14:31.101, 74.05 W
2025/02/16 20:14:31.111, 74.05 W
2025/02/16 20:14:31.121, 74.05 W
2025/02/16 20:14:31.131, 74.05 W
2025/02/16 20:14:31.141, 74.05 W
2025/02/16 20:14:31.151, 74.05 W
2025/02/16 20:14:31.161, 74.05 W
2025/02/16 20:14:31.172, 74.05 W
2025/02/16 20:14:31.182, 74.05 W
2025/02/16 20:14:31.192, 74.05 W
2025/02/16 20:14:31.202, 74.05 W
2025/02/16 20:14:31.212, 74.05 W
2025/02/16 20:14:31.222, 74.05 W
2025/02/16 20:14:31.232, 74.05 W
2025/02/16 20:14:31.242, 74.05 W
2025/02/16 20:14:31.252, 74.05 W
2025/02/16 20:14:31.262, 74.05 W
2025/02/16 20:14:31.272, 74.05 W
2025/02/16 20:14:31.282, 74.05 W
2025/02/16 20:14:31.292, 74.05 W
2025/02/16 20:14:31.302, 74.05 W
2025/02/16 20:14:31.312, 74.05 W
2025/02/16 20:14:31.322, 74.05 W
2025/02/16 20:14:31.333, 74.05 W
2025/02/16 20:14:31.343, 74.05 W
2025/02/16 20:14:31.353, 74.05 W
2025/02/16 20:14:31.363, 74.05 W
2025/02/16 20:14:31.373, 74.05 W
2025/02/16 20:14:31.383, 74.05 W
2025/02/16 20:14:31.393, 74.05 W
2025/02/16 20:14:31.403, 74.05 W
2025/02/16 20:14:31.413, 74.05 W
2025/02/16 20:14:31.423, 74.05 W
2025/02/16 20:14:31.433, 74.05 W
2025/02/16 20:14:31.443, 74.05 W
2025/02/16 20:14:31.453, 74.05 W
2025/02/16 20:14:31.463, 74.05 W
2025/02/16 20:14:31.473, 74.05 W
2025/02/16 20:14:31.484, 74.05 W
2025/02/16 20:14:31.494, 74.05 W
2025/02/16 20:14:31.504, 74.05 W
2025/02/16 20:14:31.514, 74.05 W
2025/02/16 20:14:31.524, 74.05 W
2025/02/16 20:14:31.534, 74.05 W
2025/02/16 20:14:31.544, 74.05 W
2025/02/16 20:14:31.554, 74.05 W
2025/02/16 20:14:31.564, 74.05 W
2025/02/16 20:14:31.574, 74.05 W
2025/02/16 20:14:31.584, 74.05 W
2025/02/16 20:14:31.594, 74.05 W
2025/02/16 20:14:31.604, 74.05 W
2025/02/16 20:14:31.614, 74.05 W
2025/02/16 20:14:31.625, 74.05 W
2025/02/16 20:14:31.635, 74.05 W
2025/02/16 20:14:31.645, 74.05 W
2025/02/16 20:14:31.655, 74.05 W
2025/02/16 20:14:31.665, 74.05 W
2025/02/16 20:14:31.675, 74.05 W
2025/02/16 20:14:31.685, 74.05 W
2025/02/16 20:14:31.695, 74.05 W
2025/02/16 20:14:31.705, 74.05 W
2025/02/16 20:14:31.715, 74.05 W
2025/02/16 20:14:31.725, 74.05 W
2025/02/16 20:14:31.735, 74.05 W
2025/02/16 20:14:31.745, 74.05 W
2025/02/16 20:14:31.755, 74.05 W
2025/02/16 20:14:31.765, 74.05 W
2025/02/16 20:14:31.776, 74.05 W
2025/02/16 20:14:31.786, 73.76 W
2025/02/16 20:14:31.796, 73.76 W
2025/02/16 20:14:31.806, 73.76 W
2025/02/16 20:14:31.816, 73.76 W
2025/02/16 20:14:31.826, 73.76 W
2025/02/16 20:14:31.836, 73.76 W
2025/02/16 20:14:31.846, 73.76 W
2025/02/16 20:14:31.856, 73.76 W
2025/02/16 20:14:31.866, 74.05 W
2025/02/16 20:14:31.876, 74.05 W
2025/02/16 20:14:31.886, 74.05 W
2025/02/16 20:14:31.896, 74.05 W
2025/02/16 20:14:31.906, 74.05 W
2025/02/16 20:14:31.916, 74.05 W
2025/02/16 20:14:31.927, 74.05 W
2025/02/16 20:14:31.937, 74.05 W
2025/02/16 20:14:31.947, 74.05 W
2025/02/16 20:14:31.957, 74.05 W
2025/02/16 20:14:31.967, 74.05 W
2025/02/16 20:14:31.977, 74.05 W
2025/02/16 20:14:31.987, 74.05 W
2025/02/16 20:14:31.997, 74.05 W
2025/02/16 20:14:32.007, 74.05 W
2025/02/16 20:14:32.017, 74.05 W
2025/02/16 20:14:32.027, 74.05 W
2025/02/16 20:14:32.037, 74.05 W
2025/02/16 20:14:32.047, 74.05 W
2025/02/16 20:14:32.057, 74.05 W
2025/02/16 20:14:32.067, 74.05 W
2025/02/16 20:14:32.077, 74.05 W
2025/02/16 20:14:32.088, 74.05 W
2025/02/16 20:14:32.098, 74.05 W
2025/02/16 20:14:32.108, 74.05 W
2025/02/16 20:14:32.118, 74.05 W
2025/02/16 20:14:32.128, 74.05 W
2025/02/16 20:14:32.138, 74.05 W
2025/02/16 20:14:32.148, 74.05 W
2025/02/16 20:14:32.158, 74.05 W
2025/02/16 20:14:32.168, 74.05 W
2025/02/16 20:14:32.178, 74.05 W
2025/02/16 20:14:32.188, 74.05 W
2025/02/16 20:14:32.198, 73.76 W
2025/02/16 20:14:32.208, 73.76 W
2025/02/16 20:14:32.218, 73.76 W
2025/02/16 20:14:32.228, 73.76 W
2025/02/16 20:14:32.238, 73.76 W
2025/02/16 20:14:32.249, 73.76 W
2025/02/16 20:14:32.259, 73.76 W
2025/02/16 20:14:32.269, 73.76 W
2025/02/16 20:14:32.279, 73.76 W
2025/02/16 20:14:32.289, 73.76 W
2025/02/16 20:14:32.299, 73.76 W
2025/02/16 20:14:32.309, 73.76 W
2025/02/16 20:14:32.319, 73.76 W
2025/02/16 20:14:32.329, 73.76 W
2025/02/16 20:14:32.339, 73.76 W
2025/02/16 20:14:32.349, 73.76 W
2025/02/16 20:14:32.359, 73.76 W
2025/02/16 20:14:32.369, 73.76 W
2025/02/16 20:14:32.379, 74.05 W
2025/02/16 20:14:32.389, 74.05 W
2025/02/16 20:14:32.400, 74.05 W
2025/02/16 20:14:32.410, 74.05 W
2025/02/16 20:14:32.420, 74.05 W
2025/02/16 20:14:32.430, 74.05 W
2025/02/16 20:14:32.440, 74.05 W
2025/02/16 20:14:32.450, 74.05 W
2025/02/16 20:14:32.460, 74.05 W
2025/02/16 20:14:32.470, 74.05 W
2025/02/16 20:14:32.480, 74.05 W
2025/02/16 20:14:32.490, 74.05 W
2025/02/16 20:14:32.500, 74.05 W
2025/02/16 20:14:32.510, 74.05 W
2025/02/16 20:14:32.520, 74.05 W
2025/02/16 20:14:32.530, 74.05 W
2025/02/16 20:14:32.540, 74.05 W
2025/02/16 20:14:32.550, 74.05 W
2025/02/16 20:14:32.561, 74.05 W
2025/02/16 20:14:32.571, 74.05 W
2025/02/16 20:14:32.581, 74.05 W
2025/02/16 20:14:32.591, 74.05 W
2025/02/16 20:14:32.601, 74.05 W
2025/02/16 20:14:32.611, 74.05 W
2025/02/16 20:14:32.621, 74.05 W
2025/02/16 20:14:32.631, 74.05 W
2025/02/16 20:14:32.641, 74.05 W
2025/02/16 20:14:32.651, 74.05 W
2025/02/16 20:14:32.661, 74.05 W
2025/02/16 20:14:32.671, 74.05 W
2025/02/16 20:14:32.681, 74.05 W
2025/02/16 20:14:32.691, 74.05 W
2025/02/16 20:14:32.701, 74.05 W
2025/02/16 20:14:32.712, 74.05 W
2025/02/16 20:14:32.722, 74.05 W
2025/02/16 20:14:32.732, 74.05 W
2025/02/16 20:14:32.742, 74.05 W
2025/02/16 20:14:32.752, 74.05 W
2025/02/16 20:14:32.762, 74.05 W
2025/02/16 20:14:32.772, 74.05 W
2025/02/16 20:14:32.782, 74.05 W
2025/02/16 20:14:32.792, 74.05 W
2025/02/16 20:14:32.802, 74.05 W
2025/02/16 20:14:32.812, 74.05 W
2025/02/16 20:14:32.822, 74.05 W
2025/02/16 20:14:32.832, 74.05 W
2025/02/16 20:14:32.842, 74.05 W
2025/02/16 20:14:32.852, 74.05 W
2025/02/16 20:14:32.863, 74.05 W
2025/02/16 20:14:32.873, 74.05 W
2025/02/16 20:14:32.883, 74.05 W
2025/02/16 20:14:32.893, 74.05 W
2025/02/16 20:14:32.903, 74.05 W
2025/02/16 20:14:32.913, 74.05 W
2025/02/16 20:14:32.923, 74.05 W
2025/02/16 20:14:32.933, 74.05 W
2025/02/16 20:14:32.943, 74.05 W
2025/02/16 20:14:32.953, 74.05 W
2025/02/16 20:14:32.963, 74.05 W
2025/02/16 20:14:32.973, 74.05 W
2025/02/16 20:14:32.983, 74.05 W
2025/02/16 20:14:32.993, 74.05 W
2025/02/16 20:14:33.003, 74.05 W
2025/02/16 20:14:33.014, 74.05 W
2025/02/16 20:14:33.024, 74.05 W
2025/02/16 20:14:33.034, 74.05 W
2025/02/16 20:14:33.044, 74.05 W
2025/02/16 20:14:33.054, 74.05 W
2025/02/16 20:14:33.064, 74.05 W
2025/02/16 20:14:33.074, 74.05 W
2025/02/16 20:14:33.084, 74.05 W
2025/02/16 20:14:33.094, 74.05 W
2025/02/16 20:14:33.104, 74.05 W
2025/02/16 20:14:33.114, 74.05 W
2025/02/16 20:14:33.124, 74.05 W
2025/02/16 20:14:33.134, 74.05 W
2025/02/16 20:14:33.144, 74.05 W
2025/02/16 20:14:33.154, 74.05 W
2025/02/16 20:14:33.164, 74.05 W
2025/02/16 20:14:33.175, 74.05 W
2025/02/16 20:14:33.185, 74.05 W
2025/02/16 20:14:33.195, 74.05 W
2025/02/16 20:14:33.205, 74.05 W
2025/02/16 20:14:33.215, 74.05 W
2025/02/16 20:14:33.225, 74.05 W
2025/02/16 20:14:33.235, 74.05 W
2025/02/16 20:14:33.245, 74.05 W
2025/02/16 20:14:33.255, 74.05 W
2025/02/16 20:14:33.265, 74.05 W
2025/02/16 20:14:33.275, 74.05 W
2025/02/16 20:14:33.285, 74.05 W
2025/02/16 20:14:33.295, 74.05 W
2025/02/16 20:14:33.305, 74.05 W
2025/02/16 20:14:33.315, 74.05 W
2025/02/16 20:14:33.326, 74.05 W
2025/02/16 20:14:33.336, 74.05 W
2025/02/16 20:14:33.346, 74.05 W
2025/02/16 20:14:33.356, 74.05 W
2025/02/16 20:14:33.366, 74.05 W
2025/02/16 20:14:33.376, 74.05 W
2025/02/16 20:14:33.386, 74.05 W
2025/02/16 20:14:33.396, 74.05 W
2025/02/16 20:14:33.406, 74.05 W
2025/02/16 20:14:33.416, 74.05 W
2025/02/16 20:14:33.426, 74.05 W
2025/02/16 20:14:33.436, 74.05 W
2025/02/16 20:14:33.446, 74.05 W
2025/02/16 20:14:33.456, 74.05 W
2025/02/16 20:14:33.466, 74.05 W
2025/02/16 20:14:33.476, 74.05 W
2025/02/16 20:14:33.487, 74.05 W
2025/02/16 20:14:33.497, 74.05 W
2025/02/16 20:14:33.507, 74.05 W
2025/02/16 20:14:33.517, 74.05 W
2025/02/16 20:14:33.527, 74.05 W
2025/02/16 20:14:33.537, 74.05 W
2025/02/16 20:14:33.547, 74.05 W
2025/02/16 20:14:33.557, 74.05 W
2025/02/16 20:14:33.567, 74.05 W
2025/02/16 20:14:33.577, 74.05 W
2025/02/16 20:14:33.587, 74.05 W
2025/02/16 20:14:33.597, 74.05 W
2025/02/16 20:14:33.607, 74.05 W
2025/02/16 20:14:33.617, 74.05 W
2025/02/16 20:14:33.627, 73.79 W
2025/02/16 20:14:33.638, 73.79 W
2025/02/16 20:14:33.648, 73.79 W
2025/02/16 20:14:33.658, 73.79 W
2025/02/16 20:14:33.668, 73.79 W
2025/02/16 20:14:33.678, 73.79 W
2025/02/16 20:14:33.688, 73.79 W
2025/02/16 20:14:33.698, 73.79 W
2025/02/16 20:14:33.708, 74.04 W
2025/02/16 20:14:33.718, 74.04 W
2025/02/16 20:14:33.728, 74.04 W
2025/02/16 20:14:33.738, 74.04 W
2025/02/16 20:14:33.748, 74.04 W
2025/02/16 20:14:33.758, 74.04 W
2025/02/16 20:14:33.768, 74.04 W
2025/02/16 20:14:33.778, 74.04 W
2025/02/16 20:14:33.788, 74.04 W
2025/02/16 20:14:33.799, 74.04 W
2025/02/16 20:14:33.809, 74.04 W
2025/02/16 20:14:33.819, 74.04 W
2025/02/16 20:14:33.829, 73.79 W
2025/02/16 20:14:33.839, 73.79 W
2025/02/16 20:14:33.849, 73.79 W
2025/02/16 20:14:33.859, 73.79 W
2025/02/16 20:14:33.869, 73.79 W
2025/02/16 20:14:33.879, 73.79 W
2025/02/16 20:14:33.889, 73.79 W
2025/02/16 20:14:33.899, 73.79 W
2025/02/16 20:14:33.909, 73.79 W
2025/02/16 20:14:33.919, 73.79 W
2025/02/16 20:14:33.929, 73.79 W
2025/02/16 20:14:33.939, 73.79 W
2025/02/16 20:14:33.950, 73.79 W
2025/02/16 20:14:33.960, 73.79 W
2025/02/16 20:14:33.970, 73.79 W
2025/02/16 20:14:33.980, 73.79 W
2025/02/16 20:14:33.990, 73.79 W
2025/02/16 20:14:34.000, 73.79 W
2025/02/16 20:14:34.010, 73.79 W
2025/02/16 20:14:34.020, 73.79 W
2025/02/16 20:14:34.030, 73.79 W
2025/02/16 20:14:34.040, 74.12 W
2025/02/16 20:14:34.050, 74.12 W
2025/02/16 20:14:34.060, 74.12 W
2025/02/16 20:14:34.070, 74.12 W
2025/02/16 20:14:34.080, 74.12 W
2025/02/16 20:14:34.090, 74.12 W
2025/02/16 20:14:34.100, 74.12 W
2025/02/16 20:14:34.111, 74.12 W
2025/02/16 20:14:34.121, 74.12 W
2025/02/16 20:14:34.131, 74.12 W
2025/02/16 20:14:34.141, 74.12 W
2025/02/16 20:14:34.151, 74.12 W
2025/02/16 20:14:34.161, 74.12 W
2025/02/16 20:14:34.171, 74.12 W
2025/02/16 20:14:34.181, 74.12 W
2025/02/16 20:14:34.191, 74.12 W
2025/02/16 20:14:34.201, 74.12 W
2025/02/16 20:14:34.211, 74.12 W
2025/02/16 20:14:34.221, 74.12 W
2025/02/16 20:14:34.231, 74.12 W
2025/02/16 20:14:34.241, 73.88 W
2025/02/16 20:14:34.251, 73.88 W
2025/02/16 20:14:34.262, 73.88 W
2025/02/16 20:14:34.272, 73.88 W
2025/02/16 20:14:34.282, 73.88 W
2025/02/16 20:14:34.292, 73.88 W
2025/02/16 20:14:34.302, 73.88 W
2025/02/16 20:14:34.312, 73.88 W
2025/02/16 20:14:34.322, 73.79 W
2025/02/16 20:14:34.332, 73.79 W
2025/02/16 20:14:34.342, 73.79 W
2025/02/16 20:14:34.352, 73.79 W
2025/02/16 20:14:34.362, 73.79 W
2025/02/16 20:14:34.372, 73.79 W
2025/02/16 20:14:34.382, 73.79 W
2025/02/16 20:14:34.392, 73.79 W
2025/02/16 20:14:34.402, 73.79 W
2025/02/16 20:14:34.412, 73.79 W
2025/02/16 20:14:34.423, 73.79 W
2025/02/16 20:14:34.433, 73.79 W
2025/02/16 20:14:34.443, 73.79 W
2025/02/16 20:14:34.453, 73.79 W
2025/02/16 20:14:34.463, 73.79 W
2025/02/16 20:14:34.473, 73.79 W
2025/02/16 20:14:34.483, 73.79 W
2025/02/16 20:14:34.493, 73.79 W
2025/02/16 20:14:34.503, 73.79 W
2025/02/16 20:14:34.513, 73.79 W
2025/02/16 20:14:34.523, 73.79 W
2025/02/16 20:14:34.533, 73.79 W
2025/02/16 20:14:34.543, 73.79 W
2025/02/16 20:14:34.553, 73.79 W
2025/02/16 20:14:34.563, 73.79 W
2025/02/16 20:14:34.574, 73.79 W
2025/02/16 20:14:34.584, 73.79 W
2025/02/16 20:14:34.594, 73.79 W
2025/02/16 20:14:34.604, 73.79 W
2025/02/16 20:14:34.614, 73.79 W
2025/02/16 20:14:34.624, 73.79 W
2025/02/16 20:14:34.634, 73.79 W
2025/02/16 20:14:34.644, 73.79 W
2025/02/16 20:14:34.654, 73.79 W
2025/02/16 20:14:34.664, 73.79 W
2025/02/16 20:14:34.674, 73.79 W
2025/02/16 20:14:34.684, 73.79 W
2025/02/16 20:14:34.694, 73.79 W
2025/02/16 20:14:34.704, 73.79 W
2025/02/16 20:14:34.714, 73.79 W
2025/02/16 20:14:34.724, 73.79 W
2025/02/16 20:14:34.735, 73.79 W
2025/02/16 20:14:34.745, 73.79 W
2025/02/16 20:14:34.755, 73.79 W
2025/02/16 20:14:34.765, 73.79 W
2025/02/16 20:14:34.775, 73.79 W
2025/02/16 20:14:34.785, 73.79 W
2025/02/16 20:14:34.795, 73.79 W
2025/02/16 20:14:34.805, 73.79 W
2025/02/16 20:14:34.815, 73.79 W
2025/02/16 20:14:34.825, 73.79 W
2025/02/16 20:14:34.835, 73.79 W
2025/02/16 20:14:34.845, 73.79 W
2025/02/16 20:14:34.855, 73.79 W
2025/02/16 20:14:34.865, 73.79 W
2025/02/16 20:14:34.875, 73.79 W
2025/02/16 20:14:34.886, 73.79 W
2025/02/16 20:14:34.896, 73.79 W
2025/02/16 20:14:34.906, 73.79 W
2025/02/16 20:14:34.916, 73.79 W
2025/02/16 20:14:34.926, 73.79 W
2025/02/16 20:14:34.936, 73.79 W
2025/02/16 20:14:34.946, 73.79 W
2025/02/16 20:14:34.956, 73.79 W
2025/02/16 20:14:34.966, 73.79 W
2025/02/16 20:14:34.976, 73.79 W
2025/02/16 20:14:34.986, 73.79 W
2025/02/16 20:14:34.996, 73.79 W
2025/02/16 20:14:35.006, 73.79 W
2025/02/16 20:14:35.016, 73.79 W
2025/02/16 20:14:35.026, 73.79 W
2025/02/16 20:14:35.036, 73.79 W
2025/02/16 20:14:35.047, 73.79 W
2025/02/16 20:14:35.057, 73.96 W
2025/02/16 20:14:35.067, 73.96 W
2025/02/16 20:14:35.077, 73.96 W
2025/02/16 20:14:35.087, 73.96 W
2025/02/16 20:14:35.097, 73.96 W
2025/02/16 20:14:35.107, 73.96 W
2025/02/16 20:14:35.117, 73.96 W
2025/02/16 20:14:35.127, 73.96 W
2025/02/16 20:14:35.137, 73.96 W
2025/02/16 20:14:35.147, 73.79 W
2025/02/16 20:14:35.157, 73.79 W
2025/02/16 20:14:35.167, 73.79 W
2025/02/16 20:14:35.177, 73.79 W
2025/02/16 20:14:35.187, 73.79 W
2025/02/16 20:14:35.197, 73.79 W
2025/02/16 20:14:35.208, 73.79 W
2025/02/16 20:14:35.218, 73.79 W
2025/02/16 20:14:35.228, 73.79 W
2025/02/16 20:14:35.238, 73.79 W
2025/02/16 20:14:35.248, 73.79 W
2025/02/16 20:14:35.258, 73.79 W
2025/02/16 20:14:35.268, 73.79 W
2025/02/16 20:14:35.278, 73.79 W
2025/02/16 20:14:35.288, 73.79 W
2025/02/16 20:14:35.298, 73.79 W
2025/02/16 20:14:35.308, 73.79 W
2025/02/16 20:14:35.318, 73.79 W
2025/02/16 20:14:35.328, 73.79 W
2025/02/16 20:14:35.338, 73.79 W
2025/02/16 20:14:35.348, 73.88 W
2025/02/16 20:14:35.359, 73.88 W
2025/02/16 20:14:35.369, 73.88 W
2025/02/16 20:14:35.379, 73.88 W
2025/02/16 20:14:35.389, 73.88 W
2025/02/16 20:14:35.399, 73.88 W
2025/02/16 20:14:35.409, 73.88 W
2025/02/16 20:14:35.419, 73.88 W
2025/02/16 20:14:35.429, 73.88 W
2025/02/16 20:14:35.439, 73.88 W
2025/02/16 20:14:35.449, 73.96 W
2025/02/16 20:14:35.459, 73.96 W
2025/02/16 20:14:35.469, 73.96 W
2025/02/16 20:14:35.479, 73.96 W
2025/02/16 20:14:35.489, 73.96 W
2025/02/16 20:14:35.499, 73.96 W
2025/02/16 20:14:35.509, 73.96 W
2025/02/16 20:14:35.520, 73.96 W
2025/02/16 20:14:35.530, 73.96 W
2025/02/16 20:14:35.540, 73.96 W
2025/02/16 20:14:35.550, 74.05 W
2025/02/16 20:14:35.560, 74.05 W
2025/02/16 20:14:35.570, 74.05 W
2025/02/16 20:14:35.580, 74.05 W
2025/02/16 20:14:35.590, 74.05 W
2025/02/16 20:14:35.600, 74.05 W
2025/02/16 20:14:35.610, 74.05 W
2025/02/16 20:14:35.620, 74.05 W
2025/02/16 20:14:35.630, 74.05 W
2025/02/16 20:14:35.640, 74.05 W
2025/02/16 20:14:35.650, 74.05 W
2025/02/16 20:14:35.660, 74.05 W
2025/02/16 20:14:35.671, 74.05 W
2025/02/16 20:14:35.681, 74.05 W
2025/02/16 20:14:35.691, 74.05 W
2025/02/16 20:14:35.701, 74.05 W
2025/02/16 20:14:35.711, 74.05 W
2025/02/16 20:14:35.721, 74.05 W
2025/02/16 20:14:35.731, 74.05 W
2025/02/16 20:14:35.741, 74.05 W
2025/02/16 20:14:35.751, 74.05 W
2025/02/16 20:14:35.761, 74.05 W
2025/02/16 20:14:35.771, 74.05 W
2025/02/16 20:14:35.781, 74.05 W
2025/02/16 20:14:35.791, 74.05 W
2025/02/16 20:14:35.801, 74.05 W
2025/02/16 20:14:35.811, 74.05 W
2025/02/16 20:14:35.821, 74.05 W
2025/02/16 20:14:35.832, 74.05 W
2025/02/16 20:14:35.842, 74.05 W
2025/02/16 20:14:35.852, 74.05 W
2025/02/16 20:14:35.862, 74.05 W
2025/02/16 20:14:35.872, 74.05 W
2025/02/16 20:14:35.882, 74.05 W
2025/02/16 20:14:35.892, 74.05 W
2025/02/16 20:14:35.902, 74.05 W
2025/02/16 20:14:35.912, 74.05 W
2025/02/16 20:14:35.922, 74.05 W
2025/02/16 20:14:35.932, 74.05 W
2025/02/16 20:14:35.942, 74.05 W
2025/02/16 20:14:35.952, 74.05 W
2025/02/16 20:14:35.962, 73.76 W
2025/02/16 20:14:35.972, 73.76 W
2025/02/16 20:14:35.983, 73.76 W
2025/02/16 20:14:35.993, 73.76 W
2025/02/16 20:14:36.003, 73.76 W
2025/02/16 20:14:36.013, 73.76 W
2025/02/16 20:14:36.023, 73.76 W
2025/02/16 20:14:36.033, 73.76 W
2025/02/16 20:14:36.043, 73.76 W
2025/02/16 20:14:36.053, 73.76 W
2025/02/16 20:14:36.063, 73.76 W
2025/02/16 20:14:36.073, 73.76 W
2025/02/16 20:14:36.083, 74.05 W
2025/02/16 20:14:36.093, 74.05 W
2025/02/16 20:14:36.103, 74.05 W
2025/02/16 20:14:36.113, 74.05 W
2025/02/16 20:14:36.123, 74.05 W
2025/02/16 20:14:36.133, 74.05 W
2025/02/16 20:14:36.144, 74.05 W
2025/02/16 20:14:36.154, 74.05 W
2025/02/16 20:14:36.164, 73.76 W
2025/02/16 20:14:36.174, 73.76 W
2025/02/16 20:14:36.184, 73.76 W
2025/02/16 20:14:36.194, 73.76 W
2025/02/16 20:14:36.204, 73.76 W
2025/02/16 20:14:36.214, 73.76 W
2025/02/16 20:14:36.224, 73.76 W
2025/02/16 20:14:36.234, 73.76 W
2025/02/16 20:14:36.244, 73.76 W
2025/02/16 20:14:36.254, 73.76 W
2025/02/16 20:14:36.264, 73.76 W
2025/02/16 20:14:36.274, 73.76 W
2025/02/16 20:14:36.284, 74.05 W
2025/02/16 20:14:36.295, 74.05 W
2025/02/16 20:14:36.305, 74.05 W
2025/02/16 20:14:36.315, 74.05 W
2025/02/16 20:14:36.325, 74.05 W
2025/02/16 20:14:36.335, 74.05 W
2025/02/16 20:14:36.345, 74.05 W
2025/02/16 20:14:36.355, 74.05 W
2025/02/16 20:14:36.365, 74.05 W
2025/02/16 20:14:36.375, 74.05 W
2025/02/16 20:14:36.385, 74.05 W
2025/02/16 20:14:36.395, 74.05 W
2025/02/16 20:14:36.405, 74.05 W
2025/02/16 20:14:36.415, 74.05 W
2025/02/16 20:14:36.425, 74.05 W
2025/02/16 20:14:36.435, 74.05 W
2025/02/16 20:14:36.446, 74.05 W
2025/02/16 20:14:36.456, 74.05 W
2025/02/16 20:14:36.466, 74.05 W
2025/02/16 20:14:36.476, 74.05 W
2025/02/16 20:14:36.486, 74.05 W
2025/02/16 20:14:36.496, 74.05 W
2025/02/16 20:14:36.506, 74.05 W
2025/02/16 20:14:36.516, 74.05 W
2025/02/16 20:14:36.526, 74.05 W
2025/02/16 20:14:36.536, 74.05 W
2025/02/16 20:14:36.546, 74.05 W
2025/02/16 20:14:36.556, 74.05 W
2025/02/16 20:14:36.566, 74.05 W
2025/02/16 20:14:36.576, 74.05 W
2025/02/16 20:14:36.586, 74.05 W
2025/02/16 20:14:36.596, 74.05 W
2025/02/16 20:14:36.607, 74.05 W
2025/02/16 20:14:36.617, 74.05 W
2025/02/16 20:14:36.627, 74.05 W
2025/02/16 20:14:36.637, 74.05 W
2025/02/16 20:14:36.647, 74.05 W
2025/02/16 20:14:36.657, 74.05 W
2025/02/16 20:14:36.667, 74.05 W
2025/02/16 20:14:36.677, 74.05 W
2025/02/16 20:14:36.687, 74.05 W
2025/02/16 20:14:36.697, 74.05 W
2025/02/16 20:14:36.707, 74.05 W
2025/02/16 20:14:36.717, 74.05 W
2025/02/16 20:14:36.727, 74.05 W
2025/02/16 20:14:36.737, 74.05 W
2025/02/16 20:14:36.747, 74.05 W
2025/02/16 20:14:36.757, 74.05 W
2025/02/16 20:14:36.768, 74.05 W
2025/02/16 20:14:36.778, 74.05 W
2025/02/16 20:14:36.788, 74.05 W
2025/02/16 20:14:36.798, 74.05 W
2025/02/16 20:14:36.808, 74.05 W
2025/02/16 20:14:36.818, 74.05 W
2025/02/16 20:14:36.828, 74.05 W
2025/02/16 20:14:36.838, 74.05 W
2025/02/16 20:14:36.848, 74.05 W
2025/02/16 20:14:36.858, 74.05 W
2025/02/16 20:14:36.868, 74.05 W
2025/02/16 20:14:36.878, 74.05 W
2025/02/16 20:14:36.888, 74.05 W
2025/02/16 20:14:36.898, 74.05 W
2025/02/16 20:14:36.908, 74.05 W
2025/02/16 20:14:36.919, 74.05 W
2025/02/16 20:14:36.929, 74.05 W
2025/02/16 20:14:36.939, 74.05 W
2025/02/16 20:14:36.949, 74.05 W
2025/02/16 20:14:36.959, 74.05 W
2025/02/16 20:14:36.969, 74.05 W
2025/02/16 20:14:36.979, 74.05 W
2025/02/16 20:14:36.989, 74.05 W
2025/02/16 20:14:36.999, 74.05 W
2025/02/16 20:14:37.009, 74.05 W
2025/02/16 20:14:37.019, 74.05 W
2025/02/16 20:14:37.029, 74.05 W
2025/02/16 20:14:37.039, 74.05 W
2025/02/16 20:14:37.049, 74.05 W
2025/02/16 20:14:37.059, 74.05 W
2025/02/16 20:14:37.070, 74.05 W
2025/02/16 20:14:37.080, 74.05 W
2025/02/16 20:14:37.090, 74.05 W
2025/02/16 20:14:37.100, 74.05 W
2025/02/16 20:14:37.110, 74.05 W
2025/02/16 20:14:37.120, 74.05 W
2025/02/16 20:14:37.130, 74.05 W
2025/02/16 20:14:37.140, 74.05 W
2025/02/16 20:14:37.150, 74.05 W
2025/02/16 20:14:37.160, 74.05 W
2025/02/16 20:14:37.170, 74.05 W
2025/02/16 20:14:37.180, 74.05 W
2025/02/16 20:14:37.190, 74.05 W
2025/02/16 20:14:37.200, 74.05 W
2025/02/16 20:14:37.210, 74.05 W
2025/02/16 20:14:37.220, 74.05 W
2025/02/16 20:14:37.231, 74.05 W
2025/02/16 20:14:37.241, 74.05 W
2025/02/16 20:14:37.251, 74.05 W
2025/02/16 20:14:37.261, 74.05 W
2025/02/16 20:14:37.271, 74.05 W
2025/02/16 20:14:37.281, 74.05 W
2025/02/16 20:14:37.291, 74.05 W
2025/02/16 20:14:37.301, 74.05 W
2025/02/16 20:14:37.311, 73.76 W
2025/02/16 20:14:37.321, 73.76 W
2025/02/16 20:14:37.331, 73.76 W
2025/02/16 20:14:37.341, 73.76 W
2025/02/16 20:14:37.351, 73.76 W
2025/02/16 20:14:37.361, 73.76 W
2025/02/16 20:14:37.371, 73.76 W
2025/02/16 20:14:37.382, 73.76 W
2025/02/16 20:14:37.392, 73.76 W
2025/02/16 20:14:37.402, 73.76 W
2025/02/16 20:14:37.412, 74.05 W
2025/02/16 20:14:37.422, 74.05 W
2025/02/16 20:14:37.432, 74.05 W
2025/02/16 20:14:37.442, 74.05 W
2025/02/16 20:14:37.452, 74.05 W
2025/02/16 20:14:37.462, 74.05 W
2025/02/16 20:14:37.472, 74.05 W
2025/02/16 20:14:37.482, 74.05 W
2025/02/16 20:14:37.492, 74.05 W
2025/02/16 20:14:37.502, 73.76 W
2025/02/16 20:14:37.512, 73.76 W
2025/02/16 20:14:37.522, 73.76 W
2025/02/16 20:14:37.532, 73.76 W
2025/02/16 20:14:37.543, 73.76 W
2025/02/16 20:14:37.553, 73.76 W
2025/02/16 20:14:37.563, 73.76 W
2025/02/16 20:14:37.573, 73.76 W
2025/02/16 20:14:37.583, 73.76 W
2025/02/16 20:14:37.593, 73.76 W
2025/02/16 20:14:37.603, 74.05 W
2025/02/16 20:14:37.613, 74.05 W
2025/02/16 20:14:37.623, 74.05 W
2025/02/16 20:14:37.633, 74.05 W
2025/02/16 20:14:37.643, 74.05 W
2025/02/16 20:14:37.653, 74.05 W
2025/02/16 20:14:37.663, 74.05 W
2025/02/16 20:14:37.673, 74.05 W
2025/02/16 20:14:37.683, 74.05 W
2025/02/16 20:14:37.694, 74.05 W
2025/02/16 20:14:37.704, 74.05 W
2025/02/16 20:14:37.714, 74.05 W
2025/02/16 20:14:37.724, 74.05 W
2025/02/16 20:14:37.734, 74.05 W
2025/02/16 20:14:37.744, 74.05 W
2025/02/16 20:14:37.754, 74.05 W
2025/02/16 20:14:37.764, 74.05 W
2025/02/16 20:14:37.774, 74.05 W
2025/02/16 20:14:37.784, 74.05 W
2025/02/16 20:14:37.794, 74.05 W
2025/02/16 20:14:37.804, 74.05 W
2025/02/16 20:14:37.814, 74.05 W
2025/02/16 20:14:37.824, 74.05 W
2025/02/16 20:14:37.834, 74.05 W
2025/02/16 20:14:37.844, 74.05 W
2025/02/16 20:14:37.855, 74.05 W
2025/02/16 20:14:37.865, 74.05 W
2025/02/16 20:14:37.875, 74.05 W
2025/02/16 20:14:37.885, 74.05 W
2025/02/16 20:14:37.895, 74.05 W
2025/02/16 20:14:37.905, 74.05 W
2025/02/16 20:14:37.915, 74.05 W
2025/02/16 20:14:37.925, 74.05 W
2025/02/16 20:14:37.935, 74.05 W
2025/02/16 20:14:37.945, 74.05 W
2025/02/16 20:14:37.955, 74.05 W
2025/02/16 20:14:37.965, 74.05 W
2025/02/16 20:14:37.975, 74.05 W
2025/02/16 20:14:37.986, 74.05 W
2025/02/16 20:14:37.996, 74.05 W
2025/02/16 20:14:38.006, 74.05 W
2025/02/16 20:14:38.016, 74.05 W
2025/02/16 20:14:38.026, 74.05 W
2025/02/16 20:14:38.036, 74.05 W
2025/02/16 20:14:38.046, 74.05 W
2025/02/16 20:14:38.056, 74.05 W
2025/02/16 20:14:38.066, 74.05 W
2025/02/16 20:14:38.076, 74.05 W
2025/02/16 20:14:38.086, 74.05 W
2025/02/16 20:14:38.096, 74.05 W
2025/02/16 20:14:38.106, 74.05 W
2025/02/16 20:14:38.116, 74.05 W
2025/02/16 20:14:38.126, 73.76 W
2025/02/16 20:14:38.136, 73.76 W
2025/02/16 20:14:38.147, 73.76 W
2025/02/16 20:14:38.157, 73.76 W
2025/02/16 20:14:38.167, 73.76 W
2025/02/16 20:14:38.177, 73.76 W
2025/02/16 20:14:38.187, 73.76 W
2025/02/16 20:14:38.197, 73.76 W
2025/02/16 20:14:38.207, 73.76 W
2025/02/16 20:14:38.217, 73.76 W
2025/02/16 20:14:38.227, 73.76 W
2025/02/16 20:14:38.237, 73.76 W
2025/02/16 20:14:38.247, 73.76 W
2025/02/16 20:14:38.257, 73.76 W
2025/02/16 20:14:38.267, 73.76 W
2025/02/16 20:14:38.277, 73.76 W
2025/02/16 20:14:38.287, 73.76 W
2025/02/16 20:14:38.298, 73.76 W
2025/02/16 20:14:38.308, 73.76 W
2025/02/16 20:14:38.318, 73.76 W
2025/02/16 20:14:38.328, 73.76 W
2025/02/16 20:14:38.338, 74.05 W
2025/02/16 20:14:38.348, 74.05 W
2025/02/16 20:14:38.358, 74.05 W
2025/02/16 20:14:38.368, 74.05 W
2025/02/16 20:14:38.378, 74.05 W
2025/02/16 20:14:38.388, 74.05 W
2025/02/16 20:14:38.398, 74.05 W
2025/02/16 20:14:38.408, 74.05 W
2025/02/16 20:14:38.418, 74.05 W
2025/02/16 20:14:38.428, 74.05 W
2025/02/16 20:14:38.438, 74.05 W
2025/02/16 20:14:38.448, 74.05 W
2025/02/16 20:14:38.459, 74.05 W
2025/02/16 20:14:38.469, 74.05 W
2025/02/16 20:14:38.479, 74.05 W
2025/02/16 20:14:38.489, 74.05 W
2025/02/16 20:14:38.499, 74.05 W
2025/02/16 20:14:38.509, 74.05 W
2025/02/16 20:14:38.519, 74.05 W
2025/02/16 20:14:38.529, 74.05 W
2025/02/16 20:14:38.539, 74.05 W
2025/02/16 20:14:38.549, 74.05 W
2025/02/16 20:14:38.559, 74.05 W
2025/02/16 20:14:38.569, 74.05 W
2025/02/16 20:14:38.579, 74.05 W
2025/02/16 20:14:38.589, 74.05 W
2025/02/16 20:14:38.599, 74.05 W
2025/02/16 20:14:38.609, 74.05 W
2025/02/16 20:14:38.668, 74.05 W
2025/02/16 20:14:38.678, 74.05 W
2025/02/16 20:14:38.688, 74.05 W
2025/02/16 20:14:38.698, 74.05 W
2025/02/16 20:14:38.708, 74.05 W
2025/02/16 20:14:38.718, 74.05 W
2025/02/16 20:14:38.728, 74.05 W
2025/02/16 20:14:38.738, 74.05 W
2025/02/16 20:14:38.749, 74.04 W
2025/02/16 20:14:38.759, 74.04 W
2025/02/16 20:14:38.769, 74.04 W
2025/02/16 20:14:38.779, 74.04 W
2025/02/16 20:14:38.789, 74.04 W
2025/02/16 20:14:38.799, 74.04 W
2025/02/16 20:14:38.809, 74.04 W
2025/02/16 20:14:38.819, 74.04 W
2025/02/16 20:14:38.829, 74.04 W
2025/02/16 20:14:38.839, 74.04 W
2025/02/16 20:14:38.849, 74.04 W
2025/02/16 20:14:38.859, 74.04 W
2025/02/16 20:14:38.869, 74.04 W
2025/02/16 20:14:38.879, 74.04 W
2025/02/16 20:14:38.890, 74.04 W
2025/02/16 20:14:38.900, 74.04 W
2025/02/16 20:14:38.910, 74.04 W
2025/02/16 20:14:38.920, 74.04 W
2025/02/16 20:14:38.930, 74.04 W
2025/02/16 20:14:38.940, 74.04 W
2025/02/16 20:14:38.950, 73.79 W
2025/02/16 20:14:38.960, 73.79 W
2025/02/16 20:14:38.970, 73.79 W
2025/02/16 20:14:38.980, 73.79 W
2025/02/16 20:14:38.990, 73.79 W
2025/02/16 20:14:39.000, 73.79 W
2025/02/16 20:14:39.010, 73.79 W
2025/02/16 20:14:39.020, 73.79 W
2025/02/16 20:14:39.030, 73.71 W
2025/02/16 20:14:39.041, 73.71 W
2025/02/16 20:14:39.051, 73.71 W
2025/02/16 20:14:39.061, 73.71 W
2025/02/16 20:14:39.071, 73.71 W
2025/02/16 20:14:39.081, 73.71 W
2025/02/16 20:14:39.091, 73.71 W
2025/02/16 20:14:39.101, 73.71 W
2025/02/16 20:14:39.111, 73.71 W
2025/02/16 20:14:39.121, 73.71 W
2025/02/16 20:14:39.131, 73.71 W
2025/02/16 20:14:39.141, 73.71 W
2025/02/16 20:14:39.151, 73.79 W
2025/02/16 20:14:39.161, 73.79 W
2025/02/16 20:14:39.171, 73.79 W
2025/02/16 20:14:39.181, 73.79 W
2025/02/16 20:14:39.191, 73.79 W
2025/02/16 20:14:39.202, 73.79 W
2025/02/16 20:14:39.212, 73.79 W
2025/02/16 20:14:39.222, 73.79 W
2025/02/16 20:14:39.232, 73.79 W
2025/02/16 20:14:39.242, 73.79 W
2025/02/16 20:14:39.252, 73.79 W
2025/02/16 20:14:39.262, 73.79 W
2025/02/16 20:14:39.272, 73.79 W
2025/02/16 20:14:39.282, 73.79 W
2025/02/16 20:14:39.292, 73.79 W
2025/02/16 20:14:39.302, 73.79 W
2025/02/16 20:14:39.312, 73.79 W
2025/02/16 20:14:39.322, 73.79 W
2025/02/16 20:14:39.332, 73.79 W
2025/02/16 20:14:39.342, 73.79 W
2025/02/16 20:14:39.352, 73.79 W
2025/02/16 20:14:39.363, 73.96 W
2025/02/16 20:14:39.373, 73.96 W
2025/02/16 20:14:39.383, 73.96 W
2025/02/16 20:14:39.393, 73.96 W
2025/02/16 20:14:39.403, 73.96 W
2025/02/16 20:14:39.413, 73.96 W
2025/02/16 20:14:39.423, 73.96 W
2025/02/16 20:14:39.433, 73.96 W
2025/02/16 20:14:39.443, 73.96 W
2025/02/16 20:14:39.453, 73.96 W
2025/02/16 20:14:39.463, 74.04 W
2025/02/16 20:14:39.473, 74.04 W
2025/02/16 20:14:39.483, 74.04 W
2025/02/16 20:14:39.493, 74.04 W
2025/02/16 20:14:39.503, 74.04 W
2025/02/16 20:14:39.514, 74.04 W
2025/02/16 20:14:39.524, 74.04 W
2025/02/16 20:14:39.534, 74.04 W
2025/02/16 20:14:39.544, 73.79 W
2025/02/16 20:14:39.554, 73.79 W
2025/02/16 20:14:39.564, 73.79 W
2025/02/16 20:14:39.574, 73.79 W
2025/02/16 20:14:39.584, 73.79 W
2025/02/16 20:14:39.594, 73.79 W
2025/02/16 20:14:39.604, 73.79 W
2025/02/16 20:14:39.614, 73.79 W
2025/02/16 20:14:39.624, 73.79 W
2025/02/16 20:14:39.634, 73.79 W
2025/02/16 20:14:39.644, 73.79 W
2025/02/16 20:14:39.654, 73.79 W
2025/02/16 20:14:39.664, 73.79 W
2025/02/16 20:14:39.675, 73.79 W
2025/02/16 20:14:39.685, 73.79 W
2025/02/16 20:14:39.695, 73.79 W
2025/02/16 20:14:39.705, 73.79 W
2025/02/16 20:14:39.715, 73.79 W
2025/02/16 20:14:39.725, 73.79 W
2025/02/16 20:14:39.735, 73.79 W
2025/02/16 20:14:39.745, 73.79 W
2025/02/16 20:14:39.755, 73.79 W
2025/02/16 20:14:39.765, 73.79 W
2025/02/16 20:14:39.775, 73.79 W
2025/02/16 20:14:39.785, 73.79 W
2025/02/16 20:14:39.795, 73.79 W
2025/02/16 20:14:39.805, 73.79 W
2025/02/16 20:14:39.815, 73.79 W
2025/02/16 20:14:39.826, 73.79 W
2025/02/16 20:14:39.836, 73.79 W
2025/02/16 20:14:39.846, 73.79 W
2025/02/16 20:14:39.856, 73.88 W
2025/02/16 20:14:39.866, 73.88 W
2025/02/16 20:14:39.876, 73.88 W
2025/02/16 20:14:39.886, 73.88 W
2025/02/16 20:14:39.896, 73.88 W
2025/02/16 20:14:39.906, 73.88 W
2025/02/16 20:14:39.916, 73.88 W
2025/02/16 20:14:39.926, 73.88 W
2025/02/16 20:14:39.936, 73.88 W
2025/02/16 20:14:39.946, 73.88 W
2025/02/16 20:14:39.956, 73.88 W
2025/02/16 20:14:39.966, 73.88 W
2025/02/16 20:14:39.976, 73.79 W
2025/02/16 20:14:39.987, 73.79 W
2025/02/16 20:14:39.997, 73.79 W
2025/02/16 20:14:40.007, 73.79 W
2025/02/16 20:14:40.017, 73.79 W
2025/02/16 20:14:40.027, 73.79 W
2025/02/16 20:14:40.037, 73.79 W
2025/02/16 20:14:40.047, 73.79 W
2025/02/16 20:14:40.057, 73.96 W
2025/02/16 20:14:40.067, 73.96 W
2025/02/16 20:14:40.077, 73.96 W
2025/02/16 20:14:40.087, 73.96 W
2025/02/16 20:14:40.097, 73.96 W
2025/02/16 20:14:40.107, 73.96 W
2025/02/16 20:14:40.117, 73.96 W
2025/02/16 20:14:40.127, 73.96 W
2025/02/16 20:14:40.138, 73.96 W
2025/02/16 20:14:40.148, 73.96 W
2025/02/16 20:14:40.158, 73.96 W
2025/02/16 20:14:40.168, 73.96 W
2025/02/16 20:14:40.178, 73.79 W
2025/02/16 20:14:40.188, 73.79 W
2025/02/16 20:14:40.198, 73.79 W
2025/02/16 20:14:40.208, 73.79 W
2025/02/16 20:14:40.218, 73.79 W
2025/02/16 20:14:40.228, 73.79 W
2025/02/16 20:14:40.238, 73.79 W
2025/02/16 20:14:40.248, 73.79 W
2025/02/16 20:14:40.258, 73.79 W
2025/02/16 20:14:40.268, 73.79 W
2025/02/16 20:14:40.278, 73.79 W
2025/02/16 20:14:40.288, 73.79 W
2025/02/16 20:14:40.299, 73.79 W
2025/02/16 20:14:40.309, 73.79 W
2025/02/16 20:14:40.319, 73.79 W
2025/02/16 20:14:40.329, 73.79 W
2025/02/16 20:14:40.339, 73.79 W
2025/02/16 20:14:40.349, 73.79 W
2025/02/16 20:14:40.359, 73.79 W
2025/02/16 20:14:40.369, 73.79 W
2025/02/16 20:14:40.379, 73.88 W
2025/02/16 20:14:40.389, 73.88 W
2025/02/16 20:14:40.399, 73.88 W
2025/02/16 20:14:40.409, 73.88 W
2025/02/16 20:14:40.419, 73.88 W
2025/02/16 20:14:40.429, 73.88 W
2025/02/16 20:14:40.439, 73.88 W
2025/02/16 20:14:40.449, 73.88 W
2025/02/16 20:14:40.460, 73.88 W
2025/02/16 20:14:40.470, 73.96 W
2025/02/16 20:14:40.480, 73.96 W
2025/02/16 20:14:40.490, 73.96 W
2025/02/16 20:14:40.500, 73.96 W
2025/02/16 20:14:40.510, 73.96 W
2025/02/16 20:14:40.520, 73.96 W
2025/02/16 20:14:40.530, 73.96 W
2025/02/16 20:14:40.540, 73.96 W
2025/02/16 20:14:40.550, 73.96 W
2025/02/16 20:14:40.560, 73.96 W
2025/02/16 20:14:40.570, 73.96 W
2025/02/16 20:14:40.580, 73.96 W
2025/02/16 20:14:40.590, 74.05 W
2025/02/16 20:14:40.600, 74.05 W
2025/02/16 20:14:40.611, 74.05 W
2025/02/16 20:14:40.621, 74.05 W
2025/02/16 20:14:40.631, 74.05 W
2025/02/16 20:14:40.641, 74.05 W
2025/02/16 20:14:40.651, 74.05 W
2025/02/16 20:14:40.661, 74.05 W
2025/02/16 20:14:40.671, 74.05 W
2025/02/16 20:14:40.681, 74.05 W
2025/02/16 20:14:40.691, 74.05 W
2025/02/16 20:14:40.701, 74.05 W
2025/02/16 20:14:40.711, 74.05 W
2025/02/16 20:14:40.721, 74.05 W
2025/02/16 20:14:40.731, 74.05 W
2025/02/16 20:14:40.741, 74.05 W
2025/02/16 20:14:40.751, 74.05 W
2025/02/16 20:14:40.761, 74.05 W
2025/02/16 20:14:40.772, 74.05 W
2025/02/16 20:14:40.782, 74.05 W
2025/02/16 20:14:40.792, 74.05 W
2025/02/16 20:14:40.802, 74.05 W
2025/02/16 20:14:40.812, 74.05 W
2025/02/16 20:14:40.822, 74.05 W
2025/02/16 20:14:40.832, 74.05 W
2025/02/16 20:14:40.842, 74.05 W
2025/02/16 20:14:40.852, 74.05 W
2025/02/16 20:14:40.862, 74.05 W
2025/02/16 20:14:40.872, 73.76 W
2025/02/16 20:14:40.882, 73.76 W
2025/02/16 20:14:40.892, 73.76 W
2025/02/16 20:14:40.902, 73.76 W
2025/02/16 20:14:40.912, 73.76 W
2025/02/16 20:14:40.923, 73.76 W
2025/02/16 20:14:40.933, 73.76 W
2025/02/16 20:14:40.943, 73.76 W
2025/02/16 20:14:40.953, 73.76 W
2025/02/16 20:14:40.963, 73.76 W
2025/02/16 20:14:40.973, 73.76 W
2025/02/16 20:14:40.983, 73.76 W
2025/02/16 20:14:40.993, 74.05 W
2025/02/16 20:14:41.003, 74.05 W
2025/02/16 20:14:41.013, 74.05 W
2025/02/16 20:14:41.023, 74.05 W
2025/02/16 20:14:41.033, 74.05 W
2025/02/16 20:14:41.043, 74.05 W
2025/02/16 20:14:41.053, 74.05 W
2025/02/16 20:14:41.063, 74.05 W
2025/02/16 20:14:41.073, 74.05 W
2025/02/16 20:14:41.084, 74.05 W
2025/02/16 20:14:41.094, 74.05 W
2025/02/16 20:14:41.104, 74.05 W
2025/02/16 20:14:41.114, 74.05 W
2025/02/16 20:14:41.124, 74.05 W
2025/02/16 20:14:41.134, 74.05 W
2025/02/16 20:14:41.144, 74.05 W
2025/02/16 20:14:41.154, 74.05 W
2025/02/16 20:14:41.164, 74.05 W
2025/02/16 20:14:41.174, 74.05 W
2025/02/16 20:14:41.184, 74.05 W
2025/02/16 20:14:41.194, 74.05 W
2025/02/16 20:14:41.204, 74.05 W
2025/02/16 20:14:41.214, 74.05 W
2025/02/16 20:14:41.224, 74.05 W
2025/02/16 20:14:41.235, 74.05 W
2025/02/16 20:14:41.245, 74.05 W
2025/02/16 20:14:41.255, 74.05 W
2025/02/16 20:14:41.265, 74.05 W
2025/02/16 20:14:41.275, 74.05 W
2025/02/16 20:14:41.285, 73.76 W
2025/02/16 20:14:41.295, 73.76 W
2025/02/16 20:14:41.305, 73.76 W
2025/02/16 20:14:41.315, 73.76 W
2025/02/16 20:14:41.325, 73.76 W
2025/02/16 20:14:41.335, 73.76 W
2025/02/16 20:14:41.345, 73.76 W
2025/02/16 20:14:41.355, 73.76 W
2025/02/16 20:14:41.365, 73.76 W
2025/02/16 20:14:41.375, 73.76 W
2025/02/16 20:14:41.386, 74.05 W
2025/02/16 20:14:41.396, 74.05 W
2025/02/16 20:14:41.406, 74.05 W
2025/02/16 20:14:41.416, 74.05 W
2025/02/16 20:14:41.426, 74.05 W
2025/02/16 20:14:41.436, 74.05 W
2025/02/16 20:14:41.446, 74.05 W
2025/02/16 20:14:41.456, 74.05 W
2025/02/16 20:14:41.466, 74.05 W
2025/02/16 20:14:41.476, 74.05 W
2025/02/16 20:14:41.486, 74.05 W
2025/02/16 20:14:41.496, 74.05 W
2025/02/16 20:14:41.506, 74.05 W
2025/02/16 20:14:41.516, 74.05 W
2025/02/16 20:14:41.526, 74.05 W
2025/02/16 20:14:41.537, 74.05 W
2025/02/16 20:14:41.547, 74.05 W
2025/02/16 20:14:41.557, 74.05 W
2025/02/16 20:14:41.567, 74.05 W
2025/02/16 20:14:41.577, 74.05 W
2025/02/16 20:14:41.587, 74.05 W
2025/02/16 20:14:41.597, 74.05 W
2025/02/16 20:14:41.607, 74.05 W
2025/02/16 20:14:41.617, 74.05 W
2025/02/16 20:14:41.627, 74.05 W
2025/02/16 20:14:41.637, 74.05 W
2025/02/16 20:14:41.647, 74.05 W
2025/02/16 20:14:41.657, 74.05 W
2025/02/16 20:14:41.667, 74.05 W
2025/02/16 20:14:41.677, 74.05 W
2025/02/16 20:14:41.687, 74.05 W
2025/02/16 20:14:41.698, 74.05 W
2025/02/16 20:14:41.708, 74.05 W
2025/02/16 20:14:41.718, 74.05 W
2025/02/16 20:14:41.728, 74.05 W
2025/02/16 20:14:41.738, 74.05 W
2025/02/16 20:14:41.748, 74.05 W
2025/02/16 20:14:41.758, 74.05 W
2025/02/16 20:14:41.768, 74.05 W
2025/02/16 20:14:41.778, 74.05 W
2025/02/16 20:14:41.788, 74.05 W
2025/02/16 20:14:41.798, 74.05 W
2025/02/16 20:14:41.808, 74.05 W
2025/02/16 20:14:41.818, 74.05 W
2025/02/16 20:14:41.828, 74.05 W
2025/02/16 20:14:41.838, 74.05 W
2025/02/16 20:14:41.849, 74.05 W
2025/02/16 20:14:41.859, 74.05 W
2025/02/16 20:14:41.869, 74.05 W
2025/02/16 20:14:41.879, 74.05 W
2025/02/16 20:14:41.889, 74.05 W
2025/02/16 20:14:41.899, 74.05 W
2025/02/16 20:14:41.909, 74.05 W
2025/02/16 20:14:41.919, 74.05 W
2025/02/16 20:14:41.929, 74.05 W
2025/02/16 20:14:41.939, 74.05 W
2025/02/16 20:14:41.949, 74.05 W
2025/02/16 20:14:41.959, 74.05 W
2025/02/16 20:14:41.969, 74.05 W
2025/02/16 20:14:41.979, 74.05 W
2025/02/16 20:14:41.989, 74.05 W
2025/02/16 20:14:41.999, 74.05 W
2025/02/16 20:14:42.010, 74.05 W
2025/02/16 20:14:42.020, 74.05 W
2025/02/16 20:14:42.030, 74.05 W
2025/02/16 20:14:42.040, 74.05 W
2025/02/16 20:14:42.050, 74.05 W
2025/02/16 20:14:42.060, 74.05 W
2025/02/16 20:14:42.070, 74.05 W
2025/02/16 20:14:42.080, 74.05 W
2025/02/16 20:14:42.090, 74.05 W
2025/02/16 20:14:42.100, 74.05 W
2025/02/16 20:14:42.110, 74.05 W
2025/02/16 20:14:42.120, 74.05 W
2025/02/16 20:14:42.130, 74.05 W
2025/02/16 20:14:42.140, 74.05 W
2025/02/16 20:14:42.150, 74.05 W
2025/02/16 20:14:42.160, 74.05 W
2025/02/16 20:14:42.171, 74.05 W
2025/02/16 20:14:42.181, 74.05 W
2025/02/16 20:14:42.191, 74.05 W
2025/02/16 20:14:42.201, 74.05 W
2025/02/16 20:14:42.211, 74.05 W
2025/02/16 20:14:42.221, 74.05 W
2025/02/16 20:14:42.231, 74.05 W
2025/02/16 20:14:42.241, 74.05 W
2025/02/16 20:14:42.251, 74.05 W
2025/02/16 20:14:42.261, 74.05 W
2025/02/16 20:14:42.271, 74.05 W
2025/02/16 20:14:42.281, 74.05 W
2025/02/16 20:14:42.291, 74.05 W
2025/02/16 20:14:42.301, 74.05 W
2025/02/16 20:14:42.311, 73.76 W
2025/02/16 20:14:42.322, 73.76 W
2025/02/16 20:14:42.332, 73.76 W
2025/02/16 20:14:42.342, 73.76 W
2025/02/16 20:14:42.352, 73.76 W
2025/02/16 20:14:42.362, 73.76 W
2025/02/16 20:14:42.372, 73.76 W
2025/02/16 20:14:42.382, 73.76 W
2025/02/16 20:14:42.392, 73.76 W
2025/02/16 20:14:42.402, 73.76 W
2025/02/16 20:14:42.412, 74.05 W
2025/02/16 20:14:42.422, 74.05 W
2025/02/16 20:14:42.432, 74.05 W
2025/02/16 20:14:42.442, 74.05 W
2025/02/16 20:14:42.452, 74.05 W
2025/02/16 20:14:42.462, 74.05 W
2025/02/16 20:14:42.473, 74.05 W
2025/02/16 20:14:42.483, 74.05 W
2025/02/16 20:14:42.493, 74.05 W
2025/02/16 20:14:42.503, 74.05 W
2025/02/16 20:14:42.513, 74.05 W
2025/02/16 20:14:42.523, 74.05 W
2025/02/16 20:14:42.533, 74.05 W
2025/02/16 20:14:42.543, 74.05 W
2025/02/16 20:14:42.553, 74.05 W
2025/02/16 20:14:42.563, 74.05 W
2025/02/16 20:14:42.573, 74.05 W
2025/02/16 20:14:42.583, 74.05 W
2025/02/16 20:14:42.593, 74.05 W
2025/02/16 20:14:42.603, 74.05 W
2025/02/16 20:14:42.613, 74.05 W
2025/02/16 20:14:42.623, 74.05 W
2025/02/16 20:14:42.634, 74.05 W
2025/02/16 20:14:42.644, 74.05 W
2025/02/16 20:14:42.654, 74.05 W
2025/02/16 20:14:42.664, 74.05 W
2025/02/16 20:14:42.674, 74.05 W
2025/02/16 20:14:42.684, 74.05 W
2025/02/16 20:14:42.694, 74.05 W
2025/02/16 20:14:42.704, 74.05 W
2025/02/16 20:14:42.714, 74.05 W
2025/02/16 20:14:42.724, 74.05 W
2025/02/16 20:14:42.734, 74.05 W
2025/02/16 20:14:42.744, 74.05 W
2025/02/16 20:14:42.754, 74.05 W
2025/02/16 20:14:42.764, 74.05 W
2025/02/16 20:14:42.774, 74.05 W
2025/02/16 20:14:42.785, 74.05 W
2025/02/16 20:14:42.795, 74.05 W
2025/02/16 20:14:42.805, 74.05 W
2025/02/16 20:14:42.815, 74.05 W
2025/02/16 20:14:42.825, 74.05 W
2025/02/16 20:14:42.835, 74.05 W
2025/02/16 20:14:42.845, 74.05 W
2025/02/16 20:14:42.855, 74.05 W
2025/02/16 20:14:42.865, 74.05 W
2025/02/16 20:14:42.875, 74.05 W
2025/02/16 20:14:42.885, 74.05 W
2025/02/16 20:14:42.895, 74.05 W
2025/02/16 20:14:42.905, 74.05 W
2025/02/16 20:14:42.915, 74.05 W
2025/02/16 20:14:42.925, 74.05 W
2025/02/16 20:14:42.935, 74.05 W
2025/02/16 20:14:42.946, 74.05 W
2025/02/16 20:14:42.956, 74.05 W
2025/02/16 20:14:42.966, 74.05 W
2025/02/16 20:14:42.976, 74.05 W
2025/02/16 20:14:42.986, 74.05 W
2025/02/16 20:14:42.996, 74.05 W
2025/02/16 20:14:43.006, 74.05 W
2025/02/16 20:14:43.016, 74.05 W
2025/02/16 20:14:43.026, 74.05 W
2025/02/16 20:14:43.036, 74.05 W
2025/02/16 20:14:43.046, 74.05 W
2025/02/16 20:14:43.056, 74.05 W
2025/02/16 20:14:43.066, 74.05 W
2025/02/16 20:14:43.076, 74.05 W
2025/02/16 20:14:43.086, 74.05 W
2025/02/16 20:14:43.097, 74.05 W
2025/02/16 20:14:43.107, 74.05 W
2025/02/16 20:14:43.117, 74.05 W
2025/02/16 20:14:43.127, 74.05 W
2025/02/16 20:14:43.137, 74.05 W
2025/02/16 20:14:43.147, 74.05 W
2025/02/16 20:14:43.157, 74.05 W
2025/02/16 20:14:43.167, 74.05 W
2025/02/16 20:14:43.177, 74.05 W
2025/02/16 20:14:43.187, 74.05 W
2025/02/16 20:14:43.197, 74.05 W
2025/02/16 20:14:43.207, 74.05 W
2025/02/16 20:14:43.217, 74.05 W
2025/02/16 20:14:43.227, 74.05 W
2025/02/16 20:14:43.237, 74.05 W
2025/02/16 20:14:43.248, 74.05 W
2025/02/16 20:14:43.258, 74.05 W
2025/02/16 20:14:43.268, 74.05 W
2025/02/16 20:14:43.278, 74.05 W
2025/02/16 20:14:43.288, 74.05 W
2025/02/16 20:14:43.298, 74.05 W
2025/02/16 20:14:43.308, 74.05 W
2025/02/16 20:14:43.318, 74.05 W
2025/02/16 20:14:43.328, 74.05 W
2025/02/16 20:14:43.338, 74.05 W
2025/02/16 20:14:43.348, 74.05 W
2025/02/16 20:14:43.358, 74.05 W
2025/02/16 20:14:43.368, 74.05 W
2025/02/16 20:14:43.378, 74.05 W
2025/02/16 20:14:43.388, 74.05 W
2025/02/16 20:14:43.399, 74.05 W
2025/02/16 20:14:43.409, 74.05 W
2025/02/16 20:14:43.419, 74.05 W
2025/02/16 20:14:43.429, 74.05 W
2025/02/16 20:14:43.439, 74.05 W
2025/02/16 20:14:43.449, 74.05 W
2025/02/16 20:14:43.459, 74.05 W
2025/02/16 20:14:43.469, 74.05 W
2025/02/16 20:14:43.479, 74.05 W
2025/02/16 20:14:43.489, 74.05 W
2025/02/16 20:14:43.499, 74.05 W
2025/02/16 20:14:43.509, 74.05 W
2025/02/16 20:14:43.519, 74.05 W
2025/02/16 20:14:43.529, 74.05 W
2025/02/16 20:14:43.539, 74.05 W
2025/02/16 20:14:43.550, 74.05 W
2025/02/16 20:14:43.560, 74.05 W
2025/02/16 20:14:43.570, 74.05 W
2025/02/16 20:14:43.580, 74.05 W
2025/02/16 20:14:43.590, 74.05 W
2025/02/16 20:14:43.600, 74.05 W
2025/02/16 20:14:43.610, 74.05 W
2025/02/16 20:14:43.620, 74.05 W
2025/02/16 20:14:43.630, 74.05 W
2025/02/16 20:14:43.640, 74.05 W
2025/02/16 20:14:43.650, 74.05 W
2025/02/16 20:14:43.660, 74.05 W
2025/02/16 20:14:43.670, 74.05 W
2025/02/16 20:14:43.680, 74.05 W
2025/02/16 20:14:43.690, 74.05 W
2025/02/16 20:14:43.700, 74.05 W
2025/02/16 20:14:43.711, 74.05 W
2025/02/16 20:14:43.721, 74.05 W
2025/02/16 20:14:43.731, 74.05 W
2025/02/16 20:14:43.741, 74.05 W
2025/02/16 20:14:43.751, 74.05 W
2025/02/16 20:14:43.761, 74.05 W
2025/02/16 20:14:43.771, 74.05 W
2025/02/16 20:14:43.781, 74.05 W
2025/02/16 20:14:43.791, 74.05 W
2025/02/16 20:14:43.801, 74.05 W
2025/02/16 20:14:43.811, 74.05 W
2025/02/16 20:14:43.821, 74.05 W
2025/02/16 20:14:43.831, 74.05 W
2025/02/16 20:14:43.841, 74.05 W
2025/02/16 20:14:43.851, 74.05 W
2025/02/16 20:14:43.862, 73.79 W
2025/02/16 20:14:43.872, 73.79 W
2025/02/16 20:14:43.882, 73.79 W
2025/02/16 20:14:43.892, 73.79 W
2025/02/16 20:14:43.902, 73.79 W
2025/02/16 20:14:43.912, 73.79 W
2025/02/16 20:14:43.922, 73.79 W
2025/02/16 20:14:43.932, 73.79 W
2025/02/16 20:14:43.942, 73.79 W
2025/02/16 20:14:43.952, 73.79 W
2025/02/16 20:14:43.962, 73.79 W
2025/02/16 20:14:43.972, 73.79 W
2025/02/16 20:14:43.982, 73.79 W
2025/02/16 20:14:43.992, 73.79 W
2025/02/16 20:14:44.002, 73.79 W
2025/02/16 20:14:44.012, 73.79 W
2025/02/16 20:14:44.023, 73.79 W
2025/02/16 20:14:44.033, 73.79 W
2025/02/16 20:14:44.043, 73.79 W
2025/02/16 20:14:44.053, 73.79 W
2025/02/16 20:14:44.063, 73.79 W
2025/02/16 20:14:44.073, 74.04 W
2025/02/16 20:14:44.083, 74.04 W
2025/02/16 20:14:44.093, 74.04 W
2025/02/16 20:14:44.103, 74.04 W
2025/02/16 20:14:44.113, 74.04 W
2025/02/16 20:14:44.123, 74.04 W
2025/02/16 20:14:44.133, 74.04 W
2025/02/16 20:14:44.143, 74.04 W
2025/02/16 20:14:44.153, 74.04 W
2025/02/16 20:14:44.163, 74.04 W
2025/02/16 20:14:44.174, 74.04 W
2025/02/16 20:14:44.184, 74.04 W
2025/02/16 20:14:44.194, 74.04 W
2025/02/16 20:14:44.204, 74.04 W
2025/02/16 20:14:44.214, 74.04 W
2025/02/16 20:14:44.224, 74.04 W
2025/02/16 20:14:44.234, 74.04 W
2025/02/16 20:14:44.244, 74.04 W
2025/02/16 20:14:44.254, 74.04 W
2025/02/16 20:14:44.264, 74.04 W
2025/02/16 20:14:44.274, 74.12 W
2025/02/16 20:14:44.284, 74.12 W
2025/02/16 20:14:44.294, 74.12 W
2025/02/16 20:14:44.304, 74.12 W
2025/02/16 20:14:44.314, 74.12 W
2025/02/16 20:14:44.324, 74.12 W
2025/02/16 20:14:44.335, 74.12 W
2025/02/16 20:14:44.345, 74.12 W
2025/02/16 20:14:44.355, 74.12 W
2025/02/16 20:14:44.365, 74.12 W
2025/02/16 20:14:44.375, 73.79 W
2025/02/16 20:14:44.385, 73.79 W
2025/02/16 20:14:44.395, 73.79 W
2025/02/16 20:14:44.405, 73.79 W
2025/02/16 20:14:44.415, 73.79 W
2025/02/16 20:14:44.425, 73.79 W
2025/02/16 20:14:44.435, 73.79 W
2025/02/16 20:14:44.445, 73.79 W
2025/02/16 20:14:44.455, 73.79 W
2025/02/16 20:14:44.465, 73.79 W
2025/02/16 20:14:44.475, 73.79 W
2025/02/16 20:14:44.485, 73.88 W
2025/02/16 20:14:44.496, 73.88 W
2025/02/16 20:14:44.506, 73.88 W
2025/02/16 20:14:44.516, 73.88 W
2025/02/16 20:14:44.526, 73.88 W
2025/02/16 20:14:44.536, 73.88 W
2025/02/16 20:14:44.546, 73.88 W
2025/02/16 20:14:44.556, 73.88 W
2025/02/16 20:14:44.566, 74.04 W
2025/02/16 20:14:44.576, 74.04 W
2025/02/16 20:14:44.586, 74.04 W
2025/02/16 20:14:44.596, 74.04 W
2025/02/16 20:14:44.606, 74.04 W
2025/02/16 20:14:44.616, 74.04 W
2025/02/16 20:14:44.626, 74.04 W
2025/02/16 20:14:44.636, 74.04 W
2025/02/16 20:14:44.646, 74.04 W
2025/02/16 20:14:44.657, 74.04 W
2025/02/16 20:14:44.667, 74.04 W
2025/02/16 20:14:44.677, 74.04 W
2025/02/16 20:14:44.687, 73.79 W
2025/02/16 20:14:44.697, 73.79 W
2025/02/16 20:14:44.707, 73.79 W
2025/02/16 20:14:44.717, 73.79 W
2025/02/16 20:14:44.727, 73.79 W
2025/02/16 20:14:44.737, 73.79 W
2025/02/16 20:14:44.747, 73.79 W
2025/02/16 20:14:44.757, 73.79 W
2025/02/16 20:14:44.767, 73.79 W
2025/02/16 20:14:44.777, 73.79 W
2025/02/16 20:14:44.787, 73.79 W
2025/02/16 20:14:44.797, 73.79 W
2025/02/16 20:14:44.807, 73.79 W
2025/02/16 20:14:44.818, 73.79 W
2025/02/16 20:14:44.828, 73.79 W
2025/02/16 20:14:44.838, 73.79 W
2025/02/16 20:14:44.848, 73.79 W
2025/02/16 20:14:44.858, 73.79 W
2025/02/16 20:14:44.868, 73.79 W
2025/02/16 20:14:44.878, 73.79 W
2025/02/16 20:14:44.888, 74.04 W
2025/02/16 20:14:44.898, 74.04 W
2025/02/16 20:14:44.908, 74.04 W
2025/02/16 20:14:44.918, 74.04 W
2025/02/16 20:14:44.928, 74.04 W
2025/02/16 20:14:44.938, 74.04 W
2025/02/16 20:14:44.948, 74.04 W
2025/02/16 20:14:44.958, 74.04 W
2025/02/16 20:14:44.969, 74.04 W
2025/02/16 20:14:44.979, 73.88 W
2025/02/16 20:14:44.989, 73.88 W
2025/02/16 20:14:44.999, 73.88 W
2025/02/16 20:14:45.009, 73.88 W
2025/02/16 20:14:45.019, 73.88 W
2025/02/16 20:14:45.029, 73.88 W
2025/02/16 20:14:45.039, 73.88 W
2025/02/16 20:14:45.049, 73.88 W
2025/02/16 20:14:45.059, 73.88 W
2025/02/16 20:14:45.069, 73.88 W
2025/02/16 20:14:45.079, 73.88 W
2025/02/16 20:14:45.089, 73.88 W
2025/02/16 20:14:45.099, 73.79 W
2025/02/16 20:14:45.109, 73.79 W
2025/02/16 20:14:45.119, 73.79 W
2025/02/16 20:14:45.130, 73.79 W
2025/02/16 20:14:45.140, 73.79 W
2025/02/16 20:14:45.150, 73.79 W
2025/02/16 20:14:45.160, 73.79 W
2025/02/16 20:14:45.170, 73.79 W
2025/02/16 20:14:45.180, 73.96 W
2025/02/16 20:14:45.190, 73.96 W
2025/02/16 20:14:45.200, 73.96 W
2025/02/16 20:14:45.210, 73.96 W
2025/02/16 20:14:45.220, 73.96 W
2025/02/16 20:14:45.230, 73.96 W
2025/02/16 20:14:45.240, 73.96 W
2025/02/16 20:14:45.250, 73.96 W
2025/02/16 20:14:45.260, 73.96 W
2025/02/16 20:14:45.270, 73.96 W
2025/02/16 20:14:45.280, 73.96 W
2025/02/16 20:14:45.291, 73.96 W
2025/02/16 20:14:45.301, 73.79 W
2025/02/16 20:14:45.311, 73.79 W
2025/02/16 20:14:45.321, 73.79 W
2025/02/16 20:14:45.331, 73.79 W
2025/02/16 20:14:45.341, 73.79 W
2025/02/16 20:14:45.351, 73.79 W
2025/02/16 20:14:45.361, 73.79 W
2025/02/16 20:14:45.371, 73.79 W
2025/02/16 20:14:45.381, 74.04 W
2025/02/16 20:14:45.391, 74.04 W
2025/02/16 20:14:45.401, 74.04 W
2025/02/16 20:14:45.411, 74.04 W
2025/02/16 20:14:45.421, 74.04 W
2025/02/16 20:14:45.431, 74.04 W
2025/02/16 20:14:45.442, 74.04 W
2025/02/16 20:14:45.452, 74.04 W
2025/02/16 20:14:45.462, 74.04 W
2025/02/16 20:14:45.472, 74.04 W
2025/02/16 20:14:45.482, 74.04 W
2025/02/16 20:14:45.492, 74.04 W
2025/02/16 20:14:45.502, 73.88 W
2025/02/16 20:14:45.512, 73.88 W
2025/02/16 20:14:45.522, 73.88 W
2025/02/16 20:14:45.532, 73.88 W
2025/02/16 20:14:45.542, 73.88 W
2025/02/16 20:14:45.552, 73.88 W
2025/02/16 20:14:45.562, 73.88 W
2025/02/16 20:14:45.572, 73.88 W
2025/02/16 20:14:45.582, 73.88 W
2025/02/16 20:14:45.592, 73.68 W
2025/02/16 20:14:45.603, 73.68 W
2025/02/16 20:14:45.613, 73.68 W
2025/02/16 20:14:45.623, 73.68 W
2025/02/16 20:14:45.633, 73.68 W
2025/02/16 20:14:45.643, 73.68 W
2025/02/16 20:14:45.653, 73.68 W
2025/02/16 20:14:45.663, 73.68 W
2025/02/16 20:14:45.673, 73.68 W
2025/02/16 20:14:45.683, 73.68 W
2025/02/16 20:14:45.693, 73.68 W
2025/02/16 20:14:45.703, 73.68 W
2025/02/16 20:14:45.713, 74.05 W
2025/02/16 20:14:45.723, 74.05 W
2025/02/16 20:14:45.733, 74.05 W
2025/02/16 20:14:45.743, 74.05 W
2025/02/16 20:14:45.754, 74.05 W
2025/02/16 20:14:45.764, 74.05 W
2025/02/16 20:14:45.774, 74.05 W
2025/02/16 20:14:45.784, 74.05 W
2025/02/16 20:14:45.794, 74.05 W
2025/02/16 20:14:45.804, 74.05 W
2025/02/16 20:14:45.814, 74.05 W
2025/02/16 20:14:45.824, 74.05 W
2025/02/16 20:14:45.834, 74.05 W
2025/02/16 20:14:45.844, 74.05 W
2025/02/16 20:14:45.854, 74.05 W
2025/02/16 20:14:45.864, 74.05 W
2025/02/16 20:14:45.874, 74.05 W
2025/02/16 20:14:45.884, 74.05 W
2025/02/16 20:14:45.894, 74.05 W
2025/02/16 20:14:45.904, 74.05 W
2025/02/16 20:14:45.915, 74.05 W
2025/02/16 20:14:45.925, 74.05 W
2025/02/16 20:14:45.935, 74.05 W
2025/02/16 20:14:45.945, 74.05 W
2025/02/16 20:14:45.955, 74.05 W
2025/02/16 20:14:45.965, 74.05 W
2025/02/16 20:14:45.975, 74.05 W
2025/02/16 20:14:45.985, 74.05 W
2025/02/16 20:14:45.995, 74.05 W
2025/02/16 20:14:46.005, 74.05 W
2025/02/16 20:14:46.015, 74.05 W
2025/02/16 20:14:46.025, 74.05 W
2025/02/16 20:14:46.035, 74.05 W
2025/02/16 20:14:46.045, 74.05 W
2025/02/16 20:14:46.055, 74.05 W
2025/02/16 20:14:46.065, 74.05 W
2025/02/16 20:14:46.076, 74.05 W
2025/02/16 20:14:46.086, 74.05 W
2025/02/16 20:14:46.096, 74.05 W
2025/02/16 20:14:46.106, 74.05 W
2025/02/16 20:14:46.116, 74.05 W
2025/02/16 20:14:46.126, 74.05 W
2025/02/16 20:14:46.136, 74.05 W
2025/02/16 20:14:46.146, 74.05 W
2025/02/16 20:14:46.156, 74.05 W
2025/02/16 20:14:46.166, 74.05 W
2025/02/16 20:14:46.176, 74.05 W
2025/02/16 20:14:46.186, 74.05 W
2025/02/16 20:14:46.196, 74.05 W
2025/02/16 20:14:46.206, 74.05 W
2025/02/16 20:14:46.216, 74.05 W
2025/02/16 20:14:46.227, 74.05 W
2025/02/16 20:14:46.237, 74.05 W
2025/02/16 20:14:46.247, 74.05 W
2025/02/16 20:14:46.257, 74.05 W
2025/02/16 20:14:46.267, 74.05 W
2025/02/16 20:14:46.277, 74.05 W
2025/02/16 20:14:46.287, 74.05 W
2025/02/16 20:14:46.297, 74.05 W
2025/02/16 20:14:46.307, 74.05 W
2025/02/16 20:14:46.317, 74.05 W
2025/02/16 20:14:46.327, 74.05 W
2025/02/16 20:14:46.337, 74.05 W
2025/02/16 20:14:46.347, 74.05 W
2025/02/16 20:14:46.357, 74.05 W
2025/02/16 20:14:46.367, 74.05 W
2025/02/16 20:14:46.377, 74.05 W
2025/02/16 20:14:46.388, 74.05 W
2025/02/16 20:14:46.398, 74.05 W
2025/02/16 20:14:46.408, 74.05 W
2025/02/16 20:14:46.418, 74.05 W
2025/02/16 20:14:46.428, 74.05 W
2025/02/16 20:14:46.438, 74.05 W
2025/02/16 20:14:46.448, 74.05 W
2025/02/16 20:14:46.458, 74.05 W
2025/02/16 20:14:46.468, 74.05 W
2025/02/16 20:14:46.478, 74.05 W
2025/02/16 20:14:46.488, 74.05 W
2025/02/16 20:14:46.498, 74.05 W
2025/02/16 20:14:46.508, 73.76 W
2025/02/16 20:14:46.518, 73.76 W
2025/02/16 20:14:46.528, 73.76 W
2025/02/16 20:14:46.539, 73.76 W
2025/02/16 20:14:46.549, 73.76 W
2025/02/16 20:14:46.559, 73.76 W
2025/02/16 20:14:46.569, 73.76 W
2025/02/16 20:14:46.579, 73.76 W
2025/02/16 20:14:46.589, 73.76 W
2025/02/16 20:14:46.599, 73.76 W
2025/02/16 20:14:46.609, 74.05 W
2025/02/16 20:14:46.619, 74.05 W
2025/02/16 20:14:46.629, 74.05 W
2025/02/16 20:14:46.639, 74.05 W
2025/02/16 20:14:46.649, 74.05 W
2025/02/16 20:14:46.659, 74.05 W
2025/02/16 20:14:46.669, 74.05 W
2025/02/16 20:14:46.679, 74.05 W
2025/02/16 20:14:46.689, 74.05 W
2025/02/16 20:14:46.700, 74.05 W
2025/02/16 20:14:46.710, 74.05 W
2025/02/16 20:14:46.720, 74.05 W
2025/02/16 20:14:46.730, 74.05 W
2025/02/16 20:14:46.740, 74.05 W
2025/02/16 20:14:46.750, 74.05 W
2025/02/16 20:14:46.760, 74.05 W
2025/02/16 20:14:46.770, 74.05 W
2025/02/16 20:14:46.780, 74.05 W
2025/02/16 20:14:46.790, 74.05 W
2025/02/16 20:14:46.800, 74.05 W
2025/02/16 20:14:46.810, 74.05 W
2025/02/16 20:14:46.820, 74.05 W
2025/02/16 20:14:46.830, 74.05 W
2025/02/16 20:14:46.841, 74.05 W
2025/02/16 20:14:46.851, 74.05 W
2025/02/16 20:14:46.861, 74.05 W
2025/02/16 20:14:46.871, 74.05 W
2025/02/16 20:14:46.881, 74.05 W
2025/02/16 20:14:46.891, 74.05 W
2025/02/16 20:14:46.901, 74.05 W
2025/02/16 20:14:46.911, 74.05 W
2025/02/16 20:14:46.921, 74.05 W
2025/02/16 20:14:46.931, 74.05 W
2025/02/16 20:14:46.941, 74.05 W
2025/02/16 20:14:46.951, 74.05 W
2025/02/16 20:14:46.961, 74.05 W
2025/02/16 20:14:46.971, 74.05 W
2025/02/16 20:14:46.981, 74.05 W
2025/02/16 20:14:46.991, 74.05 W
2025/02/16 20:14:47.002, 74.05 W
2025/02/16 20:14:47.012, 74.05 W
2025/02/16 20:14:47.022, 74.05 W
2025/02/16 20:14:47.032, 74.05 W
2025/02/16 20:14:47.042, 74.05 W
2025/02/16 20:14:47.052, 74.05 W
2025/02/16 20:14:47.062, 74.05 W
2025/02/16 20:14:47.072, 74.05 W
2025/02/16 20:14:47.082, 74.05 W
2025/02/16 20:14:47.092, 74.05 W
2025/02/16 20:14:47.102, 74.05 W
2025/02/16 20:14:47.112, 74.05 W
2025/02/16 20:14:47.122, 74.05 W
2025/02/16 20:14:47.132, 74.05 W
2025/02/16 20:14:47.142, 74.05 W
2025/02/16 20:14:47.153, 74.05 W
2025/02/16 20:14:47.163, 74.05 W
2025/02/16 20:14:47.173, 74.05 W
2025/02/16 20:14:47.183, 74.05 W
2025/02/16 20:14:47.193, 74.05 W
2025/02/16 20:14:47.203, 74.05 W
2025/02/16 20:14:47.213, 74.05 W
2025/02/16 20:14:47.223, 74.05 W
2025/02/16 20:14:47.233, 74.05 W
2025/02/16 20:14:47.243, 74.05 W
2025/02/16 20:14:47.253, 74.05 W
2025/02/16 20:14:47.263, 74.05 W
2025/02/16 20:14:47.273, 74.05 W
2025/02/16 20:14:47.283, 74.05 W
2025/02/16 20:14:47.293, 74.05 W
2025/02/16 20:14:47.303, 74.05 W
2025/02/16 20:14:47.314, 74.05 W
2025/02/16 20:14:47.324, 74.05 W
2025/02/16 20:14:47.334, 74.05 W
2025/02/16 20:14:47.344, 74.05 W
2025/02/16 20:14:47.354, 74.05 W
2025/02/16 20:14:47.364, 74.05 W
2025/02/16 20:14:47.374, 74.05 W
2025/02/16 20:14:47.384, 74.05 W
2025/02/16 20:14:47.394, 74.05 W
2025/02/16 20:14:47.404, 74.05 W
2025/02/16 20:14:47.414, 74.05 W
2025/02/16 20:14:47.424, 74.05 W
2025/02/16 20:14:47.434, 74.05 W
2025/02/16 20:14:47.447, 74.05 W
2025/02/16 20:14:47.457, 74.05 W
2025/02/16 20:14:47.467, 74.05 W
2025/02/16 20:14:47.478, 74.05 W
2025/02/16 20:14:47.488, 74.05 W
2025/02/16 20:14:47.498, 74.05 W
2025/02/16 20:14:47.508, 74.05 W
2025/02/16 20:14:47.518, 74.05 W
2025/02/16 20:14:47.528, 74.05 W
2025/02/16 20:14:47.538, 73.46 W
2025/02/16 20:14:47.548, 73.46 W
2025/02/16 20:14:47.558, 73.46 W
2025/02/16 20:14:47.568, 73.46 W
2025/02/16 20:14:47.578, 73.46 W
2025/02/16 20:14:47.588, 73.46 W
2025/02/16 20:14:47.598, 73.46 W
2025/02/16 20:14:47.608, 73.46 W
2025/02/16 20:14:47.618, 73.46 W
2025/02/16 20:14:47.629, 73.46 W
2025/02/16 20:14:47.639, 73.46 W
2025/02/16 20:14:47.649, 73.46 W
2025/02/16 20:14:47.659, 73.46 W
2025/02/16 20:14:47.669, 73.46 W
2025/02/16 20:14:47.679, 73.46 W
2025/02/16 20:14:47.689, 73.46 W
2025/02/16 20:14:47.699, 73.46 W
2025/02/16 20:14:47.709, 73.46 W
2025/02/16 20:14:47.719, 73.46 W
2025/02/16 20:14:47.729, 73.46 W
2025/02/16 20:14:47.739, 73.46 W
2025/02/16 20:14:47.749, 73.46 W
2025/02/16 20:14:47.759, 73.76 W
2025/02/16 20:14:47.769, 73.76 W
2025/02/16 20:14:47.780, 73.76 W
2025/02/16 20:14:47.790, 73.76 W
2025/02/16 20:14:47.800, 73.76 W
2025/02/16 20:14:47.810, 73.76 W
2025/02/16 20:14:47.820, 73.76 W
2025/02/16 20:14:47.830, 73.76 W
2025/02/16 20:14:47.840, 73.76 W
2025/02/16 20:14:47.850, 73.76 W
2025/02/16 20:14:47.860, 73.76 W
2025/02/16 20:14:47.870, 73.76 W
2025/02/16 20:14:47.880, 73.76 W
2025/02/16 20:14:47.890, 73.76 W
2025/02/16 20:14:47.900, 73.76 W
2025/02/16 20:14:47.910, 73.76 W
2025/02/16 20:14:47.920, 73.76 W
2025/02/16 20:14:47.930, 73.76 W
2025/02/16 20:14:47.941, 73.46 W
2025/02/16 20:14:47.951, 73.46 W
2025/02/16 20:14:47.961, 73.46 W
2025/02/16 20:14:47.971, 73.46 W
2025/02/16 20:14:47.981, 73.46 W
2025/02/16 20:14:47.991, 73.46 W
2025/02/16 20:14:48.001, 73.46 W
2025/02/16 20:14:48.011, 73.46 W
2025/02/16 20:14:48.021, 73.46 W
2025/02/16 20:14:48.031, 73.46 W
2025/02/16 20:14:48.041, 73.46 W
2025/02/16 20:14:48.051, 73.46 W
2025/02/16 20:14:48.061, 73.46 W
2025/02/16 20:14:48.071, 73.46 W
2025/02/16 20:14:48.081, 73.46 W
2025/02/16 20:14:48.092, 73.46 W
2025/02/16 20:14:48.102, 73.46 W
2025/02/16 20:14:48.112, 73.46 W
2025/02/16 20:14:48.122, 73.46 W
2025/02/16 20:14:48.132, 73.46 W
2025/02/16 20:14:48.142, 73.46 W
2025/02/16 20:14:48.152, 73.46 W
2025/02/16 20:14:48.162, 73.46 W
2025/02/16 20:14:48.172, 73.46 W
2025/02/16 20:14:48.182, 73.46 W
2025/02/16 20:14:48.192, 73.46 W
2025/02/16 20:14:48.202, 73.46 W
2025/02/16 20:14:48.212, 73.46 W
2025/02/16 20:14:48.222, 73.46 W
2025/02/16 20:14:48.232, 73.46 W
2025/02/16 20:14:48.242, 73.46 W
2025/02/16 20:14:48.253, 73.76 W
2025/02/16 20:14:48.263, 73.76 W
2025/02/16 20:14:48.273, 73.76 W
2025/02/16 20:14:48.283, 73.76 W
2025/02/16 20:14:48.293, 73.76 W
2025/02/16 20:14:48.303, 73.76 W
2025/02/16 20:14:48.313, 73.76 W
2025/02/16 20:14:48.323, 73.76 W
2025/02/16 20:14:48.333, 73.76 W
2025/02/16 20:14:48.343, 73.76 W
2025/02/16 20:14:48.353, 73.76 W
2025/02/16 20:14:48.363, 73.76 W
2025/02/16 20:14:48.373, 73.76 W
2025/02/16 20:14:48.383, 73.76 W
2025/02/16 20:14:48.393, 73.76 W
2025/02/16 20:14:48.403, 73.76 W
2025/02/16 20:14:48.414, 73.76 W
2025/02/16 20:14:48.424, 73.76 W
2025/02/16 20:14:48.434, 73.76 W
2025/02/16 20:14:48.444, 73.76 W
2025/02/16 20:14:48.454, 73.76 W
2025/02/16 20:14:48.464, 73.76 W
2025/02/16 20:14:48.474, 73.76 W
2025/02/16 20:14:48.484, 73.76 W
2025/02/16 20:14:48.494, 73.76 W
2025/02/16 20:14:48.504, 73.76 W
2025/02/16 20:14:48.514, 73.76 W
2025/02/16 20:14:48.524, 73.76 W
2025/02/16 20:14:48.534, 73.76 W
2025/02/16 20:14:48.544, 73.76 W
2025/02/16 20:14:48.554, 73.76 W
2025/02/16 20:14:48.565, 73.76 W
2025/02/16 20:14:48.575, 73.76 W
2025/02/16 20:14:48.585, 73.76 W
2025/02/16 20:14:48.595, 73.76 W
2025/02/16 20:14:48.605, 73.76 W
2025/02/16 20:14:48.615, 73.76 W
2025/02/16 20:14:48.625, 73.76 W
2025/02/16 20:14:48.635, 73.76 W
2025/02/16 20:14:48.645, 73.76 W
2025/02/16 20:14:48.655, 73.76 W
2025/02/16 20:14:48.665, 73.76 W
2025/02/16 20:14:48.675, 73.76 W
2025/02/16 20:14:48.685, 73.76 W
2025/02/16 20:14:48.695, 73.76 W
2025/02/16 20:14:48.705, 73.76 W
2025/02/16 20:14:48.715, 73.76 W
2025/02/16 20:14:48.726, 73.76 W
2025/02/16 20:14:48.736, 73.76 W
2025/02/16 20:14:48.746, 73.76 W
2025/02/16 20:14:48.756, 73.76 W
2025/02/16 20:14:48.766, 73.76 W
2025/02/16 20:14:48.776, 73.76 W
2025/02/16 20:14:48.786, 73.50 W
2025/02/16 20:14:48.796, 73.50 W
2025/02/16 20:14:48.806, 73.50 W
2025/02/16 20:14:48.816, 73.50 W
2025/02/16 20:14:48.826, 73.50 W
2025/02/16 20:14:48.836, 73.50 W
2025/02/16 20:14:48.846, 73.50 W
2025/02/16 20:14:48.856, 73.50 W
2025/02/16 20:14:48.866, 73.50 W
2025/02/16 20:14:48.876, 73.50 W
2025/02/16 20:14:48.887, 73.50 W
2025/02/16 20:14:48.897, 73.50 W
2025/02/16 20:14:48.907, 73.50 W
2025/02/16 20:14:48.917, 73.50 W
2025/02/16 20:14:48.927, 73.50 W
2025/02/16 20:14:48.937, 73.50 W
2025/02/16 20:14:48.947, 73.50 W
2025/02/16 20:14:48.957, 73.50 W
2025/02/16 20:14:48.967, 73.50 W
2025/02/16 20:14:48.977, 73.50 W
2025/02/16 20:14:48.987, 73.50 W
2025/02/16 20:14:48.997, 73.50 W
2025/02/16 20:14:49.007, 73.50 W
2025/02/16 20:14:49.017, 73.50 W
2025/02/16 20:14:49.027, 73.50 W
2025/02/16 20:14:49.038, 73.50 W
2025/02/16 20:14:49.048, 73.50 W
2025/02/16 20:14:49.058, 73.50 W
2025/02/16 20:14:49.068, 73.50 W
2025/02/16 20:14:49.078, 73.50 W
2025/02/16 20:14:49.088, 73.50 W
2025/02/16 20:14:49.098, 73.50 W
2025/02/16 20:14:49.108, 73.50 W
2025/02/16 20:14:49.118, 73.50 W
2025/02/16 20:14:49.128, 73.50 W
2025/02/16 20:14:49.138, 73.50 W
2025/02/16 20:14:49.148, 73.50 W
2025/02/16 20:14:49.158, 73.50 W
2025/02/16 20:14:49.168, 73.50 W
2025/02/16 20:14:49.178, 73.50 W
2025/02/16 20:14:49.188, 73.59 W
2025/02/16 20:14:49.199, 73.59 W
2025/02/16 20:14:49.209, 73.59 W
2025/02/16 20:14:49.219, 73.59 W
2025/02/16 20:14:49.229, 73.59 W
2025/02/16 20:14:49.239, 73.59 W
2025/02/16 20:14:49.249, 73.59 W
2025/02/16 20:14:49.259, 73.59 W
2025/02/16 20:14:49.269, 73.59 W
2025/02/16 20:14:49.279, 73.59 W
2025/02/16 20:14:49.289, 73.59 W
2025/02/16 20:14:49.299, 73.59 W
2025/02/16 20:14:49.309, 73.59 W
2025/02/16 20:14:49.319, 73.59 W
2025/02/16 20:14:49.329, 73.59 W
2025/02/16 20:14:49.339, 73.59 W
2025/02/16 20:14:49.349, 73.59 W
2025/02/16 20:14:49.360, 73.59 W
2025/02/16 20:14:49.370, 73.59 W
2025/02/16 20:14:49.380, 73.59 W
2025/02/16 20:14:49.390, 73.59 W
2025/02/16 20:14:49.400, 73.59 W
2025/02/16 20:14:49.410, 73.59 W
2025/02/16 20:14:49.420, 73.59 W
2025/02/16 20:14:49.430, 73.59 W
2025/02/16 20:14:49.440, 73.59 W
2025/02/16 20:14:49.450, 73.59 W
2025/02/16 20:14:49.460, 73.59 W
2025/02/16 20:14:49.470, 73.59 W
2025/02/16 20:14:49.480, 73.50 W
2025/02/16 20:14:49.490, 73.50 W
2025/02/16 20:14:49.500, 73.50 W
2025/02/16 20:14:49.511, 73.50 W
2025/02/16 20:14:49.521, 73.50 W
2025/02/16 20:14:49.531, 73.50 W
2025/02/16 20:14:49.541, 73.50 W
2025/02/16 20:14:49.551, 73.50 W
2025/02/16 20:14:49.561, 73.50 W
2025/02/16 20:14:49.571, 73.50 W
2025/02/16 20:14:49.581, 73.50 W
2025/02/16 20:14:49.591, 73.50 W
2025/02/16 20:14:49.601, 73.50 W
2025/02/16 20:14:49.611, 73.50 W
2025/02/16 20:14:49.621, 73.50 W
2025/02/16 20:14:49.631, 73.50 W
2025/02/16 20:14:49.641, 73.50 W
2025/02/16 20:14:49.651, 73.50 W
2025/02/16 20:14:49.661, 73.50 W
2025/02/16 20:14:49.672, 73.50 W
2025/02/16 20:14:49.682, 73.50 W
2025/02/16 20:14:49.692, 73.50 W
2025/02/16 20:14:49.702, 73.50 W
2025/02/16 20:14:49.712, 73.50 W
2025/02/16 20:14:49.722, 73.50 W
2025/02/16 20:14:49.732, 73.50 W
2025/02/16 20:14:49.742, 73.50 W
2025/02/16 20:14:49.752, 73.50 W
2025/02/16 20:14:49.762, 73.50 W
2025/02/16 20:14:49.772, 73.50 W
2025/02/16 20:14:49.782, 73.50 W
2025/02/16 20:14:49.792, 73.50 W
2025/02/16 20:14:49.802, 73.50 W
2025/02/16 20:14:49.812, 73.50 W
2025/02/16 20:14:49.822, 73.50 W
2025/02/16 20:14:49.833, 73.50 W
2025/02/16 20:14:49.843, 73.50 W
2025/02/16 20:14:49.853, 73.50 W
2025/02/16 20:14:49.863, 73.50 W
2025/02/16 20:14:49.873, 73.50 W
2025/02/16 20:14:49.883, 73.50 W
2025/02/16 20:14:49.893, 73.59 W
2025/02/16 20:14:49.903, 73.59 W
2025/02/16 20:14:49.913, 73.59 W
2025/02/16 20:14:49.923, 73.59 W
2025/02/16 20:14:49.933, 73.59 W
2025/02/16 20:14:49.943, 73.59 W
2025/02/16 20:14:49.953, 73.59 W
2025/02/16 20:14:49.963, 73.59 W
2025/02/16 20:14:49.973, 73.59 W
2025/02/16 20:14:49.984, 73.59 W
2025/02/16 20:14:49.994, 73.59 W
2025/02/16 20:14:50.004, 73.59 W
2025/02/16 20:14:50.014, 73.50 W
2025/02/16 20:14:50.024, 73.50 W
2025/02/16 20:14:50.034, 73.50 W
2025/02/16 20:14:50.044, 73.50 W
2025/02/16 20:14:50.054, 73.50 W
2025/02/16 20:14:50.064, 73.50 W
2025/02/16 20:14:50.074, 73.50 W
2025/02/16 20:14:50.084, 73.50 W
2025/02/16 20:14:50.094, 73.59 W
2025/02/16 20:14:50.104, 73.59 W
2025/02/16 20:14:50.114, 73.59 W
2025/02/16 20:14:50.124, 73.59 W
2025/02/16 20:14:50.134, 73.59 W
2025/02/16 20:14:50.145, 73.59 W
2025/02/16 20:14:50.155, 73.59 W
2025/02/16 20:14:50.165, 73.59 W
2025/02/16 20:14:50.175, 73.59 W
2025/02/16 20:14:50.185, 73.59 W
2025/02/16 20:14:50.195, 73.59 W
2025/02/16 20:14:50.205, 73.59 W
2025/02/16 20:14:50.215, 73.50 W
2025/02/16 20:14:50.225, 73.50 W
2025/02/16 20:14:50.235, 73.50 W
2025/02/16 20:14:50.245, 73.50 W
2025/02/16 20:14:50.255, 73.50 W
2025/02/16 20:14:50.265, 73.50 W
2025/02/16 20:14:50.275, 73.50 W
2025/02/16 20:14:50.285, 73.50 W
2025/02/16 20:14:50.295, 73.59 W
2025/02/16 20:14:50.306, 73.59 W
2025/02/16 20:14:50.316, 73.59 W
2025/02/16 20:14:50.326, 73.59 W
2025/02/16 20:14:50.336, 73.59 W
2025/02/16 20:14:50.346, 73.59 W
2025/02/16 20:14:50.356, 73.59 W
2025/02/16 20:14:50.366, 73.59 W
2025/02/16 20:14:50.376, 73.59 W
2025/02/16 20:14:50.386, 73.59 W
2025/02/16 20:14:50.396, 73.59 W
2025/02/16 20:14:50.406, 73.59 W
2025/02/16 20:14:50.416, 73.59 W
2025/02/16 20:14:50.426, 73.59 W
2025/02/16 20:14:50.436, 73.59 W
2025/02/16 20:14:50.446, 73.59 W
2025/02/16 20:14:50.457, 73.59 W
2025/02/16 20:14:50.467, 73.59 W
2025/02/16 20:14:50.477, 73.59 W
2025/02/16 20:14:50.487, 73.59 W
2025/02/16 20:14:50.497, 73.59 W
2025/02/16 20:14:50.507, 73.68 W
2025/02/16 20:14:50.517, 73.68 W
2025/02/16 20:14:50.527, 73.68 W
2025/02/16 20:14:50.537, 73.68 W
2025/02/16 20:14:50.547, 73.68 W
2025/02/16 20:14:50.557, 73.68 W
2025/02/16 20:14:50.567, 73.68 W
2025/02/16 20:14:50.577, 73.68 W
2025/02/16 20:14:50.587, 73.68 W
2025/02/16 20:14:50.597, 73.68 W
2025/02/16 20:14:50.607, 73.68 W
2025/02/16 20:14:50.618, 73.68 W
2025/02/16 20:14:50.628, 73.76 W
2025/02/16 20:14:50.638, 73.76 W
2025/02/16 20:14:50.648, 73.76 W
2025/02/16 20:14:50.658, 73.76 W
2025/02/16 20:14:50.668, 73.76 W
2025/02/16 20:14:50.678, 73.76 W
2025/02/16 20:14:50.688, 73.76 W
2025/02/16 20:14:50.698, 73.76 W
2025/02/16 20:14:50.708, 73.76 W
2025/02/16 20:14:50.718, 73.76 W
2025/02/16 20:14:50.728, 73.76 W
2025/02/16 20:14:50.738, 73.76 W
2025/02/16 20:14:50.748, 73.76 W
2025/02/16 20:14:50.758, 73.76 W
2025/02/16 20:14:50.769, 73.76 W
2025/02/16 20:14:50.779, 73.76 W
2025/02/16 20:14:50.789, 73.76 W
2025/02/16 20:14:50.799, 73.76 W
2025/02/16 20:14:50.809, 73.76 W
2025/02/16 20:14:50.819, 73.76 W
2025/02/16 20:14:50.829, 73.46 W
2025/02/16 20:14:50.839, 73.46 W
2025/02/16 20:14:50.849, 73.46 W
2025/02/16 20:14:50.859, 73.46 W
2025/02/16 20:14:50.869, 73.46 W
2025/02/16 20:14:50.879, 73.46 W
2025/02/16 20:14:50.889, 73.46 W
2025/02/16 20:14:50.899, 73.46 W
2025/02/16 20:14:50.909, 73.46 W
2025/02/16 20:14:50.919, 73.46 W
2025/02/16 20:14:50.930, 73.46 W
2025/02/16 20:14:50.940, 73.46 W
2025/02/16 20:14:50.950, 73.46 W
2025/02/16 20:14:50.960, 73.46 W
2025/02/16 20:14:50.970, 73.46 W
2025/02/16 20:14:50.980, 73.46 W
2025/02/16 20:14:50.990, 73.46 W
2025/02/16 20:14:51.000, 73.46 W
2025/02/16 20:14:51.010, 73.46 W
2025/02/16 20:14:51.020, 73.46 W
2025/02/16 20:14:51.030, 73.76 W
2025/02/16 20:14:51.040, 73.76 W
2025/02/16 20:14:51.050, 73.76 W
2025/02/16 20:14:51.060, 73.76 W
2025/02/16 20:14:51.070, 73.76 W
2025/02/16 20:14:51.081, 73.76 W
2025/02/16 20:14:51.091, 73.76 W
2025/02/16 20:14:51.101, 73.76 W
2025/02/16 20:14:51.111, 73.76 W
2025/02/16 20:14:51.121, 73.46 W
2025/02/16 20:14:51.131, 73.46 W
2025/02/16 20:14:51.141, 73.46 W
2025/02/16 20:14:51.151, 73.46 W
2025/02/16 20:14:51.161, 73.46 W
2025/02/16 20:14:51.171, 73.46 W
2025/02/16 20:14:51.181, 73.46 W
2025/02/16 20:14:51.191, 73.46 W
2025/02/16 20:14:51.201, 73.46 W
2025/02/16 20:14:51.211, 73.46 W
2025/02/16 20:14:51.221, 73.46 W
2025/02/16 20:14:51.231, 73.46 W
2025/02/16 20:14:51.242, 73.76 W
2025/02/16 20:14:51.252, 73.76 W
2025/02/16 20:14:51.262, 73.76 W
2025/02/16 20:14:51.272, 73.76 W
2025/02/16 20:14:51.282, 73.76 W
2025/02/16 20:14:51.292, 73.76 W
2025/02/16 20:14:51.302, 73.76 W
2025/02/16 20:14:51.312, 73.76 W
2025/02/16 20:14:51.322, 73.76 W
2025/02/16 20:14:51.332, 73.76 W
2025/02/16 20:14:51.342, 73.76 W
2025/02/16 20:14:51.352, 73.76 W
2025/02/16 20:14:51.362, 73.76 W
2025/02/16 20:14:51.372, 73.76 W
2025/02/16 20:14:51.382, 73.76 W
2025/02/16 20:14:51.393, 73.76 W
2025/02/16 20:14:51.403, 73.76 W
2025/02/16 20:14:51.413, 73.76 W
2025/02/16 20:14:51.423, 73.76 W
2025/02/16 20:14:51.433, 73.76 W
2025/02/16 20:14:51.443, 73.76 W
2025/02/16 20:14:51.453, 73.76 W
2025/02/16 20:14:51.463, 73.76 W
2025/02/16 20:14:51.473, 73.76 W
2025/02/16 20:14:51.483, 73.76 W
2025/02/16 20:14:51.493, 73.76 W
2025/02/16 20:14:51.503, 73.76 W
2025/02/16 20:14:51.513, 73.76 W
2025/02/16 20:14:51.523, 73.76 W
2025/02/16 20:14:51.533, 73.76 W
2025/02/16 20:14:51.543, 73.76 W
2025/02/16 20:14:51.554, 73.76 W
2025/02/16 20:14:51.564, 73.76 W
2025/02/16 20:14:51.574, 73.76 W
2025/02/16 20:14:51.584, 73.76 W
2025/02/16 20:14:51.594, 73.76 W
2025/02/16 20:14:51.604, 73.76 W
2025/02/16 20:14:51.614, 73.76 W
2025/02/16 20:14:51.624, 73.76 W
2025/02/16 20:14:51.634, 73.76 W
2025/02/16 20:14:51.644, 73.76 W
2025/02/16 20:14:51.654, 73.76 W
2025/02/16 20:14:51.664, 73.76 W
2025/02/16 20:14:51.674, 73.76 W
2025/02/16 20:14:51.684, 73.76 W
2025/02/16 20:14:51.694, 73.76 W
2025/02/16 20:14:51.704, 73.76 W
2025/02/16 20:14:51.715, 73.76 W
2025/02/16 20:14:51.725, 73.76 W
2025/02/16 20:14:51.735, 73.76 W
2025/02/16 20:14:51.745, 73.76 W
2025/02/16 20:14:51.755, 73.76 W
2025/02/16 20:14:51.765, 73.76 W
2025/02/16 20:14:51.775, 73.76 W
2025/02/16 20:14:51.785, 73.76 W
2025/02/16 20:14:51.795, 73.76 W
2025/02/16 20:14:51.805, 73.76 W
2025/02/16 20:14:51.815, 73.76 W
2025/02/16 20:14:51.825, 73.76 W
2025/02/16 20:14:51.835, 73.76 W
2025/02/16 20:14:51.845, 73.76 W
2025/02/16 20:14:51.855, 73.46 W
2025/02/16 20:14:51.865, 73.46 W
2025/02/16 20:14:51.876, 73.46 W
2025/02/16 20:14:51.886, 73.46 W
2025/02/16 20:14:51.896, 73.46 W
2025/02/16 20:14:51.906, 73.46 W
2025/02/16 20:14:51.916, 73.46 W
2025/02/16 20:14:51.926, 73.46 W
2025/02/16 20:14:51.936, 73.46 W
2025/02/16 20:14:51.946, 73.46 W
2025/02/16 20:14:51.956, 73.46 W
2025/02/16 20:14:51.966, 73.46 W
2025/02/16 20:14:51.976, 73.46 W
2025/02/16 20:14:51.986, 73.46 W
2025/02/16 20:14:51.996, 73.46 W
2025/02/16 20:14:52.006, 73.46 W
2025/02/16 20:14:52.016, 73.46 W
2025/02/16 20:14:52.027, 73.46 W
2025/02/16 20:14:52.037, 73.46 W
2025/02/16 20:14:52.047, 73.46 W
2025/02/16 20:14:52.057, 73.76 W
2025/02/16 20:14:52.067, 73.76 W
2025/02/16 20:14:52.077, 73.76 W
2025/02/16 20:14:52.087, 73.76 W
2025/02/16 20:14:52.097, 73.76 W
2025/02/16 20:14:52.107, 73.76 W
2025/02/16 20:14:52.117, 73.76 W
2025/02/16 20:14:52.127, 73.76 W
2025/02/16 20:14:52.137, 73.76 W
2025/02/16 20:14:52.147, 73.76 W
2025/02/16 20:14:52.157, 73.76 W
2025/02/16 20:14:52.167, 73.76 W
2025/02/16 20:14:52.177, 73.76 W
2025/02/16 20:14:52.188, 73.76 W
2025/02/16 20:14:52.203, 73.76 W
2025/02/16 20:14:52.213, 73.76 W
2025/02/16 20:14:52.223, 73.76 W
2025/02/16 20:14:52.233, 73.76 W
2025/02/16 20:14:52.243, 73.76 W
2025/02/16 20:14:52.253, 73.76 W
2025/02/16 20:14:52.264, 73.46 W
2025/02/16 20:14:52.274, 73.46 W
2025/02/16 20:14:52.284, 73.46 W
2025/02/16 20:14:52.294, 73.46 W
2025/02/16 20:14:52.304, 73.46 W
2025/02/16 20:14:52.314, 73.46 W
2025/02/16 20:14:52.324, 73.46 W
2025/02/16 20:14:52.334, 73.46 W
2025/02/16 20:14:52.345, 73.76 W
2025/02/16 20:14:52.355, 73.76 W
2025/02/16 20:14:52.365, 73.76 W
2025/02/16 20:14:52.375, 73.76 W
2025/02/16 20:14:52.385, 73.76 W
2025/02/16 20:14:52.395, 73.76 W
2025/02/16 20:14:52.405, 73.76 W
2025/02/16 20:14:52.416, 73.76 W
2025/02/16 20:14:52.426, 73.76 W
2025/02/16 20:14:52.436, 73.76 W
2025/02/16 20:14:52.446, 73.76 W
2025/02/16 20:14:52.456, 73.76 W
2025/02/16 20:14:52.466, 74.05 W
2025/02/16 20:14:52.476, 74.05 W
2025/02/16 20:14:52.486, 74.05 W
2025/02/16 20:14:52.496, 74.05 W
2025/02/16 20:14:52.507, 74.05 W
2025/02/16 20:14:52.517, 74.05 W
2025/02/16 20:14:52.527, 74.05 W
2025/02/16 20:14:52.537, 74.05 W
2025/02/16 20:14:52.547, 73.76 W
2025/02/16 20:14:52.557, 73.76 W
2025/02/16 20:14:52.567, 73.76 W
2025/02/16 20:14:52.578, 73.76 W
2025/02/16 20:14:52.588, 73.76 W
2025/02/16 20:14:52.598, 73.76 W
2025/02/16 20:14:52.608, 73.76 W
2025/02/16 20:14:52.618, 73.76 W
2025/02/16 20:14:52.628, 73.76 W
2025/02/16 20:14:52.638, 73.76 W
2025/02/16 20:14:52.648, 73.76 W
2025/02/16 20:14:52.659, 73.76 W
2025/02/16 20:14:52.669, 74.05 W
2025/02/16 20:14:52.679, 74.05 W
2025/02/16 20:14:52.689, 74.05 W
2025/02/16 20:14:52.699, 74.05 W
2025/02/16 20:14:52.709, 74.05 W
2025/02/16 20:14:52.719, 74.05 W
2025/02/16 20:14:52.729, 74.05 W
2025/02/16 20:14:52.740, 74.05 W
2025/02/16 20:14:52.750, 74.05 W
2025/02/16 20:14:52.760, 73.76 W
2025/02/16 20:14:52.770, 73.76 W
2025/02/16 20:14:52.780, 73.76 W
2025/02/16 20:14:52.790, 73.76 W
2025/02/16 20:14:52.800, 73.76 W
2025/02/16 20:14:52.811, 73.76 W
2025/02/16 20:14:52.821, 73.76 W
2025/02/16 20:14:52.831, 73.76 W
2025/02/16 20:14:52.841, 73.76 W
2025/02/16 20:14:52.851, 73.76 W
2025/02/16 20:14:52.861, 73.76 W
2025/02/16 20:14:52.871, 73.76 W
2025/02/16 20:14:52.881, 73.76 W
2025/02/16 20:14:52.891, 73.76 W
2025/02/16 20:14:52.902, 73.76 W
2025/02/16 20:14:52.912, 73.76 W
2025/02/16 20:14:52.922, 73.76 W
2025/02/16 20:14:52.932, 73.76 W
2025/02/16 20:14:52.942, 73.76 W
2025/02/16 20:14:52.952, 73.76 W
2025/02/16 20:14:52.962, 73.76 W
2025/02/16 20:14:52.973, 73.76 W
2025/02/16 20:14:52.983, 73.76 W
2025/02/16 20:14:52.993, 73.76 W
2025/02/16 20:14:53.003, 73.76 W
2025/02/16 20:14:53.013, 73.76 W
2025/02/16 20:14:53.023, 73.76 W
2025/02/16 20:14:53.033, 73.76 W
2025/02/16 20:14:53.043, 73.76 W
2025/02/16 20:14:53.054, 73.76 W
2025/02/16 20:14:53.064, 73.76 W
2025/02/16 20:14:53.074, 73.76 W
2025/02/16 20:14:53.084, 73.76 W
2025/02/16 20:14:53.094, 73.76 W
2025/02/16 20:14:53.104, 73.76 W
2025/02/16 20:14:53.114, 73.76 W
2025/02/16 20:14:53.124, 73.76 W
2025/02/16 20:14:53.134, 73.76 W
2025/02/16 20:14:53.144, 73.76 W
2025/02/16 20:14:53.154, 73.76 W
2025/02/16 20:14:53.165, 73.76 W
2025/02/16 20:14:53.175, 73.76 W
2025/02/16 20:14:53.185, 73.76 W
2025/02/16 20:14:53.195, 73.76 W
2025/02/16 20:14:53.205, 73.76 W
2025/02/16 20:14:53.215, 73.76 W
2025/02/16 20:14:53.225, 73.76 W
2025/02/16 20:14:53.236, 73.76 W
2025/02/16 20:14:53.246, 73.76 W
2025/02/16 20:14:53.256, 73.76 W
2025/02/16 20:14:53.266, 73.76 W
2025/02/16 20:14:53.276, 73.76 W
2025/02/16 20:14:53.286, 73.76 W
2025/02/16 20:14:53.296, 73.76 W
2025/02/16 20:14:53.306, 73.76 W
2025/02/16 20:14:53.316, 73.76 W
2025/02/16 20:14:53.327, 73.76 W
2025/02/16 20:14:53.337, 73.76 W
2025/02/16 20:14:53.347, 73.76 W
2025/02/16 20:14:53.357, 73.76 W
2025/02/16 20:14:53.367, 73.79 W
2025/02/16 20:14:53.377, 73.79 W
2025/02/16 20:14:53.387, 73.79 W
2025/02/16 20:14:53.397, 73.79 W
2025/02/16 20:14:53.407, 73.79 W
2025/02/16 20:14:53.418, 73.79 W
2025/02/16 20:14:53.428, 73.79 W
2025/02/16 20:14:53.438, 73.79 W
2025/02/16 20:14:53.448, 73.79 W
2025/02/16 20:14:53.458, 73.79 W
2025/02/16 20:14:53.468, 73.79 W
2025/02/16 20:14:53.478, 73.79 W
2025/02/16 20:14:53.488, 73.79 W
2025/02/16 20:14:53.499, 73.79 W
2025/02/16 20:14:53.509, 73.79 W
2025/02/16 20:14:53.519, 73.79 W
2025/02/16 20:14:53.529, 73.79 W
2025/02/16 20:14:53.539, 73.79 W
2025/02/16 20:14:53.549, 73.79 W
2025/02/16 20:14:53.559, 73.79 W
2025/02/16 20:14:53.569, 73.79 W
2025/02/16 20:14:53.579, 73.79 W
2025/02/16 20:14:53.589, 73.79 W
2025/02/16 20:14:53.600, 73.79 W
2025/02/16 20:14:53.610, 73.79 W
2025/02/16 20:14:53.620, 73.79 W
2025/02/16 20:14:53.630, 73.79 W
2025/02/16 20:14:53.640, 73.79 W
2025/02/16 20:14:53.650, 73.79 W
2025/02/16 20:14:53.660, 73.79 W
2025/02/16 20:14:53.670, 73.79 W
2025/02/16 20:14:53.681, 73.79 W
2025/02/16 20:14:53.691, 73.79 W
2025/02/16 20:14:53.701, 73.79 W
2025/02/16 20:14:53.711, 73.79 W
2025/02/16 20:14:53.721, 73.79 W
2025/02/16 20:14:53.731, 73.79 W
2025/02/16 20:14:53.741, 73.79 W
2025/02/16 20:14:53.751, 73.79 W
2025/02/16 20:14:53.761, 73.79 W
2025/02/16 20:14:53.771, 73.79 W
2025/02/16 20:14:53.781, 73.88 W
2025/02/16 20:14:53.791, 73.88 W
2025/02/16 20:14:53.801, 73.88 W
2025/02/16 20:14:53.811, 73.88 W
2025/02/16 20:14:53.821, 73.88 W
2025/02/16 20:14:53.832, 73.88 W
2025/02/16 20:14:53.842, 73.88 W
2025/02/16 20:14:53.852, 73.88 W
2025/02/16 20:14:53.862, 73.88 W
2025/02/16 20:14:53.872, 73.88 W
2025/02/16 20:14:53.882, 73.88 W
2025/02/16 20:14:53.892, 73.88 W
2025/02/16 20:14:53.902, 73.96 W
2025/02/16 20:14:53.912, 73.96 W
2025/02/16 20:14:53.922, 73.96 W
2025/02/16 20:14:53.932, 73.96 W
2025/02/16 20:14:53.942, 73.96 W
2025/02/16 20:14:53.952, 73.96 W
2025/02/16 20:14:53.962, 73.96 W
2025/02/16 20:14:53.973, 73.96 W
2025/02/16 20:14:53.983, 73.96 W
2025/02/16 20:14:53.993, 73.96 W
2025/02/16 20:14:54.003, 73.96 W
2025/02/16 20:14:54.013, 73.96 W
2025/02/16 20:14:54.023, 73.96 W
2025/02/16 20:14:54.033, 73.96 W
2025/02/16 20:14:54.043, 73.96 W
2025/02/16 20:14:54.053, 73.96 W
2025/02/16 20:14:54.063, 73.96 W
2025/02/16 20:14:54.073, 73.96 W
2025/02/16 20:14:54.083, 73.96 W
2025/02/16 20:14:54.093, 73.96 W
2025/02/16 20:14:54.103, 73.79 W
2025/02/16 20:14:54.114, 73.79 W
2025/02/16 20:14:54.124, 73.79 W
2025/02/16 20:14:54.134, 73.79 W
2025/02/16 20:14:54.144, 73.79 W
2025/02/16 20:14:54.154, 73.79 W
2025/02/16 20:14:54.164, 73.79 W
2025/02/16 20:14:54.174, 73.79 W
2025/02/16 20:14:54.184, 73.79 W
2025/02/16 20:14:54.194, 73.79 W
2025/02/16 20:14:54.204, 73.79 W
2025/02/16 20:14:54.214, 73.79 W
2025/02/16 20:14:54.224, 73.79 W
2025/02/16 20:14:54.234, 73.79 W
2025/02/16 20:14:54.244, 73.79 W
2025/02/16 20:14:54.255, 73.79 W
2025/02/16 20:14:54.265, 73.79 W
2025/02/16 20:14:54.275, 73.79 W
2025/02/16 20:14:54.285, 73.79 W
2025/02/16 20:14:54.295, 73.79 W
2025/02/16 20:14:54.305, 73.79 W
2025/02/16 20:14:54.315, 73.79 W
2025/02/16 20:14:54.325, 73.79 W
2025/02/16 20:14:54.335, 73.79 W
2025/02/16 20:14:54.345, 73.79 W
2025/02/16 20:14:54.355, 73.79 W
2025/02/16 20:14:54.365, 73.79 W
2025/02/16 20:14:54.375, 73.79 W
2025/02/16 20:14:54.385, 73.79 W
2025/02/16 20:14:54.396, 73.79 W
2025/02/16 20:14:54.406, 73.79 W
2025/02/16 20:14:54.416, 73.79 W
2025/02/16 20:14:54.426, 73.79 W
2025/02/16 20:14:54.436, 73.79 W
2025/02/16 20:14:54.446, 73.79 W
2025/02/16 20:14:54.456, 73.79 W
2025/02/16 20:14:54.466, 73.79 W
2025/02/16 20:14:54.476, 73.79 W
2025/02/16 20:14:54.486, 73.79 W
2025/02/16 20:14:54.496, 73.79 W
2025/02/16 20:14:54.506, 73.79 W
2025/02/16 20:14:54.516, 73.79 W
2025/02/16 20:14:54.526, 73.79 W
2025/02/16 20:14:54.537, 73.79 W
2025/02/16 20:14:54.547, 73.79 W
2025/02/16 20:14:54.557, 73.79 W
2025/02/16 20:14:54.567, 73.79 W
2025/02/16 20:14:54.577, 73.79 W
2025/02/16 20:14:54.587, 73.79 W
2025/02/16 20:14:54.597, 73.88 W
2025/02/16 20:14:54.607, 73.88 W
2025/02/16 20:14:54.617, 73.88 W
2025/02/16 20:14:54.627, 73.88 W
2025/02/16 20:14:54.637, 73.88 W
2025/02/16 20:14:54.647, 73.88 W
2025/02/16 20:14:54.657, 73.88 W
2025/02/16 20:14:54.667, 73.88 W
2025/02/16 20:14:54.678, 73.88 W
2025/02/16 20:14:54.688, 73.88 W
2025/02/16 20:14:54.698, 73.88 W
2025/02/16 20:14:54.708, 73.88 W
2025/02/16 20:14:54.718, 73.88 W
2025/02/16 20:14:54.728, 73.88 W
2025/02/16 20:14:54.738, 73.88 W
2025/02/16 20:14:54.748, 73.88 W
2025/02/16 20:14:54.758, 73.88 W
2025/02/16 20:14:54.768, 73.88 W
2025/02/16 20:14:54.778, 73.88 W
2025/02/16 20:14:54.788, 73.88 W
2025/02/16 20:14:54.798, 73.88 W
2025/02/16 20:14:54.808, 73.79 W
2025/02/16 20:14:54.819, 73.79 W
2025/02/16 20:14:54.829, 73.79 W
2025/02/16 20:14:54.839, 73.79 W
2025/02/16 20:14:54.849, 73.79 W
2025/02/16 20:14:54.859, 73.79 W
2025/02/16 20:14:54.869, 73.79 W
2025/02/16 20:14:54.879, 73.79 W
2025/02/16 20:14:54.889, 73.79 W
2025/02/16 20:14:54.899, 73.79 W
2025/02/16 20:14:54.909, 73.79 W
2025/02/16 20:14:54.919, 73.79 W
2025/02/16 20:14:54.929, 73.79 W
2025/02/16 20:14:54.939, 73.79 W
2025/02/16 20:14:54.949, 73.79 W
2025/02/16 20:14:54.960, 73.79 W
2025/02/16 20:14:54.970, 73.79 W
2025/02/16 20:14:54.980, 73.79 W
2025/02/16 20:14:54.990, 73.79 W
2025/02/16 20:14:55.000, 73.79 W
2025/02/16 20:14:55.010, 73.88 W
2025/02/16 20:14:55.020, 73.88 W
2025/02/16 20:14:55.030, 73.88 W
2025/02/16 20:14:55.040, 73.88 W
2025/02/16 20:14:55.050, 73.88 W
2025/02/16 20:14:55.060, 73.88 W
2025/02/16 20:14:55.070, 73.88 W
2025/02/16 20:14:55.080, 73.88 W
2025/02/16 20:14:55.090, 73.88 W
2025/02/16 20:14:55.101, 73.88 W
2025/02/16 20:14:55.111, 73.88 W
2025/02/16 20:14:55.121, 73.88 W
2025/02/16 20:14:55.131, 73.76 W
2025/02/16 20:14:55.141, 73.76 W
2025/02/16 20:14:55.151, 73.76 W
2025/02/16 20:14:55.161, 73.76 W
2025/02/16 20:14:55.171, 73.76 W
2025/02/16 20:14:55.181, 73.76 W
2025/02/16 20:14:55.191, 73.76 W
2025/02/16 20:14:55.201, 73.76 W
2025/02/16 20:14:55.211, 73.76 W
2025/02/16 20:14:55.221, 73.76 W
2025/02/16 20:14:55.231, 73.76 W
2025/02/16 20:14:55.242, 73.76 W
2025/02/16 20:14:55.252, 73.76 W
2025/02/16 20:14:55.262, 73.76 W
2025/02/16 20:14:55.272, 73.76 W
2025/02/16 20:14:55.282, 73.76 W
2025/02/16 20:14:55.292, 73.76 W
2025/02/16 20:14:55.302, 73.76 W
2025/02/16 20:14:55.312, 73.76 W
2025/02/16 20:14:55.322, 73.76 W
2025/02/16 20:14:55.332, 74.05 W
2025/02/16 20:14:55.342, 74.05 W
2025/02/16 20:14:55.352, 74.05 W
2025/02/16 20:14:55.362, 74.05 W
2025/02/16 20:14:55.372, 74.05 W
2025/02/16 20:14:55.382, 74.05 W
2025/02/16 20:14:55.393, 74.05 W
2025/02/16 20:14:55.403, 74.05 W
2025/02/16 20:14:55.413, 74.05 W
2025/02/16 20:14:55.423, 74.05 W
2025/02/16 20:14:55.433, 74.05 W
2025/02/16 20:14:55.443, 74.05 W
2025/02/16 20:14:55.453, 74.05 W
2025/02/16 20:14:55.463, 74.05 W
2025/02/16 20:14:55.473, 74.05 W
2025/02/16 20:14:55.483, 74.05 W
2025/02/16 20:14:55.493, 74.05 W
2025/02/16 20:14:55.503, 74.05 W
2025/02/16 20:14:55.513, 74.05 W
2025/02/16 20:14:55.523, 73.76 W
2025/02/16 20:14:55.533, 73.76 W
2025/02/16 20:14:55.544, 73.76 W
2025/02/16 20:14:55.554, 73.76 W
2025/02/16 20:14:55.564, 73.76 W
2025/02/16 20:14:55.574, 73.76 W
2025/02/16 20:14:55.584, 73.76 W
2025/02/16 20:14:55.594, 73.76 W
2025/02/16 20:14:55.604, 73.76 W
2025/02/16 20:14:55.614, 73.76 W
2025/02/16 20:14:55.624, 73.76 W
2025/02/16 20:14:55.634, 73.76 W
2025/02/16 20:14:55.644, 73.76 W
2025/02/16 20:14:55.654, 73.76 W
2025/02/16 20:14:55.664, 73.76 W
2025/02/16 20:14:55.674, 73.76 W
2025/02/16 20:14:55.684, 73.76 W
2025/02/16 20:14:55.695, 73.76 W
2025/02/16 20:14:55.705, 73.76 W
2025/02/16 20:14:55.715, 73.76 W
2025/02/16 20:14:55.725, 73.76 W
2025/02/16 20:14:55.735, 73.76 W
2025/02/16 20:14:55.745, 73.76 W
2025/02/16 20:14:55.755, 73.76 W
2025/02/16 20:14:55.765, 73.76 W
2025/02/16 20:14:55.775, 73.76 W
2025/02/16 20:14:55.785, 73.76 W
2025/02/16 20:14:55.795, 73.76 W
2025/02/16 20:14:55.805, 73.76 W
2025/02/16 20:14:55.815, 73.76 W
2025/02/16 20:14:55.825, 73.76 W
2025/02/16 20:14:55.836, 73.76 W
2025/02/16 20:14:55.846, 73.76 W
2025/02/16 20:14:55.856, 73.76 W
2025/02/16 20:14:55.866, 73.76 W
2025/02/16 20:14:55.876, 73.76 W
2025/02/16 20:14:55.886, 73.76 W
2025/02/16 20:14:55.896, 73.76 W
2025/02/16 20:14:55.906, 73.76 W
2025/02/16 20:14:55.916, 73.76 W
2025/02/16 20:14:55.926, 73.76 W
2025/02/16 20:14:55.936, 73.76 W
2025/02/16 20:14:55.946, 73.76 W
2025/02/16 20:14:55.956, 73.76 W
2025/02/16 20:14:55.967, 73.76 W
2025/02/16 20:14:55.977, 73.76 W
2025/02/16 20:14:55.987, 73.76 W
2025/02/16 20:14:55.997, 73.76 W
2025/02/16 20:14:56.007, 73.76 W
2025/02/16 20:14:56.017, 73.76 W
2025/02/16 20:14:56.027, 73.76 W
2025/02/16 20:14:56.037, 74.05 W
2025/02/16 20:14:56.047, 74.05 W
2025/02/16 20:14:56.057, 74.05 W
2025/02/16 20:14:56.067, 74.05 W
2025/02/16 20:14:56.077, 74.05 W
2025/02/16 20:14:56.087, 74.05 W
2025/02/16 20:14:56.097, 74.05 W
2025/02/16 20:14:56.108, 74.05 W
2025/02/16 20:14:56.118, 74.05 W
2025/02/16 20:14:56.128, 74.05 W
2025/02/16 20:14:56.138, 74.05 W
2025/02/16 20:14:56.148, 74.05 W
2025/02/16 20:14:56.158, 73.76 W
2025/02/16 20:14:56.168, 73.76 W
2025/02/16 20:14:56.178, 73.76 W
2025/02/16 20:14:56.188, 73.76 W
2025/02/16 20:14:56.198, 73.76 W
2025/02/16 20:14:56.208, 73.76 W
2025/02/16 20:14:56.218, 73.76 W
2025/02/16 20:14:56.228, 73.76 W
2025/02/16 20:14:56.238, 73.76 W
2025/02/16 20:14:56.249, 73.76 W
2025/02/16 20:14:56.259, 73.76 W
2025/02/16 20:14:56.269, 73.76 W
2025/02/16 20:14:56.279, 73.76 W
2025/02/16 20:14:56.289, 73.76 W
2025/02/16 20:14:56.299, 73.76 W
2025/02/16 20:14:56.309, 73.76 W
2025/02/16 20:14:56.319, 73.76 W
2025/02/16 20:14:56.329, 73.76 W
2025/02/16 20:14:56.339, 73.76 W
2025/02/16 20:14:56.349, 73.76 W
2025/02/16 20:14:56.359, 73.76 W
2025/02/16 20:14:56.369, 73.76 W
2025/02/16 20:14:56.379, 73.76 W
2025/02/16 20:14:56.390, 73.76 W
2025/02/16 20:14:56.400, 73.76 W
2025/02/16 20:14:56.410, 73.76 W
2025/02/16 20:14:56.420, 73.76 W
2025/02/16 20:14:56.430, 73.76 W
2025/02/16 20:14:56.440, 73.76 W
2025/02/16 20:14:56.450, 73.76 W
2025/02/16 20:14:56.460, 74.05 W
2025/02/16 20:14:56.470, 74.05 W
2025/02/16 20:14:56.480, 74.05 W
2025/02/16 20:14:56.490, 74.05 W
2025/02/16 20:14:56.500, 74.05 W
2025/02/16 20:14:56.510, 74.05 W
2025/02/16 20:14:56.520, 74.05 W
2025/02/16 20:14:56.530, 74.05 W
2025/02/16 20:14:56.541, 74.05 W
2025/02/16 20:14:56.551, 73.76 W
2025/02/16 20:14:56.561, 73.76 W
2025/02/16 20:14:56.571, 73.76 W
2025/02/16 20:14:56.581, 73.76 W
2025/02/16 20:14:56.591, 73.76 W
2025/02/16 20:14:56.601, 73.76 W
2025/02/16 20:14:56.611, 73.76 W
2025/02/16 20:14:56.621, 73.76 W
2025/02/16 20:14:56.631, 73.76 W
2025/02/16 20:14:56.641, 73.76 W
2025/02/16 20:14:56.651, 73.76 W
2025/02/16 20:14:56.661, 73.76 W
2025/02/16 20:14:56.671, 73.76 W
2025/02/16 20:14:56.682, 73.76 W
2025/02/16 20:14:56.692, 73.76 W
2025/02/16 20:14:56.702, 73.76 W
2025/02/16 20:14:56.712, 73.76 W
2025/02/16 20:14:56.722, 73.76 W
2025/02/16 20:14:56.732, 73.76 W
2025/02/16 20:14:56.742, 73.76 W
2025/02/16 20:14:56.752, 73.76 W
2025/02/16 20:14:56.762, 73.76 W
2025/02/16 20:14:56.772, 73.76 W
2025/02/16 20:14:56.782, 73.76 W
2025/02/16 20:14:56.792, 73.76 W
2025/02/16 20:14:56.802, 73.76 W
2025/02/16 20:14:56.812, 73.76 W
2025/02/16 20:14:56.822, 73.76 W
2025/02/16 20:14:56.833, 73.76 W
2025/02/16 20:14:56.843, 73.76 W
2025/02/16 20:14:56.853, 73.76 W
2025/02/16 20:14:56.863, 73.76 W
2025/02/16 20:14:56.873, 73.76 W
2025/02/16 20:14:56.883, 73.76 W
2025/02/16 20:14:56.893, 73.76 W
2025/02/16 20:14:56.903, 73.76 W
2025/02/16 20:14:56.913, 73.76 W
2025/02/16 20:14:56.923, 73.76 W
2025/02/16 20:14:56.933, 73.76 W
2025/02/16 20:14:56.943, 73.76 W
2025/02/16 20:14:56.953, 73.76 W
2025/02/16 20:14:56.963, 73.76 W
2025/02/16 20:14:56.974, 73.76 W
2025/02/16 20:14:56.984, 73.76 W
2025/02/16 20:14:56.994, 73.76 W
2025/02/16 20:14:57.004, 73.76 W
2025/02/16 20:14:57.014, 73.76 W
2025/02/16 20:14:57.024, 73.76 W
2025/02/16 20:14:57.034, 73.76 W
2025/02/16 20:14:57.044, 73.76 W
2025/02/16 20:14:57.054, 73.76 W
2025/02/16 20:14:57.064, 73.76 W
2025/02/16 20:14:57.074, 73.76 W
2025/02/16 20:14:57.084, 73.76 W
2025/02/16 20:14:57.094, 73.76 W
2025/02/16 20:14:57.104, 73.76 W
2025/02/16 20:14:57.114, 73.76 W
2025/02/16 20:14:57.125, 73.76 W
2025/02/16 20:14:57.135, 73.76 W
2025/02/16 20:14:57.145, 73.76 W
2025/02/16 20:14:57.155, 73.76 W
2025/02/16 20:14:57.165, 73.76 W
2025/02/16 20:14:57.175, 74.05 W
2025/02/16 20:14:57.185, 74.05 W
2025/02/16 20:14:57.195, 74.05 W
2025/02/16 20:14:57.205, 74.05 W
2025/02/16 20:14:57.215, 74.05 W
2025/02/16 20:14:57.225, 74.05 W
2025/02/16 20:14:57.235, 74.05 W
2025/02/16 20:14:57.245, 74.05 W
2025/02/16 20:14:57.255, 74.05 W
2025/02/16 20:14:57.265, 73.76 W
2025/02/16 20:14:57.276, 73.76 W
2025/02/16 20:14:57.286, 73.76 W
2025/02/16 20:14:57.296, 73.76 W
2025/02/16 20:14:57.306, 73.76 W
2025/02/16 20:14:57.316, 73.76 W
2025/02/16 20:14:57.326, 73.76 W
2025/02/16 20:14:57.336, 73.76 W
2025/02/16 20:14:57.346, 73.76 W
2025/02/16 20:14:57.356, 73.76 W
2025/02/16 20:14:57.366, 73.76 W
2025/02/16 20:14:57.376, 73.76 W
2025/02/16 20:14:57.386, 73.76 W
2025/02/16 20:14:57.396, 73.76 W
2025/02/16 20:14:57.406, 73.76 W
2025/02/16 20:14:57.417, 73.76 W
2025/02/16 20:14:57.427, 73.76 W
2025/02/16 20:14:57.437, 73.76 W
2025/02/16 20:14:57.447, 73.76 W
2025/02/16 20:14:57.457, 73.76 W
2025/02/16 20:14:57.467, 73.76 W
2025/02/16 20:14:57.477, 73.76 W
2025/02/16 20:14:57.487, 73.76 W
2025/02/16 20:14:57.497, 73.76 W
2025/02/16 20:14:57.507, 73.76 W
2025/02/16 20:14:57.517, 73.76 W
2025/02/16 20:14:57.527, 73.76 W
2025/02/16 20:14:57.537, 73.76 W
2025/02/16 20:14:57.547, 73.76 W
2025/02/16 20:14:57.557, 73.76 W
2025/02/16 20:14:57.568, 73.76 W
2025/02/16 20:14:57.578, 73.76 W
2025/02/16 20:14:57.588, 73.76 W
2025/02/16 20:14:57.598, 73.76 W
2025/02/16 20:14:57.608, 73.76 W
2025/02/16 20:14:57.618, 73.76 W
2025/02/16 20:14:57.628, 73.76 W
2025/02/16 20:14:57.638, 73.76 W
2025/02/16 20:14:57.648, 73.76 W
2025/02/16 20:14:57.658, 73.76 W
2025/02/16 20:14:57.668, 74.05 W
2025/02/16 20:14:57.678, 74.05 W
2025/02/16 20:14:57.688, 74.05 W
2025/02/16 20:14:57.698, 74.05 W
2025/02/16 20:14:57.708, 74.05 W
2025/02/16 20:14:57.719, 74.05 W
2025/02/16 20:14:57.729, 74.05 W
2025/02/16 20:14:57.739, 74.05 W
2025/02/16 20:14:57.749, 74.05 W
2025/02/16 20:14:57.759, 74.05 W
2025/02/16 20:14:57.769, 74.05 W
2025/02/16 20:14:57.779, 74.05 W
2025/02/16 20:14:57.789, 74.05 W
2025/02/16 20:14:57.799, 73.76 W
2025/02/16 20:14:57.809, 73.76 W
2025/02/16 20:14:57.819, 73.76 W
2025/02/16 20:14:57.829, 73.76 W
2025/02/16 20:14:57.839, 73.76 W
2025/02/16 20:14:57.849, 73.76 W
2025/02/16 20:14:57.859, 73.76 W
2025/02/16 20:14:57.870, 73.76 W
2025/02/16 20:14:57.880, 74.05 W
2025/02/16 20:14:57.890, 74.05 W
2025/02/16 20:14:57.900, 74.05 W
2025/02/16 20:14:57.910, 74.05 W
2025/02/16 20:14:57.920, 74.05 W
2025/02/16 20:14:57.930, 74.05 W
2025/02/16 20:14:57.940, 74.05 W
2025/02/16 20:14:57.950, 74.05 W
2025/02/16 20:14:57.960, 74.05 W
2025/02/16 20:14:57.970, 74.05 W
2025/02/16 20:14:57.980, 74.05 W
2025/02/16 20:14:57.990, 74.05 W
2025/02/16 20:14:58.000, 73.76 W
2025/02/16 20:14:58.010, 73.76 W
2025/02/16 20:14:58.020, 73.76 W
2025/02/16 20:14:58.031, 73.76 W
2025/02/16 20:14:58.041, 73.76 W
2025/02/16 20:14:58.051, 73.76 W
2025/02/16 20:14:58.061, 73.76 W
2025/02/16 20:14:58.071, 73.76 W
2025/02/16 20:14:58.081, 73.76 W
2025/02/16 20:14:58.091, 73.76 W
2025/02/16 20:14:58.101, 73.76 W
2025/02/16 20:14:58.111, 73.76 W
2025/02/16 20:14:58.121, 73.76 W
2025/02/16 20:14:58.131, 73.76 W
2025/02/16 20:14:58.141, 73.76 W
2025/02/16 20:14:58.151, 73.76 W
2025/02/16 20:14:58.161, 73.76 W
2025/02/16 20:14:58.171, 73.76 W
2025/02/16 20:14:58.182, 73.76 W
2025/02/16 20:14:58.192, 73.76 W
2025/02/16 20:14:58.202, 73.76 W
2025/02/16 20:14:58.212, 73.76 W
2025/02/16 20:14:58.222, 73.76 W
2025/02/16 20:14:58.232, 73.76 W
2025/02/16 20:14:58.242, 73.76 W
2025/02/16 20:14:58.252, 73.76 W
2025/02/16 20:14:58.262, 73.76 W
2025/02/16 20:14:58.272, 73.76 W
2025/02/16 20:14:58.282, 74.05 W
2025/02/16 20:14:58.292, 74.05 W
2025/02/16 20:14:58.302, 74.05 W
2025/02/16 20:14:58.312, 74.05 W
2025/02/16 20:14:58.322, 74.05 W
2025/02/16 20:14:58.333, 74.05 W
2025/02/16 20:14:58.343, 74.05 W
2025/02/16 20:14:58.353, 74.05 W
2025/02/16 20:14:58.363, 74.05 W
2025/02/16 20:14:58.373, 74.05 W
2025/02/16 20:14:58.383, 74.05 W
2025/02/16 20:14:58.393, 73.79 W
2025/02/16 20:14:58.403, 73.79 W
2025/02/16 20:14:58.413, 73.79 W
2025/02/16 20:14:58.423, 73.79 W
2025/02/16 20:14:58.433, 73.79 W
2025/02/16 20:14:58.443, 73.79 W
2025/02/16 20:14:58.453, 73.79 W
2025/02/16 20:14:58.463, 73.79 W
2025/02/16 20:14:58.474, 73.79 W
2025/02/16 20:14:58.484, 73.79 W
2025/02/16 20:14:58.494, 73.79 W
2025/02/16 20:14:58.504, 73.79 W
2025/02/16 20:14:58.514, 73.79 W
2025/02/16 20:14:58.524, 73.79 W
2025/02/16 20:14:58.534, 73.79 W
2025/02/16 20:14:58.544, 73.79 W
2025/02/16 20:14:58.554, 73.79 W
2025/02/16 20:14:58.564, 73.79 W
2025/02/16 20:14:58.574, 73.79 W
2025/02/16 20:14:58.584, 73.79 W
2025/02/16 20:14:58.594, 73.79 W
2025/02/16 20:14:58.604, 73.79 W
2025/02/16 20:14:58.615, 73.79 W
2025/02/16 20:14:58.625, 73.79 W
2025/02/16 20:14:58.635, 73.79 W
2025/02/16 20:14:58.645, 73.79 W
2025/02/16 20:14:58.655, 73.79 W
2025/02/16 20:14:58.665, 73.79 W
2025/02/16 20:14:58.675, 73.79 W
2025/02/16 20:14:58.685, 73.79 W
2025/02/16 20:14:58.695, 73.79 W
2025/02/16 20:14:58.705, 73.79 W
2025/02/16 20:14:58.715, 73.79 W
2025/02/16 20:14:58.725, 73.79 W
2025/02/16 20:14:58.735, 73.79 W
2025/02/16 20:14:58.745, 73.79 W
2025/02/16 20:14:58.756, 73.79 W
2025/02/16 20:14:58.766, 73.79 W
2025/02/16 20:14:58.776, 73.79 W
2025/02/16 20:14:58.786, 73.79 W
2025/02/16 20:14:58.796, 73.79 W
2025/02/16 20:14:58.806, 73.79 W
2025/02/16 20:14:58.816, 73.88 W
2025/02/16 20:14:58.826, 73.88 W
2025/02/16 20:14:58.836, 73.88 W
2025/02/16 20:14:58.846, 73.88 W
2025/02/16 20:14:58.856, 73.88 W
2025/02/16 20:14:58.866, 73.88 W
2025/02/16 20:14:58.876, 73.88 W
2025/02/16 20:14:58.886, 73.88 W
2025/02/16 20:14:58.896, 73.88 W
2025/02/16 20:14:58.907, 73.79 W
2025/02/16 20:14:58.917, 73.79 W
2025/02/16 20:14:58.927, 73.79 W
2025/02/16 20:14:58.937, 73.79 W
2025/02/16 20:14:58.947, 73.79 W
2025/02/16 20:14:58.957, 73.79 W
2025/02/16 20:14:58.967, 73.79 W
2025/02/16 20:14:58.977, 73.79 W
2025/02/16 20:14:58.987, 73.79 W
2025/02/16 20:14:58.997, 73.79 W
2025/02/16 20:14:59.007, 73.79 W
2025/02/16 20:14:59.017, 73.79 W
2025/02/16 20:14:59.027, 73.79 W
2025/02/16 20:14:59.037, 73.79 W
2025/02/16 20:14:59.048, 73.79 W
2025/02/16 20:14:59.058, 73.79 W
2025/02/16 20:14:59.068, 73.79 W
2025/02/16 20:14:59.078, 73.79 W
2025/02/16 20:14:59.088, 73.79 W
2025/02/16 20:14:59.098, 73.79 W
2025/02/16 20:14:59.108, 73.79 W
2025/02/16 20:14:59.118, 73.79 W
2025/02/16 20:14:59.128, 73.79 W
2025/02/16 20:14:59.138, 73.79 W
2025/02/16 20:14:59.148, 73.79 W
2025/02/16 20:14:59.158, 73.79 W
2025/02/16 20:14:59.168, 73.79 W
2025/02/16 20:14:59.178, 73.79 W
2025/02/16 20:14:59.189, 73.79 W
2025/02/16 20:14:59.199, 73.79 W
2025/02/16 20:14:59.209, 73.79 W
2025/02/16 20:14:59.219, 73.79 W
2025/02/16 20:14:59.229, 73.79 W
2025/02/16 20:14:59.239, 73.79 W
2025/02/16 20:14:59.249, 73.79 W
2025/02/16 20:14:59.259, 73.79 W
2025/02/16 20:14:59.269, 73.79 W
2025/02/16 20:14:59.279, 73.79 W
2025/02/16 20:14:59.289, 73.79 W
2025/02/16 20:14:59.299, 73.79 W
2025/02/16 20:14:59.309, 73.79 W
2025/02/16 20:14:59.319, 73.79 W
2025/02/16 20:14:59.330, 73.79 W
2025/02/16 20:14:59.340, 73.79 W
2025/02/16 20:14:59.350, 73.79 W
2025/02/16 20:14:59.360, 73.79 W
2025/02/16 20:14:59.370, 73.79 W
2025/02/16 20:14:59.380, 73.79 W
2025/02/16 20:14:59.390, 73.79 W
2025/02/16 20:14:59.400, 73.79 W
2025/02/16 20:14:59.410, 73.79 W
2025/02/16 20:14:59.420, 73.79 W
2025/02/16 20:14:59.430, 73.79 W
2025/02/16 20:14:59.440, 73.79 W
2025/02/16 20:14:59.450, 73.79 W
2025/02/16 20:14:59.460, 73.79 W
2025/02/16 20:14:59.471, 73.79 W
2025/02/16 20:14:59.481, 73.79 W
2025/02/16 20:14:59.491, 73.79 W
2025/02/16 20:14:59.501, 73.79 W
2025/02/16 20:14:59.511, 73.79 W
2025/02/16 20:14:59.521, 73.79 W
2025/02/16 20:14:59.531, 73.79 W
2025/02/16 20:14:59.541, 73.79 W
2025/02/16 20:14:59.551, 73.79 W
2025/02/16 20:14:59.561, 73.79 W
2025/02/16 20:14:59.571, 73.79 W
2025/02/16 20:14:59.581, 73.79 W
2025/02/16 20:14:59.591, 73.79 W
2025/02/16 20:14:59.601, 73.79 W
2025/02/16 20:14:59.612, 73.79 W
2025/02/16 20:14:59.622, 73.79 W
2025/02/16 20:14:59.632, 73.79 W
2025/02/16 20:14:59.642, 73.79 W
2025/02/16 20:14:59.652, 73.79 W
2025/02/16 20:14:59.662, 73.79 W
2025/02/16 20:14:59.672, 73.79 W
2025/02/16 20:14:59.682, 73.79 W
2025/02/16 20:14:59.692, 73.79 W
2025/02/16 20:14:59.702, 73.79 W
2025/02/16 20:14:59.712, 73.79 W
2025/02/16 20:14:59.722, 73.79 W
2025/02/16 20:14:59.732, 73.79 W
2025/02/16 20:14:59.742, 73.79 W
2025/02/16 20:14:59.752, 73.79 W
2025/02/16 20:14:59.763, 73.79 W
2025/02/16 20:14:59.773, 73.79 W
2025/02/16 20:14:59.783, 73.79 W
2025/02/16 20:14:59.793, 73.79 W
2025/02/16 20:14:59.803, 73.79 W
2025/02/16 20:14:59.813, 73.79 W
2025/02/16 20:14:59.823, 73.79 W
2025/02/16 20:14:59.833, 73.79 W
2025/02/16 20:14:59.843, 74.04 W
2025/02/16 20:14:59.853, 74.04 W
2025/02/16 20:14:59.863, 74.04 W
2025/02/16 20:14:59.873, 74.04 W
2025/02/16 20:14:59.883, 74.04 W
2025/02/16 20:14:59.893, 74.04 W
2025/02/16 20:14:59.903, 74.04 W
2025/02/16 20:14:59.913, 74.04 W
2025/02/16 20:14:59.924, 73.79 W
2025/02/16 20:14:59.934, 73.79 W
2025/02/16 20:14:59.944, 73.79 W
2025/02/16 20:14:59.954, 73.79 W
2025/02/16 20:14:59.964, 73.79 W
2025/02/16 20:14:59.974, 73.79 W
2025/02/16 20:14:59.984, 73.79 W
2025/02/16 20:14:59.994, 73.79 W
2025/02/16 20:15:00.004, 73.79 W
2025/02/16 20:15:00.014, 73.79 W
2025/02/16 20:15:00.024, 73.79 W
2025/02/16 20:15:00.034, 73.79 W
2025/02/16 20:15:00.044, 73.79 W
2025/02/16 20:15:00.054, 73.79 W
2025/02/16 20:15:00.064, 73.79 W
2025/02/16 20:15:00.075, 73.79 W
2025/02/16 20:15:00.085, 73.79 W
2025/02/16 20:15:00.095, 73.79 W
2025/02/16 20:15:00.105, 73.79 W
2025/02/16 20:15:00.115, 73.79 W
2025/02/16 20:15:00.125, 73.79 W
2025/02/16 20:15:00.135, 73.96 W
2025/02/16 20:15:00.145, 73.96 W
2025/02/16 20:15:00.155, 73.96 W
2025/02/16 20:15:00.165, 73.96 W
2025/02/16 20:15:00.175, 73.96 W
2025/02/16 20:15:00.185, 73.96 W
2025/02/16 20:15:00.195, 73.96 W
2025/02/16 20:15:00.205, 73.96 W
2025/02/16 20:15:00.216, 73.96 W
2025/02/16 20:15:00.226, 73.96 W
2025/02/16 20:15:00.236, 73.96 W
2025/02/16 20:15:00.246, 73.96 W
2025/02/16 20:15:00.256, 74.05 W
2025/02/16 20:15:00.266, 74.05 W
2025/02/16 20:15:00.276, 74.05 W
2025/02/16 20:15:00.286, 74.05 W
2025/02/16 20:15:00.296, 74.05 W
2025/02/16 20:15:00.306, 74.05 W
2025/02/16 20:15:00.316, 74.05 W
2025/02/16 20:15:00.326, 74.05 W
2025/02/16 20:15:00.336, 74.05 W
2025/02/16 20:15:00.346, 74.05 W
2025/02/16 20:15:00.357, 74.05 W
2025/02/16 20:15:00.367, 74.05 W
2025/02/16 20:15:00.377, 74.05 W
2025/02/16 20:15:00.387, 74.05 W
2025/02/16 20:15:00.397, 74.05 W
2025/02/16 20:15:00.407, 74.05 W
2025/02/16 20:15:00.417, 74.05 W
2025/02/16 20:15:00.427, 74.05 W
2025/02/16 20:15:00.437, 74.05 W
2025/02/16 20:15:00.447, 74.05 W
2025/02/16 20:15:00.457, 74.05 W
2025/02/16 20:15:00.467, 74.05 W
2025/02/16 20:15:00.477, 74.05 W
2025/02/16 20:15:00.488, 74.05 W
2025/02/16 20:15:00.498, 74.05 W
2025/02/16 20:15:00.508, 74.05 W
2025/02/16 20:15:00.518, 74.05 W
2025/02/16 20:15:00.528, 74.05 W
2025/02/16 20:15:00.538, 74.05 W
2025/02/16 20:15:00.548, 74.05 W
2025/02/16 20:15:00.558, 74.05 W
2025/02/16 20:15:00.568, 74.05 W
2025/02/16 20:15:00.578, 74.05 W
2025/02/16 20:15:00.588, 74.05 W
2025/02/16 20:15:00.598, 74.05 W
2025/02/16 20:15:00.608, 74.05 W
2025/02/16 20:15:00.618, 74.05 W
2025/02/16 20:15:00.628, 74.05 W
2025/02/16 20:15:00.639, 74.05 W
2025/02/16 20:15:00.649, 74.05 W
2025/02/16 20:15:00.659, 74.05 W
2025/02/16 20:15:00.669, 74.05 W
2025/02/16 20:15:00.679, 74.05 W
2025/02/16 20:15:00.689, 74.05 W
2025/02/16 20:15:00.699, 74.05 W
2025/02/16 20:15:00.709, 74.05 W
2025/02/16 20:15:00.719, 74.05 W
2025/02/16 20:15:00.729, 74.05 W
2025/02/16 20:15:00.739, 74.05 W
2025/02/16 20:15:00.749, 74.05 W
2025/02/16 20:15:00.759, 74.05 W
2025/02/16 20:15:00.769, 74.05 W
2025/02/16 20:15:00.779, 74.05 W
2025/02/16 20:15:00.790, 74.05 W
2025/02/16 20:15:00.800, 74.05 W
2025/02/16 20:15:00.810, 74.05 W
2025/02/16 20:15:00.820, 74.05 W
2025/02/16 20:15:00.830, 74.05 W
2025/02/16 20:15:00.840, 74.05 W
2025/02/16 20:15:00.850, 74.05 W
2025/02/16 20:15:00.860, 74.05 W
2025/02/16 20:15:00.870, 74.05 W
2025/02/16 20:15:00.880, 74.05 W
2025/02/16 20:15:00.890, 74.05 W
2025/02/16 20:15:00.900, 74.05 W
2025/02/16 20:15:00.910, 74.05 W
2025/02/16 20:15:00.920, 74.05 W
2025/02/16 20:15:00.930, 74.05 W
2025/02/16 20:15:00.941, 74.05 W
2025/02/16 20:15:00.951, 74.05 W
2025/02/16 20:15:00.961, 74.05 W
2025/02/16 20:15:00.971, 74.05 W
2025/02/16 20:15:00.981, 74.05 W
2025/02/16 20:15:00.991, 74.05 W
2025/02/16 20:15:01.001, 74.05 W
2025/02/16 20:15:01.011, 74.05 W
2025/02/16 20:15:01.021, 74.05 W
2025/02/16 20:15:01.031, 74.05 W
2025/02/16 20:15:01.041, 74.05 W
2025/02/16 20:15:01.051, 74.05 W
2025/02/16 20:15:01.061, 74.05 W
2025/02/16 20:15:01.071, 74.29 W
2025/02/16 20:15:01.082, 74.29 W
2025/02/16 20:15:01.092, 74.29 W
2025/02/16 20:15:01.102, 74.29 W
2025/02/16 20:15:01.112, 74.29 W
2025/02/16 20:15:01.122, 74.29 W
2025/02/16 20:15:01.132, 74.29 W
2025/02/16 20:15:01.142, 74.29 W
2025/02/16 20:15:01.152, 74.05 W
2025/02/16 20:15:01.162, 74.05 W
2025/02/16 20:15:01.172, 74.05 W
2025/02/16 20:15:01.182, 74.05 W
2025/02/16 20:15:01.192, 74.05 W
2025/02/16 20:15:01.202, 74.05 W
2025/02/16 20:15:01.212, 74.05 W
2025/02/16 20:15:01.222, 74.05 W
2025/02/16 20:15:01.233, 74.05 W
2025/02/16 20:15:01.243, 74.05 W
2025/02/16 20:15:01.253, 74.05 W
2025/02/16 20:15:01.263, 74.05 W
2025/02/16 20:15:01.273, 74.05 W
2025/02/16 20:15:01.283, 74.05 W
2025/02/16 20:15:01.293, 74.05 W
2025/02/16 20:15:01.303, 74.05 W
2025/02/16 20:15:01.313, 74.05 W
2025/02/16 20:15:01.323, 74.05 W
2025/02/16 20:15:01.333, 74.05 W
2025/02/16 20:15:01.343, 74.05 W
2025/02/16 20:15:01.353, 74.05 W
2025/02/16 20:15:01.363, 74.05 W
2025/02/16 20:15:01.374, 74.05 W
2025/02/16 20:15:01.384, 74.05 W
2025/02/16 20:15:01.394, 74.05 W
2025/02/16 20:15:01.404, 74.05 W
2025/02/16 20:15:01.414, 74.05 W
2025/02/16 20:15:01.424, 74.05 W
2025/02/16 20:15:01.434, 74.05 W
2025/02/16 20:15:01.444, 74.05 W
2025/02/16 20:15:01.454, 74.05 W
2025/02/16 20:15:01.464, 74.05 W
2025/02/16 20:15:01.474, 74.05 W
2025/02/16 20:15:01.484, 74.05 W
2025/02/16 20:15:01.494, 74.05 W
2025/02/16 20:15:01.504, 74.05 W
2025/02/16 20:15:01.514, 74.05 W
2025/02/16 20:15:01.525, 74.05 W
2025/02/16 20:15:01.535, 74.05 W
2025/02/16 20:15:01.545, 74.05 W
2025/02/16 20:15:01.555, 74.05 W
2025/02/16 20:15:01.565, 74.05 W
2025/02/16 20:15:01.575, 74.05 W
2025/02/16 20:15:01.585, 74.05 W
2025/02/16 20:15:01.595, 74.05 W
2025/02/16 20:15:01.605, 74.05 W
2025/02/16 20:15:01.615, 74.05 W
2025/02/16 20:15:01.625, 74.05 W
2025/02/16 20:15:01.635, 74.05 W
2025/02/16 20:15:01.645, 74.05 W
2025/02/16 20:15:01.655, 74.05 W
2025/02/16 20:15:01.665, 74.05 W
2025/02/16 20:15:01.676, 74.05 W
2025/02/16 20:15:01.686, 74.05 W
2025/02/16 20:15:01.696, 74.05 W
2025/02/16 20:15:01.706, 74.05 W
2025/02/16 20:15:01.716, 74.05 W
2025/02/16 20:15:01.726, 74.05 W
2025/02/16 20:15:01.736, 74.05 W
2025/02/16 20:15:01.746, 74.05 W
2025/02/16 20:15:01.756, 74.05 W
2025/02/16 20:15:01.766, 74.05 W
2025/02/16 20:15:01.776, 74.05 W
2025/02/16 20:15:01.786, 74.05 W
2025/02/16 20:15:01.796, 74.05 W
2025/02/16 20:15:01.806, 74.05 W
2025/02/16 20:15:01.817, 74.05 W
2025/02/16 20:15:01.827, 74.05 W
2025/02/16 20:15:01.837, 74.05 W
2025/02/16 20:15:01.847, 74.05 W
2025/02/16 20:15:01.857, 74.05 W
2025/02/16 20:15:01.867, 74.05 W
2025/02/16 20:15:01.877, 74.05 W
2025/02/16 20:15:01.887, 74.05 W
2025/02/16 20:15:01.897, 74.05 W
2025/02/16 20:15:01.907, 74.05 W
2025/02/16 20:15:01.917, 74.05 W
2025/02/16 20:15:01.927, 74.05 W
2025/02/16 20:15:01.937, 74.05 W
2025/02/16 20:15:01.947, 74.05 W
2025/02/16 20:15:01.958, 74.05 W
2025/02/16 20:15:01.968, 74.05 W
2025/02/16 20:15:01.978, 74.05 W
2025/02/16 20:15:01.988, 74.05 W
2025/02/16 20:15:01.998, 74.05 W
2025/02/16 20:15:02.008, 74.05 W
2025/02/16 20:15:02.018, 74.05 W
2025/02/16 20:15:02.028, 74.05 W
2025/02/16 20:15:02.038, 74.05 W
2025/02/16 20:15:02.048, 74.05 W
2025/02/16 20:15:02.058, 74.05 W
2025/02/16 20:15:02.068, 74.05 W
2025/02/16 20:15:02.078, 74.05 W
2025/02/16 20:15:02.089, 74.05 W
2025/02/16 20:15:02.099, 74.05 W
2025/02/16 20:15:02.109, 74.05 W
2025/02/16 20:15:02.119, 74.05 W
2025/02/16 20:15:02.129, 74.05 W
2025/02/16 20:15:02.139, 74.05 W
2025/02/16 20:15:02.149, 74.05 W
2025/02/16 20:15:02.159, 74.05 W
2025/02/16 20:15:02.169, 74.05 W
2025/02/16 20:15:02.179, 74.05 W
2025/02/16 20:15:02.189, 74.05 W
2025/02/16 20:15:02.199, 74.05 W
2025/02/16 20:15:02.209, 74.05 W
2025/02/16 20:15:02.219, 74.05 W
2025/02/16 20:15:02.230, 74.05 W
2025/02/16 20:15:02.240, 74.05 W
2025/02/16 20:15:02.250, 74.05 W
2025/02/16 20:15:02.260, 74.05 W
2025/02/16 20:15:02.270, 74.05 W
2025/02/16 20:15:02.280, 74.05 W
2025/02/16 20:15:02.290, 74.05 W
2025/02/16 20:15:02.300, 74.05 W
2025/02/16 20:15:02.310, 74.05 W
2025/02/16 20:15:02.320, 74.05 W
2025/02/16 20:15:02.330, 74.05 W
2025/02/16 20:15:02.340, 74.05 W
2025/02/16 20:15:02.350, 74.05 W
2025/02/16 20:15:02.360, 74.05 W
2025/02/16 20:15:02.370, 74.05 W
2025/02/16 20:15:02.381, 74.05 W
2025/02/16 20:15:02.391, 74.05 W
2025/02/16 20:15:02.401, 74.05 W
2025/02/16 20:15:02.411, 74.05 W
2025/02/16 20:15:02.421, 74.05 W
2025/02/16 20:15:02.431, 74.05 W
2025/02/16 20:15:02.441, 74.05 W
2025/02/16 20:15:02.451, 74.05 W
2025/02/16 20:15:02.461, 74.05 W
2025/02/16 20:15:02.471, 74.05 W
2025/02/16 20:15:02.481, 74.05 W
2025/02/16 20:15:02.491, 74.05 W
2025/02/16 20:15:02.501, 74.05 W
2025/02/16 20:15:02.511, 74.05 W
2025/02/16 20:15:02.522, 74.05 W
2025/02/16 20:15:02.532, 74.05 W
2025/02/16 20:15:02.542, 74.05 W
2025/02/16 20:15:02.552, 74.05 W
2025/02/16 20:15:02.562, 74.05 W
2025/02/16 20:15:02.572, 74.05 W
2025/02/16 20:15:02.582, 74.05 W
2025/02/16 20:15:02.592, 74.05 W
2025/02/16 20:15:02.602, 74.05 W
2025/02/16 20:15:02.612, 74.05 W
2025/02/16 20:15:02.622, 74.05 W
2025/02/16 20:15:02.632, 74.05 W
2025/02/16 20:15:02.642, 74.05 W
2025/02/16 20:15:02.653, 74.05 W
2025/02/16 20:15:02.663, 74.05 W
2025/02/16 20:15:02.673, 74.05 W
2025/02/16 20:15:02.683, 74.05 W
2025/02/16 20:15:02.693, 74.05 W
2025/02/16 20:15:02.703, 74.05 W
2025/02/16 20:15:02.713, 74.05 W
2025/02/16 20:15:02.723, 74.05 W
2025/02/16 20:15:02.733, 74.05 W
2025/02/16 20:15:02.743, 74.05 W
2025/02/16 20:15:02.753, 74.05 W
2025/02/16 20:15:02.763, 74.05 W
2025/02/16 20:15:02.773, 74.05 W
2025/02/16 20:15:02.783, 74.05 W
2025/02/16 20:15:02.794, 74.05 W
2025/02/16 20:15:02.804, 74.05 W
2025/02/16 20:15:02.814, 74.05 W
2025/02/16 20:15:02.824, 74.05 W
2025/02/16 20:15:02.834, 74.05 W
2025/02/16 20:15:02.844, 74.05 W
2025/02/16 20:15:02.854, 74.05 W
2025/02/16 20:15:02.864, 74.05 W
2025/02/16 20:15:02.874, 74.05 W
2025/02/16 20:15:02.884, 74.05 W
2025/02/16 20:15:02.894, 74.05 W
2025/02/16 20:15:02.904, 74.05 W
2025/02/16 20:15:02.914, 74.05 W
2025/02/16 20:15:02.924, 74.05 W
2025/02/16 20:15:02.935, 74.05 W
2025/02/16 20:15:02.945, 74.05 W
2025/02/16 20:15:02.955, 74.05 W
2025/02/16 20:15:02.965, 74.05 W
2025/02/16 20:15:02.975, 74.05 W
2025/02/16 20:15:02.985, 74.05 W
2025/02/16 20:15:02.995, 74.05 W
2025/02/16 20:15:03.005, 74.05 W
2025/02/16 20:15:03.015, 74.05 W
2025/02/16 20:15:03.025, 74.05 W
2025/02/16 20:15:03.035, 74.05 W
2025/02/16 20:15:03.045, 74.05 W
2025/02/16 20:15:03.055, 74.05 W
2025/02/16 20:15:03.065, 74.05 W
2025/02/16 20:15:03.075, 74.05 W
2025/02/16 20:15:03.086, 74.05 W
2025/02/16 20:15:03.096, 74.05 W
2025/02/16 20:15:03.106, 74.05 W
2025/02/16 20:15:03.116, 74.05 W
2025/02/16 20:15:03.126, 74.05 W
2025/02/16 20:15:03.136, 74.05 W
2025/02/16 20:15:03.146, 74.05 W
2025/02/16 20:15:03.156, 74.05 W
2025/02/16 20:15:03.166, 74.05 W
2025/02/16 20:15:03.176, 74.05 W
2025/02/16 20:15:03.186, 74.05 W
2025/02/16 20:15:03.196, 74.05 W
2025/02/16 20:15:03.206, 74.05 W
2025/02/16 20:15:03.216, 74.05 W
2025/02/16 20:15:03.226, 74.05 W
2025/02/16 20:15:03.237, 74.05 W
2025/02/16 20:15:03.247, 74.05 W
2025/02/16 20:15:03.257, 74.05 W
2025/02/16 20:15:03.267, 74.05 W
2025/02/16 20:15:03.277, 74.05 W
2025/02/16 20:15:03.287, 74.05 W
2025/02/16 20:15:03.297, 74.05 W
2025/02/16 20:15:03.307, 74.05 W
2025/02/16 20:15:03.317, 74.05 W
2025/02/16 20:15:03.327, 74.05 W
2025/02/16 20:15:03.337, 74.05 W
2025/02/16 20:15:03.347, 74.05 W
2025/02/16 20:15:03.358, 74.05 W
2025/02/16 20:15:03.368, 74.05 W
2025/02/16 20:15:03.378, 74.05 W
2025/02/16 20:15:03.388, 74.05 W
2025/02/16 20:15:03.398, 74.05 W
2025/02/16 20:15:03.408, 74.05 W
2025/02/16 20:15:03.418, 74.05 W
2025/02/16 20:15:03.428, 74.05 W
2025/02/16 20:15:03.438, 74.05 W
2025/02/16 20:15:03.448, 74.05 W
2025/02/16 20:15:03.458, 74.05 W
2025/02/16 20:15:03.468, 74.05 W
2025/02/16 20:15:03.478, 74.05 W
2025/02/16 20:15:03.488, 74.05 W
2025/02/16 20:15:03.499, 74.05 W
2025/02/16 20:15:03.509, 74.05 W
2025/02/16 20:15:03.519, 74.05 W
2025/02/16 20:15:03.529, 74.05 W
2025/02/16 20:15:03.539, 74.05 W
2025/02/16 20:15:03.549, 74.05 W
2025/02/16 20:15:03.559, 74.05 W
2025/02/16 20:15:03.569, 74.05 W
2025/02/16 20:15:03.579, 74.05 W
2025/02/16 20:15:03.589, 74.05 W
2025/02/16 20:15:03.599, 74.05 W
2025/02/16 20:15:03.609, 74.05 W
2025/02/16 20:15:03.619, 74.05 W
2025/02/16 20:15:03.629, 74.05 W
2025/02/16 20:15:03.640, 74.05 W
2025/02/16 20:15:03.650, 74.05 W
2025/02/16 20:15:03.660, 74.05 W
2025/02/16 20:15:03.670, 74.05 W
2025/02/16 20:15:03.680, 74.05 W
2025/02/16 20:15:03.690, 74.05 W
2025/02/16 20:15:03.700, 74.05 W
2025/02/16 20:15:03.710, 74.05 W
2025/02/16 20:15:03.720, 74.05 W
2025/02/16 20:15:03.730, 74.05 W
2025/02/16 20:15:03.740, 74.05 W
2025/02/16 20:15:03.750, 74.05 W
2025/02/16 20:15:03.760, 74.05 W
2025/02/16 20:15:03.770, 74.05 W
2025/02/16 20:15:03.781, 74.05 W
2025/02/16 20:15:03.791, 74.05 W
2025/02/16 20:15:03.801, 74.05 W
2025/02/16 20:15:03.811, 74.05 W
2025/02/16 20:15:03.821, 74.05 W
2025/02/16 20:15:03.831, 74.05 W
2025/02/16 20:15:03.841, 74.05 W
2025/02/16 20:15:03.851, 74.05 W
2025/02/16 20:15:03.861, 74.05 W
2025/02/16 20:15:03.871, 74.05 W
2025/02/16 20:15:03.881, 74.05 W
2025/02/16 20:15:03.891, 74.05 W
2025/02/16 20:15:03.901, 74.05 W
2025/02/16 20:15:03.911, 74.05 W
2025/02/16 20:15:03.921, 74.05 W
2025/02/16 20:15:03.932, 74.05 W
2025/02/16 20:15:03.942, 74.05 W
2025/02/16 20:15:03.952, 74.05 W
2025/02/16 20:15:03.962, 74.05 W
2025/02/16 20:15:03.972, 74.05 W
2025/02/16 20:15:03.982, 74.05 W
2025/02/16 20:15:03.992, 74.05 W
2025/02/16 20:15:04.002, 74.05 W
2025/02/16 20:15:04.012, 74.05 W
2025/02/16 20:15:04.022, 74.05 W
2025/02/16 20:15:04.032, 74.05 W
2025/02/16 20:15:04.042, 74.05 W
2025/02/16 20:15:04.052, 74.05 W
2025/02/16 20:15:04.062, 74.05 W
2025/02/16 20:15:04.073, 74.05 W
2025/02/16 20:15:04.083, 74.05 W
2025/02/16 20:15:04.093, 74.05 W
2025/02/16 20:15:04.103, 74.05 W
2025/02/16 20:15:04.113, 74.05 W
2025/02/16 20:15:04.123, 74.05 W
2025/02/16 20:15:04.133, 74.05 W
2025/02/16 20:15:04.143, 74.05 W
2025/02/16 20:15:04.153, 74.05 W
2025/02/16 20:15:04.163, 74.05 W
2025/02/16 20:15:04.173, 74.05 W
2025/02/16 20:15:04.183, 74.05 W
2025/02/16 20:15:04.193, 74.05 W
2025/02/16 20:15:04.203, 74.05 W
2025/02/16 20:15:04.214, 74.05 W
2025/02/16 20:15:04.224, 74.05 W
2025/02/16 20:15:04.234, 74.05 W
2025/02/16 20:15:04.244, 74.05 W
2025/02/16 20:15:04.254, 74.05 W
2025/02/16 20:15:04.264, 74.05 W
2025/02/16 20:15:04.274, 74.05 W
2025/02/16 20:15:04.284, 74.05 W
2025/02/16 20:15:04.294, 74.05 W
2025/02/16 20:15:04.304, 74.05 W
2025/02/16 20:15:04.314, 74.05 W
2025/02/16 20:15:04.324, 74.05 W
2025/02/16 20:15:04.334, 74.05 W
2025/02/16 20:15:04.344, 74.05 W
2025/02/16 20:15:04.355, 74.05 W
2025/02/16 20:15:04.365, 74.05 W
2025/02/16 20:15:04.375, 74.05 W
2025/02/16 20:15:04.385, 74.05 W
2025/02/16 20:15:04.395, 74.05 W
2025/02/16 20:15:04.405, 74.05 W
2025/02/16 20:15:04.415, 74.05 W
2025/02/16 20:15:04.425, 74.05 W
2025/02/16 20:15:04.435, 74.05 W
2025/02/16 20:15:04.445, 74.05 W
2025/02/16 20:15:04.455, 74.05 W
2025/02/16 20:15:04.465, 74.05 W
2025/02/16 20:15:04.475, 74.05 W
2025/02/16 20:15:04.485, 74.05 W
2025/02/16 20:15:04.496, 74.05 W
2025/02/16 20:15:04.506, 74.05 W
2025/02/16 20:15:04.516, 74.05 W
2025/02/16 20:15:04.526, 74.05 W
2025/02/16 20:15:04.536, 74.05 W
2025/02/16 20:15:04.546, 74.05 W
2025/02/16 20:15:04.556, 74.05 W
2025/02/16 20:15:04.566, 74.05 W
2025/02/16 20:15:04.576, 74.05 W
2025/02/16 20:15:04.586, 74.05 W
2025/02/16 20:15:04.596, 74.05 W
2025/02/16 20:15:04.606, 74.05 W
2025/02/16 20:15:04.616, 74.05 W
2025/02/16 20:15:04.626, 74.05 W
2025/02/16 20:15:04.636, 74.05 W
2025/02/16 20:15:04.647, 74.05 W
2025/02/16 20:15:04.657, 74.05 W
2025/02/16 20:15:04.667, 74.05 W
2025/02/16 20:15:04.677, 74.05 W
2025/02/16 20:15:04.687, 74.05 W
2025/02/16 20:15:04.697, 74.05 W
2025/02/16 20:15:04.707, 74.05 W
2025/02/16 20:15:04.717, 74.05 W
2025/02/16 20:15:04.727, 74.05 W
2025/02/16 20:15:04.737, 74.05 W
2025/02/16 20:15:04.747, 74.05 W
2025/02/16 20:15:04.757, 74.05 W
2025/02/16 20:15:04.767, 74.05 W
2025/02/16 20:15:04.777, 74.05 W
2025/02/16 20:15:04.787, 74.05 W
2025/02/16 20:15:04.798, 74.05 W
2025/02/16 20:15:04.808, 74.05 W
2025/02/16 20:15:04.818, 74.05 W
2025/02/16 20:15:04.828, 74.05 W
2025/02/16 20:15:04.838, 74.05 W
2025/02/16 20:15:04.848, 74.05 W
2025/02/16 20:15:04.858, 74.05 W
2025/02/16 20:15:04.868, 74.05 W
2025/02/16 20:15:04.878, 74.05 W
2025/02/16 20:15:04.888, 74.05 W
2025/02/16 20:15:04.898, 74.05 W
2025/02/16 20:15:04.908, 74.05 W
2025/02/16 20:15:04.918, 74.05 W
2025/02/16 20:15:04.928, 74.05 W
2025/02/16 20:15:04.939, 74.05 W
2025/02/16 20:15:04.949, 74.05 W
2025/02/16 20:15:04.959, 74.05 W
2025/02/16 20:15:04.969, 74.05 W
2025/02/16 20:15:04.979, 74.05 W
2025/02/16 20:15:04.989, 74.05 W
2025/02/16 20:15:04.999, 74.05 W
2025/02/16 20:15:05.009, 74.05 W
2025/02/16 20:15:05.019, 74.05 W
2025/02/16 20:15:05.029, 74.05 W
2025/02/16 20:15:05.039, 74.05 W
2025/02/16 20:15:05.049, 74.05 W
2025/02/16 20:15:05.059, 74.05 W
2025/02/16 20:15:05.069, 74.05 W
2025/02/16 20:15:05.080, 74.05 W
2025/02/16 20:15:05.090, 74.05 W
2025/02/16 20:15:05.100, 74.05 W
2025/02/16 20:15:05.110, 74.05 W
2025/02/16 20:15:05.120, 74.05 W
2025/02/16 20:15:05.130, 74.05 W
2025/02/16 20:15:05.140, 74.05 W
2025/02/16 20:15:05.150, 74.05 W
2025/02/16 20:15:05.160, 74.05 W
2025/02/16 20:15:05.170, 74.05 W
2025/02/16 20:15:05.180, 74.05 W
2025/02/16 20:15:05.190, 74.05 W
2025/02/16 20:15:05.200, 74.05 W
2025/02/16 20:15:05.210, 74.05 W
2025/02/16 20:15:05.221, 74.05 W
2025/02/16 20:15:05.231, 74.05 W
2025/02/16 20:15:05.241, 74.05 W
2025/02/16 20:15:05.251, 74.05 W
2025/02/16 20:15:05.261, 74.05 W
2025/02/16 20:15:05.271, 74.05 W
2025/02/16 20:15:05.281, 74.05 W
2025/02/16 20:15:05.291, 74.05 W
2025/02/16 20:15:05.301, 74.05 W
2025/02/16 20:15:05.311, 74.05 W
2025/02/16 20:15:05.321, 74.05 W
2025/02/16 20:15:05.331, 74.05 W
2025/02/16 20:15:05.341, 74.05 W
2025/02/16 20:15:05.351, 74.05 W
2025/02/16 20:15:05.362, 74.05 W
2025/02/16 20:15:05.372, 74.05 W
2025/02/16 20:15:05.382, 74.05 W
2025/02/16 20:15:05.392, 74.05 W
2025/02/16 20:15:05.402, 74.05 W
2025/02/16 20:15:05.412, 74.05 W
2025/02/16 20:15:05.422, 74.05 W
2025/02/16 20:15:05.432, 74.05 W
2025/02/16 20:15:05.442, 74.05 W
2025/02/16 20:15:05.452, 74.05 W
2025/02/16 20:15:05.462, 74.05 W
2025/02/16 20:15:05.472, 74.05 W
2025/02/16 20:15:05.482, 74.05 W
2025/02/16 20:15:05.492, 74.05 W
2025/02/16 20:15:05.502, 74.05 W
2025/02/16 20:15:05.513, 74.05 W
2025/02/16 20:15:05.523, 74.05 W
2025/02/16 20:15:05.533, 74.05 W
2025/02/16 20:15:05.543, 74.05 W
2025/02/16 20:15:05.553, 74.05 W
2025/02/16 20:15:05.563, 74.05 W
2025/02/16 20:15:05.573, 74.05 W
2025/02/16 20:15:05.583, 74.05 W
2025/02/16 20:15:05.593, 74.05 W
2025/02/16 20:15:05.603, 74.05 W
2025/02/16 20:15:05.613, 74.05 W
2025/02/16 20:15:05.623, 74.05 W
2025/02/16 20:15:05.633, 74.05 W
2025/02/16 20:15:05.644, 74.05 W
2025/02/16 20:15:05.654, 74.05 W
2025/02/16 20:15:05.664, 74.05 W
2025/02/16 20:15:05.674, 74.05 W
2025/02/16 20:15:05.684, 74.05 W
2025/02/16 20:15:05.694, 74.05 W
2025/02/16 20:15:05.704, 74.05 W
2025/02/16 20:15:05.714, 74.05 W
2025/02/16 20:15:05.724, 74.05 W
2025/02/16 20:15:05.734, 74.05 W
2025/02/16 20:15:05.744, 74.05 W
2025/02/16 20:15:05.754, 74.05 W
2025/02/16 20:15:05.764, 74.05 W
2025/02/16 20:15:05.774, 74.05 W
2025/02/16 20:15:05.785, 74.05 W
2025/02/16 20:15:05.795, 74.05 W
2025/02/16 20:15:05.805, 74.05 W
2025/02/16 20:15:05.815, 74.05 W
2025/02/16 20:15:05.825, 74.05 W
2025/02/16 20:15:05.835, 74.05 W
2025/02/16 20:15:05.845, 74.05 W
2025/02/16 20:15:05.855, 74.05 W
2025/02/16 20:15:05.865, 74.05 W
2025/02/16 20:15:05.875, 74.05 W
2025/02/16 20:15:05.885, 74.05 W
2025/02/16 20:15:05.895, 74.05 W
2025/02/16 20:15:05.905, 74.05 W
2025/02/16 20:15:05.915, 74.05 W
2025/02/16 20:15:05.926, 74.05 W
2025/02/16 20:15:05.936, 74.05 W
2025/02/16 20:15:05.946, 74.05 W
2025/02/16 20:15:05.956, 74.05 W
2025/02/16 20:15:05.966, 74.05 W
2025/02/16 20:15:05.976, 74.05 W
2025/02/16 20:15:05.986, 74.05 W
2025/02/16 20:15:05.996, 74.05 W
2025/02/16 20:15:06.006, 74.05 W
2025/02/16 20:15:06.016, 74.05 W
2025/02/16 20:15:06.026, 74.05 W
2025/02/16 20:15:06.036, 74.05 W
2025/02/16 20:15:06.046, 74.05 W
2025/02/16 20:15:06.056, 74.05 W
2025/02/16 20:15:06.067, 74.05 W
2025/02/16 20:15:06.077, 74.05 W
2025/02/16 20:15:06.087, 74.05 W
2025/02/16 20:15:06.097, 74.05 W
2025/02/16 20:15:06.107, 74.05 W
2025/02/16 20:15:06.117, 74.05 W
2025/02/16 20:15:06.127, 74.05 W
2025/02/16 20:15:06.137, 74.05 W
2025/02/16 20:15:06.147, 74.05 W
2025/02/16 20:15:06.157, 74.05 W
2025/02/16 20:15:06.167, 74.05 W
2025/02/16 20:15:06.177, 74.05 W
2025/02/16 20:15:06.187, 74.05 W
2025/02/16 20:15:06.197, 74.05 W
2025/02/16 20:15:06.207, 74.05 W
2025/02/16 20:15:06.218, 74.05 W
2025/02/16 20:15:06.228, 74.05 W
2025/02/16 20:15:06.238, 74.05 W
2025/02/16 20:15:06.248, 74.05 W
2025/02/16 20:15:06.258, 74.05 W
2025/02/16 20:15:06.268, 74.05 W
2025/02/16 20:15:06.278, 74.05 W
2025/02/16 20:15:06.288, 74.05 W
2025/02/16 20:15:06.298, 74.05 W
2025/02/16 20:15:06.308, 74.05 W
2025/02/16 20:15:06.318, 74.05 W
2025/02/16 20:15:06.328, 74.05 W
2025/02/16 20:15:06.338, 74.05 W
2025/02/16 20:15:06.348, 74.05 W
2025/02/16 20:15:06.359, 74.05 W
2025/02/16 20:15:06.369, 74.05 W
2025/02/16 20:15:06.379, 74.05 W
2025/02/16 20:15:06.389, 74.05 W
2025/02/16 20:15:06.399, 74.05 W
2025/02/16 20:15:06.409, 74.05 W
2025/02/16 20:15:06.419, 74.05 W
2025/02/16 20:15:06.429, 74.05 W
2025/02/16 20:15:06.439, 74.05 W
2025/02/16 20:15:06.449, 74.05 W
2025/02/16 20:15:06.459, 74.05 W
2025/02/16 20:15:06.469, 74.05 W
2025/02/16 20:15:06.479, 74.05 W
2025/02/16 20:15:06.489, 74.05 W
2025/02/16 20:15:06.500, 74.05 W
2025/02/16 20:15:06.510, 74.05 W
2025/02/16 20:15:06.520, 74.05 W
2025/02/16 20:15:06.530, 74.05 W
2025/02/16 20:15:06.540, 74.05 W
2025/02/16 20:15:06.550, 74.05 W
2025/02/16 20:15:06.560, 74.05 W
2025/02/16 20:15:06.570, 74.05 W
2025/02/16 20:15:06.580, 74.05 W
2025/02/16 20:15:06.590, 74.05 W
2025/02/16 20:15:06.600, 74.05 W
2025/02/16 20:15:06.610, 74.05 W
2025/02/16 20:15:06.620, 74.05 W
2025/02/16 20:15:06.630, 74.05 W
2025/02/16 20:15:06.641, 74.05 W
2025/02/16 20:15:06.651, 74.05 W
2025/02/16 20:15:06.661, 74.05 W
2025/02/16 20:15:06.671, 74.05 W
2025/02/16 20:15:06.681, 74.05 W
2025/02/16 20:15:06.691, 74.05 W
2025/02/16 20:15:06.701, 74.05 W
2025/02/16 20:15:06.711, 74.05 W
2025/02/16 20:15:06.721, 74.05 W
2025/02/16 20:15:06.731, 74.05 W
2025/02/16 20:15:06.741, 74.05 W
2025/02/16 20:15:06.751, 74.05 W
2025/02/16 20:15:06.761, 74.05 W
2025/02/16 20:15:06.771, 74.05 W
2025/02/16 20:15:06.782, 74.05 W
2025/02/16 20:15:06.792, 74.05 W
2025/02/16 20:15:06.802, 74.05 W
2025/02/16 20:15:06.812, 74.05 W
2025/02/16 20:15:06.822, 74.05 W
2025/02/16 20:15:06.832, 74.05 W
2025/02/16 20:15:06.842, 74.05 W
2025/02/16 20:15:06.852, 74.05 W
2025/02/16 20:15:06.862, 74.05 W
2025/02/16 20:15:06.872, 74.05 W
2025/02/16 20:15:06.882, 74.05 W
2025/02/16 20:15:06.892, 74.05 W
2025/02/16 20:15:06.902, 74.05 W
2025/02/16 20:15:06.912, 74.05 W
2025/02/16 20:15:06.922, 74.05 W
2025/02/16 20:15:06.933, 74.05 W
2025/02/16 20:15:06.943, 74.05 W
2025/02/16 20:15:06.953, 74.05 W
2025/02/16 20:15:06.963, 74.05 W
2025/02/16 20:15:06.973, 74.05 W
2025/02/16 20:15:06.983, 74.05 W
2025/02/16 20:15:06.993, 74.05 W
2025/02/16 20:15:07.003, 74.05 W
2025/02/16 20:15:07.013, 74.05 W
2025/02/16 20:15:07.023, 74.05 W
2025/02/16 20:15:07.033, 74.05 W
2025/02/16 20:15:07.043, 74.05 W
2025/02/16 20:15:07.053, 74.05 W
2025/02/16 20:15:07.063, 74.05 W
2025/02/16 20:15:07.073, 74.05 W
2025/02/16 20:15:07.084, 74.05 W
2025/02/16 20:15:07.094, 74.05 W
2025/02/16 20:15:07.104, 74.05 W
2025/02/16 20:15:07.114, 74.05 W
2025/02/16 20:15:07.124, 74.05 W
2025/02/16 20:15:07.134, 74.05 W
2025/02/16 20:15:07.144, 74.05 W
2025/02/16 20:15:07.154, 74.05 W
2025/02/16 20:15:07.164, 74.05 W
2025/02/16 20:15:07.174, 74.05 W
2025/02/16 20:15:07.184, 74.05 W
2025/02/16 20:15:07.194, 74.05 W
2025/02/16 20:15:07.204, 74.05 W
2025/02/16 20:15:07.215, 74.05 W
2025/02/16 20:15:07.225, 74.05 W
2025/02/16 20:15:07.235, 74.05 W
2025/02/16 20:15:07.245, 74.05 W
2025/02/16 20:15:07.255, 74.05 W
2025/02/16 20:15:07.265, 74.05 W
2025/02/16 20:15:07.275, 74.05 W
2025/02/16 20:15:07.285, 74.05 W
2025/02/16 20:15:07.295, 74.05 W
2025/02/16 20:15:07.305, 74.05 W
2025/02/16 20:15:07.315, 74.05 W
2025/02/16 20:15:07.325, 74.05 W
2025/02/16 20:15:07.335, 74.05 W
2025/02/16 20:15:07.345, 74.05 W
2025/02/16 20:15:07.356, 74.05 W
2025/02/16 20:15:07.366, 74.05 W
2025/02/16 20:15:07.376, 74.05 W
2025/02/16 20:15:07.386, 74.05 W
2025/02/16 20:15:07.396, 74.05 W
2025/02/16 20:15:07.406, 74.05 W
2025/02/16 20:15:07.416, 74.05 W
2025/02/16 20:15:07.426, 74.05 W
2025/02/16 20:15:07.436, 74.05 W
2025/02/16 20:15:07.446, 74.05 W
2025/02/16 20:15:07.456, 74.05 W
2025/02/16 20:15:07.466, 74.05 W
2025/02/16 20:15:07.476, 74.05 W
2025/02/16 20:15:07.486, 74.05 W
2025/02/16 20:15:07.497, 74.05 W
2025/02/16 20:15:07.507, 74.05 W
2025/02/16 20:15:07.517, 74.05 W
2025/02/16 20:15:07.527, 74.05 W
2025/02/16 20:15:07.537, 74.05 W
2025/02/16 20:15:07.547, 74.05 W
2025/02/16 20:15:07.557, 74.05 W
2025/02/16 20:15:07.567, 74.05 W
2025/02/16 20:15:07.577, 74.05 W
2025/02/16 20:15:07.587, 74.05 W
2025/02/16 20:15:07.597, 74.05 W
2025/02/16 20:15:07.607, 74.05 W
2025/02/16 20:15:07.617, 74.05 W
2025/02/16 20:15:07.627, 74.05 W
2025/02/16 20:15:07.637, 74.05 W
2025/02/16 20:15:07.648, 74.05 W
2025/02/16 20:15:07.658, 74.05 W
2025/02/16 20:15:07.668, 74.05 W
2025/02/16 20:15:07.678, 74.05 W
2025/02/16 20:15:07.688, 74.05 W
2025/02/16 20:15:07.698, 74.05 W
2025/02/16 20:15:07.708, 74.05 W
2025/02/16 20:15:07.718, 74.05 W
2025/02/16 20:15:07.728, 74.05 W
2025/02/16 20:15:07.738, 74.05 W
2025/02/16 20:15:07.748, 74.05 W
2025/02/16 20:15:07.758, 74.05 W
2025/02/16 20:15:07.768, 74.05 W
2025/02/16 20:15:07.778, 74.05 W
2025/02/16 20:15:07.788, 74.05 W
2025/02/16 20:15:07.798, 74.05 W
2025/02/16 20:15:07.809, 74.05 W
2025/02/16 20:15:07.819, 74.05 W
2025/02/16 20:15:07.829, 74.05 W
2025/02/16 20:15:07.839, 74.05 W
2025/02/16 20:15:07.849, 74.05 W
2025/02/16 20:15:07.859, 74.05 W
2025/02/16 20:15:07.869, 74.05 W
2025/02/16 20:15:07.879, 74.05 W
2025/02/16 20:15:07.889, 74.05 W
2025/02/16 20:15:07.899, 74.05 W
2025/02/16 20:15:07.909, 74.05 W
2025/02/16 20:15:07.919, 74.05 W
2025/02/16 20:15:07.929, 74.05 W
2025/02/16 20:15:07.939, 74.05 W
2025/02/16 20:15:07.950, 74.05 W
2025/02/16 20:15:07.960, 74.05 W
2025/02/16 20:15:07.970, 74.05 W
2025/02/16 20:15:07.980, 74.05 W
2025/02/16 20:15:07.990, 74.05 W
2025/02/16 20:15:08.000, 74.05 W
2025/02/16 20:15:08.010, 74.05 W
2025/02/16 20:15:08.020, 74.05 W
2025/02/16 20:15:08.030, 74.05 W
2025/02/16 20:15:08.040, 74.05 W
2025/02/16 20:15:08.050, 74.05 W
2025/02/16 20:15:08.060, 74.05 W
2025/02/16 20:15:08.070, 74.05 W
2025/02/16 20:15:08.080, 74.05 W
2025/02/16 20:15:08.091, 74.05 W
2025/02/16 20:15:08.101, 74.05 W
2025/02/16 20:15:08.111, 74.05 W
2025/02/16 20:15:08.121, 74.05 W
2025/02/16 20:15:08.131, 74.05 W
2025/02/16 20:15:08.141, 74.05 W
2025/02/16 20:15:08.151, 74.05 W
2025/02/16 20:15:08.161, 74.05 W
2025/02/16 20:15:08.171, 74.05 W
2025/02/16 20:15:08.181, 74.05 W
2025/02/16 20:15:08.191, 74.05 W
2025/02/16 20:15:08.201, 74.05 W
2025/02/16 20:15:08.211, 74.05 W
2025/02/16 20:15:08.222, 74.05 W
2025/02/16 20:15:08.232, 74.05 W
2025/02/16 20:15:08.242, 74.05 W
2025/02/16 20:15:08.252, 74.05 W
2025/02/16 20:15:08.262, 74.05 W
2025/02/16 20:15:08.272, 74.05 W
2025/02/16 20:15:08.282, 74.05 W
2025/02/16 20:15:08.292, 74.05 W
2025/02/16 20:15:08.302, 74.05 W
2025/02/16 20:15:08.312, 74.05 W
2025/02/16 20:15:08.322, 74.05 W
2025/02/16 20:15:08.332, 74.05 W
2025/02/16 20:15:08.342, 74.05 W
2025/02/16 20:15:08.352, 74.05 W
2025/02/16 20:15:08.363, 74.05 W
2025/02/16 20:15:08.373, 74.05 W
2025/02/16 20:15:08.383, 74.05 W
2025/02/16 20:15:08.393, 74.05 W
2025/02/16 20:15:08.403, 74.05 W
2025/02/16 20:15:08.413, 74.05 W
2025/02/16 20:15:08.423, 74.05 W
2025/02/16 20:15:08.433, 74.05 W
2025/02/16 20:15:08.443, 74.05 W
2025/02/16 20:15:08.453, 74.05 W
2025/02/16 20:15:08.463, 74.05 W
2025/02/16 20:15:08.473, 74.05 W
2025/02/16 20:15:08.483, 74.05 W
2025/02/16 20:15:08.493, 74.05 W
2025/02/16 20:15:08.503, 74.05 W
2025/02/16 20:15:08.514, 74.05 W
2025/02/16 20:15:08.524, 74.05 W
2025/02/16 20:15:08.534, 74.05 W
2025/02/16 20:15:08.544, 74.05 W
2025/02/16 20:15:08.554, 74.05 W
2025/02/16 20:15:08.564, 74.05 W
2025/02/16 20:15:08.574, 74.05 W
2025/02/16 20:15:08.584, 74.05 W
2025/02/16 20:15:08.594, 74.05 W
2025/02/16 20:15:08.604, 74.05 W
2025/02/16 20:15:08.614, 74.05 W
2025/02/16 20:15:08.624, 74.05 W
2025/02/16 20:15:08.634, 74.05 W
2025/02/16 20:15:08.644, 74.05 W
2025/02/16 20:15:08.654, 74.05 W
2025/02/16 20:15:08.665, 74.05 W
2025/02/16 20:15:08.675, 74.05 W
2025/02/16 20:15:08.685, 74.05 W
2025/02/16 20:15:08.695, 74.05 W
2025/02/16 20:15:08.705, 74.05 W
2025/02/16 20:15:08.715, 74.05 W
2025/02/16 20:15:08.725, 74.05 W
2025/02/16 20:15:08.735, 74.05 W
2025/02/16 20:15:08.745, 74.05 W
2025/02/16 20:15:08.755, 74.05 W
2025/02/16 20:15:08.765, 74.05 W
2025/02/16 20:15:08.775, 74.05 W
2025/02/16 20:15:08.785, 74.05 W
2025/02/16 20:15:08.796, 74.05 W
2025/02/16 20:15:08.806, 74.05 W
2025/02/16 20:15:08.816, 74.05 W
2025/02/16 20:15:08.826, 74.05 W
2025/02/16 20:15:08.836, 74.05 W
2025/02/16 20:15:08.846, 74.05 W
2025/02/16 20:15:08.856, 74.05 W
2025/02/16 20:15:08.866, 74.05 W
2025/02/16 20:15:08.876, 74.05 W
2025/02/16 20:15:08.886, 74.05 W
2025/02/16 20:15:08.896, 74.05 W
2025/02/16 20:15:08.906, 74.05 W
2025/02/16 20:15:08.916, 74.05 W
2025/02/16 20:15:08.926, 74.05 W
2025/02/16 20:15:08.937, 74.05 W
2025/02/16 20:15:08.947, 74.05 W
2025/02/16 20:15:08.957, 74.05 W
2025/02/16 20:15:08.967, 74.05 W
2025/02/16 20:15:08.977, 74.05 W
2025/02/16 20:15:08.987, 74.05 W
2025/02/16 20:15:08.997, 74.05 W
2025/02/16 20:15:09.007, 74.05 W
2025/02/16 20:15:09.017, 74.05 W
2025/02/16 20:15:09.027, 74.05 W
2025/02/16 20:15:09.037, 74.05 W
2025/02/16 20:15:09.047, 74.05 W
2025/02/16 20:15:09.057, 74.05 W
2025/02/16 20:15:09.067, 74.05 W
2025/02/16 20:15:09.078, 74.05 W
2025/02/16 20:15:09.088, 74.05 W
2025/02/16 20:15:09.098, 74.05 W
2025/02/16 20:15:09.108, 74.05 W
2025/02/16 20:15:09.118, 74.05 W
2025/02/16 20:15:09.128, 74.05 W
2025/02/16 20:15:09.138, 74.05 W
2025/02/16 20:15:09.148, 74.05 W
2025/02/16 20:15:09.158, 74.05 W
2025/02/16 20:15:09.168, 74.05 W
2025/02/16 20:15:09.178, 74.05 W
2025/02/16 20:15:09.188, 74.05 W
2025/02/16 20:15:09.198, 74.05 W
2025/02/16 20:15:09.208, 74.05 W
2025/02/16 20:15:09.219, 74.05 W
2025/02/16 20:15:09.229, 74.05 W
2025/02/16 20:15:09.239, 74.05 W
2025/02/16 20:15:09.249, 74.05 W
2025/02/16 20:15:09.259, 74.05 W
2025/02/16 20:15:09.269, 74.05 W
2025/02/16 20:15:09.279, 74.05 W
2025/02/16 20:15:09.289, 74.05 W
2025/02/16 20:15:09.299, 74.05 W
2025/02/16 20:15:09.309, 74.05 W
2025/02/16 20:15:09.319, 74.05 W
2025/02/16 20:15:09.329, 74.05 W
2025/02/16 20:15:09.339, 74.05 W
2025/02/16 20:15:09.349, 74.05 W
2025/02/16 20:15:09.360, 74.05 W
2025/02/16 20:15:09.370, 74.05 W
2025/02/16 20:15:09.380, 74.05 W
2025/02/16 20:15:09.390, 74.05 W
2025/02/16 20:15:09.400, 74.05 W
2025/02/16 20:15:09.410, 74.05 W
2025/02/16 20:15:09.420, 74.05 W
2025/02/16 20:15:09.430, 74.05 W
2025/02/16 20:15:09.440, 74.05 W
2025/02/16 20:15:09.450, 74.05 W
2025/02/16 20:15:09.460, 74.05 W
2025/02/16 20:15:09.470, 74.05 W
2025/02/16 20:15:09.480, 74.05 W
2025/02/16 20:15:09.490, 74.05 W
2025/02/16 20:15:09.501, 74.05 W
2025/02/16 20:15:09.511, 74.05 W
2025/02/16 20:15:09.521, 74.05 W
2025/02/16 20:15:09.531, 74.05 W
2025/02/16 20:15:09.541, 74.05 W
2025/02/16 20:15:09.551, 74.05 W
2025/02/16 20:15:09.561, 74.05 W
2025/02/16 20:15:09.571, 74.05 W
2025/02/16 20:15:09.581, 74.05 W
2025/02/16 20:15:09.591, 74.05 W
2025/02/16 20:15:09.601, 74.05 W
2025/02/16 20:15:09.611, 74.05 W
2025/02/16 20:15:09.621, 74.05 W
2025/02/16 20:15:09.631, 74.05 W
2025/02/16 20:15:09.642, 74.05 W
2025/02/16 20:15:09.652, 74.05 W
2025/02/16 20:15:09.662, 74.05 W
2025/02/16 20:15:09.672, 74.05 W
2025/02/16 20:15:09.682, 74.05 W
2025/02/16 20:15:09.692, 74.05 W
2025/02/16 20:15:09.702, 74.05 W
2025/02/16 20:15:09.712, 74.05 W
2025/02/16 20:15:09.722, 74.05 W
2025/02/16 20:15:09.732, 74.05 W
2025/02/16 20:15:09.742, 74.05 W
2025/02/16 20:15:09.752, 74.05 W
2025/02/16 20:15:09.762, 74.05 W
2025/02/16 20:15:09.772, 74.05 W
2025/02/16 20:15:09.783, 74.05 W
2025/02/16 20:15:09.793, 74.05 W
2025/02/16 20:15:09.803, 74.05 W
2025/02/16 20:15:09.813, 74.05 W
2025/02/16 20:15:09.823, 74.05 W
2025/02/16 20:15:09.833, 74.05 W
2025/02/16 20:15:09.843, 74.05 W
2025/02/16 20:15:09.853, 74.05 W
2025/02/16 20:15:09.863, 74.05 W
2025/02/16 20:15:09.873, 74.05 W
2025/02/16 20:15:09.883, 74.05 W
2025/02/16 20:15:09.893, 74.05 W
2025/02/16 20:15:09.903, 74.05 W
2025/02/16 20:15:09.913, 74.05 W
2025/02/16 20:15:09.924, 74.05 W
2025/02/16 20:15:09.934, 74.05 W
2025/02/16 20:15:09.944, 74.05 W
2025/02/16 20:15:09.954, 74.05 W
2025/02/16 20:15:09.964, 74.05 W
2025/02/16 20:15:09.974, 74.05 W
2025/02/16 20:15:09.984, 74.05 W
2025/02/16 20:15:09.994, 74.05 W
2025/02/16 20:15:10.004, 74.05 W
2025/02/16 20:15:10.014, 74.05 W
2025/02/16 20:15:10.024, 74.05 W
2025/02/16 20:15:10.034, 74.05 W
2025/02/16 20:15:10.044, 74.05 W
2025/02/16 20:15:10.054, 74.05 W
2025/02/16 20:15:10.064, 74.05 W
2025/02/16 20:15:10.075, 74.05 W
2025/02/16 20:15:10.085, 74.05 W
2025/02/16 20:15:10.095, 74.05 W
2025/02/16 20:15:10.105, 74.05 W
2025/02/16 20:15:10.115, 74.05 W
2025/02/16 20:15:10.125, 74.05 W
2025/02/16 20:15:10.135, 74.05 W
2025/02/16 20:15:10.145, 74.05 W
2025/02/16 20:15:10.155, 74.05 W
2025/02/16 20:15:10.165, 74.05 W
2025/02/16 20:15:10.175, 74.05 W
2025/02/16 20:15:10.185, 74.05 W
2025/02/16 20:15:10.195, 74.05 W
2025/02/16 20:15:10.205, 74.05 W
2025/02/16 20:15:10.215, 74.05 W
2025/02/16 20:15:10.226, 74.05 W
2025/02/16 20:15:10.236, 74.05 W
2025/02/16 20:15:10.246, 74.05 W
2025/02/16 20:15:10.256, 74.05 W
2025/02/16 20:15:10.266, 74.05 W
2025/02/16 20:15:10.276, 74.05 W
2025/02/16 20:15:10.286, 74.05 W
2025/02/16 20:15:10.296, 74.05 W
2025/02/16 20:15:10.306, 74.05 W
2025/02/16 20:15:10.316, 74.05 W
2025/02/16 20:15:10.326, 74.05 W
2025/02/16 20:15:10.336, 74.05 W
2025/02/16 20:15:10.346, 74.05 W
2025/02/16 20:15:10.356, 74.05 W
2025/02/16 20:15:10.367, 74.05 W
2025/02/16 20:15:10.377, 74.05 W
2025/02/16 20:15:10.387, 74.05 W
2025/02/16 20:15:10.397, 74.05 W
2025/02/16 20:15:10.407, 74.05 W
2025/02/16 20:15:10.417, 74.05 W
2025/02/16 20:15:10.427, 74.05 W
2025/02/16 20:15:10.437, 74.05 W
2025/02/16 20:15:10.447, 74.05 W
2025/02/16 20:15:10.457, 74.05 W
2025/02/16 20:15:10.467, 74.05 W
2025/02/16 20:15:10.477, 74.05 W
2025/02/16 20:15:10.487, 74.05 W
2025/02/16 20:15:10.497, 74.05 W
2025/02/16 20:15:10.508, 74.05 W
2025/02/16 20:15:10.518, 74.05 W
2025/02/16 20:15:10.528, 74.05 W
2025/02/16 20:15:10.538, 74.05 W
2025/02/16 20:15:10.548, 74.05 W
2025/02/16 20:15:10.558, 74.05 W
2025/02/16 20:15:10.568, 74.05 W
2025/02/16 20:15:10.578, 74.05 W
2025/02/16 20:15:10.588, 74.05 W
2025/02/16 20:15:10.598, 74.05 W
2025/02/16 20:15:10.608, 74.05 W
2025/02/16 20:15:10.618, 74.05 W
2025/02/16 20:15:10.628, 74.05 W
2025/02/16 20:15:10.638, 74.05 W
2025/02/16 20:15:10.649, 74.05 W
2025/02/16 20:15:10.659, 74.05 W
2025/02/16 20:15:10.669, 74.05 W
2025/02/16 20:15:10.679, 74.05 W
2025/02/16 20:15:10.689, 74.05 W
2025/02/16 20:15:10.699, 74.05 W
2025/02/16 20:15:10.709, 74.05 W
2025/02/16 20:15:10.719, 74.05 W
2025/02/16 20:15:10.729, 74.05 W
2025/02/16 20:15:10.739, 74.05 W
2025/02/16 20:15:10.749, 74.05 W
2025/02/16 20:15:10.759, 74.05 W
2025/02/16 20:15:10.769, 74.05 W
2025/02/16 20:15:10.779, 74.05 W
2025/02/16 20:15:10.789, 74.05 W
2025/02/16 20:15:10.800, 74.05 W
2025/02/16 20:15:10.810, 74.05 W
2025/02/16 20:15:10.820, 74.05 W
2025/02/16 20:15:10.830, 74.05 W
2025/02/16 20:15:10.840, 74.05 W
2025/02/16 20:15:10.850, 74.05 W
2025/02/16 20:15:10.860, 74.05 W
2025/02/16 20:15:10.870, 74.05 W
2025/02/16 20:15:10.880, 74.05 W
2025/02/16 20:15:10.890, 74.05 W
2025/02/16 20:15:10.900, 74.05 W
2025/02/16 20:15:10.910, 74.05 W
2025/02/16 20:15:10.920, 74.05 W
2025/02/16 20:15:10.930, 74.05 W
2025/02/16 20:15:10.940, 74.05 W
2025/02/16 20:15:10.951, 74.05 W
2025/02/16 20:15:10.961, 74.05 W
2025/02/16 20:15:10.971, 74.05 W
2025/02/16 20:15:10.981, 74.05 W
2025/02/16 20:15:10.991, 74.05 W
2025/02/16 20:15:11.001, 74.05 W
2025/02/16 20:15:11.011, 74.05 W
2025/02/16 20:15:11.021, 74.05 W
2025/02/16 20:15:11.031, 74.05 W
2025/02/16 20:15:11.041, 74.05 W
2025/02/16 20:15:11.051, 74.05 W
2025/02/16 20:15:11.061, 74.05 W
2025/02/16 20:15:11.071, 74.05 W
2025/02/16 20:15:11.081, 74.05 W
2025/02/16 20:15:11.092, 74.05 W
2025/02/16 20:15:11.102, 74.05 W
2025/02/16 20:15:11.112, 74.05 W
2025/02/16 20:15:11.122, 74.05 W
2025/02/16 20:15:11.132, 74.05 W
2025/02/16 20:15:11.142, 74.05 W
2025/02/16 20:15:11.152, 74.05 W
2025/02/16 20:15:11.162, 74.05 W
2025/02/16 20:15:11.172, 74.05 W
2025/02/16 20:15:11.182, 74.05 W
2025/02/16 20:15:11.192, 74.05 W
2025/02/16 20:15:11.202, 74.05 W
2025/02/16 20:15:11.212, 74.05 W
2025/02/16 20:15:11.222, 74.05 W
2025/02/16 20:15:11.233, 74.05 W
2025/02/16 20:15:11.243, 74.05 W
2025/02/16 20:15:11.253, 74.05 W
2025/02/16 20:15:11.263, 74.05 W
2025/02/16 20:15:11.273, 74.05 W
2025/02/16 20:15:11.283, 74.05 W
2025/02/16 20:15:11.293, 74.05 W
2025/02/16 20:15:11.303, 74.05 W
2025/02/16 20:15:11.313, 74.05 W
2025/02/16 20:15:11.323, 74.05 W
2025/02/16 20:15:11.333, 74.05 W
2025/02/16 20:15:11.343, 74.05 W
2025/02/16 20:15:11.353, 74.05 W
2025/02/16 20:15:11.363, 74.05 W
2025/02/16 20:15:11.374, 74.05 W
2025/02/16 20:15:11.384, 74.05 W
2025/02/16 20:15:11.394, 74.05 W
2025/02/16 20:15:11.404, 74.05 W
2025/02/16 20:15:11.414, 74.05 W
2025/02/16 20:15:11.424, 74.05 W
2025/02/16 20:15:11.434, 74.05 W
2025/02/16 20:15:11.444, 74.05 W
2025/02/16 20:15:11.454, 74.05 W
2025/02/16 20:15:11.464, 74.05 W
2025/02/16 20:15:11.474, 74.05 W
2025/02/16 20:15:11.484, 74.05 W
2025/02/16 20:15:11.494, 74.05 W
2025/02/16 20:15:11.504, 74.05 W
2025/02/16 20:15:11.514, 74.05 W
2025/02/16 20:15:11.525, 74.05 W
2025/02/16 20:15:11.535, 74.05 W
2025/02/16 20:15:11.545, 74.05 W
2025/02/16 20:15:11.555, 74.05 W
2025/02/16 20:15:11.565, 74.05 W
2025/02/16 20:15:11.575, 74.05 W
2025/02/16 20:15:11.585, 74.05 W
2025/02/16 20:15:11.595, 74.05 W
2025/02/16 20:15:11.605, 74.05 W
2025/02/16 20:15:11.615, 74.05 W
2025/02/16 20:15:11.625, 74.05 W
2025/02/16 20:15:11.635, 74.05 W
2025/02/16 20:15:11.645, 74.05 W
2025/02/16 20:15:11.655, 74.05 W
2025/02/16 20:15:11.665, 74.05 W
2025/02/16 20:15:11.676, 74.05 W
2025/02/16 20:15:11.686, 74.05 W
2025/02/16 20:15:11.696, 74.05 W
2025/02/16 20:15:11.706, 74.05 W
2025/02/16 20:15:11.716, 74.05 W
2025/02/16 20:15:11.726, 74.05 W
2025/02/16 20:15:11.736, 74.05 W
2025/02/16 20:15:11.746, 74.05 W
2025/02/16 20:15:11.756, 74.05 W
2025/02/16 20:15:11.766, 74.05 W
2025/02/16 20:15:11.776, 74.05 W
2025/02/16 20:15:11.786, 74.05 W
2025/02/16 20:15:11.796, 74.05 W
2025/02/16 20:15:11.806, 74.05 W
2025/02/16 20:15:11.817, 74.05 W
2025/02/16 20:15:11.827, 74.05 W
2025/02/16 20:15:11.837, 74.05 W
2025/02/16 20:15:11.847, 74.05 W
2025/02/16 20:15:11.857, 74.05 W
2025/02/16 20:15:11.867, 74.05 W
2025/02/16 20:15:11.877, 74.05 W
2025/02/16 20:15:11.887, 74.05 W
2025/02/16 20:15:11.897, 74.05 W
2025/02/16 20:15:11.907, 74.05 W
2025/02/16 20:15:11.917, 74.05 W
2025/02/16 20:15:11.927, 74.05 W
2025/02/16 20:15:11.937, 74.05 W
2025/02/16 20:15:11.947, 74.05 W
2025/02/16 20:15:11.958, 74.05 W
2025/02/16 20:15:11.968, 74.05 W
2025/02/16 20:15:11.978, 74.05 W
2025/02/16 20:15:11.988, 74.05 W
2025/02/16 20:15:11.998, 74.05 W
2025/02/16 20:15:12.008, 74.05 W
2025/02/16 20:15:12.018, 74.05 W
2025/02/16 20:15:12.028, 74.05 W
2025/02/16 20:15:12.038, 74.05 W
2025/02/16 20:15:12.048, 74.05 W
2025/02/16 20:15:12.058, 74.05 W
2025/02/16 20:15:12.068, 74.05 W
2025/02/16 20:15:12.078, 74.05 W
2025/02/16 20:15:12.089, 74.05 W
2025/02/16 20:15:12.099, 74.05 W
2025/02/16 20:15:12.109, 74.05 W
2025/02/16 20:15:12.119, 74.05 W
2025/02/16 20:15:12.129, 74.05 W
2025/02/16 20:15:12.139, 74.05 W
2025/02/16 20:15:12.149, 74.05 W
2025/02/16 20:15:12.159, 74.05 W
2025/02/16 20:15:12.169, 74.05 W
2025/02/16 20:15:12.179, 74.05 W
2025/02/16 20:15:12.189, 74.05 W
2025/02/16 20:15:12.199, 74.05 W
2025/02/16 20:15:12.209, 74.05 W
2025/02/16 20:15:12.219, 74.05 W
2025/02/16 20:15:12.229, 74.05 W
2025/02/16 20:15:12.240, 74.05 W
2025/02/16 20:15:12.250, 74.05 W
2025/02/16 20:15:12.260, 74.05 W
2025/02/16 20:15:12.270, 74.05 W
2025/02/16 20:15:12.280, 74.05 W
2025/02/16 20:15:12.290, 74.05 W
2025/02/16 20:15:12.300, 74.05 W
2025/02/16 20:15:12.310, 74.05 W
2025/02/16 20:15:12.320, 74.05 W
2025/02/16 20:15:12.330, 74.05 W
2025/02/16 20:15:12.340, 74.05 W
2025/02/16 20:15:12.350, 74.05 W
2025/02/16 20:15:12.360, 74.05 W
2025/02/16 20:15:12.370, 74.05 W
2025/02/16 20:15:12.380, 74.05 W
2025/02/16 20:15:12.391, 74.05 W
2025/02/16 20:15:12.401, 74.05 W
2025/02/16 20:15:12.411, 74.05 W
2025/02/16 20:15:12.421, 74.05 W
2025/02/16 20:15:12.431, 74.05 W
2025/02/16 20:15:12.441, 74.05 W
2025/02/16 20:15:12.451, 74.05 W
2025/02/16 20:15:12.461, 74.05 W
2025/02/16 20:15:12.471, 74.05 W
2025/02/16 20:15:12.481, 74.05 W
2025/02/16 20:15:12.491, 74.05 W
2025/02/16 20:15:12.501, 74.05 W
2025/02/16 20:15:12.511, 74.05 W
2025/02/16 20:15:12.521, 74.05 W
2025/02/16 20:15:12.531, 74.05 W
2025/02/16 20:15:12.542, 74.05 W
2025/02/16 20:15:12.552, 74.05 W
2025/02/16 20:15:12.562, 74.05 W
2025/02/16 20:15:12.572, 74.05 W
2025/02/16 20:15:12.582, 74.05 W
2025/02/16 20:15:12.592, 74.05 W
2025/02/16 20:15:12.602, 74.05 W
2025/02/16 20:15:12.612, 74.05 W
2025/02/16 20:15:12.622, 74.05 W
2025/02/16 20:15:12.632, 74.05 W
2025/02/16 20:15:12.642, 74.05 W
2025/02/16 20:15:12.652, 74.05 W
2025/02/16 20:15:12.662, 74.05 W
2025/02/16 20:15:12.672, 74.05 W
2025/02/16 20:15:12.683, 74.05 W
2025/02/16 20:15:12.693, 74.05 W
2025/02/16 20:15:12.703, 74.05 W
2025/02/16 20:15:12.713, 74.05 W
2025/02/16 20:15:12.723, 74.05 W
2025/02/16 20:15:12.733, 74.05 W
2025/02/16 20:15:12.743, 74.05 W
2025/02/16 20:15:12.753, 74.05 W
2025/02/16 20:15:12.763, 74.05 W
2025/02/16 20:15:12.773, 74.05 W
2025/02/16 20:15:12.783, 74.05 W
2025/02/16 20:15:12.793, 74.05 W
2025/02/16 20:15:12.803, 74.05 W
2025/02/16 20:15:12.813, 74.05 W
2025/02/16 20:15:12.824, 74.05 W
2025/02/16 20:15:12.834, 74.05 W
2025/02/16 20:15:12.844, 74.05 W
2025/02/16 20:15:12.854, 74.05 W
2025/02/16 20:15:12.864, 74.05 W
2025/02/16 20:15:12.874, 74.05 W
2025/02/16 20:15:12.884, 74.05 W
2025/02/16 20:15:12.894, 74.05 W
2025/02/16 20:15:12.904, 74.05 W
2025/02/16 20:15:12.914, 74.05 W
2025/02/16 20:15:12.924, 74.05 W
2025/02/16 20:15:12.934, 74.05 W
2025/02/16 20:15:12.944, 74.05 W
2025/02/16 20:15:12.955, 74.05 W
2025/02/16 20:15:12.965, 74.05 W
2025/02/16 20:15:12.975, 74.05 W
2025/02/16 20:15:12.985, 74.05 W
2025/02/16 20:15:12.995, 74.05 W
2025/02/16 20:15:13.005, 74.05 W
2025/02/16 20:15:13.015, 74.05 W
2025/02/16 20:15:13.025, 74.05 W
2025/02/16 20:15:13.035, 74.05 W
2025/02/16 20:15:13.045, 74.05 W
2025/02/16 20:15:13.055, 74.05 W
2025/02/16 20:15:13.065, 74.05 W
2025/02/16 20:15:13.075, 74.05 W
2025/02/16 20:15:13.085, 74.05 W
2025/02/16 20:15:13.095, 74.05 W
2025/02/16 20:15:13.105, 74.05 W
2025/02/16 20:15:13.116, 74.05 W
2025/02/16 20:15:13.126, 74.05 W
2025/02/16 20:15:13.136, 74.05 W
2025/02/16 20:15:13.146, 74.05 W
2025/02/16 20:15:13.156, 74.05 W
2025/02/16 20:15:13.166, 74.05 W
2025/02/16 20:15:13.176, 74.05 W
2025/02/16 20:15:13.186, 74.05 W
2025/02/16 20:15:13.196, 74.05 W
2025/02/16 20:15:13.206, 74.05 W
2025/02/16 20:15:13.216, 74.05 W
2025/02/16 20:15:13.226, 74.05 W
2025/02/16 20:15:13.236, 74.05 W
2025/02/16 20:15:13.246, 74.05 W
2025/02/16 20:15:13.256, 74.05 W
2025/02/16 20:15:13.267, 74.05 W
2025/02/16 20:15:13.277, 74.05 W
2025/02/16 20:15:13.287, 74.05 W
2025/02/16 20:15:13.297, 74.05 W
2025/02/16 20:15:13.307, 74.05 W
2025/02/16 20:15:13.317, 74.05 W
2025/02/16 20:15:13.327, 74.05 W
2025/02/16 20:15:13.337, 74.05 W
2025/02/16 20:15:13.347, 74.05 W
2025/02/16 20:15:13.357, 74.05 W
2025/02/16 20:15:13.367, 74.05 W
2025/02/16 20:15:13.377, 74.05 W
2025/02/16 20:15:13.387, 74.05 W
2025/02/16 20:15:13.397, 74.05 W
2025/02/16 20:15:13.408, 74.05 W
2025/02/16 20:15:13.418, 74.05 W
2025/02/16 20:15:13.428, 74.05 W
2025/02/16 20:15:13.438, 74.05 W
2025/02/16 20:15:13.448, 74.05 W
2025/02/16 20:15:13.458, 74.05 W
2025/02/16 20:15:13.468, 74.05 W
2025/02/16 20:15:13.478, 74.05 W
2025/02/16 20:15:13.488, 74.05 W
2025/02/16 20:15:13.498, 74.05 W
2025/02/16 20:15:13.508, 74.05 W
2025/02/16 20:15:13.518, 74.05 W
2025/02/16 20:15:13.528, 74.05 W
2025/02/16 20:15:13.539, 74.05 W
2025/02/16 20:15:13.549, 74.05 W
2025/02/16 20:15:13.559, 74.05 W
2025/02/16 20:15:13.569, 74.05 W
2025/02/16 20:15:13.579, 74.05 W
2025/02/16 20:15:13.589, 74.05 W
2025/02/16 20:15:13.599, 74.05 W
2025/02/16 20:15:13.609, 74.05 W
2025/02/16 20:15:13.619, 74.05 W
2025/02/16 20:15:13.629, 74.05 W
2025/02/16 20:15:13.639, 74.05 W
2025/02/16 20:15:13.649, 74.05 W
2025/02/16 20:15:13.659, 74.05 W
2025/02/16 20:15:13.669, 74.05 W
2025/02/16 20:15:13.680, 74.05 W
2025/02/16 20:15:13.690, 74.05 W
2025/02/16 20:15:13.700, 74.05 W
2025/02/16 20:15:13.710, 74.05 W
2025/02/16 20:15:13.720, 74.05 W
2025/02/16 20:15:13.730, 74.05 W
2025/02/16 20:15:13.740, 74.05 W
2025/02/16 20:15:13.750, 74.05 W
2025/02/16 20:15:13.760, 74.05 W
2025/02/16 20:15:13.770, 74.05 W
2025/02/16 20:15:13.780, 74.05 W
2025/02/16 20:15:13.790, 74.05 W
2025/02/16 20:15:13.800, 74.05 W
2025/02/16 20:15:13.810, 74.05 W
2025/02/16 20:15:13.820, 74.05 W
2025/02/16 20:15:13.831, 74.05 W
2025/02/16 20:15:13.841, 74.05 W
2025/02/16 20:15:13.851, 74.05 W
2025/02/16 20:15:13.861, 74.05 W
2025/02/16 20:15:13.871, 74.05 W
2025/02/16 20:15:13.881, 74.05 W
2025/02/16 20:15:13.891, 74.05 W
2025/02/16 20:15:13.901, 74.05 W
2025/02/16 20:15:13.911, 74.05 W
2025/02/16 20:15:13.921, 74.05 W
2025/02/16 20:15:13.931, 74.05 W
2025/02/16 20:15:13.941, 74.05 W
2025/02/16 20:15:13.951, 74.05 W
2025/02/16 20:15:13.961, 74.05 W
2025/02/16 20:15:13.971, 74.05 W
2025/02/16 20:15:13.982, 74.05 W
2025/02/16 20:15:13.992, 74.05 W
2025/02/16 20:15:14.002, 74.05 W
2025/02/16 20:15:14.012, 74.05 W
2025/02/16 20:15:14.022, 74.05 W
2025/02/16 20:15:14.032, 74.05 W
2025/02/16 20:15:14.042, 74.05 W
2025/02/16 20:15:14.052, 74.05 W
2025/02/16 20:15:14.062, 74.05 W
2025/02/16 20:15:14.072, 74.05 W
2025/02/16 20:15:14.082, 74.05 W
2025/02/16 20:15:14.092, 74.05 W
2025/02/16 20:15:14.102, 74.05 W
2025/02/16 20:15:14.112, 74.05 W
2025/02/16 20:15:14.123, 74.05 W
2025/02/16 20:15:14.133, 74.05 W
2025/02/16 20:15:14.143, 74.05 W
2025/02/16 20:15:14.153, 74.05 W
2025/02/16 20:15:14.163, 74.05 W
2025/02/16 20:15:14.173, 74.05 W
2025/02/16 20:15:14.183, 74.05 W
2025/02/16 20:15:14.193, 74.05 W
2025/02/16 20:15:14.203, 74.05 W
2025/02/16 20:15:14.213, 74.05 W
2025/02/16 20:15:14.223, 74.05 W
2025/02/16 20:15:14.233, 74.05 W
2025/02/16 20:15:14.243, 74.05 W
2025/02/16 20:15:14.253, 74.05 W
2025/02/16 20:15:14.264, 74.05 W
2025/02/16 20:15:14.274, 74.05 W
2025/02/16 20:15:14.284, 74.05 W
2025/02/16 20:15:14.294, 74.05 W
2025/02/16 20:15:14.304, 74.05 W
2025/02/16 20:15:14.314, 74.05 W
2025/02/16 20:15:14.324, 74.05 W
2025/02/16 20:15:14.334, 74.05 W
2025/02/16 20:15:14.344, 74.05 W
2025/02/16 20:15:14.354, 74.05 W
2025/02/16 20:15:14.364, 74.05 W
2025/02/16 20:15:14.374, 74.05 W
2025/02/16 20:15:14.384, 74.05 W
2025/02/16 20:15:14.394, 74.05 W
2025/02/16 20:15:14.405, 74.05 W
2025/02/16 20:15:14.415, 74.05 W
2025/02/16 20:15:14.425, 74.05 W
2025/02/16 20:15:14.435, 74.05 W
2025/02/16 20:15:14.445, 74.05 W
2025/02/16 20:15:14.455, 74.05 W
2025/02/16 20:15:14.465, 74.05 W
2025/02/16 20:15:14.475, 74.05 W
2025/02/16 20:15:14.485, 74.29 W
2025/02/16 20:15:14.495, 74.29 W
2025/02/16 20:15:14.505, 74.29 W
2025/02/16 20:15:14.515, 74.29 W
2025/02/16 20:15:14.525, 74.29 W
2025/02/16 20:15:14.535, 74.29 W
2025/02/16 20:15:14.546, 74.29 W
2025/02/16 20:15:14.556, 74.29 W
2025/02/16 20:15:14.566, 74.29 W
2025/02/16 20:15:14.576, 74.05 W
2025/02/16 20:15:14.586, 74.05 W
2025/02/16 20:15:14.596, 74.05 W
2025/02/16 20:15:14.606, 74.05 W
2025/02/16 20:15:14.616, 74.05 W
2025/02/16 20:15:14.626, 74.05 W
2025/02/16 20:15:14.636, 74.05 W
2025/02/16 20:15:14.646, 74.05 W
2025/02/16 20:15:14.656, 74.05 W
2025/02/16 20:15:14.666, 74.05 W
2025/02/16 20:15:14.676, 74.05 W
2025/02/16 20:15:14.687, 74.05 W
2025/02/16 20:15:14.697, 74.05 W
2025/02/16 20:15:14.707, 74.05 W
2025/02/16 20:15:14.717, 74.05 W
2025/02/16 20:15:14.727, 74.05 W
2025/02/16 20:15:14.737, 74.05 W
2025/02/16 20:15:14.747, 74.05 W
2025/02/16 20:15:14.757, 74.05 W
2025/02/16 20:15:14.767, 74.05 W
2025/02/16 20:15:14.777, 74.05 W
2025/02/16 20:15:14.787, 74.05 W
2025/02/16 20:15:14.797, 74.05 W
2025/02/16 20:15:14.807, 74.05 W
2025/02/16 20:15:14.817, 74.05 W
2025/02/16 20:15:14.827, 74.05 W
2025/02/16 20:15:14.838, 74.05 W
2025/02/16 20:15:14.848, 74.05 W
2025/02/16 20:15:14.858, 74.05 W
2025/02/16 20:15:14.868, 74.05 W
2025/02/16 20:15:14.878, 74.05 W
2025/02/16 20:15:14.888, 74.05 W
2025/02/16 20:15:14.898, 74.05 W
2025/02/16 20:15:14.908, 74.05 W
2025/02/16 20:15:14.918, 74.05 W
2025/02/16 20:15:14.928, 74.05 W
2025/02/16 20:15:14.938, 74.05 W
2025/02/16 20:15:14.948, 74.05 W
2025/02/16 20:15:14.958, 74.05 W
2025/02/16 20:15:14.969, 74.05 W
2025/02/16 20:15:14.979, 74.05 W
2025/02/16 20:15:14.989, 74.05 W
2025/02/16 20:15:14.999, 74.05 W
2025/02/16 20:15:15.009, 74.05 W
2025/02/16 20:15:15.019, 74.05 W
2025/02/16 20:15:15.029, 74.05 W
2025/02/16 20:15:15.039, 74.05 W
2025/02/16 20:15:15.049, 74.05 W
2025/02/16 20:15:15.059, 74.05 W
2025/02/16 20:15:15.069, 74.05 W
2025/02/16 20:15:15.079, 74.05 W
2025/02/16 20:15:15.089, 74.05 W
2025/02/16 20:15:15.099, 74.05 W
2025/02/16 20:15:15.110, 74.05 W
2025/02/16 20:15:15.120, 74.05 W
2025/02/16 20:15:15.130, 74.05 W
2025/02/16 20:15:15.140, 74.05 W
2025/02/16 20:15:15.150, 74.05 W
2025/02/16 20:15:15.160, 74.05 W
2025/02/16 20:15:15.170, 74.05 W
2025/02/16 20:15:15.180, 74.05 W
2025/02/16 20:15:15.190, 74.05 W
2025/02/16 20:15:15.200, 74.05 W
2025/02/16 20:15:15.210, 74.05 W
2025/02/16 20:15:15.220, 74.05 W
2025/02/16 20:15:15.230, 74.05 W
2025/02/16 20:15:15.240, 74.05 W
2025/02/16 20:15:15.251, 74.05 W
2025/02/16 20:15:15.261, 74.05 W
2025/02/16 20:15:15.271, 74.05 W
2025/02/16 20:15:15.281, 74.05 W
2025/02/16 20:15:15.291, 74.05 W
2025/02/16 20:15:15.301, 74.05 W
2025/02/16 20:15:15.311, 74.05 W
2025/02/16 20:15:15.321, 74.05 W
2025/02/16 20:15:15.331, 74.05 W
2025/02/16 20:15:15.341, 74.05 W
2025/02/16 20:15:15.351, 74.05 W
2025/02/16 20:15:15.361, 74.05 W
2025/02/16 20:15:15.371, 74.05 W
2025/02/16 20:15:15.381, 74.05 W
2025/02/16 20:15:15.391, 74.05 W
2025/02/16 20:15:15.402, 74.05 W
2025/02/16 20:15:15.412, 74.05 W
2025/02/16 20:15:15.422, 74.05 W
2025/02/16 20:15:15.432, 74.05 W
2025/02/16 20:15:15.442, 74.05 W
2025/02/16 20:15:15.452, 74.05 W
2025/02/16 20:15:15.462, 74.05 W
2025/02/16 20:15:15.472, 74.05 W
2025/02/16 20:15:15.482, 74.05 W
2025/02/16 20:15:15.492, 74.05 W
2025/02/16 20:15:15.502, 74.05 W
2025/02/16 20:15:15.512, 74.05 W
2025/02/16 20:15:15.522, 74.05 W
2025/02/16 20:15:15.532, 74.05 W
2025/02/16 20:15:15.542, 74.05 W
2025/02/16 20:15:15.553, 74.05 W
2025/02/16 20:15:15.563, 74.05 W
2025/02/16 20:15:15.573, 74.05 W
2025/02/16 20:15:15.583, 74.05 W
2025/02/16 20:15:15.593, 74.05 W
2025/02/16 20:15:15.603, 74.05 W
2025/02/16 20:15:15.613, 74.05 W
2025/02/16 20:15:15.623, 74.05 W
2025/02/16 20:15:15.633, 74.05 W
2025/02/16 20:15:15.643, 74.05 W
2025/02/16 20:15:15.653, 74.05 W
2025/02/16 20:15:15.663, 74.05 W
2025/02/16 20:15:15.673, 74.05 W
2025/02/16 20:15:15.683, 74.05 W
2025/02/16 20:15:15.694, 74.05 W
2025/02/16 20:15:15.704, 74.05 W
2025/02/16 20:15:15.714, 74.05 W
2025/02/16 20:15:15.724, 74.05 W
2025/02/16 20:15:15.734, 74.05 W
2025/02/16 20:15:15.744, 74.05 W
2025/02/16 20:15:15.754, 74.05 W
2025/02/16 20:15:15.764, 74.05 W
2025/02/16 20:15:15.774, 74.05 W
2025/02/16 20:15:15.784, 74.05 W
2025/02/16 20:15:15.794, 74.05 W
2025/02/16 20:15:15.804, 74.05 W
2025/02/16 20:15:15.814, 74.05 W
2025/02/16 20:15:15.824, 74.05 W
2025/02/16 20:15:15.835, 74.05 W
2025/02/16 20:15:15.845, 74.05 W
2025/02/16 20:15:15.855, 74.05 W
2025/02/16 20:15:15.865, 74.05 W
2025/02/16 20:15:15.875, 74.05 W
2025/02/16 20:15:15.885, 74.05 W
2025/02/16 20:15:15.895, 74.05 W
2025/02/16 20:15:15.905, 74.05 W
2025/02/16 20:15:15.915, 74.05 W
2025/02/16 20:15:15.925, 74.05 W
2025/02/16 20:15:15.935, 74.05 W
2025/02/16 20:15:15.945, 74.05 W
2025/02/16 20:15:15.955, 74.05 W
2025/02/16 20:15:15.965, 74.05 W
2025/02/16 20:15:15.976, 74.05 W
2025/02/16 20:15:15.986, 74.05 W
2025/02/16 20:15:15.996, 74.05 W
2025/02/16 20:15:16.006, 74.05 W
2025/02/16 20:15:16.016, 74.05 W
2025/02/16 20:15:16.026, 74.05 W
2025/02/16 20:15:16.036, 74.05 W
2025/02/16 20:15:16.046, 74.05 W
2025/02/16 20:15:16.056, 74.05 W
2025/02/16 20:15:16.066, 74.05 W
2025/02/16 20:15:16.076, 74.05 W
2025/02/16 20:15:16.086, 74.05 W
2025/02/16 20:15:16.096, 74.05 W
2025/02/16 20:15:16.106, 74.05 W
2025/02/16 20:15:16.116, 74.05 W
2025/02/16 20:15:16.127, 74.05 W
2025/02/16 20:15:16.137, 74.05 W
2025/02/16 20:15:16.147, 74.05 W
2025/02/16 20:15:16.157, 74.05 W
2025/02/16 20:15:16.167, 74.05 W
2025/02/16 20:15:16.177, 74.05 W
2025/02/16 20:15:16.187, 74.05 W
2025/02/16 20:15:16.197, 74.05 W
2025/02/16 20:15:16.207, 74.05 W
2025/02/16 20:15:16.217, 74.05 W
2025/02/16 20:15:16.227, 74.05 W
2025/02/16 20:15:16.237, 74.05 W
2025/02/16 20:15:16.247, 74.05 W
2025/02/16 20:15:16.257, 74.05 W
2025/02/16 20:15:16.267, 74.05 W
2025/02/16 20:15:16.278, 74.05 W
2025/02/16 20:15:16.288, 74.05 W
2025/02/16 20:15:16.298, 74.05 W
2025/02/16 20:15:16.308, 74.05 W
2025/02/16 20:15:16.318, 74.05 W
2025/02/16 20:15:16.328, 74.05 W
2025/02/16 20:15:16.338, 74.05 W
2025/02/16 20:15:16.348, 74.05 W
2025/02/16 20:15:16.358, 74.05 W
2025/02/16 20:15:16.368, 74.05 W
2025/02/16 20:15:16.378, 74.05 W
2025/02/16 20:15:16.388, 74.05 W
2025/02/16 20:15:16.398, 74.05 W
2025/02/16 20:15:16.408, 74.05 W
2025/02/16 20:15:16.419, 74.05 W
2025/02/16 20:15:16.429, 74.05 W
2025/02/16 20:15:16.439, 74.05 W
2025/02/16 20:15:16.449, 74.05 W
2025/02/16 20:15:16.459, 74.05 W
2025/02/16 20:15:16.469, 74.05 W
2025/02/16 20:15:16.479, 74.05 W
2025/02/16 20:15:16.489, 74.05 W
2025/02/16 20:15:16.499, 74.05 W
2025/02/16 20:15:16.509, 74.05 W
2025/02/16 20:15:16.519, 74.05 W
2025/02/16 20:15:16.529, 74.05 W
2025/02/16 20:15:16.539, 74.05 W
2025/02/16 20:15:16.549, 74.05 W
2025/02/16 20:15:16.560, 74.05 W
2025/02/16 20:15:16.570, 74.05 W
2025/02/16 20:15:16.580, 74.05 W
2025/02/16 20:15:16.590, 74.05 W
2025/02/16 20:15:16.600, 74.05 W
2025/02/16 20:15:16.610, 74.05 W
2025/02/16 20:15:16.620, 74.05 W
2025/02/16 20:15:16.630, 74.05 W
2025/02/16 20:15:16.640, 74.05 W
2025/02/16 20:15:16.650, 74.05 W
2025/02/16 20:15:16.660, 74.05 W
2025/02/16 20:15:16.670, 74.05 W
2025/02/16 20:15:16.680, 74.05 W
2025/02/16 20:15:16.691, 74.05 W
2025/02/16 20:15:16.701, 74.05 W
2025/02/16 20:15:16.711, 74.05 W
2025/02/16 20:15:16.721, 74.05 W
2025/02/16 20:15:16.731, 74.05 W
2025/02/16 20:15:16.741, 74.05 W
2025/02/16 20:15:16.751, 74.05 W
2025/02/16 20:15:16.761, 74.05 W
2025/02/16 20:15:16.771, 74.05 W
2025/02/16 20:15:16.781, 74.05 W
2025/02/16 20:15:16.791, 74.05 W
2025/02/16 20:15:16.802, 74.05 W
2025/02/16 20:15:16.812, 74.05 W
2025/02/16 20:15:16.822, 74.05 W
2025/02/16 20:15:16.832, 74.05 W
2025/02/16 20:15:16.842, 74.05 W
2025/02/16 20:15:16.852, 74.05 W
2025/02/16 20:15:16.862, 74.05 W
2025/02/16 20:15:16.872, 74.05 W
2025/02/16 20:15:16.882, 74.05 W
2025/02/16 20:15:16.892, 74.05 W
2025/02/16 20:15:16.902, 74.05 W
2025/02/16 20:15:16.913, 74.05 W
2025/02/16 20:15:16.923, 74.05 W
2025/02/16 20:15:16.933, 74.05 W
2025/02/16 20:15:16.943, 74.05 W
2025/02/16 20:15:16.953, 74.05 W
2025/02/16 20:15:16.963, 74.05 W
2025/02/16 20:15:16.973, 74.05 W
2025/02/16 20:15:16.983, 74.05 W
2025/02/16 20:15:16.993, 74.05 W
2025/02/16 20:15:17.003, 74.05 W
2025/02/16 20:15:17.013, 74.05 W
2025/02/16 20:15:17.023, 74.05 W
2025/02/16 20:15:17.033, 74.05 W
2025/02/16 20:15:17.043, 74.05 W
2025/02/16 20:15:17.055, 74.05 W
2025/02/16 20:15:17.065, 74.05 W
2025/02/16 20:15:17.075, 74.05 W
2025/02/16 20:15:17.085, 74.05 W
2025/02/16 20:15:17.095, 74.05 W
2025/02/16 20:15:17.105, 74.05 W
2025/02/16 20:15:17.115, 74.05 W
2025/02/16 20:15:17.125, 74.05 W
2025/02/16 20:15:17.135, 74.05 W
2025/02/16 20:15:17.145, 74.05 W
2025/02/16 20:15:17.155, 74.05 W
2025/02/16 20:15:17.165, 74.05 W
2025/02/16 20:15:17.176, 74.05 W
2025/02/16 20:15:17.186, 74.05 W
2025/02/16 20:15:17.196, 74.05 W
2025/02/16 20:15:17.206, 74.05 W
2025/02/16 20:15:17.216, 74.05 W
2025/02/16 20:15:17.226, 74.05 W
2025/02/16 20:15:17.236, 74.05 W
2025/02/16 20:15:17.246, 74.05 W
2025/02/16 20:15:17.256, 74.05 W
2025/02/16 20:15:17.266, 74.05 W
2025/02/16 20:15:17.276, 74.05 W
2025/02/16 20:15:17.286, 74.05 W
2025/02/16 20:15:17.296, 74.05 W
2025/02/16 20:15:17.307, 74.05 W
2025/02/16 20:15:17.317, 74.05 W
2025/02/16 20:15:17.327, 74.05 W
2025/02/16 20:15:17.337, 74.05 W
2025/02/16 20:15:17.347, 74.05 W
2025/02/16 20:15:17.357, 74.05 W
2025/02/16 20:15:17.367, 74.05 W
2025/02/16 20:15:17.377, 74.05 W
2025/02/16 20:15:17.387, 74.05 W
2025/02/16 20:15:17.397, 74.05 W
2025/02/16 20:15:17.407, 74.05 W
2025/02/16 20:15:17.417, 74.05 W
2025/02/16 20:15:17.427, 74.05 W
2025/02/16 20:15:17.437, 74.05 W
2025/02/16 20:15:17.448, 74.05 W
2025/02/16 20:15:17.458, 74.05 W
2025/02/16 20:15:17.468, 74.05 W
2025/02/16 20:15:17.483, 74.05 W
2025/02/16 20:15:17.493, 74.05 W
2025/02/16 20:15:17.503, 74.05 W
2025/02/16 20:15:17.513, 74.05 W
2025/02/16 20:15:17.523, 74.05 W
2025/02/16 20:15:17.533, 74.05 W
2025/02/16 20:15:17.543, 74.05 W
2025/02/16 20:15:17.553, 74.05 W
2025/02/16 20:15:17.564, 74.05 W
2025/02/16 20:15:17.574, 74.05 W
2025/02/16 20:15:17.584, 74.05 W
2025/02/16 20:15:17.594, 74.05 W
2025/02/16 20:15:17.604, 74.05 W
2025/02/16 20:15:17.614, 74.05 W
2025/02/16 20:15:17.624, 74.05 W
2025/02/16 20:15:17.634, 74.05 W
2025/02/16 20:15:17.644, 74.05 W
2025/02/16 20:15:17.654, 74.05 W
2025/02/16 20:15:17.664, 74.05 W
2025/02/16 20:15:17.674, 74.05 W
2025/02/16 20:15:17.684, 74.05 W
2025/02/16 20:15:17.694, 74.05 W
2025/02/16 20:15:17.704, 74.05 W
2025/02/16 20:15:17.715, 74.05 W
2025/02/16 20:15:17.725, 74.05 W
2025/02/16 20:15:17.735, 74.05 W
2025/02/16 20:15:17.745, 74.05 W
2025/02/16 20:15:17.755, 74.05 W
2025/02/16 20:15:17.765, 74.05 W
2025/02/16 20:15:17.775, 74.05 W
2025/02/16 20:15:17.785, 74.05 W
2025/02/16 20:15:17.795, 74.05 W
2025/02/16 20:15:17.805, 74.05 W
2025/02/16 20:15:17.815, 74.05 W
2025/02/16 20:15:17.825, 74.05 W
2025/02/16 20:15:17.835, 74.05 W
2025/02/16 20:15:17.845, 74.05 W
2025/02/16 20:15:17.855, 74.05 W
2025/02/16 20:15:17.866, 74.05 W
2025/02/16 20:15:17.876, 74.05 W
2025/02/16 20:15:17.886, 74.05 W
2025/02/16 20:15:17.896, 74.05 W
2025/02/16 20:15:17.906, 74.05 W
2025/02/16 20:15:17.916, 74.05 W
2025/02/16 20:15:17.926, 74.05 W
2025/02/16 20:15:17.936, 74.05 W
2025/02/16 20:15:17.946, 74.05 W
2025/02/16 20:15:17.956, 74.05 W
2025/02/16 20:15:17.966, 74.05 W
2025/02/16 20:15:17.976, 74.05 W
2025/02/16 20:15:17.986, 74.05 W
2025/02/16 20:15:17.996, 74.05 W
2025/02/16 20:15:18.006, 74.05 W
2025/02/16 20:15:18.016, 74.05 W
2025/02/16 20:15:18.027, 74.05 W
2025/02/16 20:15:18.037, 74.05 W
2025/02/16 20:15:18.047, 74.05 W
2025/02/16 20:15:18.057, 74.05 W
2025/02/16 20:15:18.067, 74.05 W
2025/02/16 20:15:18.077, 74.05 W
2025/02/16 20:15:18.087, 74.05 W
2025/02/16 20:15:18.097, 74.05 W
2025/02/16 20:15:18.107, 74.05 W
2025/02/16 20:15:18.117, 74.05 W
2025/02/16 20:15:18.127, 74.05 W
2025/02/16 20:15:18.137, 74.05 W
2025/02/16 20:15:18.147, 74.05 W
2025/02/16 20:15:18.157, 74.05 W
2025/02/16 20:15:18.167, 74.05 W
2025/02/16 20:15:18.178, 74.05 W
2025/02/16 20:15:18.188, 74.05 W
2025/02/16 20:15:18.198, 74.05 W
2025/02/16 20:15:18.208, 74.05 W
2025/02/16 20:15:18.218, 74.05 W
2025/02/16 20:15:18.228, 74.05 W
2025/02/16 20:15:18.238, 74.05 W
2025/02/16 20:15:18.248, 74.05 W
2025/02/16 20:15:18.258, 74.05 W
2025/02/16 20:15:18.268, 74.05 W
2025/02/16 20:15:18.278, 74.05 W
2025/02/16 20:15:18.288, 74.05 W
2025/02/16 20:15:18.298, 74.05 W
2025/02/16 20:15:18.308, 74.05 W
2025/02/16 20:15:18.318, 74.05 W
2025/02/16 20:15:18.328, 74.05 W
2025/02/16 20:15:18.339, 74.05 W
2025/02/16 20:15:18.349, 74.05 W
2025/02/16 20:15:18.359, 74.05 W
2025/02/16 20:15:18.369, 74.05 W
2025/02/16 20:15:18.379, 74.05 W
2025/02/16 20:15:18.389, 74.05 W
2025/02/16 20:15:18.399, 74.05 W
2025/02/16 20:15:18.409, 74.05 W
2025/02/16 20:15:18.419, 74.05 W
2025/02/16 20:15:18.429, 74.05 W
2025/02/16 20:15:18.439, 74.05 W
2025/02/16 20:15:18.449, 74.05 W
2025/02/16 20:15:18.459, 74.05 W
2025/02/16 20:15:18.469, 74.05 W
2025/02/16 20:15:18.479, 74.05 W
2025/02/16 20:15:18.489, 74.05 W
2025/02/16 20:15:18.500, 74.05 W
2025/02/16 20:15:18.510, 74.05 W
2025/02/16 20:15:18.520, 74.05 W
2025/02/16 20:15:18.530, 74.05 W
2025/02/16 20:15:18.540, 74.05 W
2025/02/16 20:15:18.550, 74.05 W
2025/02/16 20:15:18.560, 74.05 W
2025/02/16 20:15:18.570, 74.05 W
2025/02/16 20:15:18.580, 74.05 W
2025/02/16 20:15:18.590, 74.05 W
2025/02/16 20:15:18.600, 74.05 W
2025/02/16 20:15:18.610, 74.05 W
2025/02/16 20:15:18.620, 74.05 W
2025/02/16 20:15:18.630, 74.05 W
2025/02/16 20:15:18.640, 74.05 W
2025/02/16 20:15:18.651, 74.05 W
2025/02/16 20:15:18.661, 74.05 W
2025/02/16 20:15:18.671, 74.05 W
2025/02/16 20:15:18.681, 74.05 W
2025/02/16 20:15:18.691, 74.05 W
2025/02/16 20:15:18.701, 74.05 W
2025/02/16 20:15:18.711, 74.05 W
2025/02/16 20:15:18.721, 74.05 W
2025/02/16 20:15:18.731, 74.05 W
2025/02/16 20:15:18.741, 74.05 W
2025/02/16 20:15:18.751, 74.05 W
2025/02/16 20:15:18.761, 74.05 W
2025/02/16 20:15:18.771, 74.05 W
2025/02/16 20:15:18.781, 74.05 W
2025/02/16 20:15:18.791, 74.05 W
2025/02/16 20:15:18.801, 74.05 W
2025/02/16 20:15:18.812, 74.05 W
2025/02/16 20:15:18.822, 74.05 W
2025/02/16 20:15:18.832, 74.05 W
2025/02/16 20:15:18.842, 74.05 W
2025/02/16 20:15:18.852, 74.05 W
2025/02/16 20:15:18.862, 74.05 W
2025/02/16 20:15:18.872, 74.05 W
2025/02/16 20:15:18.882, 74.05 W
2025/02/16 20:15:18.892, 74.05 W
2025/02/16 20:15:18.902, 74.05 W
2025/02/16 20:15:18.912, 74.05 W
2025/02/16 20:15:18.922, 74.05 W
2025/02/16 20:15:18.932, 74.05 W
2025/02/16 20:15:18.942, 74.05 W
2025/02/16 20:15:18.952, 74.05 W
2025/02/16 20:15:18.962, 74.05 W
2025/02/16 20:15:18.973, 74.05 W
2025/02/16 20:15:18.983, 74.05 W
2025/02/16 20:15:18.993, 74.05 W
2025/02/16 20:15:19.003, 74.05 W
2025/02/16 20:15:19.013, 74.05 W
2025/02/16 20:15:19.023, 74.05 W
2025/02/16 20:15:19.033, 74.05 W
2025/02/16 20:15:19.043, 74.05 W
2025/02/16 20:15:19.053, 74.05 W
2025/02/16 20:15:19.063, 74.05 W
2025/02/16 20:15:19.073, 74.05 W
2025/02/16 20:15:19.083, 74.05 W
2025/02/16 20:15:19.093, 74.05 W
2025/02/16 20:15:19.103, 74.05 W
2025/02/16 20:15:19.113, 74.05 W
2025/02/16 20:15:19.124, 74.05 W
2025/02/16 20:15:19.134, 74.05 W
2025/02/16 20:15:19.144, 74.05 W
2025/02/16 20:15:19.154, 74.05 W
2025/02/16 20:15:19.164, 74.05 W
2025/02/16 20:15:19.174, 74.05 W
2025/02/16 20:15:19.184, 74.05 W
2025/02/16 20:15:19.194, 74.05 W
2025/02/16 20:15:19.204, 74.05 W
2025/02/16 20:15:19.214, 74.05 W
2025/02/16 20:15:19.224, 74.05 W
2025/02/16 20:15:19.234, 74.05 W
2025/02/16 20:15:19.244, 74.05 W
2025/02/16 20:15:19.254, 74.05 W
2025/02/16 20:15:19.264, 74.05 W
2025/02/16 20:15:19.275, 74.05 W
2025/02/16 20:15:19.285, 74.05 W
2025/02/16 20:15:19.295, 74.05 W
2025/02/16 20:15:19.305, 74.05 W
2025/02/16 20:15:19.315, 74.05 W
2025/02/16 20:15:19.325, 74.05 W
2025/02/16 20:15:19.335, 74.05 W
2025/02/16 20:15:19.345, 74.05 W
2025/02/16 20:15:19.355, 74.05 W
2025/02/16 20:15:19.365, 74.05 W
2025/02/16 20:15:19.375, 74.05 W
2025/02/16 20:15:19.385, 74.05 W
2025/02/16 20:15:19.395, 74.05 W
2025/02/16 20:15:19.405, 74.05 W
2025/02/16 20:15:19.415, 74.05 W
2025/02/16 20:15:19.425, 74.05 W
2025/02/16 20:15:19.436, 74.05 W
2025/02/16 20:15:19.446, 74.05 W
2025/02/16 20:15:19.456, 74.05 W
2025/02/16 20:15:19.466, 74.05 W
2025/02/16 20:15:19.476, 74.05 W
2025/02/16 20:15:19.486, 74.05 W
2025/02/16 20:15:19.496, 74.05 W
2025/02/16 20:15:19.506, 74.05 W
2025/02/16 20:15:19.516, 74.05 W
2025/02/16 20:15:19.526, 74.05 W
2025/02/16 20:15:19.536, 74.05 W
2025/02/16 20:15:19.546, 74.05 W
2025/02/16 20:15:19.556, 74.05 W
2025/02/16 20:15:19.566, 74.05 W
2025/02/16 20:15:19.576, 74.05 W
2025/02/16 20:15:19.586, 74.05 W
2025/02/16 20:15:19.597, 74.05 W
2025/02/16 20:15:19.607, 74.05 W
2025/02/16 20:15:19.617, 74.05 W
2025/02/16 20:15:19.627, 74.05 W
2025/02/16 20:15:19.637, 74.05 W
2025/02/16 20:15:19.647, 74.05 W
2025/02/16 20:15:19.657, 74.05 W
2025/02/16 20:15:19.667, 74.05 W
2025/02/16 20:15:19.677, 74.05 W
2025/02/16 20:15:19.687, 74.05 W
2025/02/16 20:15:19.697, 74.05 W
2025/02/16 20:15:19.707, 74.05 W
2025/02/16 20:15:19.717, 74.05 W
2025/02/16 20:15:19.727, 74.05 W
2025/02/16 20:15:19.737, 74.05 W
2025/02/16 20:15:19.748, 74.05 W
2025/02/16 20:15:19.758, 74.05 W
2025/02/16 20:15:19.768, 74.05 W
2025/02/16 20:15:19.778, 74.05 W
2025/02/16 20:15:19.788, 74.05 W
2025/02/16 20:15:19.798, 74.05 W
2025/02/16 20:15:19.808, 74.05 W
2025/02/16 20:15:19.818, 74.05 W
2025/02/16 20:15:19.828, 74.05 W
2025/02/16 20:15:19.838, 74.05 W
2025/02/16 20:15:19.848, 74.05 W
2025/02/16 20:15:19.858, 74.05 W
2025/02/16 20:15:19.868, 74.05 W
2025/02/16 20:15:19.878, 74.05 W
2025/02/16 20:15:19.888, 74.05 W
2025/02/16 20:15:19.898, 74.05 W
2025/02/16 20:15:19.909, 74.05 W
2025/02/16 20:15:19.919, 74.05 W
2025/02/16 20:15:19.929, 74.05 W
2025/02/16 20:15:19.939, 74.05 W
2025/02/16 20:15:19.949, 74.05 W
2025/02/16 20:15:19.959, 74.05 W
2025/02/16 20:15:19.969, 74.05 W
2025/02/16 20:15:19.979, 74.05 W
2025/02/16 20:15:19.989, 74.05 W
2025/02/16 20:15:19.999, 74.05 W
2025/02/16 20:15:20.009, 74.05 W
2025/02/16 20:15:20.019, 74.05 W
2025/02/16 20:15:20.029, 74.05 W
2025/02/16 20:15:20.039, 74.05 W
2025/02/16 20:15:20.049, 74.05 W
2025/02/16 20:15:20.059, 74.05 W
2025/02/16 20:15:20.070, 74.05 W
2025/02/16 20:15:20.080, 74.05 W
2025/02/16 20:15:20.090, 74.05 W
2025/02/16 20:15:20.100, 74.05 W
2025/02/16 20:15:20.110, 74.05 W
2025/02/16 20:15:20.120, 74.05 W
2025/02/16 20:15:20.130, 74.05 W
2025/02/16 20:15:20.140, 74.05 W
2025/02/16 20:15:20.150, 74.05 W
2025/02/16 20:15:20.160, 74.05 W
2025/02/16 20:15:20.170, 74.05 W
2025/02/16 20:15:20.180, 74.05 W
2025/02/16 20:15:20.190, 74.05 W
2025/02/16 20:15:20.200, 74.05 W
2025/02/16 20:15:20.210, 74.05 W
2025/02/16 20:15:20.221, 74.05 W
2025/02/16 20:15:20.231, 74.05 W
2025/02/16 20:15:20.241, 74.05 W
2025/02/16 20:15:20.251, 74.05 W
2025/02/16 20:15:20.261, 74.05 W
2025/02/16 20:15:20.271, 74.05 W
2025/02/16 20:15:20.281, 74.05 W
2025/02/16 20:15:20.291, 74.05 W
2025/02/16 20:15:20.301, 74.05 W
2025/02/16 20:15:20.311, 74.05 W
2025/02/16 20:15:20.321, 73.96 W
2025/02/16 20:15:20.331, 73.96 W
2025/02/16 20:15:20.341, 73.96 W
2025/02/16 20:15:20.351, 73.96 W
2025/02/16 20:15:20.361, 73.96 W
2025/02/16 20:15:20.372, 73.96 W
2025/02/16 20:15:20.382, 73.96 W
2025/02/16 20:15:20.392, 73.96 W
2025/02/16 20:15:20.402, 73.96 W
2025/02/16 20:15:20.412, 73.96 W
2025/02/16 20:15:20.422, 74.05 W
2025/02/16 20:15:20.432, 74.05 W
2025/02/16 20:15:20.442, 74.05 W
2025/02/16 20:15:20.452, 74.05 W
2025/02/16 20:15:20.462, 74.05 W
2025/02/16 20:15:20.472, 74.05 W
2025/02/16 20:15:20.482, 74.05 W
2025/02/16 20:15:20.492, 74.05 W
2025/02/16 20:15:20.502, 74.05 W
2025/02/16 20:15:20.512, 74.05 W
2025/02/16 20:15:20.522, 74.05 W
2025/02/16 20:15:20.533, 74.05 W
2025/02/16 20:15:20.543, 74.05 W
2025/02/16 20:15:20.553, 74.05 W
2025/02/16 20:15:20.563, 74.05 W
2025/02/16 20:15:20.573, 74.05 W
2025/02/16 20:15:20.583, 74.05 W
2025/02/16 20:15:20.593, 74.05 W
2025/02/16 20:15:20.603, 74.05 W
2025/02/16 20:15:20.613, 74.05 W
2025/02/16 20:15:20.623, 74.05 W
2025/02/16 20:15:20.633, 74.05 W
2025/02/16 20:15:20.643, 74.05 W
2025/02/16 20:15:20.653, 74.05 W
2025/02/16 20:15:20.663, 74.05 W
2025/02/16 20:15:20.673, 74.05 W
2025/02/16 20:15:20.683, 74.05 W
2025/02/16 20:15:20.694, 74.05 W
2025/02/16 20:15:20.704, 74.05 W
2025/02/16 20:15:20.714, 74.05 W
2025/02/16 20:15:20.724, 74.05 W
2025/02/16 20:15:20.734, 74.05 W
2025/02/16 20:15:20.744, 74.05 W
2025/02/16 20:15:20.754, 74.05 W
2025/02/16 20:15:20.764, 74.05 W
2025/02/16 20:15:20.774, 74.05 W
2025/02/16 20:15:20.784, 74.05 W
2025/02/16 20:15:20.794, 74.05 W
2025/02/16 20:15:20.804, 74.05 W
2025/02/16 20:15:20.814, 74.05 W
2025/02/16 20:15:20.824, 74.05 W
2025/02/16 20:15:20.834, 74.05 W
2025/02/16 20:15:20.845, 74.05 W
2025/02/16 20:15:20.855, 74.05 W
2025/02/16 20:15:20.865, 74.05 W
2025/02/16 20:15:20.875, 74.05 W
2025/02/16 20:15:20.885, 74.05 W
2025/02/16 20:15:20.895, 74.05 W
2025/02/16 20:15:20.905, 74.05 W
2025/02/16 20:15:20.915, 74.05 W
2025/02/16 20:15:20.925, 74.05 W
2025/02/16 20:15:20.935, 74.05 W
2025/02/16 20:15:20.945, 74.05 W
2025/02/16 20:15:20.955, 74.05 W
2025/02/16 20:15:20.965, 74.05 W
2025/02/16 20:15:20.975, 74.05 W
2025/02/16 20:15:20.985, 74.05 W
2025/02/16 20:15:20.996, 74.05 W
2025/02/16 20:15:21.006, 74.05 W
2025/02/16 20:15:21.016, 74.05 W
2025/02/16 20:15:21.026, 74.05 W
2025/02/16 20:15:21.036, 74.05 W
2025/02/16 20:15:21.046, 74.05 W
2025/02/16 20:15:21.056, 74.05 W
2025/02/16 20:15:21.066, 74.05 W
2025/02/16 20:15:21.076, 74.05 W
2025/02/16 20:15:21.086, 74.05 W
2025/02/16 20:15:21.096, 74.05 W
2025/02/16 20:15:21.106, 74.05 W
2025/02/16 20:15:21.116, 74.05 W
2025/02/16 20:15:21.126, 74.05 W
2025/02/16 20:15:21.136, 74.05 W
2025/02/16 20:15:21.146, 74.05 W
2025/02/16 20:15:21.157, 74.05 W
2025/02/16 20:15:21.167, 74.05 W
2025/02/16 20:15:21.177, 74.05 W
2025/02/16 20:15:21.187, 74.05 W
2025/02/16 20:15:21.197, 74.05 W
2025/02/16 20:15:21.207, 74.05 W
2025/02/16 20:15:21.217, 74.05 W
2025/02/16 20:15:21.227, 74.05 W
2025/02/16 20:15:21.237, 74.05 W
2025/02/16 20:15:21.247, 74.05 W
2025/02/16 20:15:21.257, 74.05 W
2025/02/16 20:15:21.267, 74.05 W
2025/02/16 20:15:21.277, 74.05 W
2025/02/16 20:15:21.287, 74.05 W
2025/02/16 20:15:21.297, 74.05 W
2025/02/16 20:15:21.307, 74.05 W
2025/02/16 20:15:21.318, 74.05 W
2025/02/16 20:15:21.328, 74.05 W
2025/02/16 20:15:21.338, 74.05 W
2025/02/16 20:15:21.348, 74.05 W
2025/02/16 20:15:21.358, 74.05 W
2025/02/16 20:15:21.368, 74.05 W
2025/02/16 20:15:21.378, 74.05 W
2025/02/16 20:15:21.388, 74.05 W
2025/02/16 20:15:21.398, 74.05 W
2025/02/16 20:15:21.408, 74.05 W
2025/02/16 20:15:21.418, 74.05 W
2025/02/16 20:15:21.428, 74.05 W
2025/02/16 20:15:21.438, 74.05 W
2025/02/16 20:15:21.448, 74.05 W
2025/02/16 20:15:21.458, 74.05 W
2025/02/16 20:15:21.469, 74.05 W
2025/02/16 20:15:21.479, 74.05 W
2025/02/16 20:15:21.489, 74.05 W
2025/02/16 20:15:21.499, 74.05 W
2025/02/16 20:15:21.509, 74.05 W
2025/02/16 20:15:21.519, 74.05 W
2025/02/16 20:15:21.529, 74.05 W
2025/02/16 20:15:21.539, 74.05 W
2025/02/16 20:15:21.549, 74.05 W
2025/02/16 20:15:21.559, 74.05 W
2025/02/16 20:15:21.569, 74.05 W
2025/02/16 20:15:21.579, 74.05 W
2025/02/16 20:15:21.589, 74.05 W
2025/02/16 20:15:21.599, 74.05 W
2025/02/16 20:15:21.609, 74.05 W
2025/02/16 20:15:21.619, 74.05 W
2025/02/16 20:15:21.630, 74.05 W
2025/02/16 20:15:21.640, 74.05 W
2025/02/16 20:15:21.650, 74.05 W
2025/02/16 20:15:21.660, 74.05 W
2025/02/16 20:15:21.670, 74.05 W
2025/02/16 20:15:21.680, 74.05 W
2025/02/16 20:15:21.690, 74.05 W
2025/02/16 20:15:21.700, 74.05 W
2025/02/16 20:15:21.710, 74.05 W
2025/02/16 20:15:21.720, 74.05 W
2025/02/16 20:15:21.730, 74.05 W
2025/02/16 20:15:21.740, 74.05 W
2025/02/16 20:15:21.750, 74.05 W
2025/02/16 20:15:21.760, 74.05 W
2025/02/16 20:15:21.770, 74.05 W
2025/02/16 20:15:21.780, 74.05 W
2025/02/16 20:15:21.791, 74.05 W
2025/02/16 20:15:21.801, 74.05 W
2025/02/16 20:15:21.811, 74.05 W
2025/02/16 20:15:21.821, 74.05 W
2025/02/16 20:15:21.831, 74.05 W
2025/02/16 20:15:21.841, 74.05 W
2025/02/16 20:15:21.851, 74.05 W
2025/02/16 20:15:21.861, 74.05 W
2025/02/16 20:15:21.871, 74.05 W
2025/02/16 20:15:21.881, 74.05 W
2025/02/16 20:15:21.891, 74.05 W
2025/02/16 20:15:21.901, 74.05 W
2025/02/16 20:15:21.911, 74.05 W
2025/02/16 20:15:21.921, 74.05 W
2025/02/16 20:15:21.932, 74.05 W
2025/02/16 20:15:21.942, 74.05 W
2025/02/16 20:15:21.952, 74.05 W
2025/02/16 20:15:21.962, 74.05 W
2025/02/16 20:15:21.972, 74.05 W
2025/02/16 20:15:21.982, 74.05 W
2025/02/16 20:15:21.992, 74.05 W
2025/02/16 20:15:22.002, 74.05 W
2025/02/16 20:15:22.012, 74.05 W
2025/02/16 20:15:22.022, 74.05 W
2025/02/16 20:15:22.032, 74.05 W
2025/02/16 20:15:22.042, 74.05 W
2025/02/16 20:15:22.052, 74.05 W
2025/02/16 20:15:22.062, 74.05 W
2025/02/16 20:15:22.072, 74.05 W
2025/02/16 20:15:22.082, 74.05 W
2025/02/16 20:15:22.093, 74.05 W
2025/02/16 20:15:22.103, 74.05 W
2025/02/16 20:15:22.113, 74.05 W
2025/02/16 20:15:22.123, 74.05 W
2025/02/16 20:15:22.133, 74.05 W
2025/02/16 20:15:22.143, 74.05 W
2025/02/16 20:15:22.153, 74.05 W
2025/02/16 20:15:22.163, 74.05 W
2025/02/16 20:15:22.173, 74.05 W
2025/02/16 20:15:22.183, 74.05 W
2025/02/16 20:15:22.193, 74.05 W
2025/02/16 20:15:22.203, 74.05 W
2025/02/16 20:15:22.213, 74.05 W
2025/02/16 20:15:22.223, 74.05 W
2025/02/16 20:15:22.233, 74.05 W
2025/02/16 20:15:22.243, 74.05 W
2025/02/16 20:15:22.254, 74.05 W
2025/02/16 20:15:22.264, 74.05 W
2025/02/16 20:15:22.274, 74.05 W
2025/02/16 20:15:22.284, 74.05 W
2025/02/16 20:15:22.294, 74.05 W
2025/02/16 20:15:22.304, 74.05 W
2025/02/16 20:15:22.314, 74.05 W
2025/02/16 20:15:22.324, 74.05 W
2025/02/16 20:15:22.334, 74.05 W
2025/02/16 20:15:22.344, 74.05 W
2025/02/16 20:15:22.354, 74.05 W
2025/02/16 20:15:22.364, 74.05 W
2025/02/16 20:15:22.374, 74.05 W
2025/02/16 20:15:22.384, 74.05 W
2025/02/16 20:15:22.394, 74.05 W
2025/02/16 20:15:22.405, 74.05 W
2025/02/16 20:15:22.415, 74.05 W
2025/02/16 20:15:22.425, 74.05 W
2025/02/16 20:15:22.435, 74.05 W
2025/02/16 20:15:22.445, 74.05 W
2025/02/16 20:15:22.455, 74.05 W
2025/02/16 20:15:22.465, 74.05 W
2025/02/16 20:15:22.475, 74.05 W
2025/02/16 20:15:22.485, 74.05 W
2025/02/16 20:15:22.495, 74.05 W
2025/02/16 20:15:22.505, 74.05 W
2025/02/16 20:15:22.515, 74.05 W
2025/02/16 20:15:22.525, 74.05 W
2025/02/16 20:15:22.535, 74.05 W
2025/02/16 20:15:22.545, 74.05 W
2025/02/16 20:15:22.556, 74.05 W
2025/02/16 20:15:22.566, 74.05 W
2025/02/16 20:15:22.576, 74.05 W
2025/02/16 20:15:22.586, 74.05 W
2025/02/16 20:15:22.596, 74.05 W
2025/02/16 20:15:22.606, 74.05 W
2025/02/16 20:15:22.616, 74.05 W
2025/02/16 20:15:22.626, 74.05 W
2025/02/16 20:15:22.636, 74.05 W
2025/02/16 20:15:22.646, 74.05 W
2025/02/16 20:15:22.656, 74.05 W
2025/02/16 20:15:22.666, 74.05 W
2025/02/16 20:15:22.676, 74.05 W
2025/02/16 20:15:22.686, 74.05 W
2025/02/16 20:15:22.696, 74.05 W
2025/02/16 20:15:22.707, 74.05 W
2025/02/16 20:15:22.717, 74.05 W
2025/02/16 20:15:22.727, 74.05 W
2025/02/16 20:15:22.737, 74.05 W
2025/02/16 20:15:22.747, 74.05 W
2025/02/16 20:15:22.757, 74.05 W
2025/02/16 20:15:22.767, 74.05 W
2025/02/16 20:15:22.777, 74.05 W
2025/02/16 20:15:22.787, 74.05 W
2025/02/16 20:15:22.797, 74.05 W
2025/02/16 20:15:22.807, 74.05 W
2025/02/16 20:15:22.817, 74.05 W
2025/02/16 20:15:22.827, 74.05 W
2025/02/16 20:15:22.837, 74.05 W
2025/02/16 20:15:22.847, 74.05 W
2025/02/16 20:15:22.858, 74.05 W
2025/02/16 20:15:22.868, 74.05 W
2025/02/16 20:15:22.878, 74.05 W
2025/02/16 20:15:22.888, 74.05 W
2025/02/16 20:15:22.898, 74.05 W
2025/02/16 20:15:22.908, 74.05 W
2025/02/16 20:15:22.918, 74.05 W
2025/02/16 20:15:22.928, 74.05 W
2025/02/16 20:15:22.938, 74.05 W
2025/02/16 20:15:22.948, 74.05 W
2025/02/16 20:15:22.958, 74.05 W
2025/02/16 20:15:22.968, 74.05 W
2025/02/16 20:15:22.978, 74.05 W
2025/02/16 20:15:22.988, 74.05 W
2025/02/16 20:15:22.998, 74.05 W
2025/02/16 20:15:23.008, 74.05 W
2025/02/16 20:15:23.019, 74.05 W
2025/02/16 20:15:23.029, 74.05 W
2025/02/16 20:15:23.039, 74.05 W
2025/02/16 20:15:23.049, 74.05 W
2025/02/16 20:15:23.059, 74.05 W
2025/02/16 20:15:23.069, 74.05 W
2025/02/16 20:15:23.079, 74.05 W
2025/02/16 20:15:23.089, 74.05 W
2025/02/16 20:15:23.099, 74.05 W
2025/02/16 20:15:23.109, 74.05 W
2025/02/16 20:15:23.119, 74.05 W
2025/02/16 20:15:23.129, 74.05 W
2025/02/16 20:15:23.139, 74.05 W
2025/02/16 20:15:23.149, 74.05 W
2025/02/16 20:15:23.159, 74.05 W
2025/02/16 20:15:23.170, 74.05 W
2025/02/16 20:15:23.180, 74.05 W
2025/02/16 20:15:23.190, 74.05 W
2025/02/16 20:15:23.200, 74.05 W
2025/02/16 20:15:23.210, 74.05 W
2025/02/16 20:15:23.220, 74.05 W
2025/02/16 20:15:23.230, 74.05 W
2025/02/16 20:15:23.240, 74.05 W
2025/02/16 20:15:23.250, 74.05 W
2025/02/16 20:15:23.260, 74.05 W
2025/02/16 20:15:23.270, 74.05 W
2025/02/16 20:15:23.280, 74.05 W
2025/02/16 20:15:23.290, 74.05 W
2025/02/16 20:15:23.300, 74.05 W
2025/02/16 20:15:23.310, 74.05 W
2025/02/16 20:15:23.320, 74.05 W
2025/02/16 20:15:23.331, 74.05 W
2025/02/16 20:15:23.341, 74.05 W
2025/02/16 20:15:23.351, 74.05 W
2025/02/16 20:15:23.361, 74.05 W
2025/02/16 20:15:23.371, 74.05 W
2025/02/16 20:15:23.381, 74.05 W
2025/02/16 20:15:23.391, 74.05 W
2025/02/16 20:15:23.401, 74.05 W
2025/02/16 20:15:23.411, 74.05 W
2025/02/16 20:15:23.421, 74.05 W
2025/02/16 20:15:23.431, 74.05 W
2025/02/16 20:15:23.441, 74.05 W
2025/02/16 20:15:23.451, 74.05 W
2025/02/16 20:15:23.461, 74.05 W
2025/02/16 20:15:23.471, 74.05 W
2025/02/16 20:15:23.481, 74.05 W
2025/02/16 20:15:23.492, 74.05 W
2025/02/16 20:15:23.502, 74.05 W
2025/02/16 20:15:23.512, 74.05 W
2025/02/16 20:15:23.522, 74.05 W
2025/02/16 20:15:23.532, 74.05 W
2025/02/16 20:15:23.542, 74.05 W
2025/02/16 20:15:23.552, 74.05 W
2025/02/16 20:15:23.562, 74.05 W
2025/02/16 20:15:23.572, 74.05 W
2025/02/16 20:15:23.582, 74.05 W
2025/02/16 20:15:23.592, 74.05 W
2025/02/16 20:15:23.602, 74.05 W
2025/02/16 20:15:23.612, 74.05 W
2025/02/16 20:15:23.622, 74.05 W
2025/02/16 20:15:23.633, 74.05 W
2025/02/16 20:15:23.643, 74.05 W
2025/02/16 20:15:23.653, 74.05 W
2025/02/16 20:15:23.663, 74.05 W
2025/02/16 20:15:23.673, 74.05 W
2025/02/16 20:15:23.683, 74.05 W
2025/02/16 20:15:23.693, 74.05 W
2025/02/16 20:15:23.703, 74.05 W
2025/02/16 20:15:23.713, 74.05 W
2025/02/16 20:15:23.723, 74.05 W
2025/02/16 20:15:23.733, 74.05 W
2025/02/16 20:15:23.743, 74.05 W
2025/02/16 20:15:23.753, 74.05 W
2025/02/16 20:15:23.763, 74.05 W
2025/02/16 20:15:23.774, 74.05 W
2025/02/16 20:15:23.784, 74.05 W
2025/02/16 20:15:23.794, 74.05 W
2025/02/16 20:15:23.804, 74.05 W
2025/02/16 20:15:23.814, 74.05 W
2025/02/16 20:15:23.824, 74.05 W
2025/02/16 20:15:23.834, 74.05 W
2025/02/16 20:15:23.844, 74.05 W
2025/02/16 20:15:23.854, 74.05 W
2025/02/16 20:15:23.864, 74.05 W
2025/02/16 20:15:23.874, 74.05 W
2025/02/16 20:15:23.884, 74.05 W
2025/02/16 20:15:23.894, 74.05 W
2025/02/16 20:15:23.904, 74.05 W
2025/02/16 20:15:23.915, 74.05 W
2025/02/16 20:15:23.925, 74.05 W
2025/02/16 20:15:23.935, 74.05 W
2025/02/16 20:15:23.945, 74.05 W
2025/02/16 20:15:23.955, 74.05 W
2025/02/16 20:15:23.965, 74.05 W
2025/02/16 20:15:23.975, 74.05 W
2025/02/16 20:15:23.985, 74.05 W
2025/02/16 20:15:23.995, 74.05 W
2025/02/16 20:15:24.005, 74.05 W
2025/02/16 20:15:24.015, 74.05 W
2025/02/16 20:15:24.025, 74.05 W
2025/02/16 20:15:24.035, 74.05 W
2025/02/16 20:15:24.045, 74.05 W
2025/02/16 20:15:24.055, 74.05 W
2025/02/16 20:15:24.066, 74.05 W
2025/02/16 20:15:24.076, 74.05 W
2025/02/16 20:15:24.086, 74.05 W
2025/02/16 20:15:24.096, 74.05 W
2025/02/16 20:15:24.106, 74.05 W
2025/02/16 20:15:24.116, 74.05 W
2025/02/16 20:15:24.126, 74.05 W
2025/02/16 20:15:24.136, 74.05 W
2025/02/16 20:15:24.146, 74.05 W
2025/02/16 20:15:24.156, 74.05 W
2025/02/16 20:15:24.166, 74.05 W
2025/02/16 20:15:24.176, 74.05 W
2025/02/16 20:15:24.186, 74.05 W
2025/02/16 20:15:24.196, 74.05 W
2025/02/16 20:15:24.206, 74.05 W
2025/02/16 20:15:24.216, 74.05 W
2025/02/16 20:15:24.227, 74.05 W
2025/02/16 20:15:24.237, 74.05 W
2025/02/16 20:15:24.247, 74.05 W
2025/02/16 20:15:24.257, 74.05 W
2025/02/16 20:15:24.267, 74.05 W
2025/02/16 20:15:24.277, 74.05 W
2025/02/16 20:15:24.287, 74.05 W
2025/02/16 20:15:24.297, 74.05 W
2025/02/16 20:15:24.307, 74.05 W
2025/02/16 20:15:24.317, 74.05 W
2025/02/16 20:15:24.327, 74.05 W
2025/02/16 20:15:24.337, 74.05 W
2025/02/16 20:15:24.347, 74.05 W
2025/02/16 20:15:24.357, 74.05 W
2025/02/16 20:15:24.367, 74.05 W
2025/02/16 20:15:24.377, 74.05 W
2025/02/16 20:15:24.388, 74.05 W
2025/02/16 20:15:24.398, 74.05 W
2025/02/16 20:15:24.408, 74.05 W
2025/02/16 20:15:24.418, 74.05 W
2025/02/16 20:15:24.428, 74.05 W
2025/02/16 20:15:24.438, 74.05 W
2025/02/16 20:15:24.448, 74.05 W
2025/02/16 20:15:24.458, 74.05 W
2025/02/16 20:15:24.468, 74.05 W
2025/02/16 20:15:24.478, 74.05 W
2025/02/16 20:15:24.488, 74.05 W
2025/02/16 20:15:24.498, 74.05 W
2025/02/16 20:15:24.508, 74.05 W
2025/02/16 20:15:24.518, 74.05 W
2025/02/16 20:15:24.529, 74.05 W
2025/02/16 20:15:24.539, 74.05 W
2025/02/16 20:15:24.549, 74.05 W
2025/02/16 20:15:24.559, 74.05 W
2025/02/16 20:15:24.569, 74.05 W
2025/02/16 20:15:24.579, 74.05 W
2025/02/16 20:15:24.589, 74.05 W
2025/02/16 20:15:24.599, 74.05 W
2025/02/16 20:15:24.609, 74.05 W
2025/02/16 20:15:24.619, 74.05 W
2025/02/16 20:15:24.629, 74.05 W
2025/02/16 20:15:24.639, 74.05 W
2025/02/16 20:15:24.649, 74.05 W
2025/02/16 20:15:24.659, 74.05 W
2025/02/16 20:15:24.669, 74.05 W
2025/02/16 20:15:24.680, 74.05 W
2025/02/16 20:15:24.690, 74.05 W
2025/02/16 20:15:24.700, 74.05 W
2025/02/16 20:15:24.710, 74.05 W
2025/02/16 20:15:24.720, 74.05 W
2025/02/16 20:15:24.730, 74.05 W
2025/02/16 20:15:24.740, 74.05 W
2025/02/16 20:15:24.750, 74.05 W
2025/02/16 20:15:24.760, 74.05 W
2025/02/16 20:15:24.770, 74.05 W
2025/02/16 20:15:24.780, 74.05 W
2025/02/16 20:15:24.790, 74.05 W
2025/02/16 20:15:24.800, 74.05 W
2025/02/16 20:15:24.810, 74.05 W
2025/02/16 20:15:24.820, 74.05 W
2025/02/16 20:15:24.830, 73.76 W
2025/02/16 20:15:24.841, 73.76 W
2025/02/16 20:15:24.851, 73.76 W
2025/02/16 20:15:24.861, 73.76 W
2025/02/16 20:15:24.871, 73.76 W
2025/02/16 20:15:24.881, 73.76 W
2025/02/16 20:15:24.891, 73.76 W
2025/02/16 20:15:24.901, 73.76 W
2025/02/16 20:15:24.911, 74.05 W
2025/02/16 20:15:24.921, 74.05 W
2025/02/16 20:15:24.931, 74.05 W
2025/02/16 20:15:24.941, 74.05 W
2025/02/16 20:15:24.951, 74.05 W
2025/02/16 20:15:24.961, 74.05 W
2025/02/16 20:15:24.971, 74.05 W
2025/02/16 20:15:24.981, 74.05 W
2025/02/16 20:15:24.992, 74.05 W
2025/02/16 20:15:25.002, 74.05 W
2025/02/16 20:15:25.012, 74.05 W
2025/02/16 20:15:25.022, 74.05 W
2025/02/16 20:15:25.032, 73.76 W
2025/02/16 20:15:25.042, 73.76 W
2025/02/16 20:15:25.052, 73.76 W
2025/02/16 20:15:25.062, 73.76 W
2025/02/16 20:15:25.072, 73.76 W
2025/02/16 20:15:25.082, 73.76 W
2025/02/16 20:15:25.092, 73.76 W
2025/02/16 20:15:25.102, 73.76 W
2025/02/16 20:15:25.112, 73.76 W
2025/02/16 20:15:25.122, 74.05 W
2025/02/16 20:15:25.132, 74.05 W
2025/02/16 20:15:25.142, 74.05 W
2025/02/16 20:15:25.153, 74.05 W
2025/02/16 20:15:25.163, 74.05 W
2025/02/16 20:15:25.173, 74.05 W
2025/02/16 20:15:25.183, 74.05 W
2025/02/16 20:15:25.193, 74.05 W
2025/02/16 20:15:25.203, 74.05 W
2025/02/16 20:15:25.213, 74.05 W
2025/02/16 20:15:25.223, 74.05 W
2025/02/16 20:15:25.233, 74.05 W
2025/02/16 20:15:25.243, 73.76 W
2025/02/16 20:15:25.253, 73.76 W
2025/02/16 20:15:25.263, 73.76 W
2025/02/16 20:15:25.273, 73.76 W
2025/02/16 20:15:25.283, 73.76 W
2025/02/16 20:15:25.293, 73.76 W
2025/02/16 20:15:25.303, 73.76 W
2025/02/16 20:15:25.314, 73.76 W
2025/02/16 20:15:25.324, 73.76 W
2025/02/16 20:15:25.334, 73.76 W
2025/02/16 20:15:25.344, 73.76 W
2025/02/16 20:15:25.354, 73.76 W
2025/02/16 20:15:25.364, 73.76 W
2025/02/16 20:15:25.374, 73.76 W
2025/02/16 20:15:25.384, 73.76 W
2025/02/16 20:15:25.394, 73.76 W
2025/02/16 20:15:25.404, 73.76 W
2025/02/16 20:15:25.414, 73.76 W
2025/02/16 20:15:25.424, 74.05 W
2025/02/16 20:15:25.434, 74.05 W
2025/02/16 20:15:25.444, 74.05 W
2025/02/16 20:15:25.455, 74.05 W
2025/02/16 20:15:25.465, 74.05 W
2025/02/16 20:15:25.475, 74.05 W
2025/02/16 20:15:25.485, 74.05 W
2025/02/16 20:15:25.495, 74.05 W
2025/02/16 20:15:25.505, 74.05 W
2025/02/16 20:15:25.515, 74.05 W
2025/02/16 20:15:25.525, 74.05 W
2025/02/16 20:15:25.535, 74.05 W
2025/02/16 20:15:25.545, 74.05 W
2025/02/16 20:15:25.555, 74.05 W
2025/02/16 20:15:25.565, 74.05 W
2025/02/16 20:15:25.575, 74.05 W
2025/02/16 20:15:25.585, 74.05 W
2025/02/16 20:15:25.595, 74.05 W
2025/02/16 20:15:25.605, 74.05 W
2025/02/16 20:15:25.616, 74.05 W
2025/02/16 20:15:25.626, 74.05 W
2025/02/16 20:15:25.636, 74.05 W
2025/02/16 20:15:25.646, 74.05 W
2025/02/16 20:15:25.656, 74.05 W
2025/02/16 20:15:25.666, 74.05 W
2025/02/16 20:15:25.676, 74.05 W
2025/02/16 20:15:25.686, 74.05 W
2025/02/16 20:15:25.696, 74.05 W
2025/02/16 20:15:25.706, 74.05 W
2025/02/16 20:15:25.716, 74.05 W
2025/02/16 20:15:25.726, 74.05 W
2025/02/16 20:15:25.736, 74.05 W
2025/02/16 20:15:25.746, 74.05 W
2025/02/16 20:15:25.756, 74.05 W
2025/02/16 20:15:25.767, 74.05 W
2025/02/16 20:15:25.777, 74.05 W
2025/02/16 20:15:25.787, 74.05 W
2025/02/16 20:15:25.797, 74.05 W
2025/02/16 20:15:25.807, 74.05 W
2025/02/16 20:15:25.817, 74.05 W
2025/02/16 20:15:25.827, 74.05 W
2025/02/16 20:15:25.837, 74.05 W
2025/02/16 20:15:25.847, 74.05 W
2025/02/16 20:15:25.857, 74.05 W
2025/02/16 20:15:25.867, 74.05 W
2025/02/16 20:15:25.877, 74.05 W
2025/02/16 20:15:25.887, 74.05 W
2025/02/16 20:15:25.897, 74.05 W
2025/02/16 20:15:25.907, 74.05 W
2025/02/16 20:15:25.917, 74.05 W
2025/02/16 20:15:25.928, 74.05 W
2025/02/16 20:15:25.938, 74.05 W
2025/02/16 20:15:25.948, 74.05 W
2025/02/16 20:15:25.958, 74.05 W
2025/02/16 20:15:25.968, 74.05 W
2025/02/16 20:15:25.978, 74.05 W
2025/02/16 20:15:25.988, 74.05 W
2025/02/16 20:15:25.998, 74.05 W
2025/02/16 20:15:26.008, 74.05 W
2025/02/16 20:15:26.018, 74.05 W
2025/02/16 20:15:26.028, 74.05 W
2025/02/16 20:15:26.038, 74.05 W
2025/02/16 20:15:26.048, 74.05 W
2025/02/16 20:15:26.058, 74.05 W
2025/02/16 20:15:26.068, 74.05 W
2025/02/16 20:15:26.078, 74.05 W
2025/02/16 20:15:26.088, 74.05 W
2025/02/16 20:15:26.099, 74.05 W
2025/02/16 20:15:26.109, 74.05 W
2025/02/16 20:15:26.119, 74.05 W
2025/02/16 20:15:26.129, 74.05 W
2025/02/16 20:15:26.139, 74.05 W
2025/02/16 20:15:26.149, 74.05 W
2025/02/16 20:15:26.159, 74.05 W
2025/02/16 20:15:26.169, 74.05 W
2025/02/16 20:15:26.179, 74.05 W
2025/02/16 20:15:26.189, 74.05 W
2025/02/16 20:15:26.199, 74.05 W
2025/02/16 20:15:26.209, 74.05 W
2025/02/16 20:15:26.219, 74.05 W
2025/02/16 20:15:26.229, 74.05 W
2025/02/16 20:15:26.239, 74.05 W
2025/02/16 20:15:26.250, 74.05 W
2025/02/16 20:15:26.260, 74.05 W
2025/02/16 20:15:26.270, 74.05 W
2025/02/16 20:15:26.280, 74.05 W
2025/02/16 20:15:26.290, 74.05 W
2025/02/16 20:15:26.300, 74.05 W
2025/02/16 20:15:26.310, 74.05 W
2025/02/16 20:15:26.320, 74.05 W
2025/02/16 20:15:26.330, 74.05 W
2025/02/16 20:15:26.340, 74.05 W
2025/02/16 20:15:26.350, 74.05 W
2025/02/16 20:15:26.360, 74.05 W
2025/02/16 20:15:26.370, 74.05 W
2025/02/16 20:15:26.380, 74.05 W
2025/02/16 20:15:26.390, 74.05 W
2025/02/16 20:15:26.401, 74.05 W
2025/02/16 20:15:26.411, 74.05 W
2025/02/16 20:15:26.421, 74.05 W
2025/02/16 20:15:26.431, 74.05 W
2025/02/16 20:15:26.441, 74.05 W
2025/02/16 20:15:26.451, 74.05 W
2025/02/16 20:15:26.461, 74.05 W
2025/02/16 20:15:26.471, 74.05 W
2025/02/16 20:15:26.481, 74.05 W
2025/02/16 20:15:26.491, 74.05 W
2025/02/16 20:15:26.501, 74.05 W
2025/02/16 20:15:26.511, 74.05 W
2025/02/16 20:15:26.521, 74.05 W
2025/02/16 20:15:26.531, 74.05 W
2025/02/16 20:15:26.541, 74.05 W
2025/02/16 20:15:26.551, 74.05 W
2025/02/16 20:15:26.562, 74.05 W
2025/02/16 20:15:26.572, 74.05 W
2025/02/16 20:15:26.582, 74.05 W
2025/02/16 20:15:26.592, 74.05 W
2025/02/16 20:15:26.602, 74.05 W
2025/02/16 20:15:26.612, 74.05 W
2025/02/16 20:15:26.622, 74.05 W
2025/02/16 20:15:26.632, 74.05 W
2025/02/16 20:15:26.642, 74.05 W
2025/02/16 20:15:26.652, 74.05 W
2025/02/16 20:15:26.662, 74.05 W
2025/02/16 20:15:26.672, 73.76 W
2025/02/16 20:15:26.682, 73.76 W
2025/02/16 20:15:26.692, 73.76 W
2025/02/16 20:15:26.702, 73.76 W
2025/02/16 20:15:26.712, 73.76 W
2025/02/16 20:15:26.723, 73.76 W
2025/02/16 20:15:26.733, 73.76 W
2025/02/16 20:15:26.743, 73.76 W
2025/02/16 20:15:26.753, 73.76 W
2025/02/16 20:15:26.763, 74.05 W
2025/02/16 20:15:26.773, 74.05 W
2025/02/16 20:15:26.783, 74.05 W
2025/02/16 20:15:26.793, 74.05 W
2025/02/16 20:15:26.803, 74.05 W
2025/02/16 20:15:26.813, 74.05 W
2025/02/16 20:15:26.823, 74.05 W
2025/02/16 20:15:26.833, 74.05 W
2025/02/16 20:15:26.843, 74.05 W
2025/02/16 20:15:26.853, 74.05 W
2025/02/16 20:15:26.863, 74.05 W
2025/02/16 20:15:26.874, 74.05 W
2025/02/16 20:15:26.884, 74.05 W
2025/02/16 20:15:26.894, 74.05 W
2025/02/16 20:15:26.904, 74.05 W
2025/02/16 20:15:26.914, 74.05 W
2025/02/16 20:15:26.924, 74.05 W
2025/02/16 20:15:26.934, 74.05 W
2025/02/16 20:15:26.944, 74.05 W
2025/02/16 20:15:26.954, 74.05 W
2025/02/16 20:15:26.964, 74.05 W
2025/02/16 20:15:26.974, 74.05 W
2025/02/16 20:15:26.984, 74.05 W
2025/02/16 20:15:26.994, 74.05 W
2025/02/16 20:15:27.004, 74.05 W
2025/02/16 20:15:27.014, 74.05 W
2025/02/16 20:15:27.024, 74.05 W
2025/02/16 20:15:27.035, 74.05 W
2025/02/16 20:15:27.045, 74.05 W
2025/02/16 20:15:27.055, 74.05 W
2025/02/16 20:15:27.065, 74.05 W
2025/02/16 20:15:27.075, 74.05 W
2025/02/16 20:15:27.085, 74.05 W
2025/02/16 20:15:27.095, 74.05 W
2025/02/16 20:15:27.105, 74.05 W
2025/02/16 20:15:27.115, 74.05 W
2025/02/16 20:15:27.125, 74.05 W
2025/02/16 20:15:27.135, 74.05 W
2025/02/16 20:15:27.145, 74.05 W
2025/02/16 20:15:27.155, 74.05 W
2025/02/16 20:15:27.165, 74.05 W
2025/02/16 20:15:27.175, 74.05 W
2025/02/16 20:15:27.186, 74.05 W
2025/02/16 20:15:27.196, 74.05 W
2025/02/16 20:15:27.206, 74.05 W
2025/02/16 20:15:27.216, 74.05 W
2025/02/16 20:15:27.226, 74.05 W
2025/02/16 20:15:27.236, 74.05 W
2025/02/16 20:15:27.246, 74.05 W
2025/02/16 20:15:27.256, 74.05 W
2025/02/16 20:15:27.266, 74.05 W
2025/02/16 20:15:27.276, 74.05 W
2025/02/16 20:15:27.286, 74.05 W
2025/02/16 20:15:27.296, 74.05 W
2025/02/16 20:15:27.306, 74.05 W
2025/02/16 20:15:27.316, 74.05 W
2025/02/16 20:15:27.326, 74.05 W
2025/02/16 20:15:27.337, 74.05 W
2025/02/16 20:15:27.347, 74.05 W
2025/02/16 20:15:27.357, 74.05 W
2025/02/16 20:15:27.367, 74.05 W
2025/02/16 20:15:27.377, 74.05 W
2025/02/16 20:15:27.387, 74.05 W
2025/02/16 20:15:27.397, 74.05 W
2025/02/16 20:15:27.407, 74.05 W
2025/02/16 20:15:27.417, 74.05 W
2025/02/16 20:15:27.427, 74.05 W
2025/02/16 20:15:27.437, 74.05 W
2025/02/16 20:15:27.447, 74.05 W
2025/02/16 20:15:27.457, 74.05 W
2025/02/16 20:15:27.467, 74.05 W
2025/02/16 20:15:27.477, 74.05 W
2025/02/16 20:15:27.487, 74.05 W
2025/02/16 20:15:27.498, 74.05 W
2025/02/16 20:15:27.508, 74.05 W
2025/02/16 20:15:27.518, 74.05 W
2025/02/16 20:15:27.528, 74.05 W
2025/02/16 20:15:27.538, 74.05 W
2025/02/16 20:15:27.548, 74.05 W
2025/02/16 20:15:27.558, 74.05 W
2025/02/16 20:15:27.568, 74.05 W
2025/02/16 20:15:27.578, 74.05 W
2025/02/16 20:15:27.588, 74.05 W
2025/02/16 20:15:27.598, 74.05 W
2025/02/16 20:15:27.608, 74.05 W
2025/02/16 20:15:27.618, 74.05 W
2025/02/16 20:15:27.628, 74.05 W
2025/02/16 20:15:27.638, 74.05 W
2025/02/16 20:15:27.649, 74.05 W
2025/02/16 20:15:27.659, 74.05 W
2025/02/16 20:15:27.669, 74.05 W
2025/02/16 20:15:27.679, 74.05 W
2025/02/16 20:15:27.689, 74.05 W
2025/02/16 20:15:27.699, 74.05 W
2025/02/16 20:15:27.709, 74.05 W
2025/02/16 20:15:27.719, 74.05 W
2025/02/16 20:15:27.729, 74.05 W
2025/02/16 20:15:27.739, 74.05 W
2025/02/16 20:15:27.749, 74.05 W
2025/02/16 20:15:27.759, 74.05 W
2025/02/16 20:15:27.769, 74.05 W
2025/02/16 20:15:27.779, 74.05 W
2025/02/16 20:15:27.789, 74.05 W
2025/02/16 20:15:27.799, 74.05 W
2025/02/16 20:15:27.810, 74.05 W
2025/02/16 20:15:27.820, 74.05 W
2025/02/16 20:15:27.830, 74.05 W
2025/02/16 20:15:27.840, 74.05 W
2025/02/16 20:15:27.850, 74.05 W
2025/02/16 20:15:27.860, 74.05 W
2025/02/16 20:15:27.870, 74.05 W
2025/02/16 20:15:27.880, 74.05 W
2025/02/16 20:15:27.890, 74.05 W
2025/02/16 20:15:27.900, 74.05 W
2025/02/16 20:15:27.910, 74.05 W
2025/02/16 20:15:27.920, 74.05 W
2025/02/16 20:15:27.930, 74.05 W
2025/02/16 20:15:27.940, 74.05 W
2025/02/16 20:15:27.950, 74.05 W
2025/02/16 20:15:27.961, 74.05 W
2025/02/16 20:15:27.971, 74.05 W
2025/02/16 20:15:27.981, 74.05 W
2025/02/16 20:15:27.991, 73.76 W
2025/02/16 20:15:28.001, 73.76 W
2025/02/16 20:15:28.011, 73.76 W
2025/02/16 20:15:28.021, 73.76 W
2025/02/16 20:15:28.031, 73.76 W
2025/02/16 20:15:28.041, 73.76 W
2025/02/16 20:15:28.051, 73.76 W
2025/02/16 20:15:28.061, 73.76 W
2025/02/16 20:15:28.071, 73.76 W
2025/02/16 20:15:28.081, 73.76 W
2025/02/16 20:15:28.091, 73.76 W
2025/02/16 20:15:28.101, 73.76 W
2025/02/16 20:15:28.112, 73.76 W
2025/02/16 20:15:28.122, 73.76 W
2025/02/16 20:15:28.132, 73.76 W
2025/02/16 20:15:28.142, 73.76 W
2025/02/16 20:15:28.152, 73.76 W
2025/02/16 20:15:28.162, 73.76 W
2025/02/16 20:15:28.172, 73.76 W
2025/02/16 20:15:28.182, 73.76 W
2025/02/16 20:15:28.192, 74.05 W
2025/02/16 20:15:28.202, 74.05 W
2025/02/16 20:15:28.212, 74.05 W
2025/02/16 20:15:28.222, 74.05 W
2025/02/16 20:15:28.232, 74.05 W
2025/02/16 20:15:28.242, 74.05 W
2025/02/16 20:15:28.252, 74.05 W
2025/02/16 20:15:28.262, 74.05 W
2025/02/16 20:15:28.273, 74.05 W
2025/02/16 20:15:28.283, 74.05 W
2025/02/16 20:15:28.293, 74.05 W
2025/02/16 20:15:28.303, 74.05 W
2025/02/16 20:15:28.313, 74.05 W
2025/02/16 20:15:28.323, 74.05 W
2025/02/16 20:15:28.333, 74.05 W
2025/02/16 20:15:28.343, 74.05 W
2025/02/16 20:15:28.353, 74.05 W
2025/02/16 20:15:28.363, 74.05 W
2025/02/16 20:15:28.373, 74.05 W
2025/02/16 20:15:28.383, 74.05 W
2025/02/16 20:15:28.393, 73.76 W
2025/02/16 20:15:28.403, 73.76 W
2025/02/16 20:15:28.413, 73.76 W
2025/02/16 20:15:28.423, 73.76 W
2025/02/16 20:15:28.434, 73.76 W
2025/02/16 20:15:28.444, 73.76 W
2025/02/16 20:15:28.454, 73.76 W
2025/02/16 20:15:28.464, 73.76 W
2025/02/16 20:15:28.474, 73.76 W
2025/02/16 20:15:28.484, 73.76 W
2025/02/16 20:15:28.494, 73.76 W
2025/02/16 20:15:28.504, 74.05 W
2025/02/16 20:15:28.514, 74.05 W
2025/02/16 20:15:28.524, 74.05 W
2025/02/16 20:15:28.534, 74.05 W
2025/02/16 20:15:28.544, 74.05 W
2025/02/16 20:15:28.554, 74.05 W
2025/02/16 20:15:28.564, 74.05 W
2025/02/16 20:15:28.574, 74.05 W
2025/02/16 20:15:28.585, 74.05 W
2025/02/16 20:15:28.595, 74.05 W
2025/02/16 20:15:28.605, 74.05 W
2025/02/16 20:15:28.615, 74.05 W
2025/02/16 20:15:28.625, 74.05 W
2025/02/16 20:15:28.635, 74.05 W
2025/02/16 20:15:28.645, 74.05 W
2025/02/16 20:15:28.655, 74.05 W
2025/02/16 20:15:28.665, 74.05 W
2025/02/16 20:15:28.675, 74.05 W
2025/02/16 20:15:28.685, 74.05 W
2025/02/16 20:15:28.695, 74.05 W
2025/02/16 20:15:28.705, 74.05 W
2025/02/16 20:15:28.715, 74.05 W
2025/02/16 20:15:28.725, 74.05 W
2025/02/16 20:15:28.735, 74.05 W
2025/02/16 20:15:28.746, 74.05 W
2025/02/16 20:15:28.756, 74.05 W
2025/02/16 20:15:28.766, 74.05 W
2025/02/16 20:15:28.776, 74.05 W
2025/02/16 20:15:28.786, 74.05 W
2025/02/16 20:15:28.796, 74.05 W
2025/02/16 20:15:28.806, 74.05 W
2025/02/16 20:15:28.816, 74.05 W
2025/02/16 20:15:28.826, 74.05 W
2025/02/16 20:15:28.836, 74.05 W
2025/02/16 20:15:28.846, 74.05 W
2025/02/16 20:15:28.856, 74.05 W
2025/02/16 20:15:28.866, 74.05 W
2025/02/16 20:15:28.876, 74.05 W
2025/02/16 20:15:28.886, 74.05 W
2025/02/16 20:15:28.897, 74.05 W
2025/02/16 20:15:28.907, 74.05 W
2025/02/16 20:15:28.917, 74.05 W
2025/02/16 20:15:28.927, 74.05 W
2025/02/16 20:15:28.937, 74.05 W
2025/02/16 20:15:28.947, 74.05 W
2025/02/16 20:15:28.957, 74.05 W
2025/02/16 20:15:28.967, 74.05 W
2025/02/16 20:15:28.977, 74.05 W
2025/02/16 20:15:28.987, 74.05 W
2025/02/16 20:15:28.997, 74.05 W
2025/02/16 20:15:29.007, 74.05 W
2025/02/16 20:15:29.017, 74.05 W
2025/02/16 20:15:29.027, 74.05 W
2025/02/16 20:15:29.037, 74.05 W
2025/02/16 20:15:29.048, 74.05 W
2025/02/16 20:15:29.058, 74.05 W
2025/02/16 20:15:29.068, 74.05 W
2025/02/16 20:15:29.078, 74.05 W
2025/02/16 20:15:29.088, 74.05 W
2025/02/16 20:15:29.098, 74.05 W
2025/02/16 20:15:29.108, 74.05 W
2025/02/16 20:15:29.118, 74.05 W
2025/02/16 20:15:29.128, 74.05 W
2025/02/16 20:15:29.138, 74.05 W
2025/02/16 20:15:29.148, 74.05 W
2025/02/16 20:15:29.158, 74.05 W
2025/02/16 20:15:29.168, 74.05 W
2025/02/16 20:15:29.178, 74.05 W
2025/02/16 20:15:29.188, 74.05 W
2025/02/16 20:15:29.198, 74.05 W
2025/02/16 20:15:29.209, 74.05 W
2025/02/16 20:15:29.219, 73.76 W
2025/02/16 20:15:29.229, 73.76 W
2025/02/16 20:15:29.239, 73.76 W
2025/02/16 20:15:29.249, 73.76 W
2025/02/16 20:15:29.259, 73.76 W
2025/02/16 20:15:29.269, 73.76 W
2025/02/16 20:15:29.279, 73.76 W
2025/02/16 20:15:29.289, 73.76 W
2025/02/16 20:15:29.299, 73.76 W
2025/02/16 20:15:29.309, 73.76 W
2025/02/16 20:15:29.319, 73.76 W
2025/02/16 20:15:29.329, 73.76 W
2025/02/16 20:15:29.339, 74.05 W
2025/02/16 20:15:29.349, 74.05 W
2025/02/16 20:15:29.359, 74.05 W
2025/02/16 20:15:29.370, 74.05 W
2025/02/16 20:15:29.380, 74.05 W
2025/02/16 20:15:29.390, 74.05 W
2025/02/16 20:15:29.400, 74.05 W
2025/02/16 20:15:29.410, 74.05 W
2025/02/16 20:15:29.420, 74.05 W
2025/02/16 20:15:29.430, 74.05 W
2025/02/16 20:15:29.440, 74.05 W
2025/02/16 20:15:29.450, 74.05 W
2025/02/16 20:15:29.460, 74.05 W
2025/02/16 20:15:29.470, 74.05 W
2025/02/16 20:15:29.480, 74.05 W
2025/02/16 20:15:29.490, 74.05 W
2025/02/16 20:15:29.500, 74.05 W
2025/02/16 20:15:29.510, 74.05 W
2025/02/16 20:15:29.521, 74.05 W
2025/02/16 20:15:29.531, 74.05 W
2025/02/16 20:15:29.541, 74.05 W
2025/02/16 20:15:29.551, 74.05 W
2025/02/16 20:15:29.561, 74.05 W
2025/02/16 20:15:29.571, 74.05 W
2025/02/16 20:15:29.581, 74.05 W
2025/02/16 20:15:29.591, 74.05 W
2025/02/16 20:15:29.601, 74.05 W
2025/02/16 20:15:29.611, 74.05 W
2025/02/16 20:15:29.621, 74.05 W
2025/02/16 20:15:29.631, 74.05 W
2025/02/16 20:15:29.641, 74.05 W
2025/02/16 20:15:29.651, 74.05 W
2025/02/16 20:15:29.661, 74.05 W
2025/02/16 20:15:29.671, 74.05 W
2025/02/16 20:15:29.682, 74.05 W
2025/02/16 20:15:29.692, 74.05 W
2025/02/16 20:15:29.702, 74.05 W
2025/02/16 20:15:29.712, 74.05 W
2025/02/16 20:15:29.722, 74.05 W
2025/02/16 20:15:29.732, 74.05 W
2025/02/16 20:15:29.742, 74.05 W
2025/02/16 20:15:29.752, 74.05 W
2025/02/16 20:15:29.762, 74.05 W
2025/02/16 20:15:29.772, 74.05 W
2025/02/16 20:15:29.782, 74.05 W
2025/02/16 20:15:29.792, 74.05 W
2025/02/16 20:15:29.802, 74.05 W
2025/02/16 20:15:29.812, 74.05 W
2025/02/16 20:15:29.822, 74.05 W
2025/02/16 20:15:29.833, 74.05 W
2025/02/16 20:15:29.843, 74.05 W
2025/02/16 20:15:29.853, 74.05 W
2025/02/16 20:15:29.863, 74.05 W
2025/02/16 20:15:29.873, 74.05 W
2025/02/16 20:15:29.883, 74.05 W
2025/02/16 20:15:29.893, 74.05 W
2025/02/16 20:15:29.903, 74.05 W
2025/02/16 20:15:29.913, 74.05 W
2025/02/16 20:15:29.923, 74.05 W
2025/02/16 20:15:29.933, 74.05 W
2025/02/16 20:15:29.943, 74.05 W
2025/02/16 20:15:29.953, 74.05 W
2025/02/16 20:15:29.963, 74.05 W
2025/02/16 20:15:29.973, 74.05 W
2025/02/16 20:15:29.983, 74.05 W
2025/02/16 20:15:29.994, 74.05 W
2025/02/16 20:15:30.004, 74.05 W
2025/02/16 20:15:30.014, 74.05 W
2025/02/16 20:15:30.024, 74.05 W
2025/02/16 20:15:30.034, 74.05 W
2025/02/16 20:15:30.044, 74.05 W
2025/02/16 20:15:30.054, 74.05 W
2025/02/16 20:15:30.064, 74.05 W
2025/02/16 20:15:30.074, 74.05 W
2025/02/16 20:15:30.084, 74.05 W
2025/02/16 20:15:30.094, 74.05 W
2025/02/16 20:15:30.104, 74.05 W
2025/02/16 20:15:30.114, 74.05 W
2025/02/16 20:15:30.124, 74.05 W
2025/02/16 20:15:30.134, 74.05 W
2025/02/16 20:15:30.145, 74.05 W
2025/02/16 20:15:30.155, 74.05 W
2025/02/16 20:15:30.165, 74.05 W
2025/02/16 20:15:30.175, 74.05 W
2025/02/16 20:15:30.185, 74.05 W
2025/02/16 20:15:30.195, 74.05 W
2025/02/16 20:15:30.205, 74.05 W
2025/02/16 20:15:30.215, 74.05 W
2025/02/16 20:15:30.225, 74.05 W
2025/02/16 20:15:30.235, 74.05 W
2025/02/16 20:15:30.245, 74.05 W
2025/02/16 20:15:30.255, 74.05 W
2025/02/16 20:15:30.265, 74.05 W
2025/02/16 20:15:30.275, 74.05 W
2025/02/16 20:15:30.285, 74.05 W
2025/02/16 20:15:30.295, 74.05 W
2025/02/16 20:15:30.306, 74.05 W
2025/02/16 20:15:30.316, 74.05 W
2025/02/16 20:15:30.326, 74.05 W
2025/02/16 20:15:30.336, 74.05 W
2025/02/16 20:15:30.346, 74.05 W
2025/02/16 20:15:30.356, 74.05 W
2025/02/16 20:15:30.366, 74.05 W
2025/02/16 20:15:30.376, 74.05 W
2025/02/16 20:15:30.386, 74.05 W
2025/02/16 20:15:30.396, 74.05 W
2025/02/16 20:15:30.406, 74.05 W
2025/02/16 20:15:30.416, 74.05 W
2025/02/16 20:15:30.426, 74.05 W
2025/02/16 20:15:30.436, 74.05 W
2025/02/16 20:15:30.446, 74.05 W
2025/02/16 20:15:30.457, 74.05 W
2025/02/16 20:15:30.467, 74.05 W
2025/02/16 20:15:30.477, 74.05 W
2025/02/16 20:15:30.487, 74.05 W
2025/02/16 20:15:30.497, 74.05 W
2025/02/16 20:15:30.507, 74.05 W
2025/02/16 20:15:30.517, 74.05 W
2025/02/16 20:15:30.527, 74.05 W
2025/02/16 20:15:30.537, 74.05 W
2025/02/16 20:15:30.547, 74.05 W
2025/02/16 20:15:30.557, 74.05 W
2025/02/16 20:15:30.567, 74.05 W
2025/02/16 20:15:30.577, 74.05 W
2025/02/16 20:15:30.587, 74.05 W
2025/02/16 20:15:30.597, 74.05 W
2025/02/16 20:15:30.608, 74.05 W
2025/02/16 20:15:30.618, 74.05 W
2025/02/16 20:15:30.628, 74.05 W
2025/02/16 20:15:30.638, 74.05 W
2025/02/16 20:15:30.648, 74.05 W
2025/02/16 20:15:30.658, 74.05 W
2025/02/16 20:15:30.668, 74.05 W
2025/02/16 20:15:30.678, 74.05 W
2025/02/16 20:15:30.688, 74.05 W
2025/02/16 20:15:30.698, 74.05 W
2025/02/16 20:15:30.708, 74.05 W
2025/02/16 20:15:30.718, 74.05 W
2025/02/16 20:15:30.728, 74.05 W
2025/02/16 20:15:30.738, 74.05 W
2025/02/16 20:15:30.748, 74.05 W
2025/02/16 20:15:30.758, 74.05 W
2025/02/16 20:15:30.769, 74.05 W
2025/02/16 20:15:30.779, 74.05 W
2025/02/16 20:15:30.789, 74.05 W
2025/02/16 20:15:30.799, 74.05 W
2025/02/16 20:15:30.809, 74.05 W
2025/02/16 20:15:30.819, 74.05 W
2025/02/16 20:15:30.829, 74.05 W
2025/02/16 20:15:30.839, 74.05 W
2025/02/16 20:15:30.849, 74.05 W
2025/02/16 20:15:30.859, 74.05 W
2025/02/16 20:15:30.869, 74.05 W
2025/02/16 20:15:30.879, 74.05 W
2025/02/16 20:15:30.889, 74.05 W
2025/02/16 20:15:30.899, 74.05 W
2025/02/16 20:15:30.909, 74.05 W
2025/02/16 20:15:30.920, 74.05 W
2025/02/16 20:15:30.930, 74.05 W
2025/02/16 20:15:30.940, 74.05 W
2025/02/16 20:15:30.950, 74.05 W
2025/02/16 20:15:30.960, 74.05 W
2025/02/16 20:15:30.970, 74.05 W
2025/02/16 20:15:30.980, 74.05 W
2025/02/16 20:15:30.990, 74.05 W
2025/02/16 20:15:31.000, 74.05 W
2025/02/16 20:15:31.010, 74.05 W
2025/02/16 20:15:31.020, 74.05 W
2025/02/16 20:15:31.030, 74.05 W
2025/02/16 20:15:31.040, 74.05 W
2025/02/16 20:15:31.050, 74.05 W
2025/02/16 20:15:31.060, 74.05 W
2025/02/16 20:15:31.070, 74.05 W
2025/02/16 20:15:31.081, 74.05 W
2025/02/16 20:15:31.091, 74.05 W
2025/02/16 20:15:31.101, 74.05 W
2025/02/16 20:15:31.111, 74.05 W
2025/02/16 20:15:31.121, 74.05 W
2025/02/16 20:15:31.131, 74.05 W
2025/02/16 20:15:31.141, 74.05 W
2025/02/16 20:15:31.151, 74.05 W
2025/02/16 20:15:31.161, 74.05 W
2025/02/16 20:15:31.171, 74.05 W
2025/02/16 20:15:31.181, 74.05 W
2025/02/16 20:15:31.191, 74.05 W
2025/02/16 20:15:31.201, 74.05 W
2025/02/16 20:15:31.211, 74.05 W
2025/02/16 20:15:31.221, 74.05 W
2025/02/16 20:15:31.231, 74.05 W
2025/02/16 20:15:31.242, 74.05 W
2025/02/16 20:15:31.252, 74.05 W
2025/02/16 20:15:31.262, 74.05 W
2025/02/16 20:15:31.272, 74.05 W
2025/02/16 20:15:31.282, 74.05 W
2025/02/16 20:15:31.292, 74.05 W
2025/02/16 20:15:31.302, 74.05 W
2025/02/16 20:15:31.312, 74.05 W
2025/02/16 20:15:31.322, 74.05 W
2025/02/16 20:15:31.332, 74.05 W
2025/02/16 20:15:31.342, 74.05 W
2025/02/16 20:15:31.352, 74.05 W
2025/02/16 20:15:31.362, 74.05 W
2025/02/16 20:15:31.372, 74.05 W
2025/02/16 20:15:31.382, 74.05 W
2025/02/16 20:15:31.393, 74.05 W
2025/02/16 20:15:31.403, 74.05 W
2025/02/16 20:15:31.413, 74.05 W
2025/02/16 20:15:31.423, 74.05 W
2025/02/16 20:15:31.433, 74.05 W
2025/02/16 20:15:31.443, 74.05 W
2025/02/16 20:15:31.453, 74.05 W
2025/02/16 20:15:31.463, 74.05 W
2025/02/16 20:15:31.473, 74.05 W
2025/02/16 20:15:31.483, 74.05 W
2025/02/16 20:15:31.493, 74.05 W
2025/02/16 20:15:31.503, 74.05 W
2025/02/16 20:15:31.513, 74.05 W
2025/02/16 20:15:31.523, 74.05 W
2025/02/16 20:15:31.533, 74.05 W
2025/02/16 20:15:31.544, 74.05 W
2025/02/16 20:15:31.554, 74.05 W
2025/02/16 20:15:31.564, 74.05 W
2025/02/16 20:15:31.574, 74.05 W
2025/02/16 20:15:31.584, 74.05 W
2025/02/16 20:15:31.594, 74.05 W
2025/02/16 20:15:31.604, 74.05 W
2025/02/16 20:15:31.614, 74.05 W
2025/02/16 20:15:31.624, 74.05 W
2025/02/16 20:15:31.634, 74.05 W
2025/02/16 20:15:31.644, 74.05 W
2025/02/16 20:15:31.654, 74.05 W
2025/02/16 20:15:31.664, 74.05 W
2025/02/16 20:15:31.674, 74.05 W
2025/02/16 20:15:31.684, 74.05 W
2025/02/16 20:15:31.694, 74.05 W
2025/02/16 20:15:31.705, 74.05 W
2025/02/16 20:15:31.715, 74.05 W
2025/02/16 20:15:31.725, 74.05 W
2025/02/16 20:15:31.735, 74.05 W
2025/02/16 20:15:31.745, 74.05 W
2025/02/16 20:15:31.755, 74.05 W
2025/02/16 20:15:31.765, 74.05 W
2025/02/16 20:15:31.775, 74.05 W
2025/02/16 20:15:31.785, 74.05 W
2025/02/16 20:15:31.795, 74.05 W
2025/02/16 20:15:31.805, 74.05 W
2025/02/16 20:15:31.815, 74.05 W
2025/02/16 20:15:31.825, 74.05 W
2025/02/16 20:15:31.835, 74.05 W
2025/02/16 20:15:31.845, 74.05 W
2025/02/16 20:15:31.856, 74.05 W
2025/02/16 20:15:31.866, 74.05 W
2025/02/16 20:15:31.876, 74.05 W
2025/02/16 20:15:31.886, 74.05 W
2025/02/16 20:15:31.896, 74.05 W
2025/02/16 20:15:31.906, 74.05 W
2025/02/16 20:15:31.916, 74.05 W
2025/02/16 20:15:31.926, 74.05 W
2025/02/16 20:15:31.936, 74.05 W
2025/02/16 20:15:31.946, 74.05 W
2025/02/16 20:15:31.956, 74.05 W
2025/02/16 20:15:31.966, 74.05 W
2025/02/16 20:15:31.976, 74.05 W
2025/02/16 20:15:31.986, 74.05 W
2025/02/16 20:15:31.996, 74.05 W
2025/02/16 20:15:32.006, 74.05 W
2025/02/16 20:15:32.017, 74.05 W
2025/02/16 20:15:32.027, 74.05 W
2025/02/16 20:15:32.037, 74.05 W
2025/02/16 20:15:32.047, 74.05 W
2025/02/16 20:15:32.057, 74.05 W
2025/02/16 20:15:32.067, 74.05 W
2025/02/16 20:15:32.077, 74.05 W
2025/02/16 20:15:32.087, 74.05 W
2025/02/16 20:15:32.097, 74.05 W
2025/02/16 20:15:32.107, 74.05 W
2025/02/16 20:15:32.117, 74.05 W
2025/02/16 20:15:32.127, 74.05 W
2025/02/16 20:15:32.137, 74.05 W
2025/02/16 20:15:32.147, 74.05 W
2025/02/16 20:15:32.157, 74.05 W
2025/02/16 20:15:32.167, 74.05 W
2025/02/16 20:15:32.178, 74.05 W
2025/02/16 20:15:32.188, 74.05 W
2025/02/16 20:15:32.198, 74.05 W
2025/02/16 20:15:32.208, 74.05 W
2025/02/16 20:15:32.218, 74.05 W
2025/02/16 20:15:32.228, 74.05 W
2025/02/16 20:15:32.238, 74.05 W
2025/02/16 20:15:32.248, 74.05 W
2025/02/16 20:15:32.258, 74.05 W
2025/02/16 20:15:32.268, 74.05 W
2025/02/16 20:15:32.278, 74.05 W
2025/02/16 20:15:32.288, 74.05 W
2025/02/16 20:15:32.298, 74.05 W
2025/02/16 20:15:32.308, 74.05 W
2025/02/16 20:15:32.318, 74.05 W
2025/02/16 20:15:32.329, 74.05 W
2025/02/16 20:15:32.339, 74.05 W
2025/02/16 20:15:32.349, 74.05 W
2025/02/16 20:15:32.359, 74.05 W
2025/02/16 20:15:32.369, 74.05 W
2025/02/16 20:15:32.379, 74.05 W
2025/02/16 20:15:32.389, 74.05 W
2025/02/16 20:15:32.399, 74.05 W
2025/02/16 20:15:32.409, 74.05 W
2025/02/16 20:15:32.419, 74.05 W
2025/02/16 20:15:32.429, 74.05 W
2025/02/16 20:15:32.439, 74.05 W
2025/02/16 20:15:32.449, 74.05 W
2025/02/16 20:15:32.459, 74.05 W
2025/02/16 20:15:32.469, 74.05 W
2025/02/16 20:15:32.480, 74.05 W
2025/02/16 20:15:32.490, 74.05 W
2025/02/16 20:15:32.500, 74.05 W
2025/02/16 20:15:32.510, 74.05 W
2025/02/16 20:15:32.520, 74.05 W
2025/02/16 20:15:32.530, 74.05 W
2025/02/16 20:15:32.540, 74.05 W
2025/02/16 20:15:32.550, 74.05 W
2025/02/16 20:15:32.560, 74.05 W
2025/02/16 20:15:32.570, 74.05 W
2025/02/16 20:15:32.580, 74.05 W
2025/02/16 20:15:32.590, 74.05 W
2025/02/16 20:15:32.600, 74.05 W
2025/02/16 20:15:32.610, 74.05 W
2025/02/16 20:15:32.620, 73.76 W
2025/02/16 20:15:32.630, 73.76 W
2025/02/16 20:15:32.641, 73.76 W
2025/02/16 20:15:32.651, 73.76 W
2025/02/16 20:15:32.661, 73.76 W
2025/02/16 20:15:32.671, 73.76 W
2025/02/16 20:15:32.681, 73.76 W
2025/02/16 20:15:32.691, 73.76 W
2025/02/16 20:15:32.701, 74.05 W
2025/02/16 20:15:32.711, 74.05 W
2025/02/16 20:15:32.721, 74.05 W
2025/02/16 20:15:32.731, 74.05 W
2025/02/16 20:15:32.741, 74.05 W
2025/02/16 20:15:32.751, 74.05 W
2025/02/16 20:15:32.761, 74.05 W
2025/02/16 20:15:32.771, 74.05 W
2025/02/16 20:15:32.781, 74.05 W
2025/02/16 20:15:32.792, 74.05 W
2025/02/16 20:15:32.802, 74.05 W
2025/02/16 20:15:32.812, 74.05 W
2025/02/16 20:15:32.822, 74.05 W
2025/02/16 20:15:32.832, 74.05 W
2025/02/16 20:15:32.842, 74.05 W
2025/02/16 20:15:32.852, 74.05 W
2025/02/16 20:15:32.862, 74.05 W
2025/02/16 20:15:32.872, 74.05 W
2025/02/16 20:15:32.882, 74.05 W
2025/02/16 20:15:32.892, 74.05 W
2025/02/16 20:15:32.902, 73.76 W
2025/02/16 20:15:32.912, 73.76 W
2025/02/16 20:15:32.922, 73.76 W
2025/02/16 20:15:32.932, 73.76 W
2025/02/16 20:15:32.942, 73.76 W
2025/02/16 20:15:32.953, 73.76 W
2025/02/16 20:15:32.963, 73.76 W
2025/02/16 20:15:32.973, 73.76 W
2025/02/16 20:15:32.983, 73.76 W
2025/02/16 20:15:32.993, 73.76 W
2025/02/16 20:15:33.003, 73.76 W
2025/02/16 20:15:33.013, 73.76 W
2025/02/16 20:15:33.023, 74.05 W
2025/02/16 20:15:33.033, 74.05 W
2025/02/16 20:15:33.043, 74.05 W
2025/02/16 20:15:33.053, 74.05 W
2025/02/16 20:15:33.063, 74.05 W
2025/02/16 20:15:33.073, 74.05 W
2025/02/16 20:15:33.083, 74.05 W
2025/02/16 20:15:33.093, 74.05 W
2025/02/16 20:15:33.104, 74.05 W
2025/02/16 20:15:33.114, 74.05 W
2025/02/16 20:15:33.124, 74.05 W
2025/02/16 20:15:33.134, 74.05 W
2025/02/16 20:15:33.144, 74.05 W
2025/02/16 20:15:33.154, 74.05 W
2025/02/16 20:15:33.164, 74.05 W
2025/02/16 20:15:33.174, 74.05 W
2025/02/16 20:15:33.184, 74.05 W
2025/02/16 20:15:33.194, 74.05 W
2025/02/16 20:15:33.204, 74.05 W
2025/02/16 20:15:33.214, 74.05 W
2025/02/16 20:15:33.224, 74.05 W
2025/02/16 20:15:33.234, 74.05 W
2025/02/16 20:15:33.244, 74.05 W
2025/02/16 20:15:33.255, 74.05 W
2025/02/16 20:15:33.265, 74.05 W
2025/02/16 20:15:33.275, 74.05 W
2025/02/16 20:15:33.285, 74.05 W
2025/02/16 20:15:33.295, 74.05 W
2025/02/16 20:15:33.305, 74.05 W
2025/02/16 20:15:33.315, 74.05 W
2025/02/16 20:15:33.325, 74.05 W
2025/02/16 20:15:33.335, 74.05 W
2025/02/16 20:15:33.345, 74.05 W
2025/02/16 20:15:33.355, 74.05 W
2025/02/16 20:15:33.365, 74.05 W
2025/02/16 20:15:33.375, 74.05 W
2025/02/16 20:15:33.385, 74.05 W
2025/02/16 20:15:33.395, 74.05 W
2025/02/16 20:15:33.405, 74.05 W
2025/02/16 20:15:33.416, 74.05 W
2025/02/16 20:15:33.426, 74.05 W
2025/02/16 20:15:33.436, 74.05 W
2025/02/16 20:15:33.446, 74.05 W
2025/02/16 20:15:33.456, 74.05 W
2025/02/16 20:15:33.466, 74.05 W
2025/02/16 20:15:33.476, 74.05 W
2025/02/16 20:15:33.486, 74.05 W
2025/02/16 20:15:33.496, 74.05 W
2025/02/16 20:15:33.506, 74.05 W
2025/02/16 20:15:33.516, 74.05 W
2025/02/16 20:15:33.526, 74.05 W
2025/02/16 20:15:33.536, 74.05 W
2025/02/16 20:15:33.546, 74.05 W
2025/02/16 20:15:33.556, 74.05 W
2025/02/16 20:15:33.567, 74.05 W
2025/02/16 20:15:33.577, 74.05 W
2025/02/16 20:15:33.587, 74.05 W
2025/02/16 20:15:33.597, 74.05 W
2025/02/16 20:15:33.607, 74.05 W
2025/02/16 20:15:33.617, 74.05 W
2025/02/16 20:15:33.627, 74.05 W
2025/02/16 20:15:33.637, 73.76 W
2025/02/16 20:15:33.647, 73.76 W
2025/02/16 20:15:33.657, 73.76 W
2025/02/16 20:15:33.667, 73.76 W
2025/02/16 20:15:33.677, 73.76 W
2025/02/16 20:15:33.687, 73.76 W
2025/02/16 20:15:33.697, 73.76 W
2025/02/16 20:15:33.707, 73.76 W
2025/02/16 20:15:33.717, 73.76 W
2025/02/16 20:15:33.728, 73.76 W
2025/02/16 20:15:33.738, 73.76 W
2025/02/16 20:15:33.748, 73.76 W
2025/02/16 20:15:33.758, 73.76 W
2025/02/16 20:15:33.768, 73.76 W
2025/02/16 20:15:33.778, 73.76 W
2025/02/16 20:15:33.788, 73.76 W
2025/02/16 20:15:33.798, 73.76 W
2025/02/16 20:15:33.808, 73.76 W
2025/02/16 20:15:33.818, 73.76 W
2025/02/16 20:15:33.828, 73.76 W
2025/02/16 20:15:33.838, 73.76 W
2025/02/16 20:15:33.848, 74.05 W
2025/02/16 20:15:33.858, 74.05 W
2025/02/16 20:15:33.868, 74.05 W
2025/02/16 20:15:33.878, 74.05 W
2025/02/16 20:15:33.889, 74.05 W
2025/02/16 20:15:33.899, 74.05 W
2025/02/16 20:15:33.909, 74.05 W
2025/02/16 20:15:33.919, 74.05 W
2025/02/16 20:15:33.929, 74.05 W
2025/02/16 20:15:33.939, 74.05 W
2025/02/16 20:15:33.949, 74.05 W
2025/02/16 20:15:33.959, 74.05 W
2025/02/16 20:15:33.969, 74.05 W
2025/02/16 20:15:33.979, 74.05 W
2025/02/16 20:15:33.989, 74.05 W
2025/02/16 20:15:33.999, 74.05 W
2025/02/16 20:15:34.009, 74.05 W
2025/02/16 20:15:34.019, 74.05 W
2025/02/16 20:15:34.029, 74.05 W
2025/02/16 20:15:34.040, 74.05 W
2025/02/16 20:15:34.050, 74.05 W
2025/02/16 20:15:34.060, 74.05 W
2025/02/16 20:15:34.070, 74.05 W
2025/02/16 20:15:34.080, 74.05 W
2025/02/16 20:15:34.090, 74.05 W
2025/02/16 20:15:34.100, 74.05 W
2025/02/16 20:15:34.110, 74.05 W
2025/02/16 20:15:34.120, 74.05 W
2025/02/16 20:15:34.130, 74.05 W
2025/02/16 20:15:34.140, 74.05 W
2025/02/16 20:15:34.150, 74.05 W
2025/02/16 20:15:34.160, 74.05 W
2025/02/16 20:15:34.170, 74.05 W
2025/02/16 20:15:34.180, 74.05 W
2025/02/16 20:15:34.191, 74.05 W
2025/02/16 20:15:34.201, 74.05 W
2025/02/16 20:15:34.211, 74.05 W
2025/02/16 20:15:34.221, 74.05 W
2025/02/16 20:15:34.231, 74.05 W
2025/02/16 20:15:34.241, 74.05 W
2025/02/16 20:15:34.251, 74.05 W
2025/02/16 20:15:34.261, 74.05 W
2025/02/16 20:15:34.271, 74.05 W
2025/02/16 20:15:34.281, 74.05 W
2025/02/16 20:15:34.291, 74.05 W
2025/02/16 20:15:34.301, 74.05 W
2025/02/16 20:15:34.311, 74.05 W
2025/02/16 20:15:34.321, 74.05 W
2025/02/16 20:15:34.331, 74.05 W
2025/02/16 20:15:34.341, 74.05 W
2025/02/16 20:15:34.352, 74.05 W
2025/02/16 20:15:34.362, 74.05 W
2025/02/16 20:15:34.372, 74.05 W
2025/02/16 20:15:34.382, 74.05 W
2025/02/16 20:15:34.392, 74.05 W
2025/02/16 20:15:34.402, 74.05 W
2025/02/16 20:15:34.412, 74.05 W
2025/02/16 20:15:34.422, 74.05 W
2025/02/16 20:15:34.432, 74.05 W
2025/02/16 20:15:34.442, 74.05 W
2025/02/16 20:15:34.452, 74.05 W
2025/02/16 20:15:34.462, 74.05 W
2025/02/16 20:15:34.472, 74.05 W
2025/02/16 20:15:34.482, 74.05 W
2025/02/16 20:15:34.492, 74.05 W
2025/02/16 20:15:34.502, 74.05 W
2025/02/16 20:15:34.513, 74.05 W
2025/02/16 20:15:34.523, 74.05 W
2025/02/16 20:15:34.533, 74.05 W
2025/02/16 20:15:34.543, 74.05 W
2025/02/16 20:15:34.553, 74.05 W
2025/02/16 20:15:34.563, 74.05 W
2025/02/16 20:15:34.573, 74.05 W
2025/02/16 20:15:34.583, 74.05 W
2025/02/16 20:15:34.593, 74.05 W
2025/02/16 20:15:34.603, 74.05 W
2025/02/16 20:15:34.613, 74.05 W
2025/02/16 20:15:34.623, 74.05 W
2025/02/16 20:15:34.633, 74.05 W
2025/02/16 20:15:34.643, 74.05 W
2025/02/16 20:15:34.653, 74.05 W
2025/02/16 20:15:34.664, 74.05 W
2025/02/16 20:15:34.674, 74.05 W
2025/02/16 20:15:34.684, 74.05 W
2025/02/16 20:15:34.694, 74.05 W
2025/02/16 20:15:34.704, 74.05 W
2025/02/16 20:15:34.714, 74.05 W
2025/02/16 20:15:34.724, 74.05 W
2025/02/16 20:15:34.734, 74.05 W
2025/02/16 20:15:34.744, 74.05 W
2025/02/16 20:15:34.754, 74.05 W
2025/02/16 20:15:34.764, 74.05 W
2025/02/16 20:15:34.774, 74.05 W
2025/02/16 20:15:34.784, 74.05 W
2025/02/16 20:15:34.794, 74.05 W
2025/02/16 20:15:34.804, 74.05 W
2025/02/16 20:15:34.814, 74.05 W
2025/02/16 20:15:34.825, 74.05 W
2025/02/16 20:15:34.835, 74.05 W
2025/02/16 20:15:34.845, 74.05 W
2025/02/16 20:15:34.855, 74.05 W
2025/02/16 20:15:34.865, 73.76 W
2025/02/16 20:15:34.875, 73.76 W
2025/02/16 20:15:34.885, 73.76 W
2025/02/16 20:15:34.895, 73.76 W
2025/02/16 20:15:34.905, 73.76 W
2025/02/16 20:15:34.915, 73.76 W
2025/02/16 20:15:34.925, 73.76 W
2025/02/16 20:15:34.935, 73.76 W
2025/02/16 20:15:34.945, 73.76 W
2025/02/16 20:15:34.955, 74.05 W
2025/02/16 20:15:34.965, 74.05 W
2025/02/16 20:15:34.976, 74.05 W
2025/02/16 20:15:34.986, 74.05 W
2025/02/16 20:15:34.996, 74.05 W
2025/02/16 20:15:35.006, 74.05 W
2025/02/16 20:15:35.016, 74.05 W
2025/02/16 20:15:35.026, 74.05 W
2025/02/16 20:15:35.036, 74.05 W
2025/02/16 20:15:35.046, 74.05 W
2025/02/16 20:15:35.056, 74.05 W
2025/02/16 20:15:35.066, 74.05 W
2025/02/16 20:15:35.076, 74.05 W
2025/02/16 20:15:35.086, 74.05 W
2025/02/16 20:15:35.096, 74.05 W
2025/02/16 20:15:35.106, 74.05 W
2025/02/16 20:15:35.116, 74.05 W
2025/02/16 20:15:35.126, 74.05 W
2025/02/16 20:15:35.137, 74.05 W
2025/02/16 20:15:35.147, 74.05 W
2025/02/16 20:15:35.157, 74.05 W
2025/02/16 20:15:35.167, 74.05 W
2025/02/16 20:15:35.177, 74.05 W
2025/02/16 20:15:35.187, 74.05 W
2025/02/16 20:15:35.197, 74.05 W
2025/02/16 20:15:35.207, 74.05 W
2025/02/16 20:15:35.217, 74.05 W
2025/02/16 20:15:35.227, 74.05 W
2025/02/16 20:15:35.237, 74.05 W
2025/02/16 20:15:35.247, 74.05 W
2025/02/16 20:15:35.257, 74.05 W
2025/02/16 20:15:35.267, 74.05 W
2025/02/16 20:15:35.277, 74.05 W
2025/02/16 20:15:35.288, 74.05 W
2025/02/16 20:15:35.298, 74.05 W
2025/02/16 20:15:35.308, 74.05 W
2025/02/16 20:15:35.318, 74.05 W
2025/02/16 20:15:35.328, 74.05 W
2025/02/16 20:15:35.338, 74.05 W
2025/02/16 20:15:35.348, 74.05 W
2025/02/16 20:15:35.358, 74.05 W
2025/02/16 20:15:35.368, 74.05 W
2025/02/16 20:15:35.378, 74.05 W
2025/02/16 20:15:35.388, 74.05 W
2025/02/16 20:15:35.398, 74.05 W
2025/02/16 20:15:35.408, 74.05 W
2025/02/16 20:15:35.418, 74.05 W
2025/02/16 20:15:35.428, 74.05 W
2025/02/16 20:15:35.438, 74.05 W
2025/02/16 20:15:35.449, 74.05 W
2025/02/16 20:15:35.459, 74.05 W
2025/02/16 20:15:35.469, 74.05 W
2025/02/16 20:15:35.479, 74.05 W
2025/02/16 20:15:35.489, 74.05 W
2025/02/16 20:15:35.499, 74.05 W
2025/02/16 20:15:35.509, 74.05 W
2025/02/16 20:15:35.519, 74.05 W
2025/02/16 20:15:35.529, 74.05 W
2025/02/16 20:15:35.539, 74.05 W
2025/02/16 20:15:35.549, 74.05 W
2025/02/16 20:15:35.559, 74.05 W
2025/02/16 20:15:35.569, 74.05 W
2025/02/16 20:15:35.579, 74.05 W
2025/02/16 20:15:35.589, 74.05 W
2025/02/16 20:15:35.599, 74.05 W
2025/02/16 20:15:35.610, 74.05 W
2025/02/16 20:15:35.620, 74.05 W
2025/02/16 20:15:35.630, 74.05 W
2025/02/16 20:15:35.640, 74.05 W
2025/02/16 20:15:35.650, 74.05 W
2025/02/16 20:15:35.660, 74.05 W
2025/02/16 20:15:35.670, 74.05 W
2025/02/16 20:15:35.680, 74.05 W
2025/02/16 20:15:35.690, 73.76 W
2025/02/16 20:15:35.700, 73.76 W
2025/02/16 20:15:35.710, 73.76 W
2025/02/16 20:15:35.720, 73.76 W
2025/02/16 20:15:35.730, 73.76 W
2025/02/16 20:15:35.740, 73.76 W
2025/02/16 20:15:35.750, 73.76 W
2025/02/16 20:15:35.761, 73.76 W
2025/02/16 20:15:35.771, 73.76 W
2025/02/16 20:15:35.781, 73.76 W
2025/02/16 20:15:35.791, 73.76 W
2025/02/16 20:15:35.801, 73.76 W
2025/02/16 20:15:35.811, 73.76 W
2025/02/16 20:15:35.821, 73.76 W
2025/02/16 20:15:35.831, 73.76 W
2025/02/16 20:15:35.841, 73.76 W
2025/02/16 20:15:35.851, 73.76 W
2025/02/16 20:15:35.861, 73.76 W
2025/02/16 20:15:35.871, 73.76 W
2025/02/16 20:15:35.881, 73.76 W
2025/02/16 20:15:35.891, 74.05 W
2025/02/16 20:15:35.901, 74.05 W
2025/02/16 20:15:35.912, 74.05 W
2025/02/16 20:15:35.922, 74.05 W
2025/02/16 20:15:35.932, 74.05 W
2025/02/16 20:15:35.942, 74.05 W
2025/02/16 20:15:35.952, 74.05 W
2025/02/16 20:15:35.962, 74.05 W
2025/02/16 20:15:35.972, 74.05 W
2025/02/16 20:15:35.982, 74.05 W
2025/02/16 20:15:35.992, 74.05 W
2025/02/16 20:15:36.002, 74.05 W
2025/02/16 20:15:36.012, 74.05 W
2025/02/16 20:15:36.022, 74.05 W
2025/02/16 20:15:36.032, 74.05 W
2025/02/16 20:15:36.042, 74.05 W
2025/02/16 20:15:36.052, 74.05 W
2025/02/16 20:15:36.062, 74.05 W
2025/02/16 20:15:36.073, 74.05 W
2025/02/16 20:15:36.083, 74.05 W
2025/02/16 20:15:36.093, 74.05 W
2025/02/16 20:15:36.103, 74.05 W
2025/02/16 20:15:36.113, 74.05 W
2025/02/16 20:15:36.123, 74.05 W
2025/02/16 20:15:36.133, 74.05 W
2025/02/16 20:15:36.143, 74.05 W
2025/02/16 20:15:36.153, 74.05 W
2025/02/16 20:15:36.163, 74.05 W
2025/02/16 20:15:36.173, 74.05 W
2025/02/16 20:15:36.183, 74.05 W
2025/02/16 20:15:36.193, 74.05 W
2025/02/16 20:15:36.203, 74.05 W
2025/02/16 20:15:36.213, 74.05 W
2025/02/16 20:15:36.223, 74.05 W
2025/02/16 20:15:36.234, 74.05 W
2025/02/16 20:15:36.244, 74.05 W
2025/02/16 20:15:36.254, 74.05 W
2025/02/16 20:15:36.264, 74.05 W
2025/02/16 20:15:36.274, 74.05 W
2025/02/16 20:15:36.284, 74.05 W
2025/02/16 20:15:36.294, 74.05 W
2025/02/16 20:15:36.304, 74.05 W
2025/02/16 20:15:36.314, 74.05 W
2025/02/16 20:15:36.324, 74.05 W
2025/02/16 20:15:36.334, 74.05 W
2025/02/16 20:15:36.344, 74.05 W
2025/02/16 20:15:36.354, 74.05 W
2025/02/16 20:15:36.364, 74.05 W
2025/02/16 20:15:36.374, 74.05 W
2025/02/16 20:15:36.385, 74.05 W
2025/02/16 20:15:36.395, 74.05 W
2025/02/16 20:15:36.405, 74.05 W
2025/02/16 20:15:36.415, 74.05 W
2025/02/16 20:15:36.425, 74.05 W
2025/02/16 20:15:36.435, 74.05 W
2025/02/16 20:15:36.445, 74.05 W
2025/02/16 20:15:36.455, 74.05 W
2025/02/16 20:15:36.465, 74.05 W
2025/02/16 20:15:36.475, 74.05 W
2025/02/16 20:15:36.485, 74.05 W
2025/02/16 20:15:36.495, 74.05 W
2025/02/16 20:15:36.505, 74.05 W
2025/02/16 20:15:36.515, 74.05 W
2025/02/16 20:15:36.525, 74.05 W
2025/02/16 20:15:36.535, 74.05 W
2025/02/16 20:15:36.546, 74.05 W
2025/02/16 20:15:36.556, 74.05 W
2025/02/16 20:15:36.566, 74.05 W
2025/02/16 20:15:36.576, 74.05 W
2025/02/16 20:15:36.586, 74.05 W
2025/02/16 20:15:36.596, 74.05 W
2025/02/16 20:15:36.606, 74.05 W
2025/02/16 20:15:36.616, 74.05 W
2025/02/16 20:15:36.626, 74.05 W
2025/02/16 20:15:36.636, 74.05 W
2025/02/16 20:15:36.646, 74.05 W
2025/02/16 20:15:36.656, 74.05 W
2025/02/16 20:15:36.666, 74.05 W
2025/02/16 20:15:36.676, 74.05 W
2025/02/16 20:15:36.686, 74.05 W
2025/02/16 20:15:36.696, 74.05 W
2025/02/16 20:15:36.707, 74.05 W
2025/02/16 20:15:36.717, 74.05 W
2025/02/16 20:15:36.727, 74.05 W
2025/02/16 20:15:36.737, 74.05 W
2025/02/16 20:15:36.747, 74.05 W
2025/02/16 20:15:36.757, 74.05 W
2025/02/16 20:15:36.767, 74.05 W
2025/02/16 20:15:36.777, 74.05 W
2025/02/16 20:15:36.787, 74.05 W
2025/02/16 20:15:36.797, 74.05 W
2025/02/16 20:15:36.807, 74.05 W
2025/02/16 20:15:36.817, 74.05 W
2025/02/16 20:15:36.827, 74.05 W
2025/02/16 20:15:36.837, 74.05 W
2025/02/16 20:15:36.848, 74.05 W
2025/02/16 20:15:36.858, 74.05 W
2025/02/16 20:15:36.868, 74.05 W
2025/02/16 20:15:36.878, 74.05 W
2025/02/16 20:15:36.888, 74.05 W
2025/02/16 20:15:36.898, 74.05 W
2025/02/16 20:15:36.908, 74.05 W
2025/02/16 20:15:36.918, 74.05 W
2025/02/16 20:15:36.928, 74.05 W
2025/02/16 20:15:36.938, 74.05 W
2025/02/16 20:15:36.948, 74.05 W
2025/02/16 20:15:36.958, 74.05 W
2025/02/16 20:15:36.968, 74.05 W
2025/02/16 20:15:36.978, 74.05 W
2025/02/16 20:15:36.988, 74.05 W
2025/02/16 20:15:36.999, 74.05 W
2025/02/16 20:15:37.009, 74.05 W
2025/02/16 20:15:37.019, 74.05 W
2025/02/16 20:15:37.029, 74.05 W
2025/02/16 20:15:37.039, 74.05 W
2025/02/16 20:15:37.049, 74.05 W
2025/02/16 20:15:37.059, 74.05 W
2025/02/16 20:15:37.069, 74.05 W
2025/02/16 20:15:37.079, 74.05 W
2025/02/16 20:15:37.089, 74.05 W
2025/02/16 20:15:37.099, 74.05 W
2025/02/16 20:15:37.109, 74.05 W
2025/02/16 20:15:37.119, 74.05 W
2025/02/16 20:15:37.129, 74.05 W
2025/02/16 20:15:37.139, 74.05 W
2025/02/16 20:15:37.150, 74.05 W
2025/02/16 20:15:37.160, 74.05 W
2025/02/16 20:15:37.170, 74.05 W
2025/02/16 20:15:37.180, 74.05 W
2025/02/16 20:15:37.190, 74.05 W
2025/02/16 20:15:37.200, 74.05 W
2025/02/16 20:15:37.210, 74.05 W
2025/02/16 20:15:37.220, 74.05 W
2025/02/16 20:15:37.230, 74.05 W
2025/02/16 20:15:37.240, 74.05 W
2025/02/16 20:15:37.250, 74.05 W
2025/02/16 20:15:37.260, 74.05 W
2025/02/16 20:15:37.270, 74.05 W
2025/02/16 20:15:37.280, 74.05 W
2025/02/16 20:15:37.290, 74.05 W
2025/02/16 20:15:37.300, 74.05 W
2025/02/16 20:15:37.311, 74.05 W
2025/02/16 20:15:37.321, 74.05 W
2025/02/16 20:15:37.331, 74.05 W
2025/02/16 20:15:37.341, 74.05 W
2025/02/16 20:15:37.351, 74.05 W
2025/02/16 20:15:37.361, 74.05 W
2025/02/16 20:15:37.371, 74.05 W
2025/02/16 20:15:37.381, 74.05 W
2025/02/16 20:15:37.391, 74.05 W
2025/02/16 20:15:37.401, 74.05 W
2025/02/16 20:15:37.411, 74.05 W
2025/02/16 20:15:37.421, 74.05 W
2025/02/16 20:15:37.431, 74.05 W
2025/02/16 20:15:37.441, 74.05 W
2025/02/16 20:15:37.451, 74.05 W
2025/02/16 20:15:37.461, 74.05 W
2025/02/16 20:15:37.472, 74.05 W
2025/02/16 20:15:37.482, 74.05 W
2025/02/16 20:15:37.492, 74.05 W
2025/02/16 20:15:37.502, 74.05 W
2025/02/16 20:15:37.512, 74.05 W
2025/02/16 20:15:37.522, 74.05 W
2025/02/16 20:15:37.532, 74.05 W
2025/02/16 20:15:37.542, 74.05 W
2025/02/16 20:15:37.552, 74.05 W
2025/02/16 20:15:37.562, 74.05 W
2025/02/16 20:15:37.572, 74.05 W
2025/02/16 20:15:37.582, 74.05 W
2025/02/16 20:15:37.592, 74.05 W
2025/02/16 20:15:37.602, 74.05 W
2025/02/16 20:15:37.612, 74.05 W
2025/02/16 20:15:37.623, 74.05 W
2025/02/16 20:15:37.633, 74.05 W
2025/02/16 20:15:37.643, 74.05 W
2025/02/16 20:15:37.653, 74.05 W
2025/02/16 20:15:37.663, 74.05 W
2025/02/16 20:15:37.673, 74.05 W
2025/02/16 20:15:37.683, 74.05 W
2025/02/16 20:15:37.693, 74.05 W
2025/02/16 20:15:37.703, 74.05 W
2025/02/16 20:15:37.713, 74.05 W
2025/02/16 20:15:37.723, 74.05 W
2025/02/16 20:15:37.733, 74.05 W
2025/02/16 20:15:37.743, 74.05 W
2025/02/16 20:15:37.753, 74.05 W
2025/02/16 20:15:37.763, 74.05 W
2025/02/16 20:15:37.773, 74.05 W
2025/02/16 20:15:37.784, 74.05 W
2025/02/16 20:15:37.794, 74.05 W
2025/02/16 20:15:37.804, 74.05 W
2025/02/16 20:15:37.814, 74.05 W
2025/02/16 20:15:37.824, 74.05 W
2025/02/16 20:15:37.834, 74.05 W
2025/02/16 20:15:37.844, 74.05 W
2025/02/16 20:15:37.854, 74.05 W
2025/02/16 20:15:37.864, 74.05 W
2025/02/16 20:15:37.874, 74.05 W
2025/02/16 20:15:37.884, 74.05 W
2025/02/16 20:15:37.894, 74.05 W
2025/02/16 20:15:37.904, 74.05 W
2025/02/16 20:15:37.914, 74.05 W
2025/02/16 20:15:37.924, 74.05 W
2025/02/16 20:15:37.935, 74.05 W
2025/02/16 20:15:37.945, 74.05 W
2025/02/16 20:15:37.955, 74.05 W
2025/02/16 20:15:37.965, 74.05 W
2025/02/16 20:15:37.975, 74.05 W
2025/02/16 20:15:37.985, 74.05 W
2025/02/16 20:15:37.995, 74.05 W
2025/02/16 20:15:38.005, 74.05 W
2025/02/16 20:15:38.015, 74.05 W
2025/02/16 20:15:38.025, 73.76 W
2025/02/16 20:15:38.035, 73.76 W
2025/02/16 20:15:38.045, 73.76 W
2025/02/16 20:15:38.055, 73.76 W
2025/02/16 20:15:38.065, 73.76 W
2025/02/16 20:15:38.075, 73.76 W
2025/02/16 20:15:38.085, 73.76 W
2025/02/16 20:15:38.096, 73.76 W
2025/02/16 20:15:38.106, 73.76 W
2025/02/16 20:15:38.116, 73.76 W
2025/02/16 20:15:38.126, 73.76 W
2025/02/16 20:15:38.136, 73.76 W
2025/02/16 20:15:38.146, 74.05 W
2025/02/16 20:15:38.156, 74.05 W
2025/02/16 20:15:38.166, 74.05 W
2025/02/16 20:15:38.176, 74.05 W
2025/02/16 20:15:38.186, 74.05 W
2025/02/16 20:15:38.196, 74.05 W
2025/02/16 20:15:38.206, 74.05 W
2025/02/16 20:15:38.216, 74.05 W
2025/02/16 20:15:38.226, 74.05 W
2025/02/16 20:15:38.236, 74.05 W
2025/02/16 20:15:38.246, 74.05 W
2025/02/16 20:15:38.257, 74.05 W
2025/02/16 20:15:38.267, 74.05 W
2025/02/16 20:15:38.277, 74.05 W
2025/02/16 20:15:38.287, 74.05 W
2025/02/16 20:15:38.297, 74.05 W
2025/02/16 20:15:38.307, 74.05 W
2025/02/16 20:15:38.317, 74.05 W
2025/02/16 20:15:38.327, 74.05 W
2025/02/16 20:15:38.337, 74.05 W
2025/02/16 20:15:38.347, 74.05 W
2025/02/16 20:15:38.357, 74.05 W
2025/02/16 20:15:38.367, 74.05 W
2025/02/16 20:15:38.377, 74.05 W
2025/02/16 20:15:38.387, 74.05 W
2025/02/16 20:15:38.397, 74.05 W
2025/02/16 20:15:38.408, 74.05 W
2025/02/16 20:15:38.418, 74.05 W
2025/02/16 20:15:38.428, 74.05 W
2025/02/16 20:15:38.438, 74.05 W
2025/02/16 20:15:38.448, 74.05 W
2025/02/16 20:15:38.458, 74.05 W
2025/02/16 20:15:38.468, 74.05 W
2025/02/16 20:15:38.478, 74.05 W
2025/02/16 20:15:38.488, 74.05 W
2025/02/16 20:15:38.498, 74.05 W
2025/02/16 20:15:38.508, 74.05 W
2025/02/16 20:15:38.518, 74.05 W
2025/02/16 20:15:38.528, 74.05 W
2025/02/16 20:15:38.538, 74.05 W
2025/02/16 20:15:38.548, 74.05 W
2025/02/16 20:15:38.559, 74.05 W
2025/02/16 20:15:38.569, 74.05 W
2025/02/16 20:15:38.579, 74.05 W
2025/02/16 20:15:38.589, 74.05 W
2025/02/16 20:15:38.599, 74.05 W
2025/02/16 20:15:38.609, 74.05 W
2025/02/16 20:15:38.619, 74.05 W
2025/02/16 20:15:38.629, 74.05 W
2025/02/16 20:15:38.639, 74.05 W
2025/02/16 20:15:38.649, 74.05 W
2025/02/16 20:15:38.659, 74.05 W
2025/02/16 20:15:38.669, 74.05 W
2025/02/16 20:15:38.679, 74.05 W
2025/02/16 20:15:38.689, 74.05 W
2025/02/16 20:15:38.699, 74.05 W
2025/02/16 20:15:38.710, 74.05 W
2025/02/16 20:15:38.720, 74.05 W
2025/02/16 20:15:38.730, 74.05 W
2025/02/16 20:15:38.740, 74.05 W
2025/02/16 20:15:38.750, 74.05 W
2025/02/16 20:15:38.760, 74.05 W
2025/02/16 20:15:38.770, 74.05 W
2025/02/16 20:15:38.780, 74.05 W
2025/02/16 20:15:38.790, 74.05 W
2025/02/16 20:15:38.800, 74.05 W
2025/02/16 20:15:38.810, 74.05 W
2025/02/16 20:15:38.820, 74.05 W
2025/02/16 20:15:38.830, 74.05 W
2025/02/16 20:15:38.840, 74.05 W
2025/02/16 20:15:38.850, 74.05 W
2025/02/16 20:15:38.860, 74.05 W
2025/02/16 20:15:38.871, 74.05 W
2025/02/16 20:15:38.881, 74.05 W
2025/02/16 20:15:38.891, 74.05 W
2025/02/16 20:15:38.901, 74.05 W
2025/02/16 20:15:38.911, 74.05 W
2025/02/16 20:15:38.921, 74.05 W
2025/02/16 20:15:38.931, 74.05 W
2025/02/16 20:15:38.941, 74.05 W
2025/02/16 20:15:38.951, 74.05 W
2025/02/16 20:15:38.961, 74.05 W
2025/02/16 20:15:38.971, 74.05 W
2025/02/16 20:15:38.981, 74.05 W
2025/02/16 20:15:38.991, 74.05 W
2025/02/16 20:15:39.001, 74.05 W
2025/02/16 20:15:39.011, 74.05 W
2025/02/16 20:15:39.021, 74.05 W
2025/02/16 20:15:39.032, 74.05 W
2025/02/16 20:15:39.042, 74.05 W
2025/02/16 20:15:39.052, 74.05 W
2025/02/16 20:15:39.062, 74.05 W
2025/02/16 20:15:39.072, 74.05 W
2025/02/16 20:15:39.082, 74.05 W
2025/02/16 20:15:39.092, 74.05 W
2025/02/16 20:15:39.102, 74.05 W
2025/02/16 20:15:39.112, 74.05 W
2025/02/16 20:15:39.122, 74.05 W
2025/02/16 20:15:39.132, 74.05 W
2025/02/16 20:15:39.142, 74.05 W
2025/02/16 20:15:39.152, 74.05 W
2025/02/16 20:15:39.162, 74.05 W
2025/02/16 20:15:39.172, 74.05 W
2025/02/16 20:15:39.183, 74.05 W
2025/02/16 20:15:39.193, 74.05 W
2025/02/16 20:15:39.203, 74.05 W
2025/02/16 20:15:39.213, 74.05 W
2025/02/16 20:15:39.223, 74.05 W
2025/02/16 20:15:39.233, 74.05 W
2025/02/16 20:15:39.243, 74.05 W
2025/02/16 20:15:39.253, 74.05 W
2025/02/16 20:15:39.263, 74.05 W
2025/02/16 20:15:39.273, 74.05 W
2025/02/16 20:15:39.283, 74.05 W
2025/02/16 20:15:39.293, 74.05 W
2025/02/16 20:15:39.303, 74.05 W
2025/02/16 20:15:39.313, 74.05 W
2025/02/16 20:15:39.323, 74.05 W
2025/02/16 20:15:39.333, 74.05 W
2025/02/16 20:15:39.344, 74.05 W
2025/02/16 20:15:39.354, 74.05 W
2025/02/16 20:15:39.364, 74.05 W
2025/02/16 20:15:39.374, 74.05 W
2025/02/16 20:15:39.384, 74.05 W
2025/02/16 20:15:39.394, 74.05 W
2025/02/16 20:15:39.404, 74.05 W
2025/02/16 20:15:39.414, 74.05 W
2025/02/16 20:15:39.424, 74.05 W
2025/02/16 20:15:39.434, 74.05 W
2025/02/16 20:15:39.444, 74.05 W
2025/02/16 20:15:39.454, 74.05 W
2025/02/16 20:15:39.464, 74.05 W
2025/02/16 20:15:39.474, 74.05 W
2025/02/16 20:15:39.484, 74.05 W
2025/02/16 20:15:39.495, 74.05 W
2025/02/16 20:15:39.505, 74.05 W
2025/02/16 20:15:39.515, 74.05 W
2025/02/16 20:15:39.525, 74.05 W
2025/02/16 20:15:39.535, 74.05 W
2025/02/16 20:15:39.545, 74.05 W
2025/02/16 20:15:39.555, 74.05 W
2025/02/16 20:15:39.565, 74.05 W
2025/02/16 20:15:39.575, 74.05 W
2025/02/16 20:15:39.585, 74.05 W
2025/02/16 20:15:39.595, 74.05 W
2025/02/16 20:15:39.605, 74.05 W
2025/02/16 20:15:39.615, 74.05 W
2025/02/16 20:15:39.625, 74.05 W
2025/02/16 20:15:39.635, 74.05 W
2025/02/16 20:15:39.646, 74.05 W
2025/02/16 20:15:39.656, 74.05 W
2025/02/16 20:15:39.666, 74.05 W
2025/02/16 20:15:39.676, 74.05 W
2025/02/16 20:15:39.686, 74.05 W
2025/02/16 20:15:39.696, 74.05 W
2025/02/16 20:15:39.706, 74.05 W
2025/02/16 20:15:39.716, 74.05 W
2025/02/16 20:15:39.726, 74.05 W
2025/02/16 20:15:39.736, 74.05 W
2025/02/16 20:15:39.746, 74.05 W
2025/02/16 20:15:39.756, 74.05 W
2025/02/16 20:15:39.766, 74.05 W
2025/02/16 20:15:39.776, 74.05 W
2025/02/16 20:15:39.786, 74.05 W
2025/02/16 20:15:39.796, 74.05 W
2025/02/16 20:15:39.807, 74.05 W
2025/02/16 20:15:39.817, 74.05 W
2025/02/16 20:15:39.827, 74.05 W
2025/02/16 20:15:39.837, 74.05 W
2025/02/16 20:15:39.847, 74.05 W
2025/02/16 20:15:39.857, 74.05 W
2025/02/16 20:15:39.867, 74.05 W
2025/02/16 20:15:39.877, 74.05 W
2025/02/16 20:15:39.887, 74.05 W
2025/02/16 20:15:39.897, 74.05 W
2025/02/16 20:15:39.907, 74.05 W
2025/02/16 20:15:39.917, 74.05 W
2025/02/16 20:15:39.927, 74.05 W
2025/02/16 20:15:39.937, 74.05 W
2025/02/16 20:15:39.947, 74.05 W
2025/02/16 20:15:39.957, 74.05 W
2025/02/16 20:15:39.968, 74.05 W
2025/02/16 20:15:39.978, 74.05 W
2025/02/16 20:15:39.988, 74.05 W
2025/02/16 20:15:39.998, 74.05 W
2025/02/16 20:15:40.008, 74.05 W
2025/02/16 20:15:40.018, 74.05 W
2025/02/16 20:15:40.028, 74.05 W
2025/02/16 20:15:40.038, 74.05 W
2025/02/16 20:15:40.048, 74.05 W
2025/02/16 20:15:40.058, 74.05 W
2025/02/16 20:15:40.068, 74.05 W
2025/02/16 20:15:40.078, 74.05 W
2025/02/16 20:15:40.088, 74.05 W
2025/02/16 20:15:40.098, 74.05 W
2025/02/16 20:15:40.108, 74.05 W
2025/02/16 20:15:40.119, 74.05 W
2025/02/16 20:15:40.129, 74.05 W
2025/02/16 20:15:40.139, 74.05 W
2025/02/16 20:15:40.149, 74.05 W
2025/02/16 20:15:40.159, 74.05 W
2025/02/16 20:15:40.169, 74.05 W
2025/02/16 20:15:40.179, 74.05 W
2025/02/16 20:15:40.189, 74.05 W
2025/02/16 20:15:40.199, 74.05 W
2025/02/16 20:15:40.209, 74.05 W
2025/02/16 20:15:40.219, 74.05 W
2025/02/16 20:15:40.229, 74.05 W
2025/02/16 20:15:40.239, 74.05 W
2025/02/16 20:15:40.249, 74.05 W
2025/02/16 20:15:40.259, 74.05 W
2025/02/16 20:15:40.269, 74.05 W
2025/02/16 20:15:40.280, 74.05 W
2025/02/16 20:15:40.290, 74.05 W
2025/02/16 20:15:40.300, 74.05 W
2025/02/16 20:15:40.310, 74.05 W
2025/02/16 20:15:40.320, 74.05 W
2025/02/16 20:15:40.330, 74.05 W
2025/02/16 20:15:40.340, 74.05 W
2025/02/16 20:15:40.350, 74.05 W
2025/02/16 20:15:40.360, 74.05 W
2025/02/16 20:15:40.370, 74.05 W
2025/02/16 20:15:40.380, 74.05 W
2025/02/16 20:15:40.390, 74.05 W
2025/02/16 20:15:40.400, 74.05 W
2025/02/16 20:15:40.410, 74.05 W
2025/02/16 20:15:40.420, 74.05 W
2025/02/16 20:15:40.431, 74.05 W
2025/02/16 20:15:40.441, 74.05 W
2025/02/16 20:15:40.451, 74.05 W
2025/02/16 20:15:40.461, 74.05 W
2025/02/16 20:15:40.471, 74.05 W
2025/02/16 20:15:40.481, 74.05 W
2025/02/16 20:15:40.491, 74.05 W
2025/02/16 20:15:40.501, 74.05 W
2025/02/16 20:15:40.511, 74.05 W
2025/02/16 20:15:40.521, 74.05 W
2025/02/16 20:15:40.531, 74.05 W
2025/02/16 20:15:40.541, 74.05 W
2025/02/16 20:15:40.551, 74.05 W
2025/02/16 20:15:40.561, 74.05 W
2025/02/16 20:15:40.571, 74.05 W
2025/02/16 20:15:40.581, 74.05 W
2025/02/16 20:15:40.592, 74.05 W
2025/02/16 20:15:40.602, 74.05 W
2025/02/16 20:15:40.612, 74.05 W
2025/02/16 20:15:40.622, 74.05 W
2025/02/16 20:15:40.632, 74.05 W
2025/02/16 20:15:40.642, 74.05 W
2025/02/16 20:15:40.652, 74.05 W
2025/02/16 20:15:40.662, 74.05 W
2025/02/16 20:15:40.672, 74.05 W
2025/02/16 20:15:40.682, 74.05 W
2025/02/16 20:15:40.692, 74.05 W
2025/02/16 20:15:40.702, 74.05 W
2025/02/16 20:15:40.712, 74.05 W
2025/02/16 20:15:40.722, 74.05 W
2025/02/16 20:15:40.732, 74.05 W
2025/02/16 20:15:40.743, 74.05 W
2025/02/16 20:15:40.753, 74.05 W
2025/02/16 20:15:40.763, 74.05 W
2025/02/16 20:15:40.773, 74.05 W
2025/02/16 20:15:40.783, 74.05 W
2025/02/16 20:15:40.793, 74.05 W
2025/02/16 20:15:40.803, 74.05 W
2025/02/16 20:15:40.813, 74.05 W
2025/02/16 20:15:40.823, 74.05 W
2025/02/16 20:15:40.833, 74.05 W
2025/02/16 20:15:40.843, 74.05 W
2025/02/16 20:15:40.853, 74.05 W
2025/02/16 20:15:40.863, 74.05 W
2025/02/16 20:15:40.873, 74.05 W
2025/02/16 20:15:40.883, 74.05 W
2025/02/16 20:15:40.893, 74.05 W
2025/02/16 20:15:40.904, 74.05 W
2025/02/16 20:15:40.914, 74.05 W
2025/02/16 20:15:40.924, 74.05 W
2025/02/16 20:15:40.934, 74.05 W
2025/02/16 20:15:40.944, 74.05 W
2025/02/16 20:15:40.954, 74.05 W
2025/02/16 20:15:40.964, 74.05 W
2025/02/16 20:15:40.974, 74.05 W
2025/02/16 20:15:40.984, 74.05 W
2025/02/16 20:15:40.994, 74.05 W
2025/02/16 20:15:41.004, 74.05 W
2025/02/16 20:15:41.014, 74.05 W
2025/02/16 20:15:41.024, 74.05 W
2025/02/16 20:15:41.034, 74.05 W
2025/02/16 20:15:41.044, 74.05 W
2025/02/16 20:15:41.054, 74.05 W
2025/02/16 20:15:41.065, 74.05 W
2025/02/16 20:15:41.075, 74.05 W
2025/02/16 20:15:41.085, 74.05 W
2025/02/16 20:15:41.095, 74.05 W
2025/02/16 20:15:41.105, 74.05 W
2025/02/16 20:15:41.115, 74.05 W
2025/02/16 20:15:41.125, 74.05 W
2025/02/16 20:15:41.135, 74.05 W
2025/02/16 20:15:41.145, 74.05 W
2025/02/16 20:15:41.155, 74.05 W
2025/02/16 20:15:41.165, 74.05 W
2025/02/16 20:15:41.175, 74.05 W
2025/02/16 20:15:41.185, 74.05 W
2025/02/16 20:15:41.195, 74.05 W
2025/02/16 20:15:41.205, 74.05 W
2025/02/16 20:15:41.216, 74.05 W
2025/02/16 20:15:41.226, 74.05 W
2025/02/16 20:15:41.236, 74.05 W
2025/02/16 20:15:41.246, 74.05 W
2025/02/16 20:15:41.256, 74.05 W
2025/02/16 20:15:41.266, 74.05 W
2025/02/16 20:15:41.276, 74.05 W
2025/02/16 20:15:41.286, 74.05 W
2025/02/16 20:15:41.296, 74.05 W
2025/02/16 20:15:41.306, 74.05 W
2025/02/16 20:15:41.316, 74.05 W
2025/02/16 20:15:41.326, 74.05 W
2025/02/16 20:15:41.336, 74.05 W
2025/02/16 20:15:41.346, 74.05 W
2025/02/16 20:15:41.356, 74.05 W
2025/02/16 20:15:41.366, 74.05 W
2025/02/16 20:15:41.377, 74.05 W
2025/02/16 20:15:41.387, 74.05 W
2025/02/16 20:15:41.397, 74.05 W
2025/02/16 20:15:41.407, 74.05 W
2025/02/16 20:15:41.417, 74.05 W
2025/02/16 20:15:41.427, 74.05 W
2025/02/16 20:15:41.437, 74.05 W
2025/02/16 20:15:41.447, 74.05 W
2025/02/16 20:15:41.457, 74.05 W
2025/02/16 20:15:41.467, 74.05 W
2025/02/16 20:15:41.477, 74.05 W
2025/02/16 20:15:41.487, 74.05 W
2025/02/16 20:15:41.497, 74.05 W
2025/02/16 20:15:41.507, 74.05 W
2025/02/16 20:15:41.517, 74.05 W
2025/02/16 20:15:41.528, 74.05 W
2025/02/16 20:15:41.538, 74.05 W
2025/02/16 20:15:41.548, 74.05 W
2025/02/16 20:15:41.558, 74.05 W
2025/02/16 20:15:41.568, 74.05 W
2025/02/16 20:15:41.578, 74.05 W
2025/02/16 20:15:41.588, 74.05 W
2025/02/16 20:15:41.598, 74.05 W
2025/02/16 20:15:41.608, 74.05 W
2025/02/16 20:15:41.618, 74.05 W
2025/02/16 20:15:41.628, 74.05 W
2025/02/16 20:15:41.638, 74.05 W
2025/02/16 20:15:41.648, 74.05 W
2025/02/16 20:15:41.658, 74.05 W
2025/02/16 20:15:41.668, 74.05 W
2025/02/16 20:15:41.678, 74.05 W
2025/02/16 20:15:41.689, 74.05 W
2025/02/16 20:15:41.699, 74.05 W
2025/02/16 20:15:41.709, 74.05 W
2025/02/16 20:15:41.719, 74.05 W
2025/02/16 20:15:41.729, 74.05 W
2025/02/16 20:15:41.739, 74.05 W
2025/02/16 20:15:41.749, 74.05 W
2025/02/16 20:15:41.759, 74.05 W
2025/02/16 20:15:41.769, 74.05 W
2025/02/16 20:15:41.779, 74.05 W
2025/02/16 20:15:41.789, 74.05 W
2025/02/16 20:15:41.799, 74.05 W
2025/02/16 20:15:41.809, 74.05 W
2025/02/16 20:15:41.819, 74.05 W
2025/02/16 20:15:41.829, 74.05 W
2025/02/16 20:15:41.839, 74.05 W
2025/02/16 20:15:41.850, 74.05 W
2025/02/16 20:15:41.860, 74.05 W
2025/02/16 20:15:41.870, 74.05 W
2025/02/16 20:15:41.880, 74.05 W
2025/02/16 20:15:41.890, 74.05 W
2025/02/16 20:15:41.900, 74.05 W
2025/02/16 20:15:41.910, 74.05 W
2025/02/16 20:15:41.920, 74.05 W
2025/02/16 20:15:41.930, 74.05 W
2025/02/16 20:15:41.940, 74.05 W
2025/02/16 20:15:41.950, 74.05 W
2025/02/16 20:15:41.960, 74.05 W
2025/02/16 20:15:41.970, 74.05 W
2025/02/16 20:15:41.980, 74.05 W
2025/02/16 20:15:41.990, 74.05 W
2025/02/16 20:15:42.001, 74.05 W
2025/02/16 20:15:42.011, 74.05 W
2025/02/16 20:15:42.021, 74.05 W
2025/02/16 20:15:42.031, 74.05 W
2025/02/16 20:15:42.041, 74.05 W
2025/02/16 20:15:42.051, 74.05 W
2025/02/16 20:15:42.061, 74.05 W
2025/02/16 20:15:42.071, 74.05 W
2025/02/16 20:15:42.081, 74.05 W
2025/02/16 20:15:42.091, 74.05 W
2025/02/16 20:15:42.101, 74.05 W
2025/02/16 20:15:42.111, 74.05 W
2025/02/16 20:15:42.121, 74.05 W
2025/02/16 20:15:42.131, 74.05 W
2025/02/16 20:15:42.141, 74.05 W
2025/02/16 20:15:42.152, 74.05 W
2025/02/16 20:15:42.162, 74.05 W
2025/02/16 20:15:42.172, 74.05 W
2025/02/16 20:15:42.182, 74.05 W
2025/02/16 20:15:42.192, 74.05 W
2025/02/16 20:15:42.202, 74.05 W
2025/02/16 20:15:42.212, 74.05 W
2025/02/16 20:15:42.222, 74.05 W
2025/02/16 20:15:42.232, 74.05 W
2025/02/16 20:15:42.242, 74.05 W
2025/02/16 20:15:42.252, 74.05 W
2025/02/16 20:15:42.262, 74.05 W
2025/02/16 20:15:42.272, 74.05 W
2025/02/16 20:15:42.282, 74.05 W
2025/02/16 20:15:42.292, 74.05 W
2025/02/16 20:15:42.302, 74.05 W
2025/02/16 20:15:42.313, 74.05 W
2025/02/16 20:15:42.323, 74.05 W
2025/02/16 20:15:42.333, 74.05 W
2025/02/16 20:15:42.343, 74.05 W
2025/02/16 20:15:42.353, 74.05 W
2025/02/16 20:15:42.363, 74.05 W
2025/02/16 20:15:42.373, 74.05 W
2025/02/16 20:15:42.383, 74.05 W
2025/02/16 20:15:42.393, 74.05 W
2025/02/16 20:15:42.403, 74.05 W
2025/02/16 20:15:42.413, 74.05 W
2025/02/16 20:15:42.423, 74.05 W
2025/02/16 20:15:42.433, 74.05 W
2025/02/16 20:15:42.443, 74.05 W
2025/02/16 20:15:42.453, 74.05 W
2025/02/16 20:15:42.463, 74.05 W
2025/02/16 20:15:42.474, 74.05 W
2025/02/16 20:15:42.484, 74.05 W
2025/02/16 20:15:42.494, 74.05 W
2025/02/16 20:15:42.504, 74.05 W
2025/02/16 20:15:42.514, 74.05 W
2025/02/16 20:15:42.524, 74.05 W
2025/02/16 20:15:42.534, 74.05 W
2025/02/16 20:15:42.544, 74.05 W
2025/02/16 20:15:42.554, 74.05 W
2025/02/16 20:15:42.564, 74.05 W
2025/02/16 20:15:42.574, 74.05 W
2025/02/16 20:15:42.584, 74.05 W
2025/02/16 20:15:42.594, 74.05 W
2025/02/16 20:15:42.604, 74.05 W
2025/02/16 20:15:42.614, 74.05 W
2025/02/16 20:15:42.625, 74.05 W
2025/02/16 20:15:42.635, 74.05 W
2025/02/16 20:15:42.645, 74.05 W
2025/02/16 20:15:42.655, 74.05 W
2025/02/16 20:15:42.665, 74.05 W
2025/02/16 20:15:42.675, 74.05 W
2025/02/16 20:15:42.685, 74.05 W
2025/02/16 20:15:42.695, 74.05 W
2025/02/16 20:15:42.705, 74.05 W
2025/02/16 20:15:42.715, 74.05 W
2025/02/16 20:15:42.725, 74.05 W
2025/02/16 20:15:42.735, 74.05 W
2025/02/16 20:15:42.745, 74.05 W
2025/02/16 20:15:42.755, 74.05 W
2025/02/16 20:15:42.765, 74.05 W
2025/02/16 20:15:42.775, 74.05 W
2025/02/16 20:15:42.786, 74.05 W
2025/02/16 20:15:42.796, 74.05 W
2025/02/16 20:15:42.806, 74.05 W
2025/02/16 20:15:42.816, 74.05 W
2025/02/16 20:15:42.826, 74.05 W
2025/02/16 20:15:42.836, 74.05 W
2025/02/16 20:15:42.846, 74.05 W
2025/02/16 20:15:42.856, 74.05 W
2025/02/16 20:15:42.866, 74.05 W
2025/02/16 20:15:42.876, 74.05 W
2025/02/16 20:15:42.886, 74.05 W
2025/02/16 20:15:42.896, 74.05 W
2025/02/16 20:15:42.906, 74.05 W
2025/02/16 20:15:42.916, 74.05 W
2025/02/16 20:15:42.926, 74.05 W
2025/02/16 20:15:42.937, 74.05 W
2025/02/16 20:15:42.947, 74.05 W
2025/02/16 20:15:42.957, 74.05 W
2025/02/16 20:15:42.967, 74.05 W
2025/02/16 20:15:42.977, 74.05 W
2025/02/16 20:15:42.987, 74.05 W
2025/02/16 20:15:42.997, 74.05 W
2025/02/16 20:15:43.007, 74.05 W
2025/02/16 20:15:43.017, 74.05 W
2025/02/16 20:15:43.027, 74.05 W
2025/02/16 20:15:43.037, 74.05 W
2025/02/16 20:15:43.047, 74.05 W
2025/02/16 20:15:43.057, 74.05 W
2025/02/16 20:15:43.067, 74.05 W
2025/02/16 20:15:43.077, 74.05 W
2025/02/16 20:15:43.087, 74.05 W
2025/02/16 20:15:43.098, 74.05 W
2025/02/16 20:15:43.108, 74.05 W
2025/02/16 20:15:43.118, 74.05 W
2025/02/16 20:15:43.128, 74.05 W
2025/02/16 20:15:43.138, 74.05 W
2025/02/16 20:15:43.148, 74.05 W
2025/02/16 20:15:43.158, 74.05 W
2025/02/16 20:15:43.168, 74.05 W
2025/02/16 20:15:43.178, 74.05 W
2025/02/16 20:15:43.188, 74.05 W
2025/02/16 20:15:43.198, 74.05 W
2025/02/16 20:15:43.208, 74.05 W
2025/02/16 20:15:43.218, 74.05 W
2025/02/16 20:15:43.228, 74.05 W
2025/02/16 20:15:43.238, 74.05 W
2025/02/16 20:15:43.249, 74.05 W
2025/02/16 20:15:43.259, 74.05 W
2025/02/16 20:15:43.269, 74.05 W
2025/02/16 20:15:43.279, 74.05 W
2025/02/16 20:15:43.289, 74.05 W
2025/02/16 20:15:43.299, 74.05 W
2025/02/16 20:15:43.309, 74.05 W
2025/02/16 20:15:43.319, 74.05 W
2025/02/16 20:15:43.329, 74.05 W
2025/02/16 20:15:43.339, 74.05 W
2025/02/16 20:15:43.349, 74.05 W
2025/02/16 20:15:43.359, 74.05 W
2025/02/16 20:15:43.369, 74.05 W
2025/02/16 20:15:43.379, 74.05 W
2025/02/16 20:15:43.389, 74.05 W
2025/02/16 20:15:43.399, 74.05 W
2025/02/16 20:15:43.410, 74.05 W
2025/02/16 20:15:43.420, 74.05 W
2025/02/16 20:15:43.430, 74.05 W
2025/02/16 20:15:43.440, 74.05 W
2025/02/16 20:15:43.450, 74.05 W
2025/02/16 20:15:43.460, 74.05 W
2025/02/16 20:15:43.470, 74.05 W
2025/02/16 20:15:43.480, 74.05 W
2025/02/16 20:15:43.490, 74.05 W
2025/02/16 20:15:43.500, 74.05 W
2025/02/16 20:15:43.510, 74.05 W
2025/02/16 20:15:43.520, 74.05 W
2025/02/16 20:15:43.530, 74.05 W
2025/02/16 20:15:43.540, 74.05 W
2025/02/16 20:15:43.550, 74.05 W
2025/02/16 20:15:43.560, 74.05 W
2025/02/16 20:15:43.571, 74.05 W
2025/02/16 20:15:43.581, 74.05 W
2025/02/16 20:15:43.591, 74.05 W
2025/02/16 20:15:43.601, 74.05 W
2025/02/16 20:15:43.611, 74.05 W
2025/02/16 20:15:43.621, 74.05 W
2025/02/16 20:15:43.631, 74.05 W
2025/02/16 20:15:43.641, 74.05 W
2025/02/16 20:15:43.651, 74.05 W
2025/02/16 20:15:43.661, 74.05 W
2025/02/16 20:15:43.671, 74.05 W
2025/02/16 20:15:43.681, 74.05 W
2025/02/16 20:15:43.691, 74.05 W
2025/02/16 20:15:43.701, 74.05 W
2025/02/16 20:15:43.711, 74.05 W
2025/02/16 20:15:43.722, 74.05 W
2025/02/16 20:15:43.732, 74.05 W
2025/02/16 20:15:43.742, 74.05 W
2025/02/16 20:15:43.752, 74.05 W
2025/02/16 20:15:43.762, 74.05 W
2025/02/16 20:15:43.772, 74.05 W
2025/02/16 20:15:43.782, 74.05 W
2025/02/16 20:15:43.792, 74.05 W
2025/02/16 20:15:43.802, 74.05 W
2025/02/16 20:15:43.812, 74.05 W
2025/02/16 20:15:43.822, 74.05 W
2025/02/16 20:15:43.832, 74.05 W
2025/02/16 20:15:43.842, 74.05 W
2025/02/16 20:15:43.852, 74.05 W
2025/02/16 20:15:43.862, 74.05 W
2025/02/16 20:15:43.873, 74.05 W
2025/02/16 20:15:43.883, 74.05 W
2025/02/16 20:15:43.893, 74.05 W
2025/02/16 20:15:43.903, 74.05 W
2025/02/16 20:15:43.913, 74.05 W
2025/02/16 20:15:43.923, 74.05 W
2025/02/16 20:15:43.933, 74.05 W
2025/02/16 20:15:43.943, 74.05 W
2025/02/16 20:15:43.953, 74.05 W
2025/02/16 20:15:43.963, 74.05 W
2025/02/16 20:15:43.973, 74.05 W
2025/02/16 20:15:43.983, 74.05 W
2025/02/16 20:15:43.993, 74.05 W
2025/02/16 20:15:44.003, 74.05 W
2025/02/16 20:15:44.013, 74.05 W
2025/02/16 20:15:44.023, 74.05 W
2025/02/16 20:15:44.034, 74.05 W
2025/02/16 20:15:44.044, 74.05 W
2025/02/16 20:15:44.054, 74.05 W
2025/02/16 20:15:44.064, 74.05 W
2025/02/16 20:15:44.074, 74.05 W
2025/02/16 20:15:44.084, 74.05 W
2025/02/16 20:15:44.094, 74.05 W
2025/02/16 20:15:44.104, 74.05 W
2025/02/16 20:15:44.114, 74.05 W
2025/02/16 20:15:44.124, 74.05 W
2025/02/16 20:15:44.134, 74.05 W
2025/02/16 20:15:44.144, 74.05 W
2025/02/16 20:15:44.154, 74.05 W
2025/02/16 20:15:44.164, 74.05 W
2025/02/16 20:15:44.174, 74.05 W
2025/02/16 20:15:44.184, 74.05 W
2025/02/16 20:15:44.195, 74.05 W
2025/02/16 20:15:44.205, 74.05 W
2025/02/16 20:15:44.215, 74.05 W
2025/02/16 20:15:44.225, 74.05 W
2025/02/16 20:15:44.235, 74.05 W
2025/02/16 20:15:44.245, 74.05 W
2025/02/16 20:15:44.255, 74.05 W
2025/02/16 20:15:44.265, 74.05 W
2025/02/16 20:15:44.275, 74.05 W
2025/02/16 20:15:44.285, 74.05 W
2025/02/16 20:15:44.295, 74.05 W
2025/02/16 20:15:44.305, 74.05 W
2025/02/16 20:15:44.315, 74.05 W
2025/02/16 20:15:44.325, 74.05 W
2025/02/16 20:15:44.335, 74.05 W
2025/02/16 20:15:44.346, 74.05 W
2025/02/16 20:15:44.356, 74.05 W
2025/02/16 20:15:44.366, 74.05 W
2025/02/16 20:15:44.376, 74.05 W
2025/02/16 20:15:44.386, 74.05 W
2025/02/16 20:15:44.396, 74.05 W
2025/02/16 20:15:44.406, 74.05 W
2025/02/16 20:15:44.416, 74.05 W
2025/02/16 20:15:44.426, 74.05 W
2025/02/16 20:15:44.436, 74.05 W
2025/02/16 20:15:44.446, 74.05 W
2025/02/16 20:15:44.456, 74.05 W
2025/02/16 20:15:44.466, 74.05 W
2025/02/16 20:15:44.476, 74.05 W
2025/02/16 20:15:44.486, 74.05 W
2025/02/16 20:15:44.496, 74.05 W
2025/02/16 20:15:44.507, 74.05 W
2025/02/16 20:15:44.517, 74.05 W
2025/02/16 20:15:44.527, 74.05 W
2025/02/16 20:15:44.537, 74.05 W
2025/02/16 20:15:44.547, 74.05 W
2025/02/16 20:15:44.557, 74.05 W
2025/02/16 20:15:44.567, 74.05 W
2025/02/16 20:15:44.577, 74.05 W
2025/02/16 20:15:44.587, 74.05 W
2025/02/16 20:15:44.597, 74.05 W
2025/02/16 20:15:44.607, 74.05 W
2025/02/16 20:15:44.617, 74.05 W
2025/02/16 20:15:44.627, 74.05 W
2025/02/16 20:15:44.637, 74.05 W
2025/02/16 20:15:44.647, 74.05 W
2025/02/16 20:15:44.658, 74.05 W
2025/02/16 20:15:44.668, 74.05 W
2025/02/16 20:15:44.678, 74.05 W
2025/02/16 20:15:44.688, 74.05 W
2025/02/16 20:15:44.698, 74.05 W
2025/02/16 20:15:44.708, 74.05 W
2025/02/16 20:15:44.718, 74.05 W
2025/02/16 20:15:44.728, 74.05 W
2025/02/16 20:15:44.738, 74.05 W
2025/02/16 20:15:44.748, 74.05 W
2025/02/16 20:15:44.758, 74.05 W
2025/02/16 20:15:44.768, 74.05 W
2025/02/16 20:15:44.778, 74.05 W
2025/02/16 20:15:44.788, 74.05 W
2025/02/16 20:15:44.798, 74.05 W
2025/02/16 20:15:44.808, 74.05 W
2025/02/16 20:15:44.819, 74.05 W
2025/02/16 20:15:44.829, 74.05 W
2025/02/16 20:15:44.839, 74.05 W
2025/02/16 20:15:44.849, 74.05 W
2025/02/16 20:15:44.859, 74.05 W
2025/02/16 20:15:44.869, 74.05 W
2025/02/16 20:15:44.879, 74.05 W
2025/02/16 20:15:44.889, 74.05 W
2025/02/16 20:15:44.899, 74.05 W
2025/02/16 20:15:44.909, 74.05 W
2025/02/16 20:15:44.919, 74.05 W
2025/02/16 20:15:44.929, 74.05 W
2025/02/16 20:15:44.939, 74.05 W
2025/02/16 20:15:44.949, 74.05 W
2025/02/16 20:15:44.959, 74.05 W
2025/02/16 20:15:44.970, 74.05 W
2025/02/16 20:15:44.980, 74.05 W
2025/02/16 20:15:44.990, 74.05 W
2025/02/16 20:15:45.000, 74.05 W
2025/02/16 20:15:45.010, 74.05 W
2025/02/16 20:15:45.020, 74.05 W
2025/02/16 20:15:45.030, 74.05 W
2025/02/16 20:15:45.040, 74.05 W
2025/02/16 20:15:45.050, 74.05 W
2025/02/16 20:15:45.060, 74.05 W
2025/02/16 20:15:45.070, 74.05 W
2025/02/16 20:15:45.080, 74.05 W
2025/02/16 20:15:45.090, 74.05 W
2025/02/16 20:15:45.100, 74.05 W
2025/02/16 20:15:45.110, 74.05 W
2025/02/16 20:15:45.120, 74.05 W
2025/02/16 20:15:45.131, 74.05 W
2025/02/16 20:15:45.141, 74.05 W
2025/02/16 20:15:45.151, 74.05 W
2025/02/16 20:15:45.161, 74.05 W
2025/02/16 20:15:45.171, 74.05 W
2025/02/16 20:15:45.181, 74.05 W
2025/02/16 20:15:45.191, 74.05 W
2025/02/16 20:15:45.201, 74.05 W
2025/02/16 20:15:45.211, 74.05 W
2025/02/16 20:15:45.221, 74.05 W
2025/02/16 20:15:45.231, 74.05 W
2025/02/16 20:15:45.241, 74.05 W
2025/02/16 20:15:45.251, 74.05 W
2025/02/16 20:15:45.261, 74.05 W
2025/02/16 20:15:45.271, 74.05 W
2025/02/16 20:15:45.281, 74.05 W
2025/02/16 20:15:45.292, 74.05 W
2025/02/16 20:15:45.302, 74.05 W
2025/02/16 20:15:45.312, 74.05 W
2025/02/16 20:15:45.322, 74.05 W
2025/02/16 20:15:45.332, 74.05 W
2025/02/16 20:15:45.342, 74.05 W
2025/02/16 20:15:45.352, 74.05 W
2025/02/16 20:15:45.362, 74.05 W
2025/02/16 20:15:45.372, 74.05 W
2025/02/16 20:15:45.382, 74.05 W
2025/02/16 20:15:45.392, 74.05 W
2025/02/16 20:15:45.410, 74.05 W
2025/02/16 20:15:45.420, 74.05 W
2025/02/16 20:15:45.430, 74.05 W
2025/02/16 20:15:45.440, 74.05 W
2025/02/16 20:15:45.450, 74.05 W
2025/02/16 20:15:45.460, 74.05 W
2025/02/16 20:15:45.470, 74.05 W
2025/02/16 20:15:45.481, 74.05 W
2025/02/16 20:15:45.491, 74.05 W
2025/02/16 20:15:45.501, 73.76 W
2025/02/16 20:15:45.511, 73.76 W
2025/02/16 20:15:45.521, 73.76 W
2025/02/16 20:15:45.531, 73.76 W
2025/02/16 20:15:45.541, 73.76 W
2025/02/16 20:15:45.551, 73.76 W
2025/02/16 20:15:45.561, 73.76 W
2025/02/16 20:15:45.571, 73.76 W
2025/02/16 20:15:45.581, 73.76 W
2025/02/16 20:15:45.591, 73.76 W
2025/02/16 20:15:45.601, 73.76 W
2025/02/16 20:15:45.611, 73.76 W
2025/02/16 20:15:45.621, 73.76 W
2025/02/16 20:15:45.631, 73.76 W
2025/02/16 20:15:45.642, 73.76 W
2025/02/16 20:15:45.652, 73.76 W
2025/02/16 20:15:45.662, 73.76 W
2025/02/16 20:15:45.672, 73.76 W
2025/02/16 20:15:45.682, 73.76 W
2025/02/16 20:15:45.692, 73.76 W
2025/02/16 20:15:45.702, 73.76 W
2025/02/16 20:15:45.712, 73.76 W
2025/02/16 20:15:45.722, 73.76 W
2025/02/16 20:15:45.732, 73.76 W
2025/02/16 20:15:45.742, 73.76 W
2025/02/16 20:15:45.752, 73.76 W
2025/02/16 20:15:45.762, 73.76 W
2025/02/16 20:15:45.772, 73.76 W
2025/02/16 20:15:45.782, 73.76 W
2025/02/16 20:15:45.793, 73.76 W
2025/02/16 20:15:45.803, 73.76 W
2025/02/16 20:15:45.813, 73.76 W
2025/02/16 20:15:45.823, 73.76 W
2025/02/16 20:15:45.833, 73.76 W
2025/02/16 20:15:45.843, 73.76 W
2025/02/16 20:15:45.853, 73.76 W
2025/02/16 20:15:45.863, 73.76 W
2025/02/16 20:15:45.873, 73.76 W
2025/02/16 20:15:45.883, 73.76 W
2025/02/16 20:15:45.893, 73.76 W
2025/02/16 20:15:45.903, 73.76 W
2025/02/16 20:15:45.913, 73.76 W
2025/02/16 20:15:45.923, 73.76 W
2025/02/16 20:15:45.933, 73.76 W
2025/02/16 20:15:45.943, 73.76 W
2025/02/16 20:15:45.954, 73.76 W
2025/02/16 20:15:45.964, 73.76 W
2025/02/16 20:15:45.974, 73.76 W
2025/02/16 20:15:45.984, 73.76 W
2025/02/16 20:15:45.994, 73.76 W
2025/02/16 20:15:46.004, 73.76 W
2025/02/16 20:15:46.014, 73.76 W
2025/02/16 20:15:46.024, 73.76 W
2025/02/16 20:15:46.034, 73.76 W
2025/02/16 20:15:46.044, 73.76 W
2025/02/16 20:15:46.054, 73.76 W
2025/02/16 20:15:46.064, 73.76 W
2025/02/16 20:15:46.074, 73.76 W
2025/02/16 20:15:46.084, 73.76 W
2025/02/16 20:15:46.094, 73.76 W
2025/02/16 20:15:46.104, 73.76 W
2025/02/16 20:15:46.115, 73.76 W
2025/02/16 20:15:46.125, 73.76 W
2025/02/16 20:15:46.135, 73.76 W
2025/02/16 20:15:46.145, 73.76 W
2025/02/16 20:15:46.155, 73.76 W
2025/02/16 20:15:46.165, 73.76 W
2025/02/16 20:15:46.175, 73.76 W
2025/02/16 20:15:46.185, 73.76 W
2025/02/16 20:15:46.195, 73.76 W
2025/02/16 20:15:46.205, 73.76 W
2025/02/16 20:15:46.215, 73.76 W
2025/02/16 20:15:46.225, 73.76 W
2025/02/16 20:15:46.235, 73.76 W
2025/02/16 20:15:46.245, 73.76 W
2025/02/16 20:15:46.255, 73.76 W
2025/02/16 20:15:46.266, 73.76 W
2025/02/16 20:15:46.276, 73.76 W
2025/02/16 20:15:46.286, 73.76 W
2025/02/16 20:15:46.296, 73.76 W
2025/02/16 20:15:46.306, 73.76 W
2025/02/16 20:15:46.316, 73.76 W
2025/02/16 20:15:46.326, 73.76 W
2025/02/16 20:15:46.336, 73.76 W
2025/02/16 20:15:46.346, 73.76 W
2025/02/16 20:15:46.356, 73.76 W
2025/02/16 20:15:46.366, 73.76 W
2025/02/16 20:15:46.376, 73.76 W
2025/02/16 20:15:46.386, 73.76 W
2025/02/16 20:15:46.396, 73.76 W
2025/02/16 20:15:46.406, 73.76 W
2025/02/16 20:15:46.416, 73.76 W
2025/02/16 20:15:46.427, 73.76 W
2025/02/16 20:15:46.437, 73.76 W
2025/02/16 20:15:46.447, 73.76 W
2025/02/16 20:15:46.457, 73.76 W
2025/02/16 20:15:46.467, 73.76 W
2025/02/16 20:15:46.477, 73.76 W
2025/02/16 20:15:46.487, 73.76 W
2025/02/16 20:15:46.497, 73.76 W
2025/02/16 20:15:46.507, 73.76 W
2025/02/16 20:15:46.517, 73.76 W
2025/02/16 20:15:46.527, 73.76 W
2025/02/16 20:15:46.537, 73.76 W
2025/02/16 20:15:46.547, 73.76 W
2025/02/16 20:15:46.557, 73.76 W
2025/02/16 20:15:46.567, 73.76 W
2025/02/16 20:15:46.578, 73.76 W
2025/02/16 20:15:46.588, 73.76 W
2025/02/16 20:15:46.598, 73.76 W
2025/02/16 20:15:46.608, 73.76 W
2025/02/16 20:15:46.618, 73.76 W
2025/02/16 20:15:46.628, 73.76 W
2025/02/16 20:15:46.638, 73.76 W
2025/02/16 20:15:46.648, 73.76 W
2025/02/16 20:15:46.658, 73.76 W
2025/02/16 20:15:46.668, 73.76 W
2025/02/16 20:15:46.678, 73.76 W
2025/02/16 20:15:46.688, 73.76 W
2025/02/16 20:15:46.698, 73.76 W
2025/02/16 20:15:46.708, 73.76 W
2025/02/16 20:15:46.718, 73.76 W
2025/02/16 20:15:46.728, 73.76 W
2025/02/16 20:15:46.739, 73.76 W
2025/02/16 20:15:46.749, 73.76 W
2025/02/16 20:15:46.759, 73.76 W
2025/02/16 20:15:46.769, 73.76 W
2025/02/16 20:15:46.779, 73.76 W
2025/02/16 20:15:46.789, 73.76 W
2025/02/16 20:15:46.799, 73.76 W
2025/02/16 20:15:46.809, 73.76 W
2025/02/16 20:15:46.819, 73.76 W
2025/02/16 20:15:46.829, 73.76 W
2025/02/16 20:15:46.839, 73.76 W
2025/02/16 20:15:46.849, 73.76 W
2025/02/16 20:15:46.859, 73.76 W
2025/02/16 20:15:46.869, 73.76 W
2025/02/16 20:15:46.879, 73.76 W
2025/02/16 20:15:46.890, 73.76 W
2025/02/16 20:15:46.900, 73.76 W
2025/02/16 20:15:46.910, 73.76 W
2025/02/16 20:15:46.920, 73.76 W
2025/02/16 20:15:46.930, 73.76 W
2025/02/16 20:15:46.940, 73.76 W
2025/02/16 20:15:46.950, 73.76 W
2025/02/16 20:15:46.960, 73.76 W
2025/02/16 20:15:46.970, 73.76 W
2025/02/16 20:15:46.980, 73.76 W
2025/02/16 20:15:46.990, 73.76 W
2025/02/16 20:15:47.000, 73.76 W
2025/02/16 20:15:47.010, 73.76 W
2025/02/16 20:15:47.020, 73.76 W
2025/02/16 20:15:47.030, 73.76 W
2025/02/16 20:15:47.040, 73.76 W
2025/02/16 20:15:47.051, 73.76 W
2025/02/16 20:15:47.061, 73.76 W
2025/02/16 20:15:47.071, 73.76 W
2025/02/16 20:15:47.081, 73.76 W
2025/02/16 20:15:47.091, 73.76 W
2025/02/16 20:15:47.101, 73.76 W
2025/02/16 20:15:47.111, 73.76 W
2025/02/16 20:15:47.121, 73.76 W
2025/02/16 20:15:47.131, 73.76 W
2025/02/16 20:15:47.141, 73.76 W
2025/02/16 20:15:47.151, 73.76 W
2025/02/16 20:15:47.161, 73.76 W
2025/02/16 20:15:47.171, 73.76 W
2025/02/16 20:15:47.181, 73.76 W
2025/02/16 20:15:47.192, 73.76 W
2025/02/16 20:15:47.202, 73.76 W
2025/02/16 20:15:47.212, 73.76 W
2025/02/16 20:15:47.222, 73.76 W
2025/02/16 20:15:47.232, 73.76 W
2025/02/16 20:15:47.242, 73.76 W
2025/02/16 20:15:47.252, 73.76 W
2025/02/16 20:15:47.262, 73.76 W
2025/02/16 20:15:47.272, 73.76 W
2025/02/16 20:15:47.282, 73.76 W
2025/02/16 20:15:47.292, 73.76 W
2025/02/16 20:15:47.302, 73.76 W
2025/02/16 20:15:47.312, 73.76 W
2025/02/16 20:15:47.322, 73.76 W
2025/02/16 20:15:47.332, 73.76 W
2025/02/16 20:15:47.342, 73.76 W
2025/02/16 20:15:47.353, 73.76 W
2025/02/16 20:15:47.363, 73.76 W
2025/02/16 20:15:47.373, 73.76 W
2025/02/16 20:15:47.383, 73.76 W
2025/02/16 20:15:47.393, 73.76 W
2025/02/16 20:15:47.403, 73.76 W
2025/02/16 20:15:47.413, 73.76 W
2025/02/16 20:15:47.423, 73.76 W
2025/02/16 20:15:47.433, 73.76 W
2025/02/16 20:15:47.443, 73.76 W
2025/02/16 20:15:47.453, 73.76 W
2025/02/16 20:15:47.463, 73.76 W
2025/02/16 20:15:47.473, 73.76 W
2025/02/16 20:15:47.483, 73.76 W
2025/02/16 20:15:47.493, 73.76 W
2025/02/16 20:15:47.504, 73.76 W
2025/02/16 20:15:47.514, 73.76 W
2025/02/16 20:15:47.524, 73.76 W
2025/02/16 20:15:47.534, 73.76 W
2025/02/16 20:15:47.544, 73.76 W
2025/02/16 20:15:47.554, 73.76 W
2025/02/16 20:15:47.564, 73.76 W
2025/02/16 20:15:47.574, 73.76 W
2025/02/16 20:15:47.584, 73.76 W
2025/02/16 20:15:47.594, 73.76 W
2025/02/16 20:15:47.604, 73.76 W
2025/02/16 20:15:47.614, 73.76 W
2025/02/16 20:15:47.624, 73.76 W
2025/02/16 20:15:47.634, 73.76 W
2025/02/16 20:15:47.644, 73.76 W
2025/02/16 20:15:47.654, 73.76 W
2025/02/16 20:15:47.665, 73.76 W
2025/02/16 20:15:47.675, 73.76 W
2025/02/16 20:15:47.685, 73.76 W
2025/02/16 20:15:47.695, 73.76 W
2025/02/16 20:15:47.705, 73.76 W
2025/02/16 20:15:47.715, 73.76 W
2025/02/16 20:15:47.725, 73.76 W
2025/02/16 20:15:47.735, 73.76 W
2025/02/16 20:15:47.745, 73.76 W
2025/02/16 20:15:47.755, 73.76 W
2025/02/16 20:15:47.765, 73.76 W
2025/02/16 20:15:47.775, 73.76 W
2025/02/16 20:15:47.785, 73.76 W
2025/02/16 20:15:47.795, 73.76 W
2025/02/16 20:15:47.805, 73.76 W
2025/02/16 20:15:47.816, 73.76 W
2025/02/16 20:15:47.826, 73.76 W
2025/02/16 20:15:47.836, 73.76 W
2025/02/16 20:15:47.846, 73.76 W
2025/02/16 20:15:47.856, 73.76 W
2025/02/16 20:15:47.866, 73.76 W
2025/02/16 20:15:47.876, 73.76 W
2025/02/16 20:15:47.886, 73.76 W
2025/02/16 20:15:47.896, 73.76 W
2025/02/16 20:15:47.906, 73.76 W
2025/02/16 20:15:47.916, 73.76 W
2025/02/16 20:15:47.926, 73.76 W
2025/02/16 20:15:47.936, 73.76 W
2025/02/16 20:15:47.946, 73.76 W
2025/02/16 20:15:47.956, 73.76 W
2025/02/16 20:15:47.966, 73.76 W
2025/02/16 20:15:47.977, 73.76 W
2025/02/16 20:15:47.987, 73.76 W
2025/02/16 20:15:47.997, 73.76 W
2025/02/16 20:15:48.007, 73.76 W
2025/02/16 20:15:48.017, 73.76 W
2025/02/16 20:15:48.027, 73.76 W
2025/02/16 20:15:48.037, 73.76 W
2025/02/16 20:15:48.047, 73.76 W
2025/02/16 20:15:48.057, 73.76 W
2025/02/16 20:15:48.067, 73.76 W
2025/02/16 20:15:48.077, 73.76 W
2025/02/16 20:15:48.087, 73.76 W
2025/02/16 20:15:48.097, 73.76 W
2025/02/16 20:15:48.107, 73.76 W
2025/02/16 20:15:48.117, 73.76 W
2025/02/16 20:15:48.127, 73.76 W
2025/02/16 20:15:48.138, 73.76 W
2025/02/16 20:15:48.148, 73.76 W
2025/02/16 20:15:48.158, 73.76 W
2025/02/16 20:15:48.168, 73.76 W
2025/02/16 20:15:48.178, 73.76 W
2025/02/16 20:15:48.188, 73.76 W
2025/02/16 20:15:48.198, 73.76 W
2025/02/16 20:15:48.208, 73.76 W
2025/02/16 20:15:48.218, 73.76 W
2025/02/16 20:15:48.228, 73.76 W
2025/02/16 20:15:48.238, 73.76 W
2025/02/16 20:15:48.248, 73.76 W
2025/02/16 20:15:48.258, 73.76 W
2025/02/16 20:15:48.268, 73.76 W
2025/02/16 20:15:48.278, 73.76 W
2025/02/16 20:15:48.289, 73.76 W
2025/02/16 20:15:48.299, 73.76 W
2025/02/16 20:15:48.309, 73.76 W
2025/02/16 20:15:48.319, 73.76 W
2025/02/16 20:15:48.329, 73.76 W
2025/02/16 20:15:48.339, 73.76 W
2025/02/16 20:15:48.349, 73.76 W
2025/02/16 20:15:48.359, 73.76 W
2025/02/16 20:15:48.369, 73.76 W
2025/02/16 20:15:48.379, 73.76 W
2025/02/16 20:15:48.389, 73.76 W
2025/02/16 20:15:48.399, 73.76 W
2025/02/16 20:15:48.409, 73.76 W
2025/02/16 20:15:48.419, 73.76 W
2025/02/16 20:15:48.429, 73.76 W
2025/02/16 20:15:48.439, 73.76 W
2025/02/16 20:15:48.450, 73.76 W
2025/02/16 20:15:48.460, 73.76 W
2025/02/16 20:15:48.470, 73.76 W
2025/02/16 20:15:48.480, 73.76 W
2025/02/16 20:15:48.490, 73.76 W
2025/02/16 20:15:48.500, 73.76 W
2025/02/16 20:15:48.510, 73.76 W
2025/02/16 20:15:48.520, 73.76 W
2025/02/16 20:15:48.530, 73.76 W
2025/02/16 20:15:48.540, 73.76 W
2025/02/16 20:15:48.550, 73.76 W
2025/02/16 20:15:48.560, 73.76 W
2025/02/16 20:15:48.570, 73.76 W
2025/02/16 20:15:48.580, 73.76 W
2025/02/16 20:15:48.590, 73.76 W
2025/02/16 20:15:48.600, 73.76 W
2025/02/16 20:15:48.611, 73.76 W
2025/02/16 20:15:48.621, 73.76 W
2025/02/16 20:15:48.631, 73.76 W
2025/02/16 20:15:48.641, 73.76 W
2025/02/16 20:15:48.651, 73.76 W
2025/02/16 20:15:48.661, 73.76 W
2025/02/16 20:15:48.671, 73.76 W
2025/02/16 20:15:48.681, 73.76 W
2025/02/16 20:15:48.691, 73.76 W
2025/02/16 20:15:48.701, 73.76 W
2025/02/16 20:15:48.711, 73.76 W
2025/02/16 20:15:48.721, 73.76 W
2025/02/16 20:15:48.731, 73.76 W
2025/02/16 20:15:48.741, 73.76 W
2025/02/16 20:15:48.751, 73.76 W
2025/02/16 20:15:48.761, 73.76 W
2025/02/16 20:15:48.772, 73.76 W
2025/02/16 20:15:48.782, 73.76 W
2025/02/16 20:15:48.792, 73.76 W
2025/02/16 20:15:48.802, 73.76 W
2025/02/16 20:15:48.812, 73.76 W
2025/02/16 20:15:48.822, 73.76 W
2025/02/16 20:15:48.832, 73.76 W
2025/02/16 20:15:48.842, 73.76 W
2025/02/16 20:15:48.852, 73.76 W
2025/02/16 20:15:48.862, 73.76 W
2025/02/16 20:15:48.872, 73.76 W
2025/02/16 20:15:48.882, 73.76 W
2025/02/16 20:15:48.892, 73.76 W
2025/02/16 20:15:48.902, 73.76 W
2025/02/16 20:15:48.912, 73.76 W
2025/02/16 20:15:48.923, 73.76 W
2025/02/16 20:15:48.933, 73.76 W
2025/02/16 20:15:48.943, 73.76 W
2025/02/16 20:15:48.953, 73.76 W
2025/02/16 20:15:48.963, 73.76 W
2025/02/16 20:15:48.973, 73.76 W
2025/02/16 20:15:48.983, 73.76 W
2025/02/16 20:15:48.993, 73.76 W
2025/02/16 20:15:49.003, 73.76 W
2025/02/16 20:15:49.013, 73.76 W
2025/02/16 20:15:49.023, 73.76 W
2025/02/16 20:15:49.033, 73.76 W
2025/02/16 20:15:49.043, 73.76 W
2025/02/16 20:15:49.053, 73.76 W
2025/02/16 20:15:49.063, 73.76 W
2025/02/16 20:15:49.073, 73.76 W
2025/02/16 20:15:49.084, 73.76 W
2025/02/16 20:15:49.094, 73.76 W
2025/02/16 20:15:49.104, 73.76 W
2025/02/16 20:15:49.114, 73.76 W
2025/02/16 20:15:49.124, 73.76 W
2025/02/16 20:15:49.134, 73.76 W
2025/02/16 20:15:49.144, 73.76 W
2025/02/16 20:15:49.154, 73.76 W
2025/02/16 20:15:49.164, 73.76 W
2025/02/16 20:15:49.174, 73.76 W
2025/02/16 20:15:49.184, 73.76 W
2025/02/16 20:15:49.194, 73.76 W
2025/02/16 20:15:49.204, 73.76 W
2025/02/16 20:15:49.214, 73.76 W
2025/02/16 20:15:49.224, 73.76 W
2025/02/16 20:15:49.235, 73.76 W
2025/02/16 20:15:49.245, 73.76 W
2025/02/16 20:15:49.255, 73.76 W
2025/02/16 20:15:49.265, 73.76 W
2025/02/16 20:15:49.275, 73.76 W
2025/02/16 20:15:49.285, 73.76 W
2025/02/16 20:15:49.295, 73.76 W
2025/02/16 20:15:49.305, 73.76 W
2025/02/16 20:15:49.315, 73.76 W
2025/02/16 20:15:49.325, 73.76 W
2025/02/16 20:15:49.335, 73.76 W
2025/02/16 20:15:49.345, 73.76 W
2025/02/16 20:15:49.355, 73.76 W
2025/02/16 20:15:49.365, 73.76 W
2025/02/16 20:15:49.375, 73.76 W
2025/02/16 20:15:49.385, 73.76 W
2025/02/16 20:15:49.396, 73.76 W
2025/02/16 20:15:49.406, 73.76 W
2025/02/16 20:15:49.416, 73.76 W
2025/02/16 20:15:49.426, 73.76 W
2025/02/16 20:15:49.436, 73.76 W
2025/02/16 20:15:49.446, 73.76 W
2025/02/16 20:15:49.456, 73.76 W
2025/02/16 20:15:49.466, 73.76 W
2025/02/16 20:15:49.476, 73.76 W
2025/02/16 20:15:49.486, 73.76 W
2025/02/16 20:15:49.496, 73.76 W
2025/02/16 20:15:49.506, 73.76 W
2025/02/16 20:15:49.516, 73.76 W
2025/02/16 20:15:49.526, 73.76 W
2025/02/16 20:15:49.536, 73.76 W
2025/02/16 20:15:49.546, 73.76 W
2025/02/16 20:15:49.557, 73.76 W
2025/02/16 20:15:49.567, 73.76 W
2025/02/16 20:15:49.577, 73.76 W
2025/02/16 20:15:49.587, 73.76 W
2025/02/16 20:15:49.597, 73.76 W
2025/02/16 20:15:49.607, 73.76 W
2025/02/16 20:15:49.617, 73.76 W
2025/02/16 20:15:49.627, 73.76 W
2025/02/16 20:15:49.637, 73.76 W
2025/02/16 20:15:49.647, 73.76 W
2025/02/16 20:15:49.657, 73.76 W
2025/02/16 20:15:49.667, 73.76 W
2025/02/16 20:15:49.677, 73.76 W
2025/02/16 20:15:49.687, 73.76 W
2025/02/16 20:15:49.697, 73.76 W
2025/02/16 20:15:49.707, 73.76 W
2025/02/16 20:15:49.718, 73.76 W
2025/02/16 20:15:49.728, 73.76 W
2025/02/16 20:15:49.738, 73.76 W
2025/02/16 20:15:49.748, 73.76 W
2025/02/16 20:15:49.758, 73.76 W
2025/02/16 20:15:49.768, 73.76 W
2025/02/16 20:15:49.778, 73.76 W
2025/02/16 20:15:49.788, 73.76 W
2025/02/16 20:15:49.798, 73.76 W
2025/02/16 20:15:49.808, 73.76 W
2025/02/16 20:15:49.818, 73.76 W
2025/02/16 20:15:49.828, 73.76 W
2025/02/16 20:15:49.838, 73.76 W
2025/02/16 20:15:49.848, 73.76 W
2025/02/16 20:15:49.858, 73.76 W
2025/02/16 20:15:49.868, 73.76 W
2025/02/16 20:15:49.879, 73.76 W
2025/02/16 20:15:49.889, 73.76 W
2025/02/16 20:15:49.899, 73.76 W
2025/02/16 20:15:49.909, 73.76 W
2025/02/16 20:15:49.919, 73.76 W
2025/02/16 20:15:49.929, 73.76 W
2025/02/16 20:15:49.939, 73.76 W
2025/02/16 20:15:49.949, 73.76 W
2025/02/16 20:15:49.959, 73.76 W
2025/02/16 20:15:49.969, 73.76 W
2025/02/16 20:15:49.979, 73.76 W
2025/02/16 20:15:49.989, 73.76 W
2025/02/16 20:15:49.999, 73.76 W
2025/02/16 20:15:50.009, 73.76 W
2025/02/16 20:15:50.019, 73.76 W
2025/02/16 20:15:50.030, 73.76 W
2025/02/16 20:15:50.040, 73.76 W
2025/02/16 20:15:50.050, 73.76 W
2025/02/16 20:15:50.060, 73.76 W
2025/02/16 20:15:50.070, 73.76 W
2025/02/16 20:15:50.080, 73.76 W
2025/02/16 20:15:50.090, 73.76 W
2025/02/16 20:15:50.100, 73.76 W
2025/02/16 20:15:50.112, 73.76 W
2025/02/16 20:15:50.122, 73.76 W
2025/02/16 20:15:50.132, 73.76 W
2025/02/16 20:15:50.142, 73.76 W
2025/02/16 20:15:50.153, 73.76 W
2025/02/16 20:15:50.163, 73.76 W
2025/02/16 20:15:50.173, 73.76 W
2025/02/16 20:15:50.183, 73.76 W
2025/02/16 20:15:50.193, 73.76 W
2025/02/16 20:15:50.203, 73.76 W
2025/02/16 20:15:50.213, 73.76 W
2025/02/16 20:15:50.223, 74.05 W
2025/02/16 20:15:50.233, 74.05 W
2025/02/16 20:15:50.243, 74.05 W
2025/02/16 20:15:50.253, 74.05 W
2025/02/16 20:15:50.263, 74.05 W
2025/02/16 20:15:50.273, 74.05 W
2025/02/16 20:15:50.283, 74.05 W
2025/02/16 20:15:50.294, 74.05 W
2025/02/16 20:15:50.304, 74.05 W
2025/02/16 20:15:50.314, 74.05 W
2025/02/16 20:15:50.324, 74.05 W
2025/02/16 20:15:50.334, 74.05 W
2025/02/16 20:15:50.344, 74.05 W
2025/02/16 20:15:50.354, 74.05 W
2025/02/16 20:15:50.364, 74.05 W
2025/02/16 20:15:50.374, 74.05 W
2025/02/16 20:15:50.384, 74.05 W
2025/02/16 20:15:50.394, 74.05 W
2025/02/16 20:15:50.404, 74.05 W
2025/02/16 20:15:50.414, 74.05 W
2025/02/16 20:15:50.424, 74.05 W
2025/02/16 20:15:50.434, 74.05 W
2025/02/16 20:15:50.445, 74.05 W
2025/02/16 20:15:50.455, 74.05 W
2025/02/16 20:15:50.465, 74.05 W
2025/02/16 20:15:50.475, 74.05 W
2025/02/16 20:15:50.485, 74.05 W
2025/02/16 20:15:50.495, 74.05 W
2025/02/16 20:15:50.505, 74.05 W
2025/02/16 20:15:50.515, 74.05 W
2025/02/16 20:15:50.525, 74.05 W
2025/02/16 20:15:50.535, 74.05 W
2025/02/16 20:15:50.545, 74.05 W
2025/02/16 20:15:50.555, 74.05 W
2025/02/16 20:15:50.565, 74.05 W
2025/02/16 20:15:50.575, 74.05 W
2025/02/16 20:15:50.585, 74.05 W
2025/02/16 20:15:50.595, 74.05 W
2025/02/16 20:15:50.606, 74.05 W
2025/02/16 20:15:50.616, 74.05 W
2025/02/16 20:15:50.626, 74.05 W
2025/02/16 20:15:50.636, 74.05 W
2025/02/16 20:15:50.646, 74.05 W
2025/02/16 20:15:50.656, 74.05 W
2025/02/16 20:15:50.666, 74.05 W
2025/02/16 20:15:50.676, 74.05 W
2025/02/16 20:15:50.686, 74.05 W
2025/02/16 20:15:50.696, 74.05 W
2025/02/16 20:15:50.706, 74.05 W
2025/02/16 20:15:50.716, 74.05 W
2025/02/16 20:15:50.726, 74.05 W
2025/02/16 20:15:50.736, 74.05 W
2025/02/16 20:15:50.746, 74.05 W
2025/02/16 20:15:50.756, 74.05 W
2025/02/16 20:15:50.767, 74.05 W
2025/02/16 20:15:50.777, 74.05 W
2025/02/16 20:15:50.787, 74.05 W
2025/02/16 20:15:50.797, 74.05 W
2025/02/16 20:15:50.807, 74.05 W
2025/02/16 20:15:50.817, 74.05 W
2025/02/16 20:15:50.827, 74.05 W
2025/02/16 20:15:50.837, 74.05 W
2025/02/16 20:15:50.847, 74.05 W
2025/02/16 20:15:50.857, 74.05 W
2025/02/16 20:15:50.867, 74.05 W
2025/02/16 20:15:50.877, 74.05 W
2025/02/16 20:15:50.887, 74.05 W
2025/02/16 20:15:50.897, 74.05 W
2025/02/16 20:15:50.907, 74.05 W
2025/02/16 20:15:50.917, 74.05 W
2025/02/16 20:15:50.928, 74.05 W
2025/02/16 20:15:50.938, 74.05 W
2025/02/16 20:15:50.948, 74.05 W
2025/02/16 20:15:50.958, 74.05 W
2025/02/16 20:15:50.968, 74.05 W
2025/02/16 20:15:50.978, 74.05 W
2025/02/16 20:15:50.988, 74.05 W
2025/02/16 20:15:50.998, 74.05 W
2025/02/16 20:15:51.008, 74.05 W
2025/02/16 20:15:51.018, 74.05 W
2025/02/16 20:15:51.028, 74.05 W
2025/02/16 20:15:51.038, 74.05 W
2025/02/16 20:15:51.048, 74.05 W
2025/02/16 20:15:51.058, 74.05 W
2025/02/16 20:15:51.068, 74.05 W
2025/02/16 20:15:51.079, 74.05 W
2025/02/16 20:15:51.089, 74.05 W
2025/02/16 20:15:51.099, 74.05 W
2025/02/16 20:15:51.109, 74.05 W
2025/02/16 20:15:51.119, 74.05 W
2025/02/16 20:15:51.129, 74.29 W
2025/02/16 20:15:51.139, 74.29 W
2025/02/16 20:15:51.149, 74.29 W
2025/02/16 20:15:51.159, 74.29 W
2025/02/16 20:15:51.169, 74.29 W
2025/02/16 20:15:51.179, 74.29 W
2025/02/16 20:15:51.189, 74.29 W
2025/02/16 20:15:51.199, 74.29 W
2025/02/16 20:15:51.209, 74.29 W
2025/02/16 20:15:51.219, 74.29 W
2025/02/16 20:15:51.230, 74.29 W
2025/02/16 20:15:51.240, 74.29 W
2025/02/16 20:15:51.250, 74.05 W
2025/02/16 20:15:51.260, 74.05 W
2025/02/16 20:15:51.270, 74.05 W
2025/02/16 20:15:51.280, 74.05 W
2025/02/16 20:15:51.290, 74.05 W
2025/02/16 20:15:51.300, 74.05 W
2025/02/16 20:15:51.310, 74.05 W
2025/02/16 20:15:51.320, 74.05 W
2025/02/16 20:15:51.330, 74.05 W
2025/02/16 20:15:51.340, 74.05 W
2025/02/16 20:15:51.350, 74.05 W
2025/02/16 20:15:51.360, 74.05 W
2025/02/16 20:15:51.370, 74.05 W
2025/02/16 20:15:51.380, 74.05 W
2025/02/16 20:15:51.391, 74.05 W
2025/02/16 20:15:51.401, 74.05 W
2025/02/16 20:15:51.411, 74.05 W
2025/02/16 20:15:51.421, 74.05 W
2025/02/16 20:15:51.431, 74.05 W
2025/02/16 20:15:51.441, 74.05 W
2025/02/16 20:15:51.451, 74.05 W
2025/02/16 20:15:51.461, 74.05 W
2025/02/16 20:15:51.471, 74.05 W
2025/02/16 20:15:51.481, 74.05 W
2025/02/16 20:15:51.491, 74.05 W
2025/02/16 20:15:51.501, 74.05 W
2025/02/16 20:15:51.511, 74.05 W
2025/02/16 20:15:51.521, 74.05 W
2025/02/16 20:15:51.531, 74.05 W
2025/02/16 20:15:51.542, 74.05 W
2025/02/16 20:15:51.552, 74.05 W
2025/02/16 20:15:51.562, 74.05 W
2025/02/16 20:15:51.572, 74.05 W
2025/02/16 20:15:51.582, 74.05 W
2025/02/16 20:15:51.592, 74.05 W
2025/02/16 20:15:51.602, 74.05 W
2025/02/16 20:15:51.612, 74.05 W
2025/02/16 20:15:51.622, 74.05 W
2025/02/16 20:15:51.632, 74.05 W
2025/02/16 20:15:51.642, 74.05 W
2025/02/16 20:15:51.652, 74.05 W
2025/02/16 20:15:51.662, 74.05 W
2025/02/16 20:15:51.672, 74.05 W
2025/02/16 20:15:51.682, 74.05 W
2025/02/16 20:15:51.692, 74.05 W
2025/02/16 20:15:51.703, 74.05 W
2025/02/16 20:15:51.713, 74.05 W
2025/02/16 20:15:51.723, 74.05 W
2025/02/16 20:15:51.733, 74.05 W
2025/02/16 20:15:51.743, 74.05 W
2025/02/16 20:15:51.753, 74.05 W
2025/02/16 20:15:51.763, 74.05 W
2025/02/16 20:15:51.773, 74.05 W
2025/02/16 20:15:51.783, 74.05 W
2025/02/16 20:15:51.793, 74.05 W
2025/02/16 20:15:51.803, 74.05 W
2025/02/16 20:15:51.813, 74.05 W
2025/02/16 20:15:51.823, 74.05 W
2025/02/16 20:15:51.833, 74.05 W
2025/02/16 20:15:51.843, 74.05 W
2025/02/16 20:15:51.853, 74.05 W
2025/02/16 20:15:51.864, 74.05 W
2025/02/16 20:15:51.874, 74.05 W
2025/02/16 20:15:51.884, 74.05 W
2025/02/16 20:15:51.894, 74.05 W
2025/02/16 20:15:51.904, 74.05 W
2025/02/16 20:15:51.914, 74.05 W
2025/02/16 20:15:51.924, 74.05 W
2025/02/16 20:15:51.934, 74.05 W
2025/02/16 20:15:51.944, 74.05 W
2025/02/16 20:15:51.954, 74.05 W
2025/02/16 20:15:51.964, 74.05 W
2025/02/16 20:15:51.974, 74.05 W
2025/02/16 20:15:51.984, 74.05 W
2025/02/16 20:15:51.994, 74.05 W
2025/02/16 20:15:52.004, 74.05 W
2025/02/16 20:15:52.015, 74.05 W
2025/02/16 20:15:52.025, 74.05 W
2025/02/16 20:15:52.035, 74.05 W
2025/02/16 20:15:52.045, 74.05 W
2025/02/16 20:15:52.055, 74.05 W
2025/02/16 20:15:52.065, 74.05 W
2025/02/16 20:15:52.075, 74.05 W
2025/02/16 20:15:52.085, 74.05 W
2025/02/16 20:15:52.095, 74.05 W
2025/02/16 20:15:52.105, 74.05 W
2025/02/16 20:15:52.115, 74.05 W
2025/02/16 20:15:52.125, 74.05 W
2025/02/16 20:15:52.135, 74.05 W
2025/02/16 20:15:52.145, 74.05 W
2025/02/16 20:15:52.155, 74.05 W
2025/02/16 20:15:52.166, 74.05 W
2025/02/16 20:15:52.176, 74.05 W
2025/02/16 20:15:52.186, 74.05 W
2025/02/16 20:15:52.196, 74.05 W
2025/02/16 20:15:52.206, 74.05 W
2025/02/16 20:15:52.216, 74.05 W
2025/02/16 20:15:52.226, 74.05 W
2025/02/16 20:15:52.236, 74.05 W
2025/02/16 20:15:52.246, 74.05 W
2025/02/16 20:15:52.256, 74.05 W
2025/02/16 20:15:52.266, 74.05 W
2025/02/16 20:15:52.276, 74.05 W
2025/02/16 20:15:52.286, 74.05 W
2025/02/16 20:15:52.296, 74.05 W
2025/02/16 20:15:52.306, 74.05 W
2025/02/16 20:15:52.316, 74.05 W
2025/02/16 20:15:52.327, 74.05 W
2025/02/16 20:15:52.337, 74.05 W
2025/02/16 20:15:52.347, 74.05 W
2025/02/16 20:15:52.357, 74.05 W
2025/02/16 20:15:52.367, 74.05 W
2025/02/16 20:15:52.377, 74.05 W
2025/02/16 20:15:52.387, 74.05 W
2025/02/16 20:15:52.397, 74.05 W
2025/02/16 20:15:52.407, 74.05 W
2025/02/16 20:15:52.417, 74.05 W
2025/02/16 20:15:52.427, 74.05 W
2025/02/16 20:15:52.437, 74.05 W
2025/02/16 20:15:52.447, 74.05 W
2025/02/16 20:15:52.457, 74.05 W
2025/02/16 20:15:52.467, 74.05 W
2025/02/16 20:15:52.477, 74.05 W
2025/02/16 20:15:52.488, 74.05 W
2025/02/16 20:15:52.498, 74.05 W
2025/02/16 20:15:52.508, 74.05 W
2025/02/16 20:15:52.518, 74.05 W
2025/02/16 20:15:52.528, 74.05 W
2025/02/16 20:15:52.538, 74.05 W
2025/02/16 20:15:52.548, 74.05 W
2025/02/16 20:15:52.558, 74.05 W
2025/02/16 20:15:52.568, 74.05 W
2025/02/16 20:15:52.578, 74.05 W
2025/02/16 20:15:52.588, 74.05 W
2025/02/16 20:15:52.598, 74.05 W
2025/02/16 20:15:52.608, 74.05 W
2025/02/16 20:15:52.618, 74.05 W
2025/02/16 20:15:52.628, 74.05 W
2025/02/16 20:15:52.639, 74.05 W
2025/02/16 20:15:52.649, 74.05 W
2025/02/16 20:15:52.659, 74.05 W
2025/02/16 20:15:52.669, 74.05 W
2025/02/16 20:15:52.679, 74.05 W
2025/02/16 20:15:52.689, 74.05 W
2025/02/16 20:15:52.699, 74.05 W
2025/02/16 20:15:52.709, 74.05 W
2025/02/16 20:15:52.719, 74.05 W
2025/02/16 20:15:52.729, 74.05 W
2025/02/16 20:15:52.739, 74.05 W
2025/02/16 20:15:52.749, 74.05 W
2025/02/16 20:15:52.759, 74.05 W
2025/02/16 20:15:52.769, 74.05 W
2025/02/16 20:15:52.779, 74.05 W
2025/02/16 20:15:52.789, 74.05 W
2025/02/16 20:15:52.800, 74.05 W
2025/02/16 20:15:52.810, 74.05 W
2025/02/16 20:15:52.820, 74.05 W
2025/02/16 20:15:52.830, 74.05 W
2025/02/16 20:15:52.840, 74.05 W
2025/02/16 20:15:52.850, 74.05 W
2025/02/16 20:15:52.860, 74.05 W
2025/02/16 20:15:52.870, 74.05 W
2025/02/16 20:15:52.880, 74.05 W
2025/02/16 20:15:52.890, 74.05 W
2025/02/16 20:15:52.900, 74.05 W
2025/02/16 20:15:52.910, 74.05 W
2025/02/16 20:15:52.920, 74.05 W
2025/02/16 20:15:52.930, 74.05 W
2025/02/16 20:15:52.940, 74.05 W
2025/02/16 20:15:52.951, 74.05 W
2025/02/16 20:15:52.961, 74.05 W
2025/02/16 20:15:52.971, 74.05 W
2025/02/16 20:15:52.981, 74.05 W
2025/02/16 20:15:52.991, 74.05 W
2025/02/16 20:15:53.001, 74.05 W
2025/02/16 20:15:53.011, 74.05 W
2025/02/16 20:15:53.021, 74.05 W
2025/02/16 20:15:53.031, 74.05 W
2025/02/16 20:15:53.041, 74.05 W
2025/02/16 20:15:53.051, 74.05 W
2025/02/16 20:15:53.061, 74.05 W
2025/02/16 20:15:53.071, 74.05 W
2025/02/16 20:15:53.081, 74.05 W
2025/02/16 20:15:53.091, 74.05 W
2025/02/16 20:15:53.101, 74.05 W
2025/02/16 20:15:53.112, 74.05 W
2025/02/16 20:15:53.122, 74.05 W
2025/02/16 20:15:53.132, 74.05 W
2025/02/16 20:15:53.142, 74.05 W
2025/02/16 20:15:53.152, 74.05 W
2025/02/16 20:15:53.162, 74.05 W
2025/02/16 20:15:53.172, 74.05 W
2025/02/16 20:15:53.182, 74.05 W
2025/02/16 20:15:53.192, 74.05 W
2025/02/16 20:15:53.202, 74.05 W
2025/02/16 20:15:53.212, 74.05 W
2025/02/16 20:15:53.222, 74.05 W
2025/02/16 20:15:53.232, 74.05 W
2025/02/16 20:15:53.242, 74.05 W
2025/02/16 20:15:53.252, 74.05 W
2025/02/16 20:15:53.263, 74.05 W
2025/02/16 20:15:53.273, 74.05 W
2025/02/16 20:15:53.283, 74.05 W
2025/02/16 20:15:53.293, 74.05 W
2025/02/16 20:15:53.303, 74.05 W
2025/02/16 20:15:53.313, 74.05 W
2025/02/16 20:15:53.323, 74.05 W
2025/02/16 20:15:53.333, 74.05 W
2025/02/16 20:15:53.343, 74.05 W
2025/02/16 20:15:53.353, 74.05 W
2025/02/16 20:15:53.363, 74.05 W
2025/02/16 20:15:53.373, 74.05 W
2025/02/16 20:15:53.383, 74.05 W
2025/02/16 20:15:53.393, 74.05 W
2025/02/16 20:15:53.403, 74.05 W
2025/02/16 20:15:53.413, 74.05 W
2025/02/16 20:15:53.424, 74.05 W
2025/02/16 20:15:53.434, 74.05 W
2025/02/16 20:15:53.444, 74.05 W
2025/02/16 20:15:53.454, 74.05 W
2025/02/16 20:15:53.464, 74.05 W
2025/02/16 20:15:53.474, 74.05 W
2025/02/16 20:15:53.484, 74.05 W
2025/02/16 20:15:53.494, 74.05 W
2025/02/16 20:15:53.504, 74.05 W
2025/02/16 20:15:53.514, 74.05 W
2025/02/16 20:15:53.524, 74.05 W
2025/02/16 20:15:53.534, 74.05 W
2025/02/16 20:15:53.544, 74.05 W
2025/02/16 20:15:53.554, 74.05 W
2025/02/16 20:15:53.564, 74.05 W
2025/02/16 20:15:53.574, 74.05 W
2025/02/16 20:15:53.585, 74.05 W
2025/02/16 20:15:53.595, 74.05 W
2025/02/16 20:15:53.605, 74.05 W
2025/02/16 20:15:53.615, 74.05 W
2025/02/16 20:15:53.625, 74.05 W
2025/02/16 20:15:53.635, 74.05 W
2025/02/16 20:15:53.645, 74.05 W
2025/02/16 20:15:53.655, 74.05 W
2025/02/16 20:15:53.665, 74.05 W
2025/02/16 20:15:53.675, 74.05 W
2025/02/16 20:15:53.685, 74.05 W
2025/02/16 20:15:53.695, 74.05 W
2025/02/16 20:15:53.705, 74.05 W
2025/02/16 20:15:53.715, 74.05 W
2025/02/16 20:15:53.725, 74.05 W
2025/02/16 20:15:53.736, 74.05 W
2025/02/16 20:15:53.746, 74.05 W
2025/02/16 20:15:53.756, 74.05 W
2025/02/16 20:15:53.766, 74.05 W
2025/02/16 20:15:53.776, 74.05 W
2025/02/16 20:15:53.786, 74.05 W
2025/02/16 20:15:53.796, 74.05 W
2025/02/16 20:15:53.806, 74.05 W
2025/02/16 20:15:53.816, 74.05 W
2025/02/16 20:15:53.826, 74.05 W
2025/02/16 20:15:53.836, 74.05 W
2025/02/16 20:15:53.846, 74.05 W
2025/02/16 20:15:53.856, 74.05 W
2025/02/16 20:15:53.866, 74.05 W
2025/02/16 20:15:53.876, 74.05 W
2025/02/16 20:15:53.886, 74.05 W
2025/02/16 20:15:53.897, 74.05 W
2025/02/16 20:15:53.907, 74.05 W
2025/02/16 20:15:53.917, 74.05 W
2025/02/16 20:15:53.927, 74.05 W
2025/02/16 20:15:53.937, 74.05 W
2025/02/16 20:15:53.947, 74.05 W
2025/02/16 20:15:53.957, 74.05 W
2025/02/16 20:15:53.967, 74.05 W
2025/02/16 20:15:53.977, 74.05 W
2025/02/16 20:15:53.987, 74.05 W
2025/02/16 20:15:53.997, 74.05 W
2025/02/16 20:15:54.007, 74.05 W
2025/02/16 20:15:54.017, 74.05 W
2025/02/16 20:15:54.027, 74.05 W
2025/02/16 20:15:54.037, 74.05 W
2025/02/16 20:15:54.048, 74.05 W
2025/02/16 20:15:54.058, 74.05 W
2025/02/16 20:15:54.068, 74.05 W
2025/02/16 20:15:54.078, 74.05 W
2025/02/16 20:15:54.088, 74.05 W
2025/02/16 20:15:54.098, 74.05 W
2025/02/16 20:15:54.108, 74.05 W
2025/02/16 20:15:54.118, 74.05 W
2025/02/16 20:15:54.128, 74.05 W
2025/02/16 20:15:54.138, 74.05 W
2025/02/16 20:15:54.148, 74.05 W
2025/02/16 20:15:54.158, 74.05 W
2025/02/16 20:15:54.168, 74.05 W
2025/02/16 20:15:54.178, 74.05 W
2025/02/16 20:15:54.188, 74.05 W
2025/02/16 20:15:54.199, 74.05 W
2025/02/16 20:15:54.209, 74.05 W
2025/02/16 20:15:54.219, 74.05 W
2025/02/16 20:15:54.229, 74.05 W
2025/02/16 20:15:54.239, 74.05 W
2025/02/16 20:15:54.249, 74.05 W
2025/02/16 20:15:54.259, 74.05 W
2025/02/16 20:15:54.269, 74.05 W
2025/02/16 20:15:54.279, 74.05 W
2025/02/16 20:15:54.289, 74.05 W
2025/02/16 20:15:54.299, 74.05 W
2025/02/16 20:15:54.309, 74.05 W
2025/02/16 20:15:54.319, 74.05 W
2025/02/16 20:15:54.329, 74.05 W
2025/02/16 20:15:54.339, 74.05 W
2025/02/16 20:15:54.349, 74.05 W
2025/02/16 20:15:54.360, 74.05 W
2025/02/16 20:15:54.370, 74.05 W
2025/02/16 20:15:54.380, 74.05 W
2025/02/16 20:15:54.390, 74.05 W
2025/02/16 20:15:54.400, 74.05 W
2025/02/16 20:15:54.410, 74.05 W
2025/02/16 20:15:54.420, 74.05 W
2025/02/16 20:15:54.430, 74.05 W
2025/02/16 20:15:54.440, 74.05 W
2025/02/16 20:15:54.450, 74.05 W
2025/02/16 20:15:54.460, 74.05 W
2025/02/16 20:15:54.470, 74.05 W
2025/02/16 20:15:54.480, 74.05 W
2025/02/16 20:15:54.490, 74.05 W
2025/02/16 20:15:54.500, 74.05 W
2025/02/16 20:15:54.511, 74.05 W
2025/02/16 20:15:54.521, 74.05 W
2025/02/16 20:15:54.531, 74.05 W
2025/02/16 20:15:54.541, 74.05 W
2025/02/16 20:15:54.551, 74.05 W
2025/02/16 20:15:54.561, 74.05 W
2025/02/16 20:15:54.571, 74.05 W
2025/02/16 20:15:54.581, 74.05 W
2025/02/16 20:15:54.591, 74.05 W
2025/02/16 20:15:54.601, 74.05 W
2025/02/16 20:15:54.611, 74.05 W
2025/02/16 20:15:54.621, 74.05 W
2025/02/16 20:15:54.631, 74.05 W
2025/02/16 20:15:54.641, 74.05 W
2025/02/16 20:15:54.651, 74.05 W
2025/02/16 20:15:54.662, 74.05 W
2025/02/16 20:15:54.672, 74.05 W
2025/02/16 20:15:54.682, 74.05 W
2025/02/16 20:15:54.692, 74.05 W
2025/02/16 20:15:54.702, 74.05 W
2025/02/16 20:15:54.712, 74.05 W
2025/02/16 20:15:54.722, 74.05 W
2025/02/16 20:15:54.732, 74.05 W
2025/02/16 20:15:54.742, 74.05 W
2025/02/16 20:15:54.752, 74.05 W
2025/02/16 20:15:54.762, 74.05 W
2025/02/16 20:15:54.772, 74.05 W
2025/02/16 20:15:54.782, 74.05 W
2025/02/16 20:15:54.792, 74.05 W
2025/02/16 20:15:54.802, 74.05 W
2025/02/16 20:15:54.812, 74.05 W
2025/02/16 20:15:54.823, 74.05 W
2025/02/16 20:15:54.833, 74.05 W
2025/02/16 20:15:54.843, 74.05 W
2025/02/16 20:15:54.853, 74.05 W
2025/02/16 20:15:54.863, 74.05 W
2025/02/16 20:15:54.873, 74.05 W
2025/02/16 20:15:54.883, 74.05 W
2025/02/16 20:15:54.893, 74.05 W
2025/02/16 20:15:54.903, 74.05 W
2025/02/16 20:15:54.913, 74.05 W
2025/02/16 20:15:54.923, 74.05 W
2025/02/16 20:15:54.933, 74.05 W
2025/02/16 20:15:54.943, 74.05 W
2025/02/16 20:15:54.953, 74.05 W
2025/02/16 20:15:54.963, 74.05 W
2025/02/16 20:15:54.974, 74.05 W
2025/02/16 20:15:54.984, 74.05 W
2025/02/16 20:15:54.994, 74.05 W
2025/02/16 20:15:55.004, 74.05 W
2025/02/16 20:15:55.014, 74.05 W
2025/02/16 20:15:55.024, 74.05 W
2025/02/16 20:15:55.034, 74.05 W
2025/02/16 20:15:55.044, 74.05 W
2025/02/16 20:15:55.054, 74.05 W
2025/02/16 20:15:55.064, 74.05 W
2025/02/16 20:15:55.074, 74.05 W
2025/02/16 20:15:55.084, 74.05 W
2025/02/16 20:15:55.094, 74.05 W
2025/02/16 20:15:55.104, 74.05 W
2025/02/16 20:15:55.114, 74.05 W
2025/02/16 20:15:55.124, 74.05 W
2025/02/16 20:15:55.135, 74.05 W
2025/02/16 20:15:55.145, 74.05 W
2025/02/16 20:15:55.155, 74.05 W
2025/02/16 20:15:55.165, 74.05 W
2025/02/16 20:15:55.175, 74.05 W
2025/02/16 20:15:55.185, 74.05 W
2025/02/16 20:15:55.195, 74.05 W
2025/02/16 20:15:55.205, 74.05 W
2025/02/16 20:15:55.215, 74.05 W
2025/02/16 20:15:55.225, 74.05 W
2025/02/16 20:15:55.235, 74.05 W
2025/02/16 20:15:55.245, 74.05 W
2025/02/16 20:15:55.255, 74.05 W
2025/02/16 20:15:55.265, 74.05 W
2025/02/16 20:15:55.275, 74.05 W
2025/02/16 20:15:55.285, 74.05 W
2025/02/16 20:15:55.296, 74.05 W
2025/02/16 20:15:55.306, 74.05 W
2025/02/16 20:15:55.316, 74.05 W
2025/02/16 20:15:55.326, 74.05 W
2025/02/16 20:15:55.336, 74.05 W
2025/02/16 20:15:55.346, 74.05 W
2025/02/16 20:15:55.356, 74.05 W
2025/02/16 20:15:55.366, 74.05 W
2025/02/16 20:15:55.376, 74.05 W
2025/02/16 20:15:55.386, 74.05 W
2025/02/16 20:15:55.396, 74.05 W
2025/02/16 20:15:55.406, 74.05 W
2025/02/16 20:15:55.416, 74.05 W
2025/02/16 20:15:55.426, 74.05 W
2025/02/16 20:15:55.436, 74.05 W
2025/02/16 20:15:55.447, 74.05 W
2025/02/16 20:15:55.457, 74.05 W
2025/02/16 20:15:55.467, 74.05 W
2025/02/16 20:15:55.477, 74.05 W
2025/02/16 20:15:55.487, 74.05 W
2025/02/16 20:15:55.497, 74.05 W
2025/02/16 20:15:55.507, 74.05 W
2025/02/16 20:15:55.517, 74.05 W
2025/02/16 20:15:55.527, 74.05 W
2025/02/16 20:15:55.537, 74.05 W
2025/02/16 20:15:55.547, 74.05 W
2025/02/16 20:15:55.557, 74.05 W
2025/02/16 20:15:55.567, 74.05 W
2025/02/16 20:15:55.577, 74.05 W
2025/02/16 20:15:55.587, 74.05 W
2025/02/16 20:15:55.598, 74.05 W
2025/02/16 20:15:55.608, 74.05 W
2025/02/16 20:15:55.618, 74.05 W
2025/02/16 20:15:55.628, 74.05 W
2025/02/16 20:15:55.638, 74.05 W
2025/02/16 20:15:55.648, 74.05 W
2025/02/16 20:15:55.658, 74.05 W
2025/02/16 20:15:55.668, 74.05 W
2025/02/16 20:15:55.678, 74.05 W
2025/02/16 20:15:55.688, 74.05 W
2025/02/16 20:15:55.698, 74.05 W
2025/02/16 20:15:55.708, 74.05 W
2025/02/16 20:15:55.718, 74.05 W
2025/02/16 20:15:55.728, 74.05 W
2025/02/16 20:15:55.738, 74.05 W
2025/02/16 20:15:55.748, 74.05 W
2025/02/16 20:15:55.759, 74.05 W
2025/02/16 20:15:55.769, 74.05 W
2025/02/16 20:15:55.779, 74.05 W
2025/02/16 20:15:55.789, 74.05 W
2025/02/16 20:15:55.799, 74.05 W
2025/02/16 20:15:55.809, 74.05 W
2025/02/16 20:15:55.819, 74.05 W
2025/02/16 20:15:55.829, 74.05 W
2025/02/16 20:15:55.839, 74.05 W
2025/02/16 20:15:55.849, 74.05 W
2025/02/16 20:15:55.859, 74.05 W
2025/02/16 20:15:55.869, 74.05 W
2025/02/16 20:15:55.879, 74.05 W
2025/02/16 20:15:55.889, 74.05 W
2025/02/16 20:15:55.899, 74.05 W
2025/02/16 20:15:55.910, 74.05 W
2025/02/16 20:15:55.920, 74.05 W
2025/02/16 20:15:55.930, 74.05 W
2025/02/16 20:15:55.940, 74.05 W
2025/02/16 20:15:55.950, 74.05 W
2025/02/16 20:15:55.960, 74.05 W
2025/02/16 20:15:55.970, 74.05 W
2025/02/16 20:15:55.980, 74.05 W
2025/02/16 20:15:55.990, 74.05 W
2025/02/16 20:15:56.000, 74.05 W
2025/02/16 20:15:56.010, 74.05 W
2025/02/16 20:15:56.020, 74.05 W
2025/02/16 20:15:56.030, 74.05 W
2025/02/16 20:15:56.040, 74.05 W
2025/02/16 20:15:56.050, 74.05 W
2025/02/16 20:15:56.060, 74.05 W
2025/02/16 20:15:56.071, 74.05 W
2025/02/16 20:15:56.081, 74.05 W
2025/02/16 20:15:56.091, 74.05 W
2025/02/16 20:15:56.101, 74.05 W
2025/02/16 20:15:56.111, 74.05 W
2025/02/16 20:15:56.121, 74.05 W
2025/02/16 20:15:56.131, 74.05 W
2025/02/16 20:15:56.141, 74.05 W
2025/02/16 20:15:56.151, 74.05 W
2025/02/16 20:15:56.161, 74.05 W
2025/02/16 20:15:56.171, 74.05 W
2025/02/16 20:15:56.181, 74.05 W
2025/02/16 20:15:56.191, 74.05 W
2025/02/16 20:15:56.201, 74.05 W
2025/02/16 20:15:56.211, 74.05 W
2025/02/16 20:15:56.221, 74.05 W
2025/02/16 20:15:56.232, 74.05 W
2025/02/16 20:15:56.242, 74.05 W
2025/02/16 20:15:56.252, 74.05 W
2025/02/16 20:15:56.262, 74.05 W
2025/02/16 20:15:56.272, 74.05 W
2025/02/16 20:15:56.282, 74.05 W
2025/02/16 20:15:56.292, 74.05 W
2025/02/16 20:15:56.302, 74.05 W
2025/02/16 20:15:56.312, 74.05 W
2025/02/16 20:15:56.322, 74.05 W
2025/02/16 20:15:56.332, 74.05 W
2025/02/16 20:15:56.342, 74.05 W
2025/02/16 20:15:56.352, 74.05 W
2025/02/16 20:15:56.362, 74.05 W
2025/02/16 20:15:56.372, 74.05 W
2025/02/16 20:15:56.383, 74.05 W
2025/02/16 20:15:56.393, 74.05 W
2025/02/16 20:15:56.403, 74.05 W
2025/02/16 20:15:56.413, 74.05 W
2025/02/16 20:15:56.423, 74.05 W
2025/02/16 20:15:56.433, 74.05 W
2025/02/16 20:15:56.443, 74.05 W
2025/02/16 20:15:56.453, 74.05 W
2025/02/16 20:15:56.463, 74.05 W
2025/02/16 20:15:56.473, 74.29 W
2025/02/16 20:15:56.483, 74.29 W
2025/02/16 20:15:56.493, 74.29 W
2025/02/16 20:15:56.503, 74.29 W
2025/02/16 20:15:56.513, 74.29 W
2025/02/16 20:15:56.523, 74.29 W
2025/02/16 20:15:56.533, 74.29 W
2025/02/16 20:15:56.544, 74.29 W
2025/02/16 20:15:56.554, 74.29 W
2025/02/16 20:15:56.564, 74.29 W
2025/02/16 20:15:56.574, 74.29 W
2025/02/16 20:15:56.584, 74.29 W
2025/02/16 20:15:56.594, 74.29 W
2025/02/16 20:15:56.604, 74.29 W
2025/02/16 20:15:56.614, 74.29 W
2025/02/16 20:15:56.624, 74.29 W
2025/02/16 20:15:56.634, 74.29 W
2025/02/16 20:15:56.644, 74.29 W
2025/02/16 20:15:56.654, 74.29 W
2025/02/16 20:15:56.664, 74.05 W
2025/02/16 20:15:56.674, 74.05 W
2025/02/16 20:15:56.684, 74.05 W
2025/02/16 20:15:56.695, 74.05 W
2025/02/16 20:15:56.705, 74.05 W
2025/02/16 20:15:56.715, 74.05 W
2025/02/16 20:15:56.725, 74.05 W
2025/02/16 20:15:56.735, 74.05 W
2025/02/16 20:15:56.745, 74.05 W
2025/02/16 20:15:56.755, 74.05 W
2025/02/16 20:15:56.765, 74.05 W
2025/02/16 20:15:56.775, 74.05 W
2025/02/16 20:15:56.785, 74.05 W
2025/02/16 20:15:56.795, 74.05 W
2025/02/16 20:15:56.805, 74.05 W
2025/02/16 20:15:56.815, 74.05 W
2025/02/16 20:15:56.825, 74.05 W
2025/02/16 20:15:56.835, 74.05 W
2025/02/16 20:15:56.845, 74.05 W
2025/02/16 20:15:56.856, 74.05 W
2025/02/16 20:15:56.866, 74.05 W
2025/02/16 20:15:56.876, 74.05 W
2025/02/16 20:15:56.886, 74.05 W
2025/02/16 20:15:56.896, 74.05 W
2025/02/16 20:15:56.906, 74.05 W
2025/02/16 20:15:56.916, 74.05 W
2025/02/16 20:15:56.926, 74.05 W
2025/02/16 20:15:56.936, 74.05 W
2025/02/16 20:15:56.946, 74.05 W
2025/02/16 20:15:56.956, 74.05 W
2025/02/16 20:15:56.966, 74.05 W
2025/02/16 20:15:56.976, 74.05 W
2025/02/16 20:15:56.986, 74.05 W
2025/02/16 20:15:56.996, 74.05 W
2025/02/16 20:15:57.006, 74.05 W
2025/02/16 20:15:57.017, 74.05 W
2025/02/16 20:15:57.027, 74.05 W
2025/02/16 20:15:57.037, 74.05 W
2025/02/16 20:15:57.047, 74.05 W
2025/02/16 20:15:57.057, 74.05 W
2025/02/16 20:15:57.067, 74.05 W
2025/02/16 20:15:57.077, 74.05 W
2025/02/16 20:15:57.087, 74.05 W
2025/02/16 20:15:57.097, 74.05 W
2025/02/16 20:15:57.107, 74.05 W
2025/02/16 20:15:57.117, 74.05 W
2025/02/16 20:15:57.127, 74.05 W
2025/02/16 20:15:57.137, 74.05 W
2025/02/16 20:15:57.147, 74.05 W
2025/02/16 20:15:57.157, 74.05 W
2025/02/16 20:15:57.168, 74.05 W
2025/02/16 20:15:57.178, 74.05 W
2025/02/16 20:15:57.188, 74.05 W
2025/02/16 20:15:57.198, 74.05 W
2025/02/16 20:15:57.208, 74.05 W
2025/02/16 20:15:57.218, 74.05 W
2025/02/16 20:15:57.228, 74.05 W
2025/02/16 20:15:57.238, 74.05 W
2025/02/16 20:15:57.248, 74.05 W
2025/02/16 20:15:57.258, 74.05 W
2025/02/16 20:15:57.268, 74.05 W
2025/02/16 20:15:57.278, 74.05 W
2025/02/16 20:15:57.288, 74.05 W
2025/02/16 20:15:57.298, 74.05 W
2025/02/16 20:15:57.308, 74.05 W
2025/02/16 20:15:57.319, 74.05 W
2025/02/16 20:15:57.329, 74.05 W
2025/02/16 20:15:57.339, 74.05 W
2025/02/16 20:15:57.349, 74.05 W
2025/02/16 20:15:57.359, 74.05 W
2025/02/16 20:15:57.369, 74.05 W
2025/02/16 20:15:57.379, 74.05 W
2025/02/16 20:15:57.389, 74.05 W
2025/02/16 20:15:57.399, 74.05 W
2025/02/16 20:15:57.409, 74.05 W
2025/02/16 20:15:57.419, 74.05 W
2025/02/16 20:15:57.429, 74.05 W
2025/02/16 20:15:57.439, 74.05 W
2025/02/16 20:15:57.449, 74.05 W
2025/02/16 20:15:57.459, 74.05 W
2025/02/16 20:15:57.469, 74.05 W
2025/02/16 20:15:57.480, 74.05 W
2025/02/16 20:15:57.490, 74.05 W
2025/02/16 20:15:57.500, 74.05 W
2025/02/16 20:15:57.510, 74.05 W
2025/02/16 20:15:57.520, 74.05 W
2025/02/16 20:15:57.530, 74.05 W
2025/02/16 20:15:57.540, 74.05 W
2025/02/16 20:15:57.550, 74.05 W
2025/02/16 20:15:57.560, 74.05 W
2025/02/16 20:15:57.570, 74.05 W
2025/02/16 20:15:57.580, 74.05 W
2025/02/16 20:15:57.590, 74.05 W
2025/02/16 20:15:57.600, 74.05 W
2025/02/16 20:15:57.610, 74.05 W
2025/02/16 20:15:57.620, 74.05 W
2025/02/16 20:15:57.630, 74.05 W
2025/02/16 20:15:57.641, 74.05 W
2025/02/16 20:15:57.651, 74.05 W
2025/02/16 20:15:57.661, 74.05 W
2025/02/16 20:15:57.671, 74.05 W
2025/02/16 20:15:57.681, 74.05 W
2025/02/16 20:15:57.691, 74.05 W
2025/02/16 20:15:57.701, 74.05 W
2025/02/16 20:15:57.711, 74.05 W
2025/02/16 20:15:57.721, 74.05 W
2025/02/16 20:15:57.731, 74.05 W
2025/02/16 20:15:57.741, 74.05 W
2025/02/16 20:15:57.751, 74.05 W
2025/02/16 20:15:57.761, 74.05 W
2025/02/16 20:15:57.771, 74.05 W
2025/02/16 20:15:57.781, 74.05 W
2025/02/16 20:15:57.791, 74.05 W
2025/02/16 20:15:57.802, 74.05 W
2025/02/16 20:15:57.812, 74.05 W
2025/02/16 20:15:57.822, 74.05 W
2025/02/16 20:15:57.832, 74.05 W
2025/02/16 20:15:57.842, 74.05 W
2025/02/16 20:15:57.852, 74.05 W
2025/02/16 20:15:57.862, 74.05 W
2025/02/16 20:15:57.872, 74.05 W
2025/02/16 20:15:57.882, 74.05 W
2025/02/16 20:15:57.892, 74.05 W
2025/02/16 20:15:57.902, 74.05 W
2025/02/16 20:15:57.912, 74.05 W
2025/02/16 20:15:57.922, 74.05 W
2025/02/16 20:15:57.932, 74.05 W
2025/02/16 20:15:57.942, 74.05 W
2025/02/16 20:15:57.953, 74.05 W
2025/02/16 20:15:57.963, 74.05 W
2025/02/16 20:15:57.973, 74.05 W
2025/02/16 20:15:57.983, 74.05 W
2025/02/16 20:15:57.993, 74.05 W
2025/02/16 20:15:58.003, 74.05 W
2025/02/16 20:15:58.013, 74.05 W
2025/02/16 20:15:58.023, 74.05 W
2025/02/16 20:15:58.033, 74.05 W
2025/02/16 20:15:58.043, 74.05 W
2025/02/16 20:15:58.053, 74.05 W
2025/02/16 20:15:58.063, 74.05 W
2025/02/16 20:15:58.073, 74.05 W
2025/02/16 20:15:58.083, 74.05 W
2025/02/16 20:15:58.093, 74.05 W
2025/02/16 20:15:58.104, 74.05 W
2025/02/16 20:15:58.114, 74.05 W
2025/02/16 20:15:58.124, 74.05 W
2025/02/16 20:15:58.134, 74.05 W
2025/02/16 20:15:58.144, 74.05 W
2025/02/16 20:15:58.154, 74.05 W
2025/02/16 20:15:58.164, 74.05 W
2025/02/16 20:15:58.174, 74.05 W
2025/02/16 20:15:58.184, 74.05 W
2025/02/16 20:15:58.194, 74.05 W
2025/02/16 20:15:58.204, 74.05 W
2025/02/16 20:15:58.214, 74.29 W
2025/02/16 20:15:58.224, 74.29 W
2025/02/16 20:15:58.234, 74.29 W
2025/02/16 20:15:58.244, 74.29 W
2025/02/16 20:15:58.255, 74.29 W
2025/02/16 20:15:58.265, 74.29 W
2025/02/16 20:15:58.275, 74.29 W
2025/02/16 20:15:58.285, 74.29 W
2025/02/16 20:15:58.295, 74.29 W
2025/02/16 20:15:58.305, 74.05 W
2025/02/16 20:15:58.315, 74.05 W
2025/02/16 20:15:58.325, 74.05 W
2025/02/16 20:15:58.335, 74.05 W
2025/02/16 20:15:58.345, 74.05 W
2025/02/16 20:15:58.355, 74.05 W
2025/02/16 20:15:58.365, 74.05 W
2025/02/16 20:15:58.375, 74.05 W
2025/02/16 20:15:58.385, 74.05 W
2025/02/16 20:15:58.395, 74.05 W
2025/02/16 20:15:58.405, 74.05 W
2025/02/16 20:15:58.416, 74.05 W
2025/02/16 20:15:58.426, 74.05 W
2025/02/16 20:15:58.436, 74.05 W
2025/02/16 20:15:58.446, 74.05 W
2025/02/16 20:15:58.456, 74.05 W
2025/02/16 20:15:58.466, 74.05 W
2025/02/16 20:15:58.476, 74.05 W
2025/02/16 20:15:58.486, 74.05 W
2025/02/16 20:15:58.496, 74.05 W
2025/02/16 20:15:58.506, 74.05 W
2025/02/16 20:15:58.516, 74.05 W
2025/02/16 20:15:58.526, 74.05 W
2025/02/16 20:15:58.536, 74.05 W
2025/02/16 20:15:58.546, 74.05 W
2025/02/16 20:15:58.556, 74.05 W
2025/02/16 20:15:58.566, 74.05 W
2025/02/16 20:15:58.577, 74.05 W
2025/02/16 20:15:58.587, 74.05 W
2025/02/16 20:15:58.597, 74.05 W
2025/02/16 20:15:58.607, 74.05 W
2025/02/16 20:15:58.617, 74.05 W
2025/02/16 20:15:58.627, 74.05 W
2025/02/16 20:15:58.637, 74.05 W
2025/02/16 20:15:58.647, 74.05 W
2025/02/16 20:15:58.657, 74.05 W
2025/02/16 20:15:58.667, 74.05 W
2025/02/16 20:15:58.677, 74.05 W
2025/02/16 20:15:58.687, 74.05 W
2025/02/16 20:15:58.697, 74.05 W
2025/02/16 20:15:58.707, 74.05 W
2025/02/16 20:15:58.717, 74.05 W
2025/02/16 20:15:58.727, 74.05 W
2025/02/16 20:15:58.738, 74.05 W
2025/02/16 20:15:58.748, 74.05 W
2025/02/16 20:15:58.758, 74.05 W
2025/02/16 20:15:58.768, 74.05 W
2025/02/16 20:15:58.778, 74.05 W
2025/02/16 20:15:58.788, 74.05 W
2025/02/16 20:15:58.798, 74.05 W
2025/02/16 20:15:58.808, 74.05 W
2025/02/16 20:15:58.818, 74.05 W
2025/02/16 20:15:58.828, 74.05 W
2025/02/16 20:15:58.838, 74.05 W
2025/02/16 20:15:58.848, 74.05 W
2025/02/16 20:15:58.858, 74.05 W
2025/02/16 20:15:58.868, 74.05 W
2025/02/16 20:15:58.878, 74.05 W
2025/02/16 20:15:58.889, 74.05 W
2025/02/16 20:15:58.899, 74.05 W
2025/02/16 20:15:58.909, 74.05 W
2025/02/16 20:15:58.919, 74.05 W
2025/02/16 20:15:58.929, 74.05 W
2025/02/16 20:15:58.939, 74.05 W
2025/02/16 20:15:58.949, 74.05 W
2025/02/16 20:15:58.959, 74.05 W
2025/02/16 20:15:58.969, 74.05 W
2025/02/16 20:15:58.979, 74.05 W
2025/02/16 20:15:58.989, 74.05 W
2025/02/16 20:15:58.999, 74.05 W
2025/02/16 20:15:59.009, 74.05 W
2025/02/16 20:15:59.019, 74.05 W
2025/02/16 20:15:59.029, 74.05 W
2025/02/16 20:15:59.040, 74.05 W
2025/02/16 20:15:59.050, 74.05 W
2025/02/16 20:15:59.060, 74.05 W
2025/02/16 20:15:59.070, 74.05 W
2025/02/16 20:15:59.080, 74.05 W
2025/02/16 20:15:59.090, 74.05 W
2025/02/16 20:15:59.100, 74.05 W
2025/02/16 20:15:59.110, 74.05 W
2025/02/16 20:15:59.120, 74.05 W
2025/02/16 20:15:59.130, 74.05 W
2025/02/16 20:15:59.140, 74.05 W
2025/02/16 20:15:59.150, 74.05 W
2025/02/16 20:15:59.160, 74.05 W
2025/02/16 20:15:59.170, 74.05 W
2025/02/16 20:15:59.180, 74.05 W
2025/02/16 20:15:59.190, 74.05 W
2025/02/16 20:15:59.201, 74.05 W
2025/02/16 20:15:59.211, 74.05 W
2025/02/16 20:15:59.221, 74.05 W
2025/02/16 20:15:59.231, 74.05 W
2025/02/16 20:15:59.241, 74.05 W
2025/02/16 20:15:59.251, 74.05 W
2025/02/16 20:15:59.261, 74.05 W
2025/02/16 20:15:59.271, 74.05 W
2025/02/16 20:15:59.281, 74.05 W
2025/02/16 20:15:59.291, 74.05 W
2025/02/16 20:15:59.301, 74.05 W
2025/02/16 20:15:59.311, 74.05 W
2025/02/16 20:15:59.321, 74.05 W
2025/02/16 20:15:59.331, 74.05 W
2025/02/16 20:15:59.341, 74.05 W
2025/02/16 20:15:59.351, 74.05 W
2025/02/16 20:15:59.362, 74.05 W
2025/02/16 20:15:59.372, 74.05 W
2025/02/16 20:15:59.382, 74.05 W
2025/02/16 20:15:59.392, 74.05 W
2025/02/16 20:15:59.402, 74.05 W
2025/02/16 20:15:59.412, 74.05 W
2025/02/16 20:15:59.422, 74.05 W
2025/02/16 20:15:59.432, 74.05 W
2025/02/16 20:15:59.442, 74.05 W
2025/02/16 20:15:59.452, 74.05 W
2025/02/16 20:15:59.462, 74.05 W
2025/02/16 20:15:59.472, 74.05 W
2025/02/16 20:15:59.482, 74.05 W
2025/02/16 20:15:59.492, 74.05 W
2025/02/16 20:15:59.502, 74.05 W
2025/02/16 20:15:59.513, 74.05 W
2025/02/16 20:15:59.523, 74.05 W
2025/02/16 20:15:59.533, 74.05 W
2025/02/16 20:15:59.543, 74.05 W
2025/02/16 20:15:59.553, 74.05 W
2025/02/16 20:15:59.563, 74.05 W
2025/02/16 20:15:59.573, 74.05 W
2025/02/16 20:15:59.583, 74.05 W
2025/02/16 20:15:59.593, 74.05 W
2025/02/16 20:15:59.603, 74.05 W
2025/02/16 20:15:59.613, 74.05 W
2025/02/16 20:15:59.623, 74.05 W
2025/02/16 20:15:59.633, 74.05 W
2025/02/16 20:15:59.643, 74.05 W
2025/02/16 20:15:59.653, 74.05 W
2025/02/16 20:15:59.663, 74.05 W
2025/02/16 20:15:59.674, 74.05 W
2025/02/16 20:15:59.684, 74.05 W
2025/02/16 20:15:59.694, 74.05 W
2025/02/16 20:15:59.704, 74.05 W
2025/02/16 20:15:59.714, 74.05 W
2025/02/16 20:15:59.724, 74.05 W
2025/02/16 20:15:59.734, 74.05 W
2025/02/16 20:15:59.744, 74.05 W
2025/02/16 20:15:59.754, 74.05 W
2025/02/16 20:15:59.764, 74.05 W
2025/02/16 20:15:59.774, 74.05 W
2025/02/16 20:15:59.784, 74.05 W
2025/02/16 20:15:59.794, 74.05 W
2025/02/16 20:15:59.804, 74.05 W
2025/02/16 20:15:59.814, 74.05 W
2025/02/16 20:15:59.825, 74.05 W
2025/02/16 20:15:59.835, 74.05 W
2025/02/16 20:15:59.845, 74.05 W
2025/02/16 20:15:59.855, 74.05 W
2025/02/16 20:15:59.865, 74.05 W
2025/02/16 20:15:59.875, 74.05 W
2025/02/16 20:15:59.885, 74.05 W
2025/02/16 20:15:59.895, 74.05 W
2025/02/16 20:15:59.905, 74.05 W
2025/02/16 20:15:59.915, 74.05 W
2025/02/16 20:15:59.925, 74.05 W
2025/02/16 20:15:59.935, 74.05 W
2025/02/16 20:15:59.945, 74.05 W
2025/02/16 20:15:59.955, 74.05 W
2025/02/16 20:15:59.965, 74.05 W
2025/02/16 20:15:59.975, 74.05 W
2025/02/16 20:15:59.986, 74.05 W
2025/02/16 20:15:59.996, 74.05 W
2025/02/16 20:16:00.006, 74.05 W
2025/02/16 20:16:00.016, 74.05 W
2025/02/16 20:16:00.026, 74.05 W
2025/02/16 20:16:00.036, 74.05 W
2025/02/16 20:16:00.046, 74.05 W
2025/02/16 20:16:00.056, 74.05 W
2025/02/16 20:16:00.066, 74.05 W
2025/02/16 20:16:00.076, 74.05 W
2025/02/16 20:16:00.086, 74.05 W
2025/02/16 20:16:00.096, 74.05 W
2025/02/16 20:16:00.106, 74.05 W
2025/02/16 20:16:00.116, 74.05 W
2025/02/16 20:16:00.126, 74.05 W
2025/02/16 20:16:00.137, 74.05 W
2025/02/16 20:16:00.147, 74.05 W
2025/02/16 20:16:00.157, 74.05 W
2025/02/16 20:16:00.167, 74.05 W
2025/02/16 20:16:00.177, 74.05 W
2025/02/16 20:16:00.187, 74.05 W
2025/02/16 20:16:00.197, 74.05 W
2025/02/16 20:16:00.207, 74.05 W
2025/02/16 20:16:00.217, 74.05 W
2025/02/16 20:16:00.227, 74.05 W
2025/02/16 20:16:00.237, 74.05 W
2025/02/16 20:16:00.247, 74.05 W
2025/02/16 20:16:00.257, 74.05 W
2025/02/16 20:16:00.267, 74.05 W
2025/02/16 20:16:00.277, 74.05 W
2025/02/16 20:16:00.287, 74.05 W
2025/02/16 20:16:00.298, 74.05 W
2025/02/16 20:16:00.308, 74.05 W
2025/02/16 20:16:00.318, 74.05 W
2025/02/16 20:16:00.328, 74.05 W
2025/02/16 20:16:00.338, 74.05 W
2025/02/16 20:16:00.348, 74.05 W
2025/02/16 20:16:00.358, 74.05 W
2025/02/16 20:16:00.368, 74.05 W
2025/02/16 20:16:00.378, 74.05 W
2025/02/16 20:16:00.388, 74.05 W
2025/02/16 20:16:00.398, 74.05 W
2025/02/16 20:16:00.408, 74.05 W
2025/02/16 20:16:00.418, 74.05 W
2025/02/16 20:16:00.428, 74.05 W
2025/02/16 20:16:00.438, 74.05 W
2025/02/16 20:16:00.448, 74.29 W
2025/02/16 20:16:00.459, 74.29 W
2025/02/16 20:16:00.469, 74.29 W
2025/02/16 20:16:00.479, 74.29 W
2025/02/16 20:16:00.489, 74.29 W
2025/02/16 20:16:00.499, 74.29 W
2025/02/16 20:16:00.509, 74.29 W
2025/02/16 20:16:00.519, 74.29 W
2025/02/16 20:16:00.529, 74.29 W
2025/02/16 20:16:00.539, 74.29 W
2025/02/16 20:16:00.549, 74.05 W
2025/02/16 20:16:00.559, 74.05 W
2025/02/16 20:16:00.569, 74.05 W
2025/02/16 20:16:00.579, 74.05 W
2025/02/16 20:16:00.589, 74.05 W
2025/02/16 20:16:00.599, 74.05 W
2025/02/16 20:16:00.610, 74.05 W
2025/02/16 20:16:00.620, 74.05 W
2025/02/16 20:16:00.630, 74.05 W
2025/02/16 20:16:00.640, 74.05 W
2025/02/16 20:16:00.650, 74.05 W
2025/02/16 20:16:00.660, 74.05 W
2025/02/16 20:16:00.670, 74.29 W
2025/02/16 20:16:00.680, 74.29 W
2025/02/16 20:16:00.690, 74.29 W
2025/02/16 20:16:00.700, 74.29 W
2025/02/16 20:16:00.710, 74.29 W
2025/02/16 20:16:00.720, 74.29 W
2025/02/16 20:16:00.730, 74.29 W
2025/02/16 20:16:00.740, 74.29 W
2025/02/16 20:16:00.750, 74.05 W
2025/02/16 20:16:00.761, 74.05 W
2025/02/16 20:16:00.771, 74.05 W
2025/02/16 20:16:00.781, 74.05 W
2025/02/16 20:16:00.791, 74.05 W
2025/02/16 20:16:00.801, 74.05 W
2025/02/16 20:16:00.811, 74.05 W
2025/02/16 20:16:00.821, 74.05 W
2025/02/16 20:16:00.831, 74.05 W
2025/02/16 20:16:00.841, 74.05 W
2025/02/16 20:16:00.851, 74.05 W
2025/02/16 20:16:00.861, 74.05 W
2025/02/16 20:16:00.871, 74.05 W
2025/02/16 20:16:00.881, 74.05 W
2025/02/16 20:16:00.891, 74.05 W
2025/02/16 20:16:00.901, 74.05 W
2025/02/16 20:16:00.911, 74.05 W
2025/02/16 20:16:00.922, 74.05 W
2025/02/16 20:16:00.932, 74.05 W
2025/02/16 20:16:00.942, 74.05 W
2025/02/16 20:16:00.952, 74.05 W
2025/02/16 20:16:00.962, 74.05 W
2025/02/16 20:16:00.972, 74.05 W
2025/02/16 20:16:00.982, 74.05 W
2025/02/16 20:16:00.992, 74.05 W
2025/02/16 20:16:01.002, 74.05 W
2025/02/16 20:16:01.012, 74.05 W
2025/02/16 20:16:01.022, 74.05 W
2025/02/16 20:16:01.032, 74.05 W
2025/02/16 20:16:01.042, 74.05 W
2025/02/16 20:16:01.052, 74.05 W
2025/02/16 20:16:01.062, 74.05 W
2025/02/16 20:16:01.073, 74.05 W
2025/02/16 20:16:01.083, 74.05 W
2025/02/16 20:16:01.093, 74.05 W
2025/02/16 20:16:01.103, 74.05 W
2025/02/16 20:16:01.113, 74.05 W
2025/02/16 20:16:01.123, 74.05 W
2025/02/16 20:16:01.133, 74.05 W
2025/02/16 20:16:01.143, 74.05 W
2025/02/16 20:16:01.153, 74.05 W
2025/02/16 20:16:01.163, 74.05 W
2025/02/16 20:16:01.173, 74.05 W
2025/02/16 20:16:01.183, 74.05 W
2025/02/16 20:16:01.193, 74.05 W
2025/02/16 20:16:01.203, 74.05 W
2025/02/16 20:16:01.213, 74.05 W
2025/02/16 20:16:01.223, 74.05 W
2025/02/16 20:16:01.234, 74.05 W
2025/02/16 20:16:01.244, 74.05 W
2025/02/16 20:16:01.254, 74.05 W
2025/02/16 20:16:01.264, 74.05 W
2025/02/16 20:16:01.274, 74.05 W
2025/02/16 20:16:01.284, 74.05 W
2025/02/16 20:16:01.294, 74.05 W
2025/02/16 20:16:01.304, 74.05 W
2025/02/16 20:16:01.314, 74.05 W
2025/02/16 20:16:01.324, 74.05 W
2025/02/16 20:16:01.334, 74.05 W
2025/02/16 20:16:01.344, 74.05 W
2025/02/16 20:16:01.354, 74.05 W
2025/02/16 20:16:01.364, 74.05 W
2025/02/16 20:16:01.374, 74.05 W
2025/02/16 20:16:01.384, 74.05 W
2025/02/16 20:16:01.395, 74.05 W
2025/02/16 20:16:01.405, 74.05 W
2025/02/16 20:16:01.415, 74.05 W
2025/02/16 20:16:01.425, 74.05 W
2025/02/16 20:16:01.435, 74.05 W
2025/02/16 20:16:01.445, 74.05 W
2025/02/16 20:16:01.455, 74.05 W
2025/02/16 20:16:01.465, 74.05 W
2025/02/16 20:16:01.475, 74.05 W
2025/02/16 20:16:01.485, 74.05 W
2025/02/16 20:16:01.495, 74.05 W
2025/02/16 20:16:01.505, 74.05 W
2025/02/16 20:16:01.515, 74.05 W
2025/02/16 20:16:01.526, 74.05 W
2025/02/16 20:16:01.536, 74.05 W
2025/02/16 20:16:01.546, 74.05 W
2025/02/16 20:16:01.556, 74.05 W
2025/02/16 20:16:01.566, 74.05 W
2025/02/16 20:16:01.576, 74.05 W
2025/02/16 20:16:01.586, 74.05 W
2025/02/16 20:16:01.596, 74.05 W
2025/02/16 20:16:01.606, 74.05 W
2025/02/16 20:16:01.616, 74.05 W
2025/02/16 20:16:01.626, 74.05 W
2025/02/16 20:16:01.636, 74.05 W
2025/02/16 20:16:01.646, 74.05 W
2025/02/16 20:16:01.656, 74.05 W
2025/02/16 20:16:01.666, 74.05 W
2025/02/16 20:16:01.677, 74.05 W
2025/02/16 20:16:01.687, 74.05 W
2025/02/16 20:16:01.697, 74.29 W
2025/02/16 20:16:01.707, 74.29 W
2025/02/16 20:16:01.717, 74.29 W
2025/02/16 20:16:01.727, 74.29 W
2025/02/16 20:16:01.737, 74.29 W
2025/02/16 20:16:01.747, 74.29 W
2025/02/16 20:16:01.757, 74.29 W
2025/02/16 20:16:01.767, 74.29 W
2025/02/16 20:16:01.777, 74.29 W
2025/02/16 20:16:01.787, 74.29 W
2025/02/16 20:16:01.797, 74.29 W
2025/02/16 20:16:01.807, 74.29 W
2025/02/16 20:16:01.817, 74.29 W
2025/02/16 20:16:01.827, 74.29 W
2025/02/16 20:16:01.838, 74.29 W
2025/02/16 20:16:01.848, 74.29 W
2025/02/16 20:16:01.858, 74.29 W
2025/02/16 20:16:01.868, 74.29 W
2025/02/16 20:16:01.878, 74.29 W
2025/02/16 20:16:01.888, 74.29 W
2025/02/16 20:16:01.898, 74.05 W
2025/02/16 20:16:01.908, 74.05 W
2025/02/16 20:16:01.918, 74.05 W
2025/02/16 20:16:01.928, 74.05 W
2025/02/16 20:16:01.938, 74.05 W
2025/02/16 20:16:01.948, 74.05 W
2025/02/16 20:16:01.958, 74.05 W
2025/02/16 20:16:01.968, 74.05 W
2025/02/16 20:16:01.978, 74.05 W
2025/02/16 20:16:01.988, 74.05 W
2025/02/16 20:16:01.999, 74.05 W
2025/02/16 20:16:02.009, 74.05 W
2025/02/16 20:16:02.019, 74.05 W
2025/02/16 20:16:02.029, 74.05 W
2025/02/16 20:16:02.039, 74.05 W
2025/02/16 20:16:02.049, 74.05 W
2025/02/16 20:16:02.059, 74.05 W
2025/02/16 20:16:02.069, 74.05 W
2025/02/16 20:16:02.079, 74.05 W
2025/02/16 20:16:02.089, 74.05 W
2025/02/16 20:16:02.099, 74.05 W
2025/02/16 20:16:02.109, 74.05 W
2025/02/16 20:16:02.119, 74.05 W
2025/02/16 20:16:02.129, 74.05 W
2025/02/16 20:16:02.139, 74.05 W
2025/02/16 20:16:02.150, 74.05 W
2025/02/16 20:16:02.160, 74.05 W
2025/02/16 20:16:02.170, 74.05 W
2025/02/16 20:16:02.180, 74.05 W
2025/02/16 20:16:02.190, 74.05 W
2025/02/16 20:16:02.200, 74.05 W
2025/02/16 20:16:02.210, 74.05 W
2025/02/16 20:16:02.220, 74.05 W
2025/02/16 20:16:02.230, 74.05 W
2025/02/16 20:16:02.240, 74.05 W
2025/02/16 20:16:02.250, 74.05 W
2025/02/16 20:16:02.260, 74.05 W
2025/02/16 20:16:02.270, 74.05 W
2025/02/16 20:16:02.280, 74.05 W
2025/02/16 20:16:02.290, 74.05 W
2025/02/16 20:16:02.300, 74.05 W
2025/02/16 20:16:02.311, 74.05 W
2025/02/16 20:16:02.321, 74.05 W
2025/02/16 20:16:02.331, 74.05 W
2025/02/16 20:16:02.341, 74.05 W
2025/02/16 20:16:02.351, 74.05 W
2025/02/16 20:16:02.361, 74.05 W
2025/02/16 20:16:02.371, 74.05 W
2025/02/16 20:16:02.381, 74.05 W
2025/02/16 20:16:02.391, 74.05 W
2025/02/16 20:16:02.401, 74.05 W
2025/02/16 20:16:02.411, 74.05 W
2025/02/16 20:16:02.421, 74.05 W
2025/02/16 20:16:02.431, 74.05 W
2025/02/16 20:16:02.441, 74.05 W
2025/02/16 20:16:02.452, 74.05 W
2025/02/16 20:16:02.462, 74.05 W
2025/02/16 20:16:02.472, 74.05 W
2025/02/16 20:16:02.482, 74.05 W
2025/02/16 20:16:02.492, 74.05 W
2025/02/16 20:16:02.502, 74.05 W
2025/02/16 20:16:02.512, 74.05 W
2025/02/16 20:16:02.522, 74.05 W
2025/02/16 20:16:02.532, 74.05 W
2025/02/16 20:16:02.542, 74.05 W
2025/02/16 20:16:02.552, 74.05 W
2025/02/16 20:16:02.562, 74.05 W
2025/02/16 20:16:02.572, 74.05 W
2025/02/16 20:16:02.582, 74.05 W
2025/02/16 20:16:02.592, 74.05 W
2025/02/16 20:16:02.603, 74.29 W
2025/02/16 20:16:02.613, 74.29 W
2025/02/16 20:16:02.623, 74.29 W
2025/02/16 20:16:02.633, 74.29 W
2025/02/16 20:16:02.643, 74.29 W
2025/02/16 20:16:02.653, 74.29 W
2025/02/16 20:16:02.663, 74.29 W
2025/02/16 20:16:02.673, 74.29 W
2025/02/16 20:16:02.683, 74.29 W
2025/02/16 20:16:02.693, 74.29 W
2025/02/16 20:16:02.703, 74.29 W
2025/02/16 20:16:02.713, 74.29 W
2025/02/16 20:16:02.723, 74.05 W
2025/02/16 20:16:02.733, 74.05 W
2025/02/16 20:16:02.743, 74.05 W
2025/02/16 20:16:02.753, 74.05 W
2025/02/16 20:16:02.764, 74.05 W
2025/02/16 20:16:02.774, 74.05 W
2025/02/16 20:16:02.784, 74.05 W
2025/02/16 20:16:02.794, 74.05 W
2025/02/16 20:16:02.804, 74.05 W
2025/02/16 20:16:02.814, 74.05 W
2025/02/16 20:16:02.824, 74.05 W
2025/02/16 20:16:02.834, 74.05 W
2025/02/16 20:16:02.844, 74.05 W
2025/02/16 20:16:02.854, 74.05 W
2025/02/16 20:16:02.864, 74.05 W
2025/02/16 20:16:02.874, 74.05 W
2025/02/16 20:16:02.884, 74.05 W
2025/02/16 20:16:02.894, 74.05 W
2025/02/16 20:16:02.904, 74.05 W
2025/02/16 20:16:02.914, 74.05 W
2025/02/16 20:16:02.925, 74.05 W
2025/02/16 20:16:02.935, 74.05 W
2025/02/16 20:16:02.945, 74.05 W
2025/02/16 20:16:02.955, 74.05 W
2025/02/16 20:16:02.965, 74.05 W
2025/02/16 20:16:02.975, 74.05 W
2025/02/16 20:16:02.985, 74.05 W
2025/02/16 20:16:02.995, 74.05 W
2025/02/16 20:16:03.005, 74.05 W
2025/02/16 20:16:03.015, 74.05 W
2025/02/16 20:16:03.025, 74.05 W
2025/02/16 20:16:03.035, 74.05 W
2025/02/16 20:16:03.045, 74.05 W
2025/02/16 20:16:03.055, 74.05 W
2025/02/16 20:16:03.066, 74.05 W
2025/02/16 20:16:03.076, 74.05 W
2025/02/16 20:16:03.086, 74.05 W
2025/02/16 20:16:03.096, 74.05 W
2025/02/16 20:16:03.106, 74.05 W
2025/02/16 20:16:03.116, 74.05 W
2025/02/16 20:16:03.126, 74.05 W
2025/02/16 20:16:03.136, 74.05 W
2025/02/16 20:16:03.146, 74.05 W
2025/02/16 20:16:03.156, 74.05 W
2025/02/16 20:16:03.166, 74.05 W
2025/02/16 20:16:03.176, 74.05 W
2025/02/16 20:16:03.186, 74.05 W
2025/02/16 20:16:03.196, 74.05 W
2025/02/16 20:16:03.206, 74.05 W
2025/02/16 20:16:03.216, 74.05 W
2025/02/16 20:16:03.227, 74.05 W
2025/02/16 20:16:03.237, 74.05 W
2025/02/16 20:16:03.247, 74.05 W
2025/02/16 20:16:03.257, 74.05 W
2025/02/16 20:16:03.267, 74.05 W
2025/02/16 20:16:03.277, 74.05 W
2025/02/16 20:16:03.287, 74.05 W
2025/02/16 20:16:03.297, 74.05 W
2025/02/16 20:16:03.307, 74.05 W
2025/02/16 20:16:03.317, 74.05 W
2025/02/16 20:16:03.327, 74.05 W
2025/02/16 20:16:03.337, 74.05 W
2025/02/16 20:16:03.347, 74.05 W
2025/02/16 20:16:03.357, 74.05 W
2025/02/16 20:16:03.367, 74.05 W
2025/02/16 20:16:03.377, 74.05 W
2025/02/16 20:16:03.388, 74.05 W
2025/02/16 20:16:03.398, 74.05 W
2025/02/16 20:16:03.408, 74.05 W
2025/02/16 20:16:03.418, 74.05 W
2025/02/16 20:16:03.428, 74.05 W
2025/02/16 20:16:03.438, 74.05 W
2025/02/16 20:16:03.448, 74.05 W
2025/02/16 20:16:03.458, 74.05 W
2025/02/16 20:16:03.468, 74.05 W
2025/02/16 20:16:03.478, 74.05 W
2025/02/16 20:16:03.488, 74.05 W
2025/02/16 20:16:03.498, 74.05 W
2025/02/16 20:16:03.508, 74.05 W
2025/02/16 20:16:03.518, 74.05 W
2025/02/16 20:16:03.528, 74.05 W
2025/02/16 20:16:03.539, 74.05 W
2025/02/16 20:16:03.549, 74.05 W
2025/02/16 20:16:03.559, 74.05 W
2025/02/16 20:16:03.569, 74.05 W
2025/02/16 20:16:03.579, 74.05 W
2025/02/16 20:16:03.589, 74.05 W
2025/02/16 20:16:03.599, 74.05 W
2025/02/16 20:16:03.609, 74.05 W
2025/02/16 20:16:03.619, 74.05 W
2025/02/16 20:16:03.629, 74.05 W
2025/02/16 20:16:03.639, 74.05 W
2025/02/16 20:16:03.649, 74.05 W
2025/02/16 20:16:03.659, 74.05 W
2025/02/16 20:16:03.669, 74.05 W
2025/02/16 20:16:03.679, 74.05 W
2025/02/16 20:16:03.689, 74.05 W
2025/02/16 20:16:03.700, 74.05 W
2025/02/16 20:16:03.710, 74.05 W
2025/02/16 20:16:03.720, 74.05 W
2025/02/16 20:16:03.730, 74.05 W
2025/02/16 20:16:03.740, 74.05 W
2025/02/16 20:16:03.750, 74.05 W
2025/02/16 20:16:03.760, 74.05 W
2025/02/16 20:16:03.770, 74.05 W
2025/02/16 20:16:03.780, 74.05 W
2025/02/16 20:16:03.790, 74.05 W
2025/02/16 20:16:03.800, 74.05 W
2025/02/16 20:16:03.810, 74.05 W
2025/02/16 20:16:03.820, 74.05 W
2025/02/16 20:16:03.830, 74.05 W
2025/02/16 20:16:03.840, 74.05 W
2025/02/16 20:16:03.850, 74.05 W
2025/02/16 20:16:03.861, 74.05 W
2025/02/16 20:16:03.871, 74.05 W
2025/02/16 20:16:03.881, 74.05 W
2025/02/16 20:16:03.891, 74.05 W
2025/02/16 20:16:03.901, 74.05 W
2025/02/16 20:16:03.911, 74.05 W
2025/02/16 20:16:03.921, 74.05 W
2025/02/16 20:16:03.931, 74.05 W
2025/02/16 20:16:03.941, 74.05 W
2025/02/16 20:16:03.951, 74.05 W
2025/02/16 20:16:03.961, 74.05 W
2025/02/16 20:16:03.971, 74.05 W
2025/02/16 20:16:03.981, 74.05 W
2025/02/16 20:16:03.991, 74.05 W
2025/02/16 20:16:04.001, 74.05 W
2025/02/16 20:16:04.012, 74.05 W
2025/02/16 20:16:04.022, 74.05 W
2025/02/16 20:16:04.032, 74.05 W
2025/02/16 20:16:04.042, 74.05 W
2025/02/16 20:16:04.052, 74.05 W
2025/02/16 20:16:04.062, 74.05 W
2025/02/16 20:16:04.072, 74.05 W
2025/02/16 20:16:04.082, 74.05 W
2025/02/16 20:16:04.092, 74.05 W
2025/02/16 20:16:04.102, 74.05 W
2025/02/16 20:16:04.112, 74.05 W
2025/02/16 20:16:04.122, 74.05 W
2025/02/16 20:16:04.132, 74.05 W
2025/02/16 20:16:04.142, 74.05 W
2025/02/16 20:16:04.152, 74.05 W
2025/02/16 20:16:04.163, 74.05 W
2025/02/16 20:16:04.173, 74.05 W
2025/02/16 20:16:04.183, 74.05 W
2025/02/16 20:16:04.193, 74.05 W
2025/02/16 20:16:04.203, 74.05 W
2025/02/16 20:16:04.213, 74.05 W
2025/02/16 20:16:04.223, 74.05 W
2025/02/16 20:16:04.233, 74.05 W
2025/02/16 20:16:04.243, 74.05 W
2025/02/16 20:16:04.253, 74.05 W
2025/02/16 20:16:04.263, 74.05 W
2025/02/16 20:16:04.273, 74.05 W
2025/02/16 20:16:04.283, 74.05 W
2025/02/16 20:16:04.293, 74.05 W
2025/02/16 20:16:04.303, 74.05 W
2025/02/16 20:16:04.313, 74.05 W
2025/02/16 20:16:04.324, 74.05 W
2025/02/16 20:16:04.334, 74.05 W
2025/02/16 20:16:04.344, 74.05 W
2025/02/16 20:16:04.354, 74.29 W
2025/02/16 20:16:04.364, 74.29 W
2025/02/16 20:16:04.374, 74.29 W
2025/02/16 20:16:04.384, 74.29 W
2025/02/16 20:16:04.394, 74.29 W
2025/02/16 20:16:04.404, 74.29 W
2025/02/16 20:16:04.414, 74.29 W
2025/02/16 20:16:04.424, 74.29 W
2025/02/16 20:16:04.434, 74.29 W
2025/02/16 20:16:04.444, 74.29 W
2025/02/16 20:16:04.454, 74.05 W
2025/02/16 20:16:04.464, 74.05 W
2025/02/16 20:16:04.475, 74.05 W
2025/02/16 20:16:04.485, 74.05 W
2025/02/16 20:16:04.495, 74.05 W
2025/02/16 20:16:04.505, 74.05 W
2025/02/16 20:16:04.515, 74.05 W
2025/02/16 20:16:04.525, 74.05 W
2025/02/16 20:16:04.535, 74.05 W
2025/02/16 20:16:04.545, 74.05 W
2025/02/16 20:16:04.555, 74.05 W
2025/02/16 20:16:04.565, 74.05 W
2025/02/16 20:16:04.575, 74.05 W
2025/02/16 20:16:04.585, 74.05 W
2025/02/16 20:16:04.595, 74.05 W
2025/02/16 20:16:04.605, 74.05 W
2025/02/16 20:16:04.615, 74.05 W
2025/02/16 20:16:04.625, 74.05 W
2025/02/16 20:16:04.636, 74.05 W
2025/02/16 20:16:04.646, 74.05 W
2025/02/16 20:16:04.656, 74.05 W
2025/02/16 20:16:04.666, 74.05 W
2025/02/16 20:16:04.676, 74.05 W
2025/02/16 20:16:04.686, 74.05 W
2025/02/16 20:16:04.696, 74.05 W
2025/02/16 20:16:04.706, 74.05 W
2025/02/16 20:16:04.716, 74.05 W
2025/02/16 20:16:04.726, 74.05 W
2025/02/16 20:16:04.736, 74.05 W
2025/02/16 20:16:04.746, 74.05 W
2025/02/16 20:16:04.756, 74.05 W
2025/02/16 20:16:04.766, 74.05 W
2025/02/16 20:16:04.776, 74.05 W
2025/02/16 20:16:04.786, 74.05 W
2025/02/16 20:16:04.797, 74.05 W
2025/02/16 20:16:04.807, 74.05 W
2025/02/16 20:16:04.817, 74.05 W
2025/02/16 20:16:04.827, 74.05 W
2025/02/16 20:16:04.837, 74.05 W
2025/02/16 20:16:04.847, 74.29 W
2025/02/16 20:16:04.857, 74.29 W
2025/02/16 20:16:04.867, 74.29 W
2025/02/16 20:16:04.877, 74.29 W
2025/02/16 20:16:04.887, 74.29 W
2025/02/16 20:16:04.897, 74.29 W
2025/02/16 20:16:04.907, 74.29 W
2025/02/16 20:16:04.917, 74.29 W
2025/02/16 20:16:04.927, 74.29 W
2025/02/16 20:16:04.937, 74.29 W
2025/02/16 20:16:04.948, 74.29 W
2025/02/16 20:16:04.958, 74.29 W
2025/02/16 20:16:04.968, 74.05 W
2025/02/16 20:16:04.978, 74.05 W
2025/02/16 20:16:04.988, 74.05 W
2025/02/16 20:16:04.998, 74.05 W
2025/02/16 20:16:05.008, 74.05 W
2025/02/16 20:16:05.018, 74.05 W
2025/02/16 20:16:05.028, 74.05 W
2025/02/16 20:16:05.038, 74.05 W
2025/02/16 20:16:05.048, 74.05 W
2025/02/16 20:16:05.058, 74.29 W
2025/02/16 20:16:05.068, 74.29 W
2025/02/16 20:16:05.078, 74.29 W
2025/02/16 20:16:05.088, 74.29 W
2025/02/16 20:16:05.099, 74.29 W
2025/02/16 20:16:05.109, 74.29 W
2025/02/16 20:16:05.119, 74.29 W
2025/02/16 20:16:05.129, 74.29 W
2025/02/16 20:16:05.139, 74.29 W
2025/02/16 20:16:05.149, 74.29 W
2025/02/16 20:16:05.159, 74.29 W
2025/02/16 20:16:05.169, 74.29 W
2025/02/16 20:16:05.179, 74.05 W
2025/02/16 20:16:05.189, 74.05 W
2025/02/16 20:16:05.199, 74.05 W
2025/02/16 20:16:05.209, 74.05 W
2025/02/16 20:16:05.219, 74.05 W
2025/02/16 20:16:05.229, 74.05 W
2025/02/16 20:16:05.239, 74.05 W
2025/02/16 20:16:05.249, 74.05 W
2025/02/16 20:16:05.260, 74.05 W
2025/02/16 20:16:05.270, 74.05 W
2025/02/16 20:16:05.280, 74.05 W
2025/02/16 20:16:05.290, 74.05 W
2025/02/16 20:16:05.300, 74.05 W
2025/02/16 20:16:05.310, 74.05 W
2025/02/16 20:16:05.320, 74.05 W
2025/02/16 20:16:05.330, 74.05 W
2025/02/16 20:16:05.340, 74.05 W
2025/02/16 20:16:05.350, 74.05 W
2025/02/16 20:16:05.360, 74.05 W
2025/02/16 20:16:05.370, 74.05 W
2025/02/16 20:16:05.380, 74.05 W
2025/02/16 20:16:05.390, 74.05 W
2025/02/16 20:16:05.400, 74.05 W
2025/02/16 20:16:05.410, 74.05 W
2025/02/16 20:16:05.421, 74.05 W
2025/02/16 20:16:05.431, 74.05 W
2025/02/16 20:16:05.441, 74.05 W
2025/02/16 20:16:05.451, 74.05 W
2025/02/16 20:16:05.461, 74.05 W
2025/02/16 20:16:05.471, 74.05 W
2025/02/16 20:16:05.481, 74.05 W
2025/02/16 20:16:05.491, 74.05 W
2025/02/16 20:16:05.501, 74.05 W
2025/02/16 20:16:05.511, 74.05 W
2025/02/16 20:16:05.521, 74.05 W
2025/02/16 20:16:05.531, 74.05 W
2025/02/16 20:16:05.541, 74.05 W
2025/02/16 20:16:05.551, 74.05 W
2025/02/16 20:16:05.561, 74.05 W
2025/02/16 20:16:05.572, 74.05 W
2025/02/16 20:16:05.582, 74.05 W
2025/02/16 20:16:05.592, 74.05 W
2025/02/16 20:16:05.602, 74.05 W
2025/02/16 20:16:05.612, 74.05 W
2025/02/16 20:16:05.622, 74.05 W
2025/02/16 20:16:05.632, 74.05 W
2025/02/16 20:16:05.642, 74.05 W
2025/02/16 20:16:05.652, 74.05 W
2025/02/16 20:16:05.662, 74.05 W
2025/02/16 20:16:05.672, 74.05 W
2025/02/16 20:16:05.682, 74.05 W
2025/02/16 20:16:05.692, 74.05 W
2025/02/16 20:16:05.702, 74.05 W
2025/02/16 20:16:05.712, 74.05 W
2025/02/16 20:16:05.722, 74.05 W
2025/02/16 20:16:05.733, 74.05 W
2025/02/16 20:16:05.743, 74.05 W
2025/02/16 20:16:05.753, 74.05 W
2025/02/16 20:16:05.763, 74.05 W
2025/02/16 20:16:05.773, 74.05 W
2025/02/16 20:16:05.783, 74.05 W
2025/02/16 20:16:05.793, 74.05 W
2025/02/16 20:16:05.803, 74.05 W
2025/02/16 20:16:05.813, 74.05 W
2025/02/16 20:16:05.823, 74.05 W
2025/02/16 20:16:05.833, 74.05 W
2025/02/16 20:16:05.843, 74.05 W
2025/02/16 20:16:05.853, 74.05 W
2025/02/16 20:16:05.863, 74.05 W
2025/02/16 20:16:05.873, 74.05 W
2025/02/16 20:16:05.884, 74.05 W
2025/02/16 20:16:05.894, 74.05 W
2025/02/16 20:16:05.904, 74.05 W
2025/02/16 20:16:05.914, 74.05 W
2025/02/16 20:16:05.924, 74.05 W
2025/02/16 20:16:05.934, 74.05 W
2025/02/16 20:16:05.944, 74.05 W
2025/02/16 20:16:05.954, 74.05 W
2025/02/16 20:16:05.964, 74.05 W
2025/02/16 20:16:05.974, 74.05 W
2025/02/16 20:16:05.984, 74.05 W
2025/02/16 20:16:05.994, 74.05 W
2025/02/16 20:16:06.004, 74.05 W
2025/02/16 20:16:06.014, 74.05 W
2025/02/16 20:16:06.024, 74.05 W
2025/02/16 20:16:06.034, 74.05 W
2025/02/16 20:16:06.045, 74.05 W
2025/02/16 20:16:06.055, 74.05 W
2025/02/16 20:16:06.065, 74.05 W
2025/02/16 20:16:06.075, 74.05 W
2025/02/16 20:16:06.085, 74.29 W
2025/02/16 20:16:06.095, 74.29 W
2025/02/16 20:16:06.105, 74.29 W
2025/02/16 20:16:06.115, 74.29 W
2025/02/16 20:16:06.125, 74.29 W
2025/02/16 20:16:06.135, 74.29 W
2025/02/16 20:16:06.145, 74.29 W
2025/02/16 20:16:06.155, 74.29 W
2025/02/16 20:16:06.165, 74.29 W
2025/02/16 20:16:06.175, 74.29 W
2025/02/16 20:16:06.185, 74.29 W
2025/02/16 20:16:06.195, 74.29 W
2025/02/16 20:16:06.206, 74.05 W
2025/02/16 20:16:06.216, 74.05 W
2025/02/16 20:16:06.226, 74.05 W
2025/02/16 20:16:06.236, 74.05 W
2025/02/16 20:16:06.246, 74.05 W
2025/02/16 20:16:06.256, 74.05 W
2025/02/16 20:16:06.266, 74.05 W
2025/02/16 20:16:06.276, 74.05 W
2025/02/16 20:16:06.286, 74.05 W
2025/02/16 20:16:06.296, 74.05 W
2025/02/16 20:16:06.306, 74.05 W
2025/02/16 20:16:06.316, 74.05 W
2025/02/16 20:16:06.326, 74.05 W
2025/02/16 20:16:06.336, 74.05 W
2025/02/16 20:16:06.346, 74.05 W
2025/02/16 20:16:06.357, 74.05 W
2025/02/16 20:16:06.367, 74.05 W
2025/02/16 20:16:06.377, 74.05 W
2025/02/16 20:16:06.387, 74.05 W
2025/02/16 20:16:06.397, 74.05 W
2025/02/16 20:16:06.407, 74.05 W
2025/02/16 20:16:06.417, 74.05 W
2025/02/16 20:16:06.427, 74.05 W
2025/02/16 20:16:06.437, 74.05 W
2025/02/16 20:16:06.447, 74.05 W
2025/02/16 20:16:06.457, 74.05 W
2025/02/16 20:16:06.467, 74.05 W
2025/02/16 20:16:06.477, 74.05 W
2025/02/16 20:16:06.487, 74.05 W
2025/02/16 20:16:06.497, 74.05 W
2025/02/16 20:16:06.507, 74.05 W
2025/02/16 20:16:06.518, 74.05 W
2025/02/16 20:16:06.528, 74.05 W
2025/02/16 20:16:06.538, 74.05 W
2025/02/16 20:16:06.548, 74.05 W
2025/02/16 20:16:06.558, 74.05 W
2025/02/16 20:16:06.568, 74.05 W
2025/02/16 20:16:06.578, 74.05 W
2025/02/16 20:16:06.588, 74.05 W
2025/02/16 20:16:06.598, 74.05 W
2025/02/16 20:16:06.608, 74.05 W
2025/02/16 20:16:06.618, 74.05 W
2025/02/16 20:16:06.628, 74.05 W
2025/02/16 20:16:06.638, 74.05 W
2025/02/16 20:16:06.648, 74.05 W
2025/02/16 20:16:06.658, 74.05 W
2025/02/16 20:16:06.668, 74.05 W
2025/02/16 20:16:06.679, 74.05 W
2025/02/16 20:16:06.689, 74.05 W
2025/02/16 20:16:06.699, 74.05 W
2025/02/16 20:16:06.709, 74.05 W
2025/02/16 20:16:06.719, 74.05 W
2025/02/16 20:16:06.729, 74.05 W
2025/02/16 20:16:06.739, 74.05 W
2025/02/16 20:16:06.749, 74.05 W
2025/02/16 20:16:06.759, 74.05 W
2025/02/16 20:16:06.769, 74.05 W
2025/02/16 20:16:06.779, 74.05 W
2025/02/16 20:16:06.789, 74.05 W
2025/02/16 20:16:06.799, 74.05 W
2025/02/16 20:16:06.809, 74.05 W
2025/02/16 20:16:06.819, 74.05 W
2025/02/16 20:16:06.830, 74.05 W
2025/02/16 20:16:06.840, 74.05 W
2025/02/16 20:16:06.850, 74.05 W
2025/02/16 20:16:06.860, 74.05 W
2025/02/16 20:16:06.870, 74.05 W
2025/02/16 20:16:06.880, 74.05 W
2025/02/16 20:16:06.890, 74.05 W
2025/02/16 20:16:06.900, 74.05 W
2025/02/16 20:16:06.910, 74.05 W
2025/02/16 20:16:06.920, 74.05 W
2025/02/16 20:16:06.930, 74.05 W
2025/02/16 20:16:06.940, 74.05 W
2025/02/16 20:16:06.950, 74.05 W
2025/02/16 20:16:06.960, 74.05 W
2025/02/16 20:16:06.970, 74.05 W
2025/02/16 20:16:06.980, 74.05 W
2025/02/16 20:16:06.991, 74.05 W
2025/02/16 20:16:07.001, 74.05 W
2025/02/16 20:16:07.011, 74.05 W
2025/02/16 20:16:07.021, 74.05 W
2025/02/16 20:16:07.031, 74.05 W
2025/02/16 20:16:07.041, 74.05 W
2025/02/16 20:16:07.051, 74.05 W
2025/02/16 20:16:07.061, 74.05 W
2025/02/16 20:16:07.071, 74.05 W
2025/02/16 20:16:07.081, 74.05 W
2025/02/16 20:16:07.091, 74.05 W
2025/02/16 20:16:07.101, 74.05 W
2025/02/16 20:16:07.111, 74.05 W
2025/02/16 20:16:07.121, 74.05 W
2025/02/16 20:16:07.131, 74.05 W
2025/02/16 20:16:07.142, 74.05 W
2025/02/16 20:16:07.152, 74.05 W
2025/02/16 20:16:07.162, 74.05 W
2025/02/16 20:16:07.172, 74.05 W
2025/02/16 20:16:07.182, 74.05 W
2025/02/16 20:16:07.192, 74.05 W
2025/02/16 20:16:07.202, 74.05 W
2025/02/16 20:16:07.212, 74.05 W
2025/02/16 20:16:07.222, 74.05 W
2025/02/16 20:16:07.232, 74.05 W
2025/02/16 20:16:07.242, 74.05 W
2025/02/16 20:16:07.252, 74.05 W
2025/02/16 20:16:07.262, 74.05 W
2025/02/16 20:16:07.272, 74.05 W
2025/02/16 20:16:07.282, 74.05 W
2025/02/16 20:16:07.292, 74.05 W
2025/02/16 20:16:07.303, 74.05 W
2025/02/16 20:16:07.313, 74.05 W
2025/02/16 20:16:07.323, 74.05 W
2025/02/16 20:16:07.333, 74.05 W
2025/02/16 20:16:07.343, 74.05 W
2025/02/16 20:16:07.353, 74.05 W
2025/02/16 20:16:07.363, 74.05 W
2025/02/16 20:16:07.373, 74.05 W
2025/02/16 20:16:07.383, 74.05 W
2025/02/16 20:16:07.393, 74.05 W
2025/02/16 20:16:07.403, 74.05 W
2025/02/16 20:16:07.413, 74.05 W
2025/02/16 20:16:07.423, 74.29 W
2025/02/16 20:16:07.433, 74.29 W
2025/02/16 20:16:07.443, 74.29 W
2025/02/16 20:16:07.453, 74.29 W
2025/02/16 20:16:07.464, 74.29 W
2025/02/16 20:16:07.474, 74.29 W
2025/02/16 20:16:07.484, 74.29 W
2025/02/16 20:16:07.494, 74.29 W
2025/02/16 20:16:07.504, 74.29 W
2025/02/16 20:16:07.514, 74.29 W
2025/02/16 20:16:07.524, 74.29 W
2025/02/16 20:16:07.534, 74.29 W
2025/02/16 20:16:07.544, 74.29 W
2025/02/16 20:16:07.554, 74.29 W
2025/02/16 20:16:07.564, 74.29 W
2025/02/16 20:16:07.574, 74.29 W
2025/02/16 20:16:07.584, 74.29 W
2025/02/16 20:16:07.594, 74.29 W
2025/02/16 20:16:07.604, 74.29 W
2025/02/16 20:16:07.615, 74.29 W
2025/02/16 20:16:07.625, 74.29 W
2025/02/16 20:16:07.635, 74.05 W
2025/02/16 20:16:07.645, 74.05 W
2025/02/16 20:16:07.655, 74.05 W
2025/02/16 20:16:07.665, 74.05 W
2025/02/16 20:16:07.675, 74.05 W
2025/02/16 20:16:07.685, 74.05 W
2025/02/16 20:16:07.695, 74.05 W
2025/02/16 20:16:07.705, 74.05 W
2025/02/16 20:16:07.715, 74.05 W
2025/02/16 20:16:07.725, 74.05 W
2025/02/16 20:16:07.735, 74.05 W
2025/02/16 20:16:07.745, 74.05 W
2025/02/16 20:16:07.755, 74.05 W
2025/02/16 20:16:07.766, 74.05 W
2025/02/16 20:16:07.776, 74.05 W
2025/02/16 20:16:07.786, 74.05 W
2025/02/16 20:16:07.796, 74.05 W
2025/02/16 20:16:07.806, 74.05 W
2025/02/16 20:16:07.816, 74.05 W
2025/02/16 20:16:07.826, 74.05 W
2025/02/16 20:16:07.836, 74.29 W
2025/02/16 20:16:07.846, 74.29 W
2025/02/16 20:16:07.856, 74.29 W
2025/02/16 20:16:07.866, 74.29 W
2025/02/16 20:16:07.876, 74.29 W
2025/02/16 20:16:07.886, 74.29 W
2025/02/16 20:16:07.896, 74.29 W
2025/02/16 20:16:07.906, 74.29 W
2025/02/16 20:16:07.916, 74.29 W
2025/02/16 20:16:07.927, 74.29 W
2025/02/16 20:16:07.937, 74.29 W
2025/02/16 20:16:07.947, 74.29 W
2025/02/16 20:16:07.957, 74.29 W
2025/02/16 20:16:07.967, 74.29 W
2025/02/16 20:16:07.977, 74.29 W
2025/02/16 20:16:07.987, 74.29 W
2025/02/16 20:16:07.997, 74.29 W
2025/02/16 20:16:08.007, 74.29 W
2025/02/16 20:16:08.017, 74.29 W
2025/02/16 20:16:08.027, 74.29 W
2025/02/16 20:16:08.037, 74.29 W
2025/02/16 20:16:08.047, 74.05 W
2025/02/16 20:16:08.057, 74.05 W
2025/02/16 20:16:08.067, 74.05 W
2025/02/16 20:16:08.078, 74.05 W
2025/02/16 20:16:08.088, 74.05 W
2025/02/16 20:16:08.098, 74.05 W
2025/02/16 20:16:08.108, 74.05 W
2025/02/16 20:16:08.118, 74.05 W
2025/02/16 20:16:08.128, 74.05 W
2025/02/16 20:16:08.138, 74.05 W
2025/02/16 20:16:08.148, 74.05 W
2025/02/16 20:16:08.158, 74.05 W
2025/02/16 20:16:08.168, 74.05 W
2025/02/16 20:16:08.178, 74.05 W
2025/02/16 20:16:08.188, 74.05 W
2025/02/16 20:16:08.198, 74.05 W
2025/02/16 20:16:08.208, 74.05 W
2025/02/16 20:16:08.218, 74.05 W
2025/02/16 20:16:08.228, 74.05 W
2025/02/16 20:16:08.239, 74.05 W
2025/02/16 20:16:08.249, 74.05 W
2025/02/16 20:16:08.259, 74.05 W
2025/02/16 20:16:08.269, 74.05 W
2025/02/16 20:16:08.279, 74.05 W
2025/02/16 20:16:08.289, 74.05 W
2025/02/16 20:16:08.299, 74.05 W
2025/02/16 20:16:08.309, 74.05 W
2025/02/16 20:16:08.319, 74.05 W
2025/02/16 20:16:08.329, 74.05 W
2025/02/16 20:16:08.339, 74.05 W
2025/02/16 20:16:08.349, 74.05 W
2025/02/16 20:16:08.359, 74.05 W
2025/02/16 20:16:08.369, 74.05 W
2025/02/16 20:16:08.379, 74.05 W
2025/02/16 20:16:08.389, 74.05 W
2025/02/16 20:16:08.400, 74.05 W
2025/02/16 20:16:08.410, 74.05 W
2025/02/16 20:16:08.420, 74.05 W
2025/02/16 20:16:08.430, 74.05 W
2025/02/16 20:16:08.440, 74.05 W
2025/02/16 20:16:08.450, 74.05 W
2025/02/16 20:16:08.460, 74.05 W
2025/02/16 20:16:08.470, 74.05 W
2025/02/16 20:16:08.480, 74.05 W
2025/02/16 20:16:08.490, 74.05 W
2025/02/16 20:16:08.500, 74.05 W
2025/02/16 20:16:08.510, 74.05 W
2025/02/16 20:16:08.520, 74.05 W
2025/02/16 20:16:08.530, 74.05 W
2025/02/16 20:16:08.540, 74.05 W
2025/02/16 20:16:08.551, 74.05 W
2025/02/16 20:16:08.561, 74.05 W
2025/02/16 20:16:08.571, 74.05 W
2025/02/16 20:16:08.581, 74.05 W
2025/02/16 20:16:08.591, 74.05 W
2025/02/16 20:16:08.601, 74.05 W
2025/02/16 20:16:08.611, 74.05 W
2025/02/16 20:16:08.621, 74.05 W
2025/02/16 20:16:08.631, 74.05 W
2025/02/16 20:16:08.641, 74.05 W
2025/02/16 20:16:08.651, 74.05 W
2025/02/16 20:16:08.661, 74.05 W
2025/02/16 20:16:08.671, 74.05 W
2025/02/16 20:16:08.681, 74.05 W
2025/02/16 20:16:08.691, 74.05 W
2025/02/16 20:16:08.701, 74.05 W
2025/02/16 20:16:08.712, 74.05 W
2025/02/16 20:16:08.722, 74.05 W
2025/02/16 20:16:08.732, 74.05 W
2025/02/16 20:16:08.742, 74.05 W
2025/02/16 20:16:08.752, 74.05 W
2025/02/16 20:16:08.762, 74.29 W
2025/02/16 20:16:08.772, 74.29 W
2025/02/16 20:16:08.782, 74.29 W
2025/02/16 20:16:08.792, 74.29 W
2025/02/16 20:16:08.802, 74.29 W
2025/02/16 20:16:08.812, 74.29 W
2025/02/16 20:16:08.822, 74.29 W
2025/02/16 20:16:08.832, 74.29 W
2025/02/16 20:16:08.842, 74.29 W
2025/02/16 20:16:08.852, 74.05 W
2025/02/16 20:16:08.863, 74.05 W
2025/02/16 20:16:08.873, 74.05 W
2025/02/16 20:16:08.883, 74.05 W
2025/02/16 20:16:08.893, 74.05 W
2025/02/16 20:16:08.903, 74.05 W
2025/02/16 20:16:08.913, 74.05 W
2025/02/16 20:16:08.923, 74.05 W
2025/02/16 20:16:08.933, 74.05 W
2025/02/16 20:16:08.943, 74.05 W
2025/02/16 20:16:08.953, 74.05 W
2025/02/16 20:16:08.963, 74.05 W
2025/02/16 20:16:08.973, 74.05 W
2025/02/16 20:16:08.983, 74.05 W
2025/02/16 20:16:08.993, 74.05 W
2025/02/16 20:16:09.003, 74.05 W
2025/02/16 20:16:09.014, 74.05 W
2025/02/16 20:16:09.024, 74.05 W
2025/02/16 20:16:09.034, 74.05 W
2025/02/16 20:16:09.044, 74.05 W
2025/02/16 20:16:09.054, 74.05 W
2025/02/16 20:16:09.064, 74.05 W
2025/02/16 20:16:09.074, 74.05 W
2025/02/16 20:16:09.084, 74.05 W
2025/02/16 20:16:09.094, 74.05 W
2025/02/16 20:16:09.104, 74.05 W
2025/02/16 20:16:09.114, 74.05 W
2025/02/16 20:16:09.124, 74.05 W
2025/02/16 20:16:09.134, 74.05 W
2025/02/16 20:16:09.144, 74.05 W
2025/02/16 20:16:09.154, 74.29 W
2025/02/16 20:16:09.164, 74.29 W
2025/02/16 20:16:09.175, 74.29 W
2025/02/16 20:16:09.185, 74.29 W
2025/02/16 20:16:09.195, 74.29 W
2025/02/16 20:16:09.205, 74.29 W
2025/02/16 20:16:09.215, 74.29 W
2025/02/16 20:16:09.225, 74.29 W
2025/02/16 20:16:09.235, 74.29 W
2025/02/16 20:16:09.245, 74.29 W
2025/02/16 20:16:09.255, 74.29 W
2025/02/16 20:16:09.265, 74.29 W
2025/02/16 20:16:09.275, 74.05 W
2025/02/16 20:16:09.285, 74.05 W
2025/02/16 20:16:09.295, 74.05 W
2025/02/16 20:16:09.305, 74.05 W
2025/02/16 20:16:09.315, 74.05 W
2025/02/16 20:16:09.325, 74.05 W
2025/02/16 20:16:09.336, 74.05 W
2025/02/16 20:16:09.346, 74.05 W
2025/02/16 20:16:09.356, 74.05 W
2025/02/16 20:16:09.366, 74.05 W
2025/02/16 20:16:09.376, 74.05 W
2025/02/16 20:16:09.386, 74.05 W
2025/02/16 20:16:09.396, 74.05 W
2025/02/16 20:16:09.406, 74.05 W
2025/02/16 20:16:09.416, 74.05 W
2025/02/16 20:16:09.426, 74.05 W
2025/02/16 20:16:09.436, 74.05 W
2025/02/16 20:16:09.446, 74.05 W
2025/02/16 20:16:09.456, 74.05 W
2025/02/16 20:16:09.466, 74.05 W
2025/02/16 20:16:09.476, 74.05 W
2025/02/16 20:16:09.487, 74.05 W
2025/02/16 20:16:09.497, 74.05 W
2025/02/16 20:16:09.507, 74.05 W
2025/02/16 20:16:09.517, 74.05 W
2025/02/16 20:16:09.527, 74.05 W
2025/02/16 20:16:09.537, 74.05 W
2025/02/16 20:16:09.547, 74.05 W
2025/02/16 20:16:09.557, 74.05 W
2025/02/16 20:16:09.567, 74.05 W
2025/02/16 20:16:09.577, 74.05 W
2025/02/16 20:16:09.587, 74.05 W
2025/02/16 20:16:09.597, 74.05 W
2025/02/16 20:16:09.607, 74.05 W
2025/02/16 20:16:09.617, 74.05 W
2025/02/16 20:16:09.627, 74.05 W
2025/02/16 20:16:09.637, 74.05 W
2025/02/16 20:16:09.648, 74.05 W
2025/02/16 20:16:09.658, 74.05 W
2025/02/16 20:16:09.668, 74.05 W
2025/02/16 20:16:09.678, 74.05 W
2025/02/16 20:16:09.688, 74.05 W
2025/02/16 20:16:09.698, 74.05 W
2025/02/16 20:16:09.708, 74.05 W
2025/02/16 20:16:09.718, 74.05 W
2025/02/16 20:16:09.728, 74.05 W
2025/02/16 20:16:09.738, 74.05 W
2025/02/16 20:16:09.748, 74.05 W
2025/02/16 20:16:09.758, 74.05 W
2025/02/16 20:16:09.768, 74.05 W
2025/02/16 20:16:09.778, 74.05 W
2025/02/16 20:16:09.788, 74.05 W
2025/02/16 20:16:09.799, 74.05 W
2025/02/16 20:16:09.809, 74.05 W
2025/02/16 20:16:09.819, 74.05 W
2025/02/16 20:16:09.829, 74.05 W
2025/02/16 20:16:09.839, 74.05 W
2025/02/16 20:16:09.849, 74.05 W
2025/02/16 20:16:09.859, 74.05 W
2025/02/16 20:16:09.869, 74.05 W
2025/02/16 20:16:09.879, 74.05 W
2025/02/16 20:16:09.889, 74.29 W
2025/02/16 20:16:09.899, 74.29 W
2025/02/16 20:16:09.909, 74.29 W
2025/02/16 20:16:09.919, 74.29 W
2025/02/16 20:16:09.929, 74.29 W
2025/02/16 20:16:09.939, 74.29 W
2025/02/16 20:16:09.949, 74.29 W
2025/02/16 20:16:09.960, 74.29 W
2025/02/16 20:16:09.970, 74.05 W
2025/02/16 20:16:09.980, 74.05 W
2025/02/16 20:16:09.990, 74.05 W
2025/02/16 20:16:10.000, 74.05 W
2025/02/16 20:16:10.010, 74.05 W
2025/02/16 20:16:10.020, 74.05 W
2025/02/16 20:16:10.030, 74.05 W
2025/02/16 20:16:10.040, 74.05 W
2025/02/16 20:16:10.050, 74.05 W
2025/02/16 20:16:10.060, 74.05 W
2025/02/16 20:16:10.070, 74.05 W
2025/02/16 20:16:10.080, 74.05 W
2025/02/16 20:16:10.090, 74.05 W
2025/02/16 20:16:10.100, 74.05 W
2025/02/16 20:16:10.110, 74.05 W
2025/02/16 20:16:10.121, 74.05 W
2025/02/16 20:16:10.131, 74.05 W
2025/02/16 20:16:10.141, 74.05 W
2025/02/16 20:16:10.151, 74.05 W
2025/02/16 20:16:10.161, 74.05 W
2025/02/16 20:16:10.171, 74.05 W
2025/02/16 20:16:10.181, 74.29 W
2025/02/16 20:16:10.191, 74.29 W
2025/02/16 20:16:10.201, 74.29 W
2025/02/16 20:16:10.211, 74.29 W
2025/02/16 20:16:10.221, 74.29 W
2025/02/16 20:16:10.231, 74.29 W
2025/02/16 20:16:10.241, 74.29 W
2025/02/16 20:16:10.251, 74.29 W
2025/02/16 20:16:10.261, 74.29 W
2025/02/16 20:16:10.272, 74.29 W
2025/02/16 20:16:10.282, 74.29 W
2025/02/16 20:16:10.292, 74.29 W
2025/02/16 20:16:10.302, 74.05 W
2025/02/16 20:16:10.312, 74.05 W
2025/02/16 20:16:10.322, 74.05 W
2025/02/16 20:16:10.332, 74.05 W
2025/02/16 20:16:10.342, 74.05 W
2025/02/16 20:16:10.352, 74.05 W
2025/02/16 20:16:10.362, 74.05 W
2025/02/16 20:16:10.372, 74.05 W
2025/02/16 20:16:10.382, 74.05 W
2025/02/16 20:16:10.392, 74.05 W
2025/02/16 20:16:10.402, 74.05 W
2025/02/16 20:16:10.412, 74.05 W
2025/02/16 20:16:10.422, 74.05 W
2025/02/16 20:16:10.433, 74.05 W
2025/02/16 20:16:10.443, 74.05 W
2025/02/16 20:16:10.453, 74.05 W
2025/02/16 20:16:10.463, 74.05 W
2025/02/16 20:16:10.473, 74.05 W
2025/02/16 20:16:10.483, 74.29 W
2025/02/16 20:16:10.493, 74.29 W
2025/02/16 20:16:10.503, 74.29 W
2025/02/16 20:16:10.513, 74.29 W
2025/02/16 20:16:10.523, 74.29 W
2025/02/16 20:16:10.533, 74.29 W
2025/02/16 20:16:10.543, 74.29 W
2025/02/16 20:16:10.553, 74.29 W
2025/02/16 20:16:10.563, 74.29 W
2025/02/16 20:16:10.573, 74.29 W
2025/02/16 20:16:10.583, 74.29 W
2025/02/16 20:16:10.594, 74.29 W
2025/02/16 20:16:10.604, 74.29 W
2025/02/16 20:16:10.614, 74.29 W
2025/02/16 20:16:10.624, 74.29 W
2025/02/16 20:16:10.634, 74.29 W
2025/02/16 20:16:10.644, 74.29 W
2025/02/16 20:16:10.654, 74.29 W
2025/02/16 20:16:10.664, 74.29 W
2025/02/16 20:16:10.674, 74.29 W
2025/02/16 20:16:10.684, 74.29 W
2025/02/16 20:16:10.694, 74.29 W
2025/02/16 20:16:10.704, 74.05 W
2025/02/16 20:16:10.714, 74.05 W
2025/02/16 20:16:10.724, 74.05 W
2025/02/16 20:16:10.734, 74.05 W
2025/02/16 20:16:10.745, 74.05 W
2025/02/16 20:16:10.755, 74.05 W
2025/02/16 20:16:10.765, 74.05 W
2025/02/16 20:16:10.775, 74.05 W
2025/02/16 20:16:10.785, 74.05 W
2025/02/16 20:16:10.795, 74.29 W
2025/02/16 20:16:10.805, 74.29 W
2025/02/16 20:16:10.815, 74.29 W
2025/02/16 20:16:10.825, 74.29 W
2025/02/16 20:16:10.835, 74.29 W
2025/02/16 20:16:10.845, 74.29 W
2025/02/16 20:16:10.855, 74.29 W
2025/02/16 20:16:10.865, 74.29 W
2025/02/16 20:16:10.875, 74.29 W
2025/02/16 20:16:10.885, 74.29 W
2025/02/16 20:16:10.895, 74.29 W
2025/02/16 20:16:10.906, 74.29 W
2025/02/16 20:16:10.916, 74.05 W
2025/02/16 20:16:10.926, 74.05 W
2025/02/16 20:16:10.936, 74.05 W
2025/02/16 20:16:10.946, 74.05 W
2025/02/16 20:16:10.956, 74.05 W
2025/02/16 20:16:10.966, 74.05 W
2025/02/16 20:16:10.976, 74.05 W
2025/02/16 20:16:10.986, 74.05 W
2025/02/16 20:16:10.996, 74.29 W
2025/02/16 20:16:11.006, 74.29 W
2025/02/16 20:16:11.016, 74.29 W
2025/02/16 20:16:11.026, 74.29 W
2025/02/16 20:16:11.036, 74.29 W
2025/02/16 20:16:11.046, 74.29 W
2025/02/16 20:16:11.057, 74.29 W
2025/02/16 20:16:11.067, 74.29 W
2025/02/16 20:16:11.077, 74.29 W
2025/02/16 20:16:11.087, 74.29 W
2025/02/16 20:16:11.097, 74.29 W
2025/02/16 20:16:11.107, 74.29 W
2025/02/16 20:16:11.117, 74.29 W
2025/02/16 20:16:11.127, 74.29 W
2025/02/16 20:16:11.137, 74.29 W
2025/02/16 20:16:11.147, 74.29 W
2025/02/16 20:16:11.157, 74.29 W
2025/02/16 20:16:11.167, 74.29 W
2025/02/16 20:16:11.177, 74.29 W
2025/02/16 20:16:11.187, 74.29 W
2025/02/16 20:16:11.197, 74.05 W
2025/02/16 20:16:11.207, 74.05 W
2025/02/16 20:16:11.218, 74.05 W
2025/02/16 20:16:11.228, 74.05 W
2025/02/16 20:16:11.238, 74.05 W
2025/02/16 20:16:11.248, 74.05 W
2025/02/16 20:16:11.258, 74.05 W
2025/02/16 20:16:11.268, 74.05 W
2025/02/16 20:16:11.278, 74.05 W
2025/02/16 20:16:11.288, 74.05 W
2025/02/16 20:16:11.298, 74.05 W
2025/02/16 20:16:11.308, 74.05 W
2025/02/16 20:16:11.318, 74.05 W
2025/02/16 20:16:11.328, 74.29 W
2025/02/16 20:16:11.338, 74.29 W
2025/02/16 20:16:11.348, 74.29 W
2025/02/16 20:16:11.358, 74.29 W
2025/02/16 20:16:11.368, 74.29 W
2025/02/16 20:16:11.379, 74.29 W
2025/02/16 20:16:11.389, 74.29 W
2025/02/16 20:16:11.399, 74.29 W
2025/02/16 20:16:11.409, 74.05 W
2025/02/16 20:16:11.419, 74.05 W
2025/02/16 20:16:11.429, 74.05 W
2025/02/16 20:16:11.439, 74.05 W
2025/02/16 20:16:11.449, 74.05 W
2025/02/16 20:16:11.459, 74.05 W
2025/02/16 20:16:11.469, 74.05 W
2025/02/16 20:16:11.479, 74.05 W
2025/02/16 20:16:11.489, 74.05 W
2025/02/16 20:16:11.499, 74.05 W
2025/02/16 20:16:11.509, 74.29 W
2025/02/16 20:16:11.519, 74.29 W
2025/02/16 20:16:11.530, 74.29 W
2025/02/16 20:16:11.540, 74.29 W
2025/02/16 20:16:11.550, 74.29 W
2025/02/16 20:16:11.560, 74.29 W
2025/02/16 20:16:11.570, 74.29 W
2025/02/16 20:16:11.580, 74.29 W
2025/02/16 20:16:11.590, 74.29 W
2025/02/16 20:16:11.600, 74.29 W
2025/02/16 20:16:11.610, 74.29 W
2025/02/16 20:16:11.620, 74.29 W
2025/02/16 20:16:11.630, 74.29 W
2025/02/16 20:16:11.640, 74.29 W
2025/02/16 20:16:11.650, 74.29 W
2025/02/16 20:16:11.660, 74.29 W
2025/02/16 20:16:11.670, 74.29 W
2025/02/16 20:16:11.680, 74.29 W
2025/02/16 20:16:11.691, 74.29 W
2025/02/16 20:16:11.701, 74.29 W
2025/02/16 20:16:11.711, 74.29 W
2025/02/16 20:16:11.721, 74.29 W
2025/02/16 20:16:11.731, 74.05 W
2025/02/16 20:16:11.741, 74.05 W
2025/02/16 20:16:11.751, 74.05 W
2025/02/16 20:16:11.761, 74.05 W
2025/02/16 20:16:11.771, 74.05 W
2025/02/16 20:16:11.781, 74.05 W
2025/02/16 20:16:11.791, 74.05 W
2025/02/16 20:16:11.801, 74.05 W
2025/02/16 20:16:11.811, 74.29 W
2025/02/16 20:16:11.821, 74.29 W
2025/02/16 20:16:11.831, 74.29 W
2025/02/16 20:16:11.841, 74.29 W
2025/02/16 20:16:11.852, 74.29 W
2025/02/16 20:16:11.862, 74.29 W
2025/02/16 20:16:11.872, 74.29 W
2025/02/16 20:16:11.882, 74.29 W
2025/02/16 20:16:11.892, 74.29 W
2025/02/16 20:16:11.902, 74.29 W
2025/02/16 20:16:11.912, 74.29 W
2025/02/16 20:16:11.922, 74.29 W
2025/02/16 20:16:11.932, 74.29 W
2025/02/16 20:16:11.942, 74.05 W
2025/02/16 20:16:11.952, 74.05 W
2025/02/16 20:16:11.962, 74.05 W
2025/02/16 20:16:11.972, 74.05 W
2025/02/16 20:16:11.982, 74.05 W
2025/02/16 20:16:11.992, 74.05 W
2025/02/16 20:16:12.003, 74.05 W
2025/02/16 20:16:12.013, 74.05 W
2025/02/16 20:16:12.023, 74.29 W
2025/02/16 20:16:12.033, 74.29 W
2025/02/16 20:16:12.043, 74.29 W
2025/02/16 20:16:12.053, 74.29 W
2025/02/16 20:16:12.063, 74.29 W
2025/02/16 20:16:12.073, 74.29 W
2025/02/16 20:16:12.083, 74.29 W
2025/02/16 20:16:12.093, 74.29 W
2025/02/16 20:16:12.103, 74.29 W
2025/02/16 20:16:12.113, 74.29 W
2025/02/16 20:16:12.123, 74.29 W
2025/02/16 20:16:12.133, 74.29 W
2025/02/16 20:16:12.143, 74.29 W
2025/02/16 20:16:12.153, 74.29 W
2025/02/16 20:16:12.164, 74.29 W
2025/02/16 20:16:12.174, 74.29 W
2025/02/16 20:16:12.184, 74.29 W
2025/02/16 20:16:12.194, 74.29 W
2025/02/16 20:16:12.204, 74.29 W
2025/02/16 20:16:12.214, 74.29 W
2025/02/16 20:16:12.224, 74.29 W
2025/02/16 20:16:12.234, 74.29 W
2025/02/16 20:16:12.244, 74.29 W
2025/02/16 20:16:12.254, 74.29 W
2025/02/16 20:16:12.264, 74.29 W
2025/02/16 20:16:12.274, 74.29 W
2025/02/16 20:16:12.284, 74.29 W
2025/02/16 20:16:12.294, 74.29 W
2025/02/16 20:16:12.304, 74.29 W
2025/02/16 20:16:12.315, 74.29 W
2025/02/16 20:16:12.325, 74.29 W
2025/02/16 20:16:12.335, 74.29 W
2025/02/16 20:16:12.345, 74.29 W
2025/02/16 20:16:12.355, 74.29 W
2025/02/16 20:16:12.365, 74.29 W
2025/02/16 20:16:12.375, 74.29 W
2025/02/16 20:16:12.385, 74.29 W
2025/02/16 20:16:12.395, 74.29 W
2025/02/16 20:16:12.405, 74.29 W
2025/02/16 20:16:12.415, 74.29 W
2025/02/16 20:16:12.425, 74.29 W
2025/02/16 20:16:12.435, 74.29 W
2025/02/16 20:16:12.445, 74.29 W
2025/02/16 20:16:12.455, 74.29 W
2025/02/16 20:16:12.465, 74.29 W
2025/02/16 20:16:12.476, 74.29 W
2025/02/16 20:16:12.486, 74.29 W
2025/02/16 20:16:12.496, 74.29 W
2025/02/16 20:16:12.506, 74.29 W
2025/02/16 20:16:12.516, 74.29 W
2025/02/16 20:16:12.526, 74.29 W
2025/02/16 20:16:12.536, 74.29 W
2025/02/16 20:16:12.546, 74.29 W
2025/02/16 20:16:12.556, 74.29 W
2025/02/16 20:16:12.566, 74.29 W
2025/02/16 20:16:12.576, 74.29 W
2025/02/16 20:16:12.586, 74.29 W
2025/02/16 20:16:12.596, 74.29 W
2025/02/16 20:16:12.606, 74.29 W
2025/02/16 20:16:12.616, 74.29 W
2025/02/16 20:16:12.626, 74.29 W
2025/02/16 20:16:12.637, 74.29 W
2025/02/16 20:16:12.647, 74.29 W
2025/02/16 20:16:12.657, 74.29 W
2025/02/16 20:16:12.667, 74.29 W
2025/02/16 20:16:12.677, 74.29 W
2025/02/16 20:16:12.687, 74.29 W
2025/02/16 20:16:12.697, 74.29 W
2025/02/16 20:16:12.707, 74.29 W
2025/02/16 20:16:12.717, 74.29 W
2025/02/16 20:16:12.727, 74.29 W
2025/02/16 20:16:12.737, 74.29 W
2025/02/16 20:16:12.747, 74.29 W
2025/02/16 20:16:12.757, 74.05 W
2025/02/16 20:16:12.767, 74.05 W
2025/02/16 20:16:12.777, 74.05 W
2025/02/16 20:16:12.787, 74.05 W
2025/02/16 20:16:12.798, 74.05 W
2025/02/16 20:16:12.808, 74.05 W
2025/02/16 20:16:12.818, 74.05 W
2025/02/16 20:16:12.828, 74.05 W
2025/02/16 20:16:12.838, 74.05 W
2025/02/16 20:16:12.848, 74.05 W
2025/02/16 20:16:12.858, 74.05 W
2025/02/16 20:16:12.868, 74.05 W
2025/02/16 20:16:12.878, 74.05 W
2025/02/16 20:16:12.888, 74.05 W
2025/02/16 20:16:12.898, 74.05 W
2025/02/16 20:16:12.908, 74.05 W
2025/02/16 20:16:12.918, 74.05 W
2025/02/16 20:16:12.928, 74.05 W
2025/02/16 20:16:12.938, 74.05 W
2025/02/16 20:16:12.949, 74.05 W
2025/02/16 20:16:12.959, 74.05 W
2025/02/16 20:16:12.969, 74.05 W
2025/02/16 20:16:12.979, 74.05 W
2025/02/16 20:16:12.989, 74.05 W
2025/02/16 20:16:12.999, 74.05 W
2025/02/16 20:16:13.009, 74.05 W
2025/02/16 20:16:13.019, 74.05 W
2025/02/16 20:16:13.029, 74.05 W
2025/02/16 20:16:13.039, 74.05 W
2025/02/16 20:16:13.049, 74.05 W
2025/02/16 20:16:13.059, 74.05 W
2025/02/16 20:16:13.069, 74.05 W
2025/02/16 20:16:13.079, 74.05 W
2025/02/16 20:16:13.089, 74.05 W
2025/02/16 20:16:13.100, 74.05 W
2025/02/16 20:16:13.110, 74.05 W
2025/02/16 20:16:13.120, 74.05 W
2025/02/16 20:16:13.130, 74.05 W
2025/02/16 20:16:13.140, 74.05 W
2025/02/16 20:16:13.150, 74.05 W
2025/02/16 20:16:13.160, 74.05 W
2025/02/16 20:16:13.170, 74.05 W
2025/02/16 20:16:13.180, 74.05 W
2025/02/16 20:16:13.190, 74.05 W
2025/02/16 20:16:13.200, 74.05 W
2025/02/16 20:16:13.210, 74.05 W
2025/02/16 20:16:13.220, 74.05 W
2025/02/16 20:16:13.230, 74.05 W
2025/02/16 20:16:13.240, 74.05 W
2025/02/16 20:16:13.250, 74.05 W
2025/02/16 20:16:13.260, 74.05 W
2025/02/16 20:16:13.271, 74.05 W
2025/02/16 20:16:13.281, 74.05 W
2025/02/16 20:16:13.291, 74.05 W
2025/02/16 20:16:13.301, 74.05 W
2025/02/16 20:16:13.311, 74.05 W
2025/02/16 20:16:13.321, 74.05 W
2025/02/16 20:16:13.331, 74.05 W
2025/02/16 20:16:13.341, 74.05 W
2025/02/16 20:16:13.351, 74.05 W
2025/02/16 20:16:13.361, 74.05 W
2025/02/16 20:16:13.371, 74.05 W
2025/02/16 20:16:13.381, 74.05 W
2025/02/16 20:16:13.391, 74.05 W
2025/02/16 20:16:13.401, 74.05 W
2025/02/16 20:16:13.411, 74.05 W
2025/02/16 20:16:13.422, 74.05 W
2025/02/16 20:16:13.432, 74.05 W
2025/02/16 20:16:13.442, 74.05 W
2025/02/16 20:16:13.452, 74.05 W
2025/02/16 20:16:13.462, 74.05 W
2025/02/16 20:16:13.472, 74.29 W
2025/02/16 20:16:13.482, 74.29 W
2025/02/16 20:16:13.492, 74.29 W
2025/02/16 20:16:13.502, 74.29 W
2025/02/16 20:16:13.512, 74.29 W
2025/02/16 20:16:13.522, 74.29 W
2025/02/16 20:16:13.532, 74.29 W
2025/02/16 20:16:13.542, 74.29 W
2025/02/16 20:16:13.552, 74.29 W
2025/02/16 20:16:13.562, 74.05 W
2025/02/16 20:16:13.572, 74.05 W
2025/02/16 20:16:13.583, 74.05 W
2025/02/16 20:16:13.593, 74.05 W
2025/02/16 20:16:13.603, 74.05 W
2025/02/16 20:16:13.613, 74.05 W
2025/02/16 20:16:13.623, 74.05 W
2025/02/16 20:16:13.633, 74.05 W
2025/02/16 20:16:13.643, 74.05 W
2025/02/16 20:16:13.653, 74.05 W
2025/02/16 20:16:13.663, 74.05 W
2025/02/16 20:16:13.673, 74.05 W
2025/02/16 20:16:13.683, 74.05 W
2025/02/16 20:16:13.693, 74.05 W
2025/02/16 20:16:13.703, 74.05 W
2025/02/16 20:16:13.713, 74.05 W
2025/02/16 20:16:13.723, 74.05 W
2025/02/16 20:16:13.733, 74.05 W
2025/02/16 20:16:13.744, 74.05 W
2025/02/16 20:16:13.754, 74.05 W
2025/02/16 20:16:13.764, 74.05 W
2025/02/16 20:16:13.774, 74.05 W
2025/02/16 20:16:13.784, 74.29 W
2025/02/16 20:16:13.794, 74.29 W
2025/02/16 20:16:13.804, 74.29 W
2025/02/16 20:16:13.814, 74.29 W
2025/02/16 20:16:13.824, 74.29 W
2025/02/16 20:16:13.834, 74.29 W
2025/02/16 20:16:13.844, 74.29 W
2025/02/16 20:16:13.854, 74.29 W
2025/02/16 20:16:13.864, 74.05 W
2025/02/16 20:16:13.874, 74.05 W
2025/02/16 20:16:13.884, 74.05 W
2025/02/16 20:16:13.895, 74.05 W
2025/02/16 20:16:13.905, 74.05 W
2025/02/16 20:16:13.915, 74.05 W
2025/02/16 20:16:13.925, 74.05 W
2025/02/16 20:16:13.935, 74.05 W
2025/02/16 20:16:13.945, 74.05 W
2025/02/16 20:16:13.955, 74.05 W
2025/02/16 20:16:13.965, 74.05 W
2025/02/16 20:16:13.975, 74.05 W
2025/02/16 20:16:13.985, 74.29 W
2025/02/16 20:16:13.995, 74.29 W
2025/02/16 20:16:14.005, 74.29 W
2025/02/16 20:16:14.015, 74.29 W
2025/02/16 20:16:14.025, 74.29 W
2025/02/16 20:16:14.035, 74.29 W
2025/02/16 20:16:14.045, 74.29 W
2025/02/16 20:16:14.056, 74.29 W
2025/02/16 20:16:14.066, 74.05 W
2025/02/16 20:16:14.076, 74.05 W
2025/02/16 20:16:14.086, 74.05 W
2025/02/16 20:16:14.096, 74.05 W
2025/02/16 20:16:14.106, 74.05 W
2025/02/16 20:16:14.116, 74.05 W
2025/02/16 20:16:14.126, 74.05 W
2025/02/16 20:16:14.136, 74.05 W
2025/02/16 20:16:14.146, 74.05 W
2025/02/16 20:16:14.156, 74.05 W
2025/02/16 20:16:14.166, 74.05 W
2025/02/16 20:16:14.176, 74.05 W
2025/02/16 20:16:14.186, 74.05 W
2025/02/16 20:16:14.196, 74.29 W
2025/02/16 20:16:14.206, 74.29 W
2025/02/16 20:16:14.217, 74.29 W
2025/02/16 20:16:14.227, 74.29 W
2025/02/16 20:16:14.237, 74.29 W
2025/02/16 20:16:14.247, 74.29 W
2025/02/16 20:16:14.257, 74.29 W
2025/02/16 20:16:14.267, 74.29 W
2025/02/16 20:16:14.277, 74.29 W
2025/02/16 20:16:14.287, 74.29 W
2025/02/16 20:16:14.297, 74.29 W
2025/02/16 20:16:14.307, 74.29 W
2025/02/16 20:16:14.317, 74.29 W
2025/02/16 20:16:14.327, 74.29 W
2025/02/16 20:16:14.337, 74.29 W
2025/02/16 20:16:14.347, 74.29 W
2025/02/16 20:16:14.357, 74.29 W
2025/02/16 20:16:14.368, 74.29 W
2025/02/16 20:16:14.378, 74.29 W
2025/02/16 20:16:14.388, 74.29 W
2025/02/16 20:16:14.398, 74.29 W
2025/02/16 20:16:14.408, 74.29 W
2025/02/16 20:16:14.418, 74.29 W
2025/02/16 20:16:14.428, 74.29 W
2025/02/16 20:16:14.438, 74.29 W
2025/02/16 20:16:14.448, 74.29 W
2025/02/16 20:16:14.458, 74.29 W
2025/02/16 20:16:14.468, 74.29 W
2025/02/16 20:16:14.478, 74.29 W
2025/02/16 20:16:14.488, 74.29 W
2025/02/16 20:16:14.498, 74.29 W
2025/02/16 20:16:14.508, 74.29 W
2025/02/16 20:16:14.518, 74.29 W
2025/02/16 20:16:14.529, 74.29 W
2025/02/16 20:16:14.539, 74.29 W
2025/02/16 20:16:14.549, 74.29 W
2025/02/16 20:16:14.559, 74.29 W
2025/02/16 20:16:14.569, 74.29 W
2025/02/16 20:16:14.579, 74.05 W
2025/02/16 20:16:14.589, 74.05 W
2025/02/16 20:16:14.599, 74.05 W
2025/02/16 20:16:14.609, 74.05 W
2025/02/16 20:16:14.619, 74.05 W
2025/02/16 20:16:14.629, 74.05 W
2025/02/16 20:16:14.639, 74.05 W
2025/02/16 20:16:14.649, 74.05 W
2025/02/16 20:16:14.659, 74.05 W
2025/02/16 20:16:14.669, 74.05 W
2025/02/16 20:16:14.680, 74.29 W
2025/02/16 20:16:14.690, 74.29 W
2025/02/16 20:16:14.700, 74.29 W
2025/02/16 20:16:14.710, 74.29 W
2025/02/16 20:16:14.720, 74.29 W
2025/02/16 20:16:14.730, 74.29 W
2025/02/16 20:16:14.740, 74.29 W
2025/02/16 20:16:14.750, 74.29 W
2025/02/16 20:16:14.760, 74.29 W
2025/02/16 20:16:14.770, 74.29 W
2025/02/16 20:16:14.780, 74.29 W
2025/02/16 20:16:14.790, 74.29 W
2025/02/16 20:16:14.800, 74.29 W
2025/02/16 20:16:14.810, 74.29 W
2025/02/16 20:16:14.820, 74.29 W
2025/02/16 20:16:14.830, 74.29 W
2025/02/16 20:16:14.841, 74.29 W
2025/02/16 20:16:14.851, 74.29 W
2025/02/16 20:16:14.861, 74.29 W
2025/02/16 20:16:14.871, 74.29 W
2025/02/16 20:16:14.881, 74.29 W
2025/02/16 20:16:14.891, 74.05 W
2025/02/16 20:16:14.901, 74.05 W
2025/02/16 20:16:14.911, 74.05 W
2025/02/16 20:16:14.921, 74.05 W
2025/02/16 20:16:14.931, 74.05 W
2025/02/16 20:16:14.941, 74.05 W
2025/02/16 20:16:14.951, 74.05 W
2025/02/16 20:16:14.961, 74.05 W
2025/02/16 20:16:14.971, 74.05 W
2025/02/16 20:16:14.981, 74.05 W
2025/02/16 20:16:14.991, 74.05 W
2025/02/16 20:16:15.002, 74.05 W
2025/02/16 20:16:15.012, 74.05 W
2025/02/16 20:16:15.022, 74.05 W
2025/02/16 20:16:15.032, 74.05 W
2025/02/16 20:16:15.042, 74.05 W
2025/02/16 20:16:15.052, 74.05 W
2025/02/16 20:16:15.062, 74.05 W
2025/02/16 20:16:15.072, 74.05 W
2025/02/16 20:16:15.082, 74.05 W
2025/02/16 20:16:15.092, 74.05 W
2025/02/16 20:16:15.102, 74.05 W
2025/02/16 20:16:15.112, 74.05 W
2025/02/16 20:16:15.122, 74.05 W
2025/02/16 20:16:15.132, 74.05 W
2025/02/16 20:16:15.142, 74.05 W
2025/02/16 20:16:15.152, 74.05 W
2025/02/16 20:16:15.163, 74.05 W
2025/02/16 20:16:15.173, 74.05 W
2025/02/16 20:16:15.183, 74.05 W
2025/02/16 20:16:15.193, 74.05 W
2025/02/16 20:16:15.203, 74.05 W
2025/02/16 20:16:15.213, 74.29 W
2025/02/16 20:16:15.223, 74.29 W
2025/02/16 20:16:15.233, 74.29 W
2025/02/16 20:16:15.243, 74.29 W
2025/02/16 20:16:15.253, 74.29 W
2025/02/16 20:16:15.263, 74.29 W
2025/02/16 20:16:15.273, 74.29 W
2025/02/16 20:16:15.283, 74.29 W
2025/02/16 20:16:15.293, 74.05 W
2025/02/16 20:16:15.303, 74.05 W
2025/02/16 20:16:15.313, 74.05 W
2025/02/16 20:16:15.324, 74.05 W
2025/02/16 20:16:15.334, 74.05 W
2025/02/16 20:16:15.344, 74.05 W
2025/02/16 20:16:15.354, 74.05 W
2025/02/16 20:16:15.364, 74.05 W
2025/02/16 20:16:15.374, 74.05 W
2025/02/16 20:16:15.384, 74.05 W
2025/02/16 20:16:15.394, 74.05 W
2025/02/16 20:16:15.404, 74.05 W
2025/02/16 20:16:15.414, 74.05 W
2025/02/16 20:16:15.424, 74.29 W
2025/02/16 20:16:15.434, 74.29 W
2025/02/16 20:16:15.444, 74.29 W
2025/02/16 20:16:15.454, 74.29 W
2025/02/16 20:16:15.464, 74.29 W
2025/02/16 20:16:15.475, 74.29 W
2025/02/16 20:16:15.485, 74.29 W
2025/02/16 20:16:15.495, 74.29 W
2025/02/16 20:16:15.505, 74.29 W
2025/02/16 20:16:15.515, 74.29 W
2025/02/16 20:16:15.525, 74.29 W
2025/02/16 20:16:15.535, 74.29 W
2025/02/16 20:16:15.545, 74.29 W
2025/02/16 20:16:15.555, 74.29 W
2025/02/16 20:16:15.565, 74.29 W
2025/02/16 20:16:15.575, 74.29 W
2025/02/16 20:16:15.585, 74.29 W
2025/02/16 20:16:15.595, 74.29 W
2025/02/16 20:16:15.605, 74.05 W
2025/02/16 20:16:15.615, 74.05 W
2025/02/16 20:16:15.625, 74.05 W
2025/02/16 20:16:15.636, 74.05 W
2025/02/16 20:16:15.646, 74.05 W
2025/02/16 20:16:15.656, 74.05 W
2025/02/16 20:16:15.666, 74.05 W
2025/02/16 20:16:15.676, 74.05 W
2025/02/16 20:16:15.686, 74.05 W
2025/02/16 20:16:15.696, 74.05 W
2025/02/16 20:16:15.706, 74.29 W
2025/02/16 20:16:15.716, 74.29 W
2025/02/16 20:16:15.726, 74.29 W
2025/02/16 20:16:15.736, 74.29 W
2025/02/16 20:16:15.746, 74.29 W
2025/02/16 20:16:15.756, 74.29 W
2025/02/16 20:16:15.766, 74.29 W
2025/02/16 20:16:15.776, 74.29 W
2025/02/16 20:16:15.786, 74.29 W
2025/02/16 20:16:15.797, 74.29 W
2025/02/16 20:16:15.807, 74.29 W
2025/02/16 20:16:15.817, 74.29 W
2025/02/16 20:16:15.827, 74.29 W
2025/02/16 20:16:15.837, 74.29 W
2025/02/16 20:16:15.847, 74.29 W
2025/02/16 20:16:15.857, 74.29 W
2025/02/16 20:16:15.867, 74.29 W
2025/02/16 20:16:15.877, 74.29 W
2025/02/16 20:16:15.887, 74.29 W
2025/02/16 20:16:15.897, 74.29 W
2025/02/16 20:16:15.907, 74.29 W
2025/02/16 20:16:15.917, 74.05 W
2025/02/16 20:16:15.927, 74.05 W
2025/02/16 20:16:15.937, 74.05 W
2025/02/16 20:16:15.947, 74.05 W
2025/02/16 20:16:15.958, 74.05 W
2025/02/16 20:16:15.968, 74.05 W
2025/02/16 20:16:15.978, 74.05 W
2025/02/16 20:16:15.988, 74.05 W
2025/02/16 20:16:15.998, 74.05 W
2025/02/16 20:16:16.008, 74.05 W
2025/02/16 20:16:16.018, 74.05 W
2025/02/16 20:16:16.028, 74.05 W
2025/02/16 20:16:16.038, 74.29 W
2025/02/16 20:16:16.048, 74.29 W
2025/02/16 20:16:16.058, 74.29 W
2025/02/16 20:16:16.068, 74.29 W
2025/02/16 20:16:16.078, 74.29 W
2025/02/16 20:16:16.088, 74.29 W
2025/02/16 20:16:16.098, 74.29 W
2025/02/16 20:16:16.109, 74.29 W
2025/02/16 20:16:16.119, 74.29 W
2025/02/16 20:16:16.129, 74.29 W
2025/02/16 20:16:16.139, 74.29 W
2025/02/16 20:16:16.149, 74.29 W
2025/02/16 20:16:16.159, 74.29 W
2025/02/16 20:16:16.169, 74.29 W
2025/02/16 20:16:16.179, 74.29 W
2025/02/16 20:16:16.189, 74.29 W
2025/02/16 20:16:16.199, 74.29 W
2025/02/16 20:16:16.209, 74.29 W
2025/02/16 20:16:16.219, 74.29 W
2025/02/16 20:16:16.229, 74.29 W
2025/02/16 20:16:16.239, 74.29 W
2025/02/16 20:16:16.249, 74.29 W
2025/02/16 20:16:16.259, 74.29 W
2025/02/16 20:16:16.270, 74.29 W
2025/02/16 20:16:16.280, 74.29 W
2025/02/16 20:16:16.290, 74.29 W
2025/02/16 20:16:16.300, 74.29 W
2025/02/16 20:16:16.310, 74.29 W
2025/02/16 20:16:16.320, 74.29 W
2025/02/16 20:16:16.330, 74.29 W
2025/02/16 20:16:16.340, 74.29 W
2025/02/16 20:16:16.350, 74.29 W
2025/02/16 20:16:16.360, 74.29 W
2025/02/16 20:16:16.370, 74.29 W
2025/02/16 20:16:16.380, 74.29 W
2025/02/16 20:16:16.390, 74.29 W
2025/02/16 20:16:16.400, 74.29 W
2025/02/16 20:16:16.410, 74.29 W
2025/02/16 20:16:16.421, 74.29 W
2025/02/16 20:16:16.431, 74.05 W
2025/02/16 20:16:16.441, 74.05 W
2025/02/16 20:16:16.451, 74.05 W
2025/02/16 20:16:16.461, 74.05 W
2025/02/16 20:16:16.471, 74.05 W
2025/02/16 20:16:16.481, 74.05 W
2025/02/16 20:16:16.491, 74.05 W
2025/02/16 20:16:16.501, 74.05 W
2025/02/16 20:16:16.511, 74.05 W
2025/02/16 20:16:16.521, 74.29 W
2025/02/16 20:16:16.531, 74.29 W
2025/02/16 20:16:16.541, 74.29 W
2025/02/16 20:16:16.551, 74.29 W
2025/02/16 20:16:16.561, 74.29 W
2025/02/16 20:16:16.572, 74.29 W
2025/02/16 20:16:16.582, 74.29 W
2025/02/16 20:16:16.592, 74.29 W
2025/02/16 20:16:16.602, 74.29 W
2025/02/16 20:16:16.612, 74.29 W
2025/02/16 20:16:16.622, 74.29 W
2025/02/16 20:16:16.632, 74.29 W
2025/02/16 20:16:16.642, 74.29 W
2025/02/16 20:16:16.652, 74.29 W
2025/02/16 20:16:16.662, 74.29 W
2025/02/16 20:16:16.672, 74.29 W
2025/02/16 20:16:16.682, 74.29 W
2025/02/16 20:16:16.692, 74.29 W
2025/02/16 20:16:16.702, 74.29 W
2025/02/16 20:16:16.712, 74.29 W
2025/02/16 20:16:16.723, 74.29 W
2025/02/16 20:16:16.733, 74.05 W
2025/02/16 20:16:16.743, 74.05 W
2025/02/16 20:16:16.753, 74.05 W
2025/02/16 20:16:16.763, 74.05 W
2025/02/16 20:16:16.773, 74.05 W
2025/02/16 20:16:16.783, 74.05 W
2025/02/16 20:16:16.793, 74.05 W
2025/02/16 20:16:16.803, 74.05 W
2025/02/16 20:16:16.813, 74.05 W
2025/02/16 20:16:16.823, 74.05 W
2025/02/16 20:16:16.833, 74.05 W
2025/02/16 20:16:16.843, 74.05 W
2025/02/16 20:16:16.853, 74.29 W
2025/02/16 20:16:16.863, 74.29 W
2025/02/16 20:16:16.873, 74.29 W
2025/02/16 20:16:16.884, 74.29 W
2025/02/16 20:16:16.894, 74.29 W
2025/02/16 20:16:16.904, 74.29 W
2025/02/16 20:16:16.914, 74.29 W
2025/02/16 20:16:16.924, 74.29 W
2025/02/16 20:16:16.934, 74.05 W
2025/02/16 20:16:16.944, 74.05 W
2025/02/16 20:16:16.954, 74.05 W
2025/02/16 20:16:16.964, 74.05 W
2025/02/16 20:16:16.974, 74.05 W
2025/02/16 20:16:16.984, 74.05 W
2025/02/16 20:16:16.994, 74.05 W
2025/02/16 20:16:17.004, 74.05 W
2025/02/16 20:16:17.014, 74.05 W
2025/02/16 20:16:17.024, 74.05 W
2025/02/16 20:16:17.034, 74.05 W
2025/02/16 20:16:17.045, 74.05 W
2025/02/16 20:16:17.055, 74.29 W
2025/02/16 20:16:17.065, 74.29 W
2025/02/16 20:16:17.075, 74.29 W
2025/02/16 20:16:17.085, 74.29 W
2025/02/16 20:16:17.095, 74.29 W
2025/02/16 20:16:17.105, 74.29 W
2025/02/16 20:16:17.115, 74.29 W
2025/02/16 20:16:17.125, 74.29 W
2025/02/16 20:16:17.135, 74.29 W
2025/02/16 20:16:17.145, 74.05 W
2025/02/16 20:16:17.155, 74.05 W
2025/02/16 20:16:17.165, 74.05 W
2025/02/16 20:16:17.175, 74.05 W
2025/02/16 20:16:17.185, 74.05 W
2025/02/16 20:16:17.196, 74.05 W
2025/02/16 20:16:17.206, 74.05 W
2025/02/16 20:16:17.216, 74.05 W
2025/02/16 20:16:17.226, 74.05 W
2025/02/16 20:16:17.236, 74.05 W
2025/02/16 20:16:17.246, 74.05 W
2025/02/16 20:16:17.256, 74.05 W
2025/02/16 20:16:17.266, 74.29 W
2025/02/16 20:16:17.276, 74.29 W
2025/02/16 20:16:17.286, 74.29 W
2025/02/16 20:16:17.296, 74.29 W
2025/02/16 20:16:17.306, 74.29 W
2025/02/16 20:16:17.316, 74.29 W
2025/02/16 20:16:17.326, 74.29 W
2025/02/16 20:16:17.336, 74.29 W
2025/02/16 20:16:17.346, 74.29 W
2025/02/16 20:16:17.357, 74.29 W
2025/02/16 20:16:17.367, 74.29 W
2025/02/16 20:16:17.377, 74.29 W
2025/02/16 20:16:17.387, 74.29 W
2025/02/16 20:16:17.397, 74.29 W
2025/02/16 20:16:17.407, 74.29 W
2025/02/16 20:16:17.417, 74.29 W
2025/02/16 20:16:17.427, 74.29 W
2025/02/16 20:16:17.437, 74.29 W
2025/02/16 20:16:17.447, 74.05 W
2025/02/16 20:16:17.457, 74.05 W
2025/02/16 20:16:17.467, 74.05 W
2025/02/16 20:16:17.477, 74.05 W
2025/02/16 20:16:17.487, 74.05 W
2025/02/16 20:16:17.497, 74.05 W
2025/02/16 20:16:17.508, 74.05 W
2025/02/16 20:16:17.518, 74.05 W
2025/02/16 20:16:17.528, 74.05 W
2025/02/16 20:16:17.538, 74.05 W
2025/02/16 20:16:17.548, 74.05 W
2025/02/16 20:16:17.558, 74.05 W
2025/02/16 20:16:17.568, 74.05 W
2025/02/16 20:16:17.578, 74.05 W
2025/02/16 20:16:17.588, 74.05 W
2025/02/16 20:16:17.598, 74.05 W
2025/02/16 20:16:17.608, 74.05 W
2025/02/16 20:16:17.618, 74.05 W
2025/02/16 20:16:17.628, 74.05 W
2025/02/16 20:16:17.638, 74.05 W
2025/02/16 20:16:17.648, 74.05 W
2025/02/16 20:16:17.659, 74.05 W
2025/02/16 20:16:17.669, 74.05 W
2025/02/16 20:16:17.679, 74.05 W
2025/02/16 20:16:17.689, 74.05 W
2025/02/16 20:16:17.699, 74.05 W
2025/02/16 20:16:17.709, 74.05 W
2025/02/16 20:16:17.719, 74.05 W
2025/02/16 20:16:17.729, 74.05 W
2025/02/16 20:16:17.739, 74.05 W
2025/02/16 20:16:17.749, 74.05 W
2025/02/16 20:16:17.759, 74.05 W
2025/02/16 20:16:17.769, 74.05 W
2025/02/16 20:16:17.779, 74.05 W
2025/02/16 20:16:17.789, 74.05 W
2025/02/16 20:16:17.799, 74.05 W
2025/02/16 20:16:17.809, 74.05 W
2025/02/16 20:16:17.820, 74.05 W
2025/02/16 20:16:17.830, 74.05 W
2025/02/16 20:16:17.840, 74.05 W
2025/02/16 20:16:17.850, 74.05 W
2025/02/16 20:16:17.860, 74.05 W
2025/02/16 20:16:17.870, 74.05 W
2025/02/16 20:16:17.880, 74.05 W
2025/02/16 20:16:17.890, 74.05 W
2025/02/16 20:16:17.900, 74.05 W
2025/02/16 20:16:17.910, 74.05 W
2025/02/16 20:16:17.920, 74.05 W
2025/02/16 20:16:17.930, 74.05 W
2025/02/16 20:16:17.940, 74.05 W
2025/02/16 20:16:17.950, 74.05 W
2025/02/16 20:16:17.960, 74.05 W
2025/02/16 20:16:17.970, 74.05 W
2025/02/16 20:16:17.981, 74.05 W
2025/02/16 20:16:17.991, 74.05 W
2025/02/16 20:16:18.001, 74.05 W
2025/02/16 20:16:18.011, 74.05 W
2025/02/16 20:16:18.021, 74.05 W
2025/02/16 20:16:18.031, 74.05 W
2025/02/16 20:16:18.041, 74.05 W
2025/02/16 20:16:18.051, 74.05 W
2025/02/16 20:16:18.061, 74.05 W
2025/02/16 20:16:18.071, 74.05 W
2025/02/16 20:16:18.081, 74.29 W
2025/02/16 20:16:18.091, 74.29 W
2025/02/16 20:16:18.101, 74.29 W
2025/02/16 20:16:18.111, 74.29 W
2025/02/16 20:16:18.121, 74.29 W
2025/02/16 20:16:18.131, 74.29 W
2025/02/16 20:16:18.142, 74.29 W
2025/02/16 20:16:18.152, 74.29 W
2025/02/16 20:16:18.162, 74.29 W
2025/02/16 20:16:18.172, 74.29 W
2025/02/16 20:16:18.182, 74.29 W
2025/02/16 20:16:18.192, 74.29 W
2025/02/16 20:16:18.202, 74.29 W
2025/02/16 20:16:18.212, 74.29 W
2025/02/16 20:16:18.222, 74.29 W
2025/02/16 20:16:18.232, 74.29 W
2025/02/16 20:16:18.242, 74.29 W
2025/02/16 20:16:18.252, 74.29 W
2025/02/16 20:16:18.262, 74.29 W
2025/02/16 20:16:18.272, 74.29 W
2025/02/16 20:16:18.282, 74.05 W
2025/02/16 20:16:18.292, 74.05 W
2025/02/16 20:16:18.303, 74.05 W
2025/02/16 20:16:18.313, 74.05 W
2025/02/16 20:16:18.323, 74.05 W
2025/02/16 20:16:18.333, 74.05 W
2025/02/16 20:16:18.343, 74.05 W
2025/02/16 20:16:18.353, 74.05 W
2025/02/16 20:16:18.363, 74.05 W
2025/02/16 20:16:18.373, 74.05 W
2025/02/16 20:16:18.383, 74.05 W
2025/02/16 20:16:18.393, 74.05 W
2025/02/16 20:16:18.403, 74.05 W
2025/02/16 20:16:18.413, 74.05 W
2025/02/16 20:16:18.423, 74.05 W
2025/02/16 20:16:18.433, 74.05 W
2025/02/16 20:16:18.443, 74.05 W
2025/02/16 20:16:18.454, 74.05 W
2025/02/16 20:16:18.464, 74.05 W
2025/02/16 20:16:18.474, 74.29 W
2025/02/16 20:16:18.484, 74.29 W
2025/02/16 20:16:18.494, 74.29 W
2025/02/16 20:16:18.504, 74.29 W
2025/02/16 20:16:18.514, 74.29 W
2025/02/16 20:16:18.524, 74.29 W
2025/02/16 20:16:18.534, 74.29 W
2025/02/16 20:16:18.544, 74.29 W
2025/02/16 20:16:18.554, 74.29 W
2025/02/16 20:16:18.564, 74.29 W
2025/02/16 20:16:18.574, 74.29 W
2025/02/16 20:16:18.584, 74.29 W
2025/02/16 20:16:18.594, 74.29 W
2025/02/16 20:16:18.604, 74.29 W
2025/02/16 20:16:18.615, 74.29 W
2025/02/16 20:16:18.625, 74.29 W
2025/02/16 20:16:18.635, 74.29 W
2025/02/16 20:16:18.645, 74.29 W
2025/02/16 20:16:18.655, 74.29 W
2025/02/16 20:16:18.665, 74.29 W
2025/02/16 20:16:18.675, 74.29 W
2025/02/16 20:16:18.685, 74.29 W
2025/02/16 20:16:18.695, 74.29 W
2025/02/16 20:16:18.705, 74.29 W
2025/02/16 20:16:18.715, 74.29 W
2025/02/16 20:16:18.725, 74.29 W
2025/02/16 20:16:18.735, 74.29 W
2025/02/16 20:16:18.745, 74.29 W
2025/02/16 20:16:18.755, 74.29 W
2025/02/16 20:16:18.765, 74.29 W
2025/02/16 20:16:18.776, 74.05 W
2025/02/16 20:16:18.786, 74.05 W
2025/02/16 20:16:18.796, 74.05 W
2025/02/16 20:16:18.806, 74.05 W
2025/02/16 20:16:18.816, 74.05 W
2025/02/16 20:16:18.826, 74.05 W
2025/02/16 20:16:18.836, 74.05 W
2025/02/16 20:16:18.846, 74.05 W
2025/02/16 20:16:18.856, 74.05 W
2025/02/16 20:16:18.866, 74.05 W
2025/02/16 20:16:18.876, 74.05 W
2025/02/16 20:16:18.886, 74.05 W
2025/02/16 20:16:18.896, 74.05 W
2025/02/16 20:16:18.906, 74.29 W
2025/02/16 20:16:18.916, 74.29 W
2025/02/16 20:16:18.926, 74.29 W
2025/02/16 20:16:18.937, 74.29 W
2025/02/16 20:16:18.947, 74.29 W
2025/02/16 20:16:18.957, 74.29 W
2025/02/16 20:16:18.967, 74.29 W
2025/02/16 20:16:18.977, 74.29 W
2025/02/16 20:16:18.987, 74.05 W
2025/02/16 20:16:18.997, 74.05 W
2025/02/16 20:16:19.007, 74.05 W
2025/02/16 20:16:19.017, 74.05 W
2025/02/16 20:16:19.027, 74.05 W
2025/02/16 20:16:19.037, 74.05 W
2025/02/16 20:16:19.047, 74.05 W
2025/02/16 20:16:19.057, 74.05 W
2025/02/16 20:16:19.067, 74.05 W
2025/02/16 20:16:19.077, 74.05 W
2025/02/16 20:16:19.087, 74.05 W
2025/02/16 20:16:19.098, 74.05 W
2025/02/16 20:16:19.108, 74.29 W
2025/02/16 20:16:19.118, 74.29 W
2025/02/16 20:16:19.128, 74.29 W
2025/02/16 20:16:19.138, 74.29 W
2025/02/16 20:16:19.148, 74.29 W
2025/02/16 20:16:19.158, 74.29 W
2025/02/16 20:16:19.168, 74.29 W
2025/02/16 20:16:19.178, 74.29 W
2025/02/16 20:16:19.188, 74.05 W
2025/02/16 20:16:19.198, 74.05 W
2025/02/16 20:16:19.208, 74.05 W
2025/02/16 20:16:19.218, 74.05 W
2025/02/16 20:16:19.228, 74.05 W
2025/02/16 20:16:19.238, 74.05 W
2025/02/16 20:16:19.248, 74.05 W
2025/02/16 20:16:19.259, 74.05 W
2025/02/16 20:16:19.269, 74.05 W
2025/02/16 20:16:19.279, 74.05 W
2025/02/16 20:16:19.289, 74.05 W
2025/02/16 20:16:19.299, 74.05 W
2025/02/16 20:16:19.309, 74.29 W
2025/02/16 20:16:19.319, 74.29 W
2025/02/16 20:16:19.329, 74.29 W
2025/02/16 20:16:19.339, 74.29 W
2025/02/16 20:16:19.349, 74.29 W
2025/02/16 20:16:19.359, 74.29 W
2025/02/16 20:16:19.369, 74.29 W
2025/02/16 20:16:19.379, 74.29 W
2025/02/16 20:16:19.389, 74.29 W
2025/02/16 20:16:19.399, 74.29 W
2025/02/16 20:16:19.409, 74.29 W
2025/02/16 20:16:19.420, 74.29 W
2025/02/16 20:16:19.430, 74.29 W
2025/02/16 20:16:19.440, 74.29 W
2025/02/16 20:16:19.450, 74.29 W
2025/02/16 20:16:19.460, 74.29 W
2025/02/16 20:16:19.470, 74.29 W
2025/02/16 20:16:19.480, 74.29 W
2025/02/16 20:16:19.490, 74.29 W
2025/02/16 20:16:19.500, 74.29 W
2025/02/16 20:16:19.510, 74.29 W
2025/02/16 20:16:19.520, 74.29 W
2025/02/16 20:16:19.530, 74.29 W
2025/02/16 20:16:19.540, 74.29 W
2025/02/16 20:16:19.550, 74.29 W
2025/02/16 20:16:19.560, 74.29 W
2025/02/16 20:16:19.571, 74.29 W
2025/02/16 20:16:19.581, 74.29 W
2025/02/16 20:16:19.591, 74.29 W
2025/02/16 20:16:19.601, 74.05 W
2025/02/16 20:16:19.611, 74.05 W
2025/02/16 20:16:19.621, 74.05 W
2025/02/16 20:16:19.631, 74.05 W
2025/02/16 20:16:19.641, 74.05 W
2025/02/16 20:16:19.651, 74.05 W
2025/02/16 20:16:19.661, 74.05 W
2025/02/16 20:16:19.671, 74.05 W
2025/02/16 20:16:19.681, 74.05 W
2025/02/16 20:16:19.691, 74.05 W
2025/02/16 20:16:19.701, 74.05 W
2025/02/16 20:16:19.711, 74.05 W
2025/02/16 20:16:19.721, 74.29 W
2025/02/16 20:16:19.732, 74.29 W
2025/02/16 20:16:19.742, 74.29 W
2025/02/16 20:16:19.752, 74.29 W
2025/02/16 20:16:19.762, 74.29 W
2025/02/16 20:16:19.772, 74.29 W
2025/02/16 20:16:19.782, 74.29 W
2025/02/16 20:16:19.792, 74.29 W
2025/02/16 20:16:19.802, 74.05 W
2025/02/16 20:16:19.812, 74.05 W
2025/02/16 20:16:19.822, 74.05 W
2025/02/16 20:16:19.832, 74.05 W
2025/02/16 20:16:19.842, 74.05 W
2025/02/16 20:16:19.852, 74.05 W
2025/02/16 20:16:19.862, 74.05 W
2025/02/16 20:16:19.872, 74.05 W
2025/02/16 20:16:19.882, 74.05 W
2025/02/16 20:16:19.893, 74.05 W
2025/02/16 20:16:19.903, 74.05 W
2025/02/16 20:16:19.913, 74.05 W
2025/02/16 20:16:19.923, 74.05 W
2025/02/16 20:16:19.933, 74.05 W
2025/02/16 20:16:19.943, 74.05 W
2025/02/16 20:16:19.953, 74.05 W
2025/02/16 20:16:19.963, 74.05 W
2025/02/16 20:16:19.973, 74.05 W
2025/02/16 20:16:19.983, 74.05 W
2025/02/16 20:16:19.993, 74.05 W
2025/02/16 20:16:20.003, 74.05 W
2025/02/16 20:16:20.013, 74.05 W
2025/02/16 20:16:20.023, 74.05 W
2025/02/16 20:16:20.033, 74.05 W
2025/02/16 20:16:20.043, 74.05 W
2025/02/16 20:16:20.054, 74.05 W
2025/02/16 20:16:20.064, 74.05 W
2025/02/16 20:16:20.074, 74.05 W
2025/02/16 20:16:20.084, 74.05 W
2025/02/16 20:16:20.094, 74.05 W
2025/02/16 20:16:20.104, 74.05 W
2025/02/16 20:16:20.114, 74.05 W
2025/02/16 20:16:20.124, 74.29 W
2025/02/16 20:16:20.134, 74.29 W
2025/02/16 20:16:20.144, 74.29 W
2025/02/16 20:16:20.154, 74.29 W
2025/02/16 20:16:20.164, 74.29 W
2025/02/16 20:16:20.174, 74.29 W
2025/02/16 20:16:20.184, 74.29 W
2025/02/16 20:16:20.194, 74.29 W
2025/02/16 20:16:20.204, 74.29 W
2025/02/16 20:16:20.215, 74.29 W
2025/02/16 20:16:20.225, 74.29 W
2025/02/16 20:16:20.235, 74.29 W
2025/02/16 20:16:20.245, 74.29 W
2025/02/16 20:16:20.255, 74.29 W
2025/02/16 20:16:20.265, 74.29 W
2025/02/16 20:16:20.275, 74.29 W
2025/02/16 20:16:20.285, 74.29 W
2025/02/16 20:16:20.295, 74.29 W
2025/02/16 20:16:20.305, 74.29 W
2025/02/16 20:16:20.315, 74.29 W
2025/02/16 20:16:20.325, 74.29 W
2025/02/16 20:16:20.335, 74.29 W
2025/02/16 20:16:20.345, 74.29 W
2025/02/16 20:16:20.355, 74.29 W
2025/02/16 20:16:20.365, 74.29 W
2025/02/16 20:16:20.376, 74.29 W
2025/02/16 20:16:20.386, 74.29 W
2025/02/16 20:16:20.396, 74.29 W
2025/02/16 20:16:20.406, 74.29 W
2025/02/16 20:16:20.416, 74.29 W
2025/02/16 20:16:20.426, 74.29 W
2025/02/16 20:16:20.436, 74.29 W
2025/02/16 20:16:20.446, 74.29 W
2025/02/16 20:16:20.456, 74.29 W
2025/02/16 20:16:20.466, 74.29 W
2025/02/16 20:16:20.476, 74.29 W
2025/02/16 20:16:20.486, 74.29 W
2025/02/16 20:16:20.496, 74.29 W
2025/02/16 20:16:20.506, 74.29 W
2025/02/16 20:16:20.516, 74.29 W
2025/02/16 20:16:20.527, 74.29 W
2025/02/16 20:16:20.537, 74.29 W
2025/02/16 20:16:20.547, 74.29 W
2025/02/16 20:16:20.557, 74.29 W
2025/02/16 20:16:20.567, 74.29 W
2025/02/16 20:16:20.577, 74.29 W
2025/02/16 20:16:20.587, 74.29 W
2025/02/16 20:16:20.597, 74.29 W
2025/02/16 20:16:20.607, 74.29 W
2025/02/16 20:16:20.617, 74.05 W
2025/02/16 20:16:20.627, 74.05 W
2025/02/16 20:16:20.637, 74.05 W
2025/02/16 20:16:20.647, 74.05 W
2025/02/16 20:16:20.657, 74.05 W
2025/02/16 20:16:20.667, 74.05 W
2025/02/16 20:16:20.677, 74.05 W
2025/02/16 20:16:20.688, 74.05 W
2025/02/16 20:16:20.698, 74.05 W
2025/02/16 20:16:20.708, 74.05 W
2025/02/16 20:16:20.718, 74.05 W
2025/02/16 20:16:20.728, 74.05 W
2025/02/16 20:16:20.738, 74.05 W
2025/02/16 20:16:20.748, 74.29 W
2025/02/16 20:16:20.758, 74.29 W
2025/02/16 20:16:20.768, 74.29 W
2025/02/16 20:16:20.778, 74.29 W
2025/02/16 20:16:20.788, 74.29 W
2025/02/16 20:16:20.798, 74.29 W
2025/02/16 20:16:20.808, 74.29 W
2025/02/16 20:16:20.818, 74.29 W
2025/02/16 20:16:20.828, 74.29 W
2025/02/16 20:16:20.838, 74.29 W
2025/02/16 20:16:20.849, 74.29 W
2025/02/16 20:16:20.859, 74.29 W
2025/02/16 20:16:20.869, 74.29 W
2025/02/16 20:16:20.879, 74.29 W
2025/02/16 20:16:20.889, 74.29 W
2025/02/16 20:16:20.899, 74.29 W
2025/02/16 20:16:20.909, 74.29 W
2025/02/16 20:16:20.919, 74.29 W
2025/02/16 20:16:20.929, 74.29 W
2025/02/16 20:16:20.939, 74.29 W
2025/02/16 20:16:20.949, 74.29 W
2025/02/16 20:16:20.959, 74.29 W
2025/02/16 20:16:20.969, 74.29 W
2025/02/16 20:16:20.979, 74.29 W
2025/02/16 20:16:20.989, 74.29 W
2025/02/16 20:16:20.999, 74.29 W
2025/02/16 20:16:21.010, 74.29 W
2025/02/16 20:16:21.020, 74.29 W
2025/02/16 20:16:21.030, 74.29 W
2025/02/16 20:16:21.040, 74.29 W
2025/02/16 20:16:21.050, 74.29 W
2025/02/16 20:16:21.060, 74.29 W
2025/02/16 20:16:21.070, 74.29 W
2025/02/16 20:16:21.080, 74.29 W
2025/02/16 20:16:21.090, 74.29 W
2025/02/16 20:16:21.100, 74.29 W
2025/02/16 20:16:21.110, 74.29 W
2025/02/16 20:16:21.120, 74.29 W
2025/02/16 20:16:21.130, 74.29 W
2025/02/16 20:16:21.140, 74.29 W
2025/02/16 20:16:21.150, 74.29 W
2025/02/16 20:16:21.160, 74.29 W
2025/02/16 20:16:21.171, 74.29 W
2025/02/16 20:16:21.181, 74.29 W
2025/02/16 20:16:21.191, 74.29 W
2025/02/16 20:16:21.201, 74.29 W
2025/02/16 20:16:21.211, 74.29 W
2025/02/16 20:16:21.221, 74.29 W
2025/02/16 20:16:21.231, 74.29 W
2025/02/16 20:16:21.241, 74.05 W
2025/02/16 20:16:21.251, 74.05 W
2025/02/16 20:16:21.261, 74.05 W
2025/02/16 20:16:21.271, 74.05 W
2025/02/16 20:16:21.281, 74.05 W
2025/02/16 20:16:21.291, 74.05 W
2025/02/16 20:16:21.301, 74.05 W
2025/02/16 20:16:21.311, 74.05 W
2025/02/16 20:16:21.321, 74.05 W
2025/02/16 20:16:21.332, 74.05 W
2025/02/16 20:16:21.342, 74.05 W
2025/02/16 20:16:21.352, 74.05 W
2025/02/16 20:16:21.362, 74.29 W
2025/02/16 20:16:21.372, 74.29 W
2025/02/16 20:16:21.382, 74.29 W
2025/02/16 20:16:21.392, 74.29 W
2025/02/16 20:16:21.402, 74.29 W
2025/02/16 20:16:21.412, 74.29 W
2025/02/16 20:16:21.422, 74.29 W
2025/02/16 20:16:21.432, 74.29 W
2025/02/16 20:16:21.442, 74.29 W
2025/02/16 20:16:21.452, 74.29 W
2025/02/16 20:16:21.462, 74.05 W
2025/02/16 20:16:21.472, 74.05 W
2025/02/16 20:16:21.482, 74.05 W
2025/02/16 20:16:21.493, 74.05 W
2025/02/16 20:16:21.503, 74.05 W
2025/02/16 20:16:21.513, 74.05 W
2025/02/16 20:16:21.523, 74.05 W
2025/02/16 20:16:21.533, 74.05 W
2025/02/16 20:16:21.543, 74.29 W
2025/02/16 20:16:21.553, 74.29 W
2025/02/16 20:16:21.563, 74.29 W
2025/02/16 20:16:21.573, 74.29 W
2025/02/16 20:16:21.583, 74.29 W
2025/02/16 20:16:21.593, 74.29 W
2025/02/16 20:16:21.603, 74.29 W
2025/02/16 20:16:21.613, 74.29 W
2025/02/16 20:16:21.623, 74.29 W
2025/02/16 20:16:21.633, 74.29 W
2025/02/16 20:16:21.643, 74.29 W
2025/02/16 20:16:21.654, 74.29 W
2025/02/16 20:16:21.664, 74.29 W
2025/02/16 20:16:21.674, 74.29 W
2025/02/16 20:16:21.684, 74.29 W
2025/02/16 20:16:21.694, 74.29 W
2025/02/16 20:16:21.704, 74.29 W
2025/02/16 20:16:21.714, 74.29 W
2025/02/16 20:16:21.724, 74.29 W
2025/02/16 20:16:21.734, 74.29 W
2025/02/16 20:16:21.744, 74.29 W
2025/02/16 20:16:21.754, 74.29 W
2025/02/16 20:16:21.764, 74.29 W
2025/02/16 20:16:21.774, 74.29 W
2025/02/16 20:16:21.784, 74.29 W
2025/02/16 20:16:21.794, 74.29 W
2025/02/16 20:16:21.805, 74.29 W
2025/02/16 20:16:21.815, 74.29 W
2025/02/16 20:16:21.825, 74.29 W
2025/02/16 20:16:21.835, 74.29 W
2025/02/16 20:16:21.845, 74.29 W
2025/02/16 20:16:21.855, 74.29 W
2025/02/16 20:16:21.865, 74.29 W
2025/02/16 20:16:21.875, 74.29 W
2025/02/16 20:16:21.885, 74.29 W
2025/02/16 20:16:21.895, 74.29 W
2025/02/16 20:16:21.905, 74.29 W
2025/02/16 20:16:21.915, 74.29 W
2025/02/16 20:16:21.925, 74.29 W
2025/02/16 20:16:21.935, 74.29 W
2025/02/16 20:16:21.945, 74.29 W
2025/02/16 20:16:21.955, 74.29 W
2025/02/16 20:16:21.966, 74.29 W
2025/02/16 20:16:21.976, 74.05 W
2025/02/16 20:16:21.986, 74.05 W
2025/02/16 20:16:21.996, 74.05 W
2025/02/16 20:16:22.006, 74.05 W
2025/02/16 20:16:22.016, 74.05 W
2025/02/16 20:16:22.026, 74.05 W
2025/02/16 20:16:22.036, 74.05 W
2025/02/16 20:16:22.046, 74.05 W
2025/02/16 20:16:22.056, 74.29 W
2025/02/16 20:16:22.066, 74.29 W
2025/02/16 20:16:22.076, 74.29 W
2025/02/16 20:16:22.086, 74.29 W
2025/02/16 20:16:22.096, 74.29 W
2025/02/16 20:16:22.106, 74.29 W
2025/02/16 20:16:22.116, 74.29 W
2025/02/16 20:16:22.127, 74.29 W
2025/02/16 20:16:22.137, 74.29 W
2025/02/16 20:16:22.147, 74.29 W
2025/02/16 20:16:22.157, 74.29 W
2025/02/16 20:16:22.167, 74.29 W
2025/02/16 20:16:22.177, 74.29 W
2025/02/16 20:16:22.187, 74.29 W
2025/02/16 20:16:22.197, 74.29 W
2025/02/16 20:16:22.207, 74.29 W
2025/02/16 20:16:22.217, 74.29 W
2025/02/16 20:16:22.227, 74.29 W
2025/02/16 20:16:22.237, 74.29 W
2025/02/16 20:16:22.247, 74.29 W
2025/02/16 20:16:22.257, 74.29 W
2025/02/16 20:16:22.267, 74.29 W
2025/02/16 20:16:22.277, 74.29 W
2025/02/16 20:16:22.288, 74.29 W
2025/02/16 20:16:22.298, 74.29 W
2025/02/16 20:16:22.308, 74.29 W
2025/02/16 20:16:22.318, 74.29 W
2025/02/16 20:16:22.328, 74.29 W
2025/02/16 20:16:22.338, 74.29 W
2025/02/16 20:16:22.348, 74.29 W
2025/02/16 20:16:22.358, 74.29 W
2025/02/16 20:16:22.368, 74.29 W
2025/02/16 20:16:22.378, 74.29 W
2025/02/16 20:16:22.388, 74.29 W
2025/02/16 20:16:22.398, 74.29 W
2025/02/16 20:16:22.408, 74.29 W
2025/02/16 20:16:22.418, 74.29 W
2025/02/16 20:16:22.428, 74.29 W
2025/02/16 20:16:22.438, 74.29 W
2025/02/16 20:16:22.449, 74.29 W
2025/02/16 20:16:22.459, 74.29 W
2025/02/16 20:16:22.469, 74.29 W
2025/02/16 20:16:22.479, 74.29 W
2025/02/16 20:16:22.489, 74.29 W
2025/02/16 20:16:22.499, 74.29 W
2025/02/16 20:16:22.509, 74.29 W
2025/02/16 20:16:22.519, 74.29 W
2025/02/16 20:16:22.529, 74.29 W
2025/02/16 20:16:22.539, 74.29 W
2025/02/16 20:16:22.549, 74.29 W
2025/02/16 20:16:22.559, 74.29 W
2025/02/16 20:16:22.569, 74.29 W
2025/02/16 20:16:22.579, 74.29 W
2025/02/16 20:16:22.589, 74.29 W
2025/02/16 20:16:22.599, 74.29 W
2025/02/16 20:16:22.610, 74.29 W
2025/02/16 20:16:22.620, 74.29 W
2025/02/16 20:16:22.630, 74.29 W
2025/02/16 20:16:22.640, 74.29 W
2025/02/16 20:16:22.650, 74.29 W
2025/02/16 20:16:22.660, 74.29 W
2025/02/16 20:16:22.670, 74.29 W
2025/02/16 20:16:22.680, 74.29 W
2025/02/16 20:16:22.690, 74.29 W
2025/02/16 20:16:22.700, 74.29 W
2025/02/16 20:16:22.710, 74.29 W
2025/02/16 20:16:22.720, 74.29 W
2025/02/16 20:16:22.730, 74.29 W
2025/02/16 20:16:22.740, 74.29 W
2025/02/16 20:16:22.750, 74.29 W
2025/02/16 20:16:22.760, 74.29 W
2025/02/16 20:16:22.771, 74.29 W
2025/02/16 20:16:22.781, 74.29 W
2025/02/16 20:16:22.791, 74.29 W
2025/02/16 20:16:22.801, 74.29 W
2025/02/16 20:16:22.811, 74.29 W
2025/02/16 20:16:22.821, 74.29 W
2025/02/16 20:16:22.831, 74.29 W
2025/02/16 20:16:22.841, 74.29 W
2025/02/16 20:16:22.851, 74.29 W
2025/02/16 20:16:22.861, 74.29 W
2025/02/16 20:16:22.871, 74.29 W
2025/02/16 20:16:22.881, 74.29 W
2025/02/16 20:16:22.891, 74.29 W
2025/02/16 20:16:22.901, 74.29 W
2025/02/16 20:16:22.911, 74.29 W
2025/02/16 20:16:22.922, 74.29 W
2025/02/16 20:16:22.932, 74.29 W
2025/02/16 20:16:22.942, 74.29 W
2025/02/16 20:16:22.952, 74.29 W
2025/02/16 20:16:22.962, 74.29 W
2025/02/16 20:16:22.972, 74.29 W
2025/02/16 20:16:22.982, 74.29 W
2025/02/16 20:16:22.992, 74.29 W
2025/02/16 20:16:23.002, 74.29 W
2025/02/16 20:16:23.012, 74.29 W
2025/02/16 20:16:23.022, 74.29 W
2025/02/16 20:16:23.032, 74.29 W
2025/02/16 20:16:23.042, 74.29 W
2025/02/16 20:16:23.052, 74.29 W
2025/02/16 20:16:23.062, 74.29 W
2025/02/16 20:16:23.072, 74.29 W
2025/02/16 20:16:23.083, 74.29 W
2025/02/16 20:16:23.093, 74.29 W
2025/02/16 20:16:23.103, 74.29 W
2025/02/16 20:16:23.113, 74.29 W
2025/02/16 20:16:23.123, 74.29 W
2025/02/16 20:16:23.133, 74.29 W
2025/02/16 20:16:23.143, 74.29 W
2025/02/16 20:16:23.153, 74.29 W
2025/02/16 20:16:23.163, 74.29 W
2025/02/16 20:16:23.173, 74.29 W
2025/02/16 20:16:23.183, 74.29 W
2025/02/16 20:16:23.193, 74.29 W
2025/02/16 20:16:23.203, 74.05 W
2025/02/16 20:16:23.213, 74.05 W
2025/02/16 20:16:23.223, 74.05 W
2025/02/16 20:16:23.233, 74.05 W
2025/02/16 20:16:23.243, 74.05 W
2025/02/16 20:16:23.254, 74.05 W
2025/02/16 20:16:23.264, 74.05 W
2025/02/16 20:16:23.274, 74.05 W
2025/02/16 20:16:23.284, 74.05 W
2025/02/16 20:16:23.294, 74.05 W
2025/02/16 20:16:23.304, 74.05 W
2025/02/16 20:16:23.314, 74.05 W
2025/02/16 20:16:23.324, 74.05 W
2025/02/16 20:16:23.334, 74.05 W
2025/02/16 20:16:23.344, 74.05 W
2025/02/16 20:16:23.354, 74.05 W
2025/02/16 20:16:23.364, 74.05 W
2025/02/16 20:16:23.374, 74.05 W
2025/02/16 20:16:23.384, 74.05 W
2025/02/16 20:16:23.394, 74.05 W
2025/02/16 20:16:23.404, 74.05 W
2025/02/16 20:16:23.415, 74.05 W
2025/02/16 20:16:23.425, 74.05 W
2025/02/16 20:16:23.435, 74.05 W
2025/02/16 20:16:23.445, 74.05 W
2025/02/16 20:16:23.455, 74.05 W
2025/02/16 20:16:23.465, 74.05 W
2025/02/16 20:16:23.475, 74.05 W
2025/02/16 20:16:23.485, 74.05 W
2025/02/16 20:16:23.495, 74.05 W
2025/02/16 20:16:23.505, 74.05 W
2025/02/16 20:16:23.515, 74.05 W
2025/02/16 20:16:23.525, 74.05 W
2025/02/16 20:16:23.535, 74.05 W
2025/02/16 20:16:23.545, 74.05 W
2025/02/16 20:16:23.555, 74.05 W
2025/02/16 20:16:23.565, 74.05 W
2025/02/16 20:16:23.576, 74.05 W
2025/02/16 20:16:23.586, 74.05 W
2025/02/16 20:16:23.596, 74.05 W
2025/02/16 20:16:23.606, 74.05 W
2025/02/16 20:16:23.616, 74.05 W
2025/02/16 20:16:23.626, 74.05 W
2025/02/16 20:16:23.636, 74.05 W
2025/02/16 20:16:23.646, 74.05 W
2025/02/16 20:16:23.656, 74.05 W
2025/02/16 20:16:23.666, 74.05 W
2025/02/16 20:16:23.676, 74.05 W
2025/02/16 20:16:23.686, 74.05 W
2025/02/16 20:16:23.696, 74.29 W
2025/02/16 20:16:23.706, 74.29 W
2025/02/16 20:16:23.716, 74.29 W
2025/02/16 20:16:23.726, 74.29 W
2025/02/16 20:16:23.737, 74.29 W
2025/02/16 20:16:23.747, 74.29 W
2025/02/16 20:16:23.757, 74.29 W
2025/02/16 20:16:23.767, 74.29 W
2025/02/16 20:16:23.777, 74.29 W
2025/02/16 20:16:23.787, 74.29 W
2025/02/16 20:16:23.797, 74.29 W
2025/02/16 20:16:23.807, 74.29 W
2025/02/16 20:16:23.817, 74.05 W
2025/02/16 20:16:23.827, 74.05 W
2025/02/16 20:16:23.837, 74.05 W
2025/02/16 20:16:23.847, 74.05 W
2025/02/16 20:16:23.857, 74.05 W
2025/02/16 20:16:23.867, 74.05 W
2025/02/16 20:16:23.877, 74.05 W
2025/02/16 20:16:23.888, 74.05 W
2025/02/16 20:16:23.898, 74.05 W
2025/02/16 20:16:23.908, 74.05 W
2025/02/16 20:16:23.918, 74.05 W
2025/02/16 20:16:23.928, 74.05 W
2025/02/16 20:16:23.938, 74.05 W
2025/02/16 20:16:23.948, 74.05 W
2025/02/16 20:16:23.958, 74.05 W
2025/02/16 20:16:23.968, 74.05 W
2025/02/16 20:16:23.978, 74.05 W
2025/02/16 20:16:23.988, 74.05 W
2025/02/16 20:16:23.998, 74.05 W
2025/02/16 20:16:24.008, 74.05 W
2025/02/16 20:16:24.018, 74.05 W
2025/02/16 20:16:24.028, 74.05 W
2025/02/16 20:16:24.038, 74.05 W
2025/02/16 20:16:24.049, 74.05 W
2025/02/16 20:16:24.059, 74.05 W
2025/02/16 20:16:24.069, 74.05 W
2025/02/16 20:16:24.079, 74.05 W
2025/02/16 20:16:24.089, 74.05 W
2025/02/16 20:16:24.099, 74.05 W
2025/02/16 20:16:24.109, 74.05 W
2025/02/16 20:16:24.119, 74.05 W
2025/02/16 20:16:24.129, 74.05 W
2025/02/16 20:16:24.139, 74.05 W
2025/02/16 20:16:24.149, 74.05 W
2025/02/16 20:16:24.159, 74.05 W
2025/02/16 20:16:24.169, 74.05 W
2025/02/16 20:16:24.179, 74.05 W
2025/02/16 20:16:24.189, 74.05 W
2025/02/16 20:16:24.199, 74.05 W
2025/02/16 20:16:24.210, 74.05 W
2025/02/16 20:16:24.220, 74.05 W
2025/02/16 20:16:24.230, 74.05 W
2025/02/16 20:16:24.240, 74.05 W
2025/02/16 20:16:24.250, 74.05 W
2025/02/16 20:16:24.260, 74.05 W
2025/02/16 20:16:24.270, 74.05 W
2025/02/16 20:16:24.280, 74.05 W
2025/02/16 20:16:24.290, 74.05 W
2025/02/16 20:16:24.300, 74.05 W
2025/02/16 20:16:24.310, 74.29 W
2025/02/16 20:16:24.320, 74.29 W
2025/02/16 20:16:24.330, 74.29 W
2025/02/16 20:16:24.340, 74.29 W
2025/02/16 20:16:24.350, 74.29 W
2025/02/16 20:16:24.360, 74.29 W
2025/02/16 20:16:24.371, 74.29 W
2025/02/16 20:16:24.381, 74.29 W
2025/02/16 20:16:24.391, 74.29 W
2025/02/16 20:16:24.401, 74.29 W
2025/02/16 20:16:24.411, 74.29 W
2025/02/16 20:16:24.421, 74.29 W
2025/02/16 20:16:24.431, 74.29 W
2025/02/16 20:16:24.441, 74.29 W
2025/02/16 20:16:24.451, 74.29 W
2025/02/16 20:16:24.461, 74.29 W
2025/02/16 20:16:24.471, 74.29 W
2025/02/16 20:16:24.481, 74.29 W
2025/02/16 20:16:24.491, 74.29 W
2025/02/16 20:16:24.501, 74.29 W
2025/02/16 20:16:24.511, 74.29 W
2025/02/16 20:16:24.521, 74.29 W
2025/02/16 20:16:24.532, 74.29 W
2025/02/16 20:16:24.542, 74.29 W
2025/02/16 20:16:24.552, 74.29 W
2025/02/16 20:16:24.562, 74.29 W
2025/02/16 20:16:24.572, 74.29 W
2025/02/16 20:16:24.582, 74.29 W
2025/02/16 20:16:24.592, 74.29 W
2025/02/16 20:16:24.602, 74.29 W
2025/02/16 20:16:24.612, 74.29 W
2025/02/16 20:16:24.622, 74.29 W
2025/02/16 20:16:24.632, 74.29 W
2025/02/16 20:16:24.642, 74.29 W
2025/02/16 20:16:24.652, 74.29 W
2025/02/16 20:16:24.662, 74.29 W
2025/02/16 20:16:24.672, 74.29 W
2025/02/16 20:16:24.682, 74.29 W
2025/02/16 20:16:24.693, 74.29 W
2025/02/16 20:16:24.703, 74.29 W
2025/02/16 20:16:24.713, 74.29 W
2025/02/16 20:16:24.723, 74.05 W
2025/02/16 20:16:24.733, 74.05 W
2025/02/16 20:16:24.743, 74.05 W
2025/02/16 20:16:24.753, 74.05 W
2025/02/16 20:16:24.763, 74.05 W
2025/02/16 20:16:24.773, 74.05 W
2025/02/16 20:16:24.783, 74.05 W
2025/02/16 20:16:24.793, 74.05 W
2025/02/16 20:16:24.803, 74.05 W
2025/02/16 20:16:24.813, 74.05 W
2025/02/16 20:16:24.823, 74.05 W
2025/02/16 20:16:24.833, 74.05 W
2025/02/16 20:16:24.844, 74.29 W
2025/02/16 20:16:24.854, 74.29 W
2025/02/16 20:16:24.864, 74.29 W
2025/02/16 20:16:24.874, 74.29 W
2025/02/16 20:16:24.884, 74.29 W
2025/02/16 20:16:24.894, 74.29 W
2025/02/16 20:16:24.904, 74.29 W
2025/02/16 20:16:24.914, 74.29 W
2025/02/16 20:16:24.924, 74.05 W
2025/02/16 20:16:24.934, 74.05 W
2025/02/16 20:16:24.944, 74.05 W
2025/02/16 20:16:24.954, 74.05 W
2025/02/16 20:16:24.964, 74.05 W
2025/02/16 20:16:24.974, 74.05 W
2025/02/16 20:16:24.984, 74.05 W
2025/02/16 20:16:24.994, 74.05 W
2025/02/16 20:16:25.005, 74.05 W
2025/02/16 20:16:25.015, 74.05 W
2025/02/16 20:16:25.025, 74.05 W
2025/02/16 20:16:25.035, 74.05 W
2025/02/16 20:16:25.045, 74.29 W
2025/02/16 20:16:25.055, 74.29 W
2025/02/16 20:16:25.065, 74.29 W
2025/02/16 20:16:25.075, 74.29 W
2025/02/16 20:16:25.085, 74.29 W
2025/02/16 20:16:25.095, 74.29 W
2025/02/16 20:16:25.105, 74.29 W
2025/02/16 20:16:25.115, 74.29 W
2025/02/16 20:16:25.125, 74.05 W
2025/02/16 20:16:25.135, 74.05 W
2025/02/16 20:16:25.145, 74.05 W
2025/02/16 20:16:25.156, 74.05 W
2025/02/16 20:16:25.166, 74.05 W
2025/02/16 20:16:25.176, 74.05 W
2025/02/16 20:16:25.186, 74.05 W
2025/02/16 20:16:25.196, 74.05 W
2025/02/16 20:16:25.206, 74.05 W
2025/02/16 20:16:25.216, 74.05 W
2025/02/16 20:16:25.226, 74.05 W
2025/02/16 20:16:25.236, 74.05 W
2025/02/16 20:16:25.246, 74.29 W
2025/02/16 20:16:25.256, 74.29 W
2025/02/16 20:16:25.266, 74.29 W
2025/02/16 20:16:25.276, 74.29 W
2025/02/16 20:16:25.286, 74.29 W
2025/02/16 20:16:25.296, 74.29 W
2025/02/16 20:16:25.306, 74.29 W
2025/02/16 20:16:25.317, 74.29 W
2025/02/16 20:16:25.327, 74.29 W
2025/02/16 20:16:25.337, 74.29 W
2025/02/16 20:16:25.347, 74.29 W
2025/02/16 20:16:25.357, 74.29 W
2025/02/16 20:16:25.367, 74.29 W
2025/02/16 20:16:25.377, 74.29 W
2025/02/16 20:16:25.387, 74.29 W
2025/02/16 20:16:25.397, 74.29 W
2025/02/16 20:16:25.407, 74.29 W
2025/02/16 20:16:25.417, 74.29 W
2025/02/16 20:16:25.427, 74.29 W
2025/02/16 20:16:25.437, 74.29 W
2025/02/16 20:16:25.447, 74.29 W
2025/02/16 20:16:25.457, 74.29 W
2025/02/16 20:16:25.467, 74.29 W
2025/02/16 20:16:25.478, 74.29 W
2025/02/16 20:16:25.488, 74.29 W
2025/02/16 20:16:25.498, 74.29 W
2025/02/16 20:16:25.508, 74.29 W
2025/02/16 20:16:25.518, 74.29 W
2025/02/16 20:16:25.528, 74.29 W
2025/02/16 20:16:25.538, 74.29 W
2025/02/16 20:16:25.548, 74.29 W
2025/02/16 20:16:25.558, 74.29 W
2025/02/16 20:16:25.568, 74.29 W
2025/02/16 20:16:25.578, 74.29 W
2025/02/16 20:16:25.588, 74.29 W
2025/02/16 20:16:25.598, 74.29 W
2025/02/16 20:16:25.608, 74.29 W
2025/02/16 20:16:25.618, 74.29 W
2025/02/16 20:16:25.628, 74.29 W
2025/02/16 20:16:25.639, 74.29 W
2025/02/16 20:16:25.649, 74.29 W
2025/02/16 20:16:25.659, 74.29 W
2025/02/16 20:16:25.669, 74.29 W
2025/02/16 20:16:25.679, 74.29 W
2025/02/16 20:16:25.689, 74.29 W
2025/02/16 20:16:25.699, 74.29 W
2025/02/16 20:16:25.709, 74.29 W
2025/02/16 20:16:25.719, 74.29 W
2025/02/16 20:16:25.729, 74.29 W
2025/02/16 20:16:25.739, 74.29 W
2025/02/16 20:16:25.749, 74.29 W
2025/02/16 20:16:25.759, 74.29 W
2025/02/16 20:16:25.769, 74.29 W
2025/02/16 20:16:25.779, 74.29 W
2025/02/16 20:16:25.789, 74.29 W
2025/02/16 20:16:25.800, 74.29 W
2025/02/16 20:16:25.810, 74.29 W
2025/02/16 20:16:25.820, 74.29 W
2025/02/16 20:16:25.830, 74.29 W
2025/02/16 20:16:25.840, 74.29 W
2025/02/16 20:16:25.850, 74.29 W
2025/02/16 20:16:25.860, 74.05 W
2025/02/16 20:16:25.870, 74.05 W
2025/02/16 20:16:25.880, 74.05 W
2025/02/16 20:16:25.890, 74.05 W
2025/02/16 20:16:25.900, 74.05 W
2025/02/16 20:16:25.910, 74.05 W
2025/02/16 20:16:25.920, 74.05 W
2025/02/16 20:16:25.930, 74.05 W
2025/02/16 20:16:25.940, 74.05 W
2025/02/16 20:16:25.951, 74.29 W
2025/02/16 20:16:25.961, 74.29 W
2025/02/16 20:16:25.971, 74.29 W
2025/02/16 20:16:25.981, 74.29 W
2025/02/16 20:16:25.991, 74.29 W
2025/02/16 20:16:26.001, 74.29 W
2025/02/16 20:16:26.011, 74.29 W
2025/02/16 20:16:26.021, 74.29 W
2025/02/16 20:16:26.031, 74.29 W
2025/02/16 20:16:26.041, 74.29 W
2025/02/16 20:16:26.051, 74.29 W
2025/02/16 20:16:26.061, 74.29 W
2025/02/16 20:16:26.071, 74.05 W
2025/02/16 20:16:26.081, 74.05 W
2025/02/16 20:16:26.091, 74.05 W
2025/02/16 20:16:26.101, 74.05 W
2025/02/16 20:16:26.112, 74.05 W
2025/02/16 20:16:26.122, 74.05 W
2025/02/16 20:16:26.132, 74.05 W
2025/02/16 20:16:26.142, 74.05 W
2025/02/16 20:16:26.152, 74.05 W
2025/02/16 20:16:26.162, 74.05 W
2025/02/16 20:16:26.172, 74.05 W
2025/02/16 20:16:26.182, 74.05 W
2025/02/16 20:16:26.192, 74.05 W
2025/02/16 20:16:26.202, 74.05 W
2025/02/16 20:16:26.212, 74.05 W
2025/02/16 20:16:26.222, 74.05 W
2025/02/16 20:16:26.232, 74.05 W
2025/02/16 20:16:26.242, 74.05 W
2025/02/16 20:16:26.252, 74.05 W
2025/02/16 20:16:26.262, 74.05 W
2025/02/16 20:16:26.273, 74.29 W
2025/02/16 20:16:26.283, 74.29 W
2025/02/16 20:16:26.293, 74.29 W
2025/02/16 20:16:26.303, 74.29 W
2025/02/16 20:16:26.313, 74.29 W
2025/02/16 20:16:26.323, 74.29 W
2025/02/16 20:16:26.333, 74.29 W
2025/02/16 20:16:26.343, 74.29 W
2025/02/16 20:16:26.353, 74.29 W
2025/02/16 20:16:26.363, 74.05 W
2025/02/16 20:16:26.373, 74.05 W
2025/02/16 20:16:26.383, 74.05 W
2025/02/16 20:16:26.393, 74.05 W
2025/02/16 20:16:26.403, 74.05 W
2025/02/16 20:16:26.413, 74.05 W
2025/02/16 20:16:26.423, 74.05 W
2025/02/16 20:16:26.434, 74.05 W
2025/02/16 20:16:26.444, 74.05 W
2025/02/16 20:16:26.454, 74.05 W
2025/02/16 20:16:26.464, 74.29 W
2025/02/16 20:16:26.474, 74.29 W
2025/02/16 20:16:26.484, 74.29 W
2025/02/16 20:16:26.494, 74.29 W
2025/02/16 20:16:26.504, 74.29 W
2025/02/16 20:16:26.514, 74.29 W
2025/02/16 20:16:26.524, 74.29 W
2025/02/16 20:16:26.534, 74.29 W
2025/02/16 20:16:26.544, 74.29 W
2025/02/16 20:16:26.554, 74.29 W
2025/02/16 20:16:26.564, 74.05 W
2025/02/16 20:16:26.574, 74.05 W
2025/02/16 20:16:26.584, 74.05 W
2025/02/16 20:16:26.595, 74.05 W
2025/02/16 20:16:26.605, 74.05 W
2025/02/16 20:16:26.615, 74.05 W
2025/02/16 20:16:26.625, 74.05 W
2025/02/16 20:16:26.635, 74.05 W
2025/02/16 20:16:26.645, 74.05 W
2025/02/16 20:16:26.655, 74.05 W
2025/02/16 20:16:26.665, 74.05 W
2025/02/16 20:16:26.675, 74.05 W
2025/02/16 20:16:26.685, 74.29 W
2025/02/16 20:16:26.695, 74.29 W
2025/02/16 20:16:26.705, 74.29 W
2025/02/16 20:16:26.715, 74.29 W
2025/02/16 20:16:26.725, 74.29 W
2025/02/16 20:16:26.735, 74.29 W
2025/02/16 20:16:26.745, 74.29 W
2025/02/16 20:16:26.756, 74.29 W
2025/02/16 20:16:26.766, 74.29 W
2025/02/16 20:16:26.776, 74.29 W
2025/02/16 20:16:26.786, 74.29 W
2025/02/16 20:16:26.796, 74.29 W
2025/02/16 20:16:26.806, 74.29 W
2025/02/16 20:16:26.816, 74.29 W
2025/02/16 20:16:26.826, 74.29 W
2025/02/16 20:16:26.836, 74.29 W
2025/02/16 20:16:26.846, 74.29 W
2025/02/16 20:16:26.856, 74.29 W
2025/02/16 20:16:26.866, 74.29 W
2025/02/16 20:16:26.876, 74.29 W
2025/02/16 20:16:26.886, 74.29 W
2025/02/16 20:16:26.896, 74.29 W
2025/02/16 20:16:26.907, 74.29 W
2025/02/16 20:16:26.917, 74.29 W
2025/02/16 20:16:26.927, 74.29 W
2025/02/16 20:16:26.937, 74.29 W
2025/02/16 20:16:26.947, 74.29 W
2025/02/16 20:16:26.957, 74.29 W
2025/02/16 20:16:26.967, 74.29 W
2025/02/16 20:16:26.977, 74.29 W
2025/02/16 20:16:26.987, 74.29 W
2025/02/16 20:16:26.997, 74.29 W
2025/02/16 20:16:27.007, 74.29 W
2025/02/16 20:16:27.017, 74.29 W
2025/02/16 20:16:27.027, 74.29 W
2025/02/16 20:16:27.037, 74.29 W
2025/02/16 20:16:27.047, 74.29 W
2025/02/16 20:16:27.057, 74.29 W
2025/02/16 20:16:27.068, 74.29 W
2025/02/16 20:16:27.078, 74.29 W
2025/02/16 20:16:27.088, 74.29 W
2025/02/16 20:16:27.098, 74.29 W
2025/02/16 20:16:27.108, 74.29 W
2025/02/16 20:16:27.118, 74.29 W
2025/02/16 20:16:27.128, 74.29 W
2025/02/16 20:16:27.138, 74.29 W
2025/02/16 20:16:27.148, 74.29 W
2025/02/16 20:16:27.158, 74.29 W
2025/02/16 20:16:27.168, 74.29 W
2025/02/16 20:16:27.178, 74.05 W
2025/02/16 20:16:27.188, 74.05 W
2025/02/16 20:16:27.198, 74.05 W
2025/02/16 20:16:27.208, 74.05 W
2025/02/16 20:16:27.218, 74.05 W
2025/02/16 20:16:27.229, 74.05 W
2025/02/16 20:16:27.239, 74.05 W
2025/02/16 20:16:27.249, 74.05 W
2025/02/16 20:16:27.259, 74.05 W
2025/02/16 20:16:27.269, 74.05 W
2025/02/16 20:16:27.279, 74.05 W
2025/02/16 20:16:27.289, 74.05 W
2025/02/16 20:16:27.299, 74.05 W
2025/02/16 20:16:27.309, 74.05 W
2025/02/16 20:16:27.319, 74.05 W
2025/02/16 20:16:27.329, 74.05 W
2025/02/16 20:16:27.339, 74.05 W
2025/02/16 20:16:27.349, 74.05 W
2025/02/16 20:16:27.359, 74.05 W
2025/02/16 20:16:27.369, 74.05 W
2025/02/16 20:16:27.380, 74.29 W
2025/02/16 20:16:27.390, 74.29 W
2025/02/16 20:16:27.400, 74.29 W
2025/02/16 20:16:27.410, 74.29 W
2025/02/16 20:16:27.420, 74.29 W
2025/02/16 20:16:27.430, 74.29 W
2025/02/16 20:16:27.440, 74.29 W
2025/02/16 20:16:27.450, 74.29 W
2025/02/16 20:16:27.460, 74.29 W
2025/02/16 20:16:27.470, 74.29 W
2025/02/16 20:16:27.480, 74.29 W
2025/02/16 20:16:27.490, 74.29 W
2025/02/16 20:16:27.500, 74.29 W
2025/02/16 20:16:27.510, 74.29 W
2025/02/16 20:16:27.520, 74.29 W
2025/02/16 20:16:27.530, 74.29 W
2025/02/16 20:16:27.540, 74.29 W
2025/02/16 20:16:27.551, 74.29 W
2025/02/16 20:16:27.561, 74.29 W
2025/02/16 20:16:27.571, 74.29 W
2025/02/16 20:16:27.581, 74.29 W
2025/02/16 20:16:27.591, 74.29 W
2025/02/16 20:16:27.601, 74.29 W
2025/02/16 20:16:27.611, 74.29 W
2025/02/16 20:16:27.621, 74.29 W
2025/02/16 20:16:27.631, 74.29 W
2025/02/16 20:16:27.641, 74.29 W
2025/02/16 20:16:27.651, 74.29 W
2025/02/16 20:16:27.661, 74.29 W
2025/02/16 20:16:27.671, 74.29 W
2025/02/16 20:16:27.681, 74.29 W
2025/02/16 20:16:27.691, 74.29 W
2025/02/16 20:16:27.701, 74.29 W
2025/02/16 20:16:27.712, 74.05 W
2025/02/16 20:16:27.722, 74.05 W
2025/02/16 20:16:27.732, 74.05 W
2025/02/16 20:16:27.742, 74.05 W
2025/02/16 20:16:27.752, 74.05 W
2025/02/16 20:16:27.762, 74.05 W
2025/02/16 20:16:27.772, 74.05 W
2025/02/16 20:16:27.782, 74.05 W
2025/02/16 20:16:27.792, 74.29 W
2025/02/16 20:16:27.802, 74.29 W
2025/02/16 20:16:27.812, 74.29 W
2025/02/16 20:16:27.822, 74.29 W
2025/02/16 20:16:27.832, 74.29 W
2025/02/16 20:16:27.842, 74.29 W
2025/02/16 20:16:27.852, 74.29 W
2025/02/16 20:16:27.862, 74.29 W
2025/02/16 20:16:27.873, 74.29 W
2025/02/16 20:16:27.883, 74.29 W
2025/02/16 20:16:27.893, 74.29 W
2025/02/16 20:16:27.903, 74.29 W
2025/02/16 20:16:27.913, 74.29 W
2025/02/16 20:16:27.923, 74.29 W
2025/02/16 20:16:27.933, 74.29 W
2025/02/16 20:16:27.943, 74.29 W
2025/02/16 20:16:27.953, 74.29 W
2025/02/16 20:16:27.963, 74.29 W
2025/02/16 20:16:27.973, 74.29 W
2025/02/16 20:16:27.983, 74.29 W
2025/02/16 20:16:27.993, 74.29 W
2025/02/16 20:16:28.003, 74.29 W
2025/02/16 20:16:28.013, 74.29 W
2025/02/16 20:16:28.024, 74.29 W
2025/02/16 20:16:28.034, 74.29 W
2025/02/16 20:16:28.044, 74.29 W
2025/02/16 20:16:28.054, 74.29 W
2025/02/16 20:16:28.064, 74.29 W
2025/02/16 20:16:28.074, 74.29 W
2025/02/16 20:16:28.084, 74.29 W
2025/02/16 20:16:28.094, 74.29 W
2025/02/16 20:16:28.104, 74.29 W
2025/02/16 20:16:28.114, 74.29 W
2025/02/16 20:16:28.124, 74.29 W
2025/02/16 20:16:28.134, 74.29 W
2025/02/16 20:16:28.144, 74.29 W
2025/02/16 20:16:28.154, 74.29 W
2025/02/16 20:16:28.164, 74.29 W
2025/02/16 20:16:28.174, 74.29 W
2025/02/16 20:16:28.185, 74.29 W
2025/02/16 20:16:28.195, 74.29 W
2025/02/16 20:16:28.205, 74.29 W
2025/02/16 20:16:28.215, 74.29 W
2025/02/16 20:16:28.225, 74.29 W
2025/02/16 20:16:28.235, 74.29 W
2025/02/16 20:16:28.245, 74.29 W
2025/02/16 20:16:28.255, 74.29 W
2025/02/16 20:16:28.265, 74.29 W
2025/02/16 20:16:28.275, 74.29 W
2025/02/16 20:16:28.285, 74.29 W
2025/02/16 20:16:28.295, 74.29 W
2025/02/16 20:16:28.305, 74.29 W
2025/02/16 20:16:28.315, 74.29 W
2025/02/16 20:16:28.325, 74.05 W
2025/02/16 20:16:28.335, 74.05 W
2025/02/16 20:16:28.346, 74.05 W
2025/02/16 20:16:28.356, 74.05 W
2025/02/16 20:16:28.366, 74.05 W
2025/02/16 20:16:28.376, 74.05 W
2025/02/16 20:16:28.386, 74.05 W
2025/02/16 20:16:28.396, 74.05 W
2025/02/16 20:16:28.406, 74.05 W
2025/02/16 20:16:28.416, 74.05 W
2025/02/16 20:16:28.426, 74.05 W
2025/02/16 20:16:28.436, 74.05 W
2025/02/16 20:16:28.446, 74.05 W
2025/02/16 20:16:28.456, 74.05 W
2025/02/16 20:16:28.466, 74.05 W
2025/02/16 20:16:28.476, 74.05 W
2025/02/16 20:16:28.486, 74.05 W
2025/02/16 20:16:28.496, 74.05 W
2025/02/16 20:16:28.507, 74.29 W
2025/02/16 20:16:28.517, 74.29 W
2025/02/16 20:16:28.527, 74.29 W
2025/02/16 20:16:28.537, 74.29 W
2025/02/16 20:16:28.547, 74.29 W
2025/02/16 20:16:28.557, 74.29 W
2025/02/16 20:16:28.567, 74.29 W
2025/02/16 20:16:28.577, 74.29 W
2025/02/16 20:16:28.587, 74.29 W
2025/02/16 20:16:28.597, 74.29 W
2025/02/16 20:16:28.607, 74.29 W
2025/02/16 20:16:28.617, 74.29 W
2025/02/16 20:16:28.627, 74.29 W
2025/02/16 20:16:28.637, 74.29 W
2025/02/16 20:16:28.647, 74.29 W
2025/02/16 20:16:28.657, 74.29 W
2025/02/16 20:16:28.668, 74.29 W
2025/02/16 20:16:28.678, 74.29 W
2025/02/16 20:16:28.688, 74.29 W
2025/02/16 20:16:28.698, 74.29 W
2025/02/16 20:16:28.708, 74.29 W
2025/02/16 20:16:28.718, 74.29 W
2025/02/16 20:16:28.728, 74.29 W
2025/02/16 20:16:28.738, 74.29 W
2025/02/16 20:16:28.748, 74.29 W
2025/02/16 20:16:28.758, 74.29 W
2025/02/16 20:16:28.768, 74.29 W
2025/02/16 20:16:28.778, 74.29 W
2025/02/16 20:16:28.788, 74.29 W
2025/02/16 20:16:28.798, 74.29 W
2025/02/16 20:16:28.808, 74.29 W
2025/02/16 20:16:28.818, 74.29 W
2025/02/16 20:16:28.829, 74.29 W
2025/02/16 20:16:28.839, 74.29 W
2025/02/16 20:16:28.849, 74.29 W
2025/02/16 20:16:28.859, 74.29 W
2025/02/16 20:16:28.869, 74.29 W
2025/02/16 20:16:28.879, 74.29 W
2025/02/16 20:16:28.889, 74.29 W
2025/02/16 20:16:28.899, 74.29 W
2025/02/16 20:16:28.909, 74.29 W
2025/02/16 20:16:28.919, 74.29 W
2025/02/16 20:16:28.929, 74.29 W
2025/02/16 20:16:28.939, 74.29 W
2025/02/16 20:16:28.949, 74.29 W
2025/02/16 20:16:28.959, 74.29 W
2025/02/16 20:16:28.969, 74.29 W
2025/02/16 20:16:28.980, 74.29 W
2025/02/16 20:16:28.990, 74.29 W
2025/02/16 20:16:29.000, 74.29 W
2025/02/16 20:16:29.010, 74.29 W
2025/02/16 20:16:29.020, 74.29 W
2025/02/16 20:16:29.030, 74.29 W
2025/02/16 20:16:29.040, 74.29 W
2025/02/16 20:16:29.050, 74.29 W
2025/02/16 20:16:29.060, 74.29 W
2025/02/16 20:16:29.070, 74.29 W
2025/02/16 20:16:29.080, 74.29 W
2025/02/16 20:16:29.090, 74.29 W
2025/02/16 20:16:29.100, 74.29 W
2025/02/16 20:16:29.110, 74.29 W
2025/02/16 20:16:29.120, 74.29 W
2025/02/16 20:16:29.130, 74.29 W
2025/02/16 20:16:29.141, 74.29 W
2025/02/16 20:16:29.151, 74.29 W
2025/02/16 20:16:29.161, 74.29 W
2025/02/16 20:16:29.171, 74.29 W
2025/02/16 20:16:29.181, 74.29 W
2025/02/16 20:16:29.191, 74.29 W
2025/02/16 20:16:29.201, 74.29 W
2025/02/16 20:16:29.211, 74.29 W
2025/02/16 20:16:29.221, 74.29 W
2025/02/16 20:16:29.231, 74.29 W
2025/02/16 20:16:29.241, 74.29 W
2025/02/16 20:16:29.251, 74.29 W
2025/02/16 20:16:29.261, 74.29 W
2025/02/16 20:16:29.271, 74.29 W
2025/02/16 20:16:29.281, 74.29 W
2025/02/16 20:16:29.292, 74.29 W
2025/02/16 20:16:29.302, 74.29 W
2025/02/16 20:16:29.312, 74.29 W
2025/02/16 20:16:29.322, 74.29 W
2025/02/16 20:16:29.332, 74.29 W
2025/02/16 20:16:29.342, 74.05 W
2025/02/16 20:16:29.352, 74.05 W
2025/02/16 20:16:29.362, 74.05 W
2025/02/16 20:16:29.372, 74.05 W
2025/02/16 20:16:29.382, 74.05 W
2025/02/16 20:16:29.392, 74.05 W
2025/02/16 20:16:29.402, 74.05 W
2025/02/16 20:16:29.412, 74.05 W
2025/02/16 20:16:29.422, 74.05 W
2025/02/16 20:16:29.432, 74.05 W
2025/02/16 20:16:29.442, 74.05 W
2025/02/16 20:16:29.453, 74.05 W
2025/02/16 20:16:29.463, 74.05 W
2025/02/16 20:16:29.473, 74.05 W
2025/02/16 20:16:29.483, 74.05 W
2025/02/16 20:16:29.493, 74.05 W
2025/02/16 20:16:29.503, 74.05 W
2025/02/16 20:16:29.513, 74.05 W
2025/02/16 20:16:29.523, 74.05 W
2025/02/16 20:16:29.533, 74.05 W
2025/02/16 20:16:29.543, 74.05 W
2025/02/16 20:16:29.553, 74.05 W
2025/02/16 20:16:29.563, 74.05 W
2025/02/16 20:16:29.573, 74.05 W
2025/02/16 20:16:29.583, 74.05 W
2025/02/16 20:16:29.593, 74.05 W
2025/02/16 20:16:29.603, 74.05 W
2025/02/16 20:16:29.614, 74.05 W
2025/02/16 20:16:29.624, 74.05 W
2025/02/16 20:16:29.634, 74.05 W
2025/02/16 20:16:29.644, 74.05 W
2025/02/16 20:16:29.654, 74.05 W
2025/02/16 20:16:29.664, 74.05 W
2025/02/16 20:16:29.674, 74.05 W
2025/02/16 20:16:29.684, 74.05 W
2025/02/16 20:16:29.694, 74.05 W
2025/02/16 20:16:29.704, 74.05 W
2025/02/16 20:16:29.714, 74.05 W
2025/02/16 20:16:29.724, 74.05 W
2025/02/16 20:16:29.734, 74.05 W
2025/02/16 20:16:29.744, 74.05 W
2025/02/16 20:16:29.754, 74.29 W
2025/02/16 20:16:29.765, 74.29 W
2025/02/16 20:16:29.775, 74.29 W
2025/02/16 20:16:29.785, 74.29 W
2025/02/16 20:16:29.795, 74.29 W
2025/02/16 20:16:29.805, 74.29 W
2025/02/16 20:16:29.815, 74.29 W
2025/02/16 20:16:29.825, 74.29 W
2025/02/16 20:16:29.835, 74.29 W
2025/02/16 20:16:29.845, 74.29 W
2025/02/16 20:16:29.855, 74.29 W
2025/02/16 20:16:29.865, 74.29 W
2025/02/16 20:16:29.875, 74.29 W
2025/02/16 20:16:29.885, 74.29 W
2025/02/16 20:16:29.895, 74.29 W
2025/02/16 20:16:29.905, 74.29 W
2025/02/16 20:16:29.915, 74.29 W
2025/02/16 20:16:29.925, 74.29 W
2025/02/16 20:16:29.936, 74.29 W
2025/02/16 20:16:29.946, 74.29 W
2025/02/16 20:16:29.956, 74.05 W
2025/02/16 20:16:29.966, 74.05 W
2025/02/16 20:16:29.976, 74.05 W
2025/02/16 20:16:29.986, 74.05 W
2025/02/16 20:16:29.996, 74.05 W
2025/02/16 20:16:30.006, 74.05 W
2025/02/16 20:16:30.016, 74.05 W
2025/02/16 20:16:30.026, 74.05 W
2025/02/16 20:16:30.036, 74.05 W
2025/02/16 20:16:30.046, 74.29 W
2025/02/16 20:16:30.056, 74.29 W
2025/02/16 20:16:30.066, 74.29 W
2025/02/16 20:16:30.076, 74.29 W
2025/02/16 20:16:30.086, 74.29 W
2025/02/16 20:16:30.097, 74.29 W
2025/02/16 20:16:30.107, 74.29 W
2025/02/16 20:16:30.117, 74.29 W
2025/02/16 20:16:30.127, 74.29 W
2025/02/16 20:16:30.137, 74.29 W
2025/02/16 20:16:30.147, 74.29 W
2025/02/16 20:16:30.157, 74.29 W
2025/02/16 20:16:30.167, 74.29 W
2025/02/16 20:16:30.177, 74.29 W
2025/02/16 20:16:30.187, 74.29 W
2025/02/16 20:16:30.197, 74.29 W
2025/02/16 20:16:30.207, 74.29 W
2025/02/16 20:16:30.217, 74.29 W
2025/02/16 20:16:30.227, 74.29 W
2025/02/16 20:16:30.237, 74.29 W
2025/02/16 20:16:30.248, 74.29 W
2025/02/16 20:16:30.258, 74.29 W
2025/02/16 20:16:30.268, 74.29 W
2025/02/16 20:16:30.278, 74.29 W
2025/02/16 20:16:30.288, 74.29 W
2025/02/16 20:16:30.298, 74.29 W
2025/02/16 20:16:30.308, 74.29 W
2025/02/16 20:16:30.318, 74.29 W
2025/02/16 20:16:30.328, 74.29 W
2025/02/16 20:16:30.338, 74.29 W
2025/02/16 20:16:30.348, 74.29 W
2025/02/16 20:16:30.358, 74.29 W
2025/02/16 20:16:30.368, 74.05 W
2025/02/16 20:16:30.378, 74.05 W
2025/02/16 20:16:30.388, 74.05 W
2025/02/16 20:16:30.398, 74.05 W
2025/02/16 20:16:30.409, 74.05 W
2025/02/16 20:16:30.419, 74.05 W
2025/02/16 20:16:30.429, 74.05 W
2025/02/16 20:16:30.439, 74.05 W
2025/02/16 20:16:30.449, 74.05 W
2025/02/16 20:16:30.459, 74.05 W
2025/02/16 20:16:30.469, 74.05 W
2025/02/16 20:16:30.479, 74.05 W
2025/02/16 20:16:30.489, 74.05 W
2025/02/16 20:16:30.499, 74.05 W
2025/02/16 20:16:30.509, 74.05 W
2025/02/16 20:16:30.519, 74.05 W
2025/02/16 20:16:30.529, 74.05 W
2025/02/16 20:16:30.539, 74.05 W
2025/02/16 20:16:30.549, 74.05 W
2025/02/16 20:16:30.559, 74.29 W
2025/02/16 20:16:30.570, 74.29 W
2025/02/16 20:16:30.580, 74.29 W
2025/02/16 20:16:30.590, 74.29 W
2025/02/16 20:16:30.600, 74.29 W
2025/02/16 20:16:30.610, 74.29 W
2025/02/16 20:16:30.620, 74.29 W
2025/02/16 20:16:30.630, 74.29 W
2025/02/16 20:16:30.640, 74.29 W
2025/02/16 20:16:30.650, 74.29 W
2025/02/16 20:16:30.660, 74.05 W
2025/02/16 20:16:30.670, 74.05 W
2025/02/16 20:16:30.680, 74.05 W
2025/02/16 20:16:30.690, 74.05 W
2025/02/16 20:16:30.700, 74.05 W
2025/02/16 20:16:30.710, 74.05 W
2025/02/16 20:16:30.720, 74.05 W
2025/02/16 20:16:30.731, 74.05 W
2025/02/16 20:16:30.741, 74.05 W
2025/02/16 20:16:30.751, 74.05 W
2025/02/16 20:16:30.761, 74.05 W
2025/02/16 20:16:30.771, 74.05 W
2025/02/16 20:16:30.781, 74.29 W
2025/02/16 20:16:30.791, 74.29 W
2025/02/16 20:16:30.801, 74.29 W
2025/02/16 20:16:30.811, 74.29 W
2025/02/16 20:16:30.821, 74.29 W
2025/02/16 20:16:30.831, 74.29 W
2025/02/16 20:16:30.841, 74.29 W
2025/02/16 20:16:30.851, 74.29 W
2025/02/16 20:16:30.861, 74.29 W
2025/02/16 20:16:30.871, 74.29 W
2025/02/16 20:16:30.881, 74.29 W
2025/02/16 20:16:30.892, 74.29 W
2025/02/16 20:16:30.902, 74.29 W
2025/02/16 20:16:30.912, 74.29 W
2025/02/16 20:16:30.922, 74.29 W
2025/02/16 20:16:30.932, 74.29 W
2025/02/16 20:16:30.942, 74.29 W
2025/02/16 20:16:30.952, 74.29 W
2025/02/16 20:16:30.962, 74.29 W
2025/02/16 20:16:30.972, 74.29 W
2025/02/16 20:16:30.982, 74.29 W
2025/02/16 20:16:30.992, 74.29 W
2025/02/16 20:16:31.002, 74.29 W
2025/02/16 20:16:31.012, 74.29 W
2025/02/16 20:16:31.022, 74.29 W
2025/02/16 20:16:31.032, 74.29 W
2025/02/16 20:16:31.042, 74.29 W
2025/02/16 20:16:31.053, 74.29 W
2025/02/16 20:16:31.063, 74.05 W
2025/02/16 20:16:31.073, 74.05 W
2025/02/16 20:16:31.083, 74.05 W
2025/02/16 20:16:31.093, 74.05 W
2025/02/16 20:16:31.103, 74.05 W
2025/02/16 20:16:31.113, 74.05 W
2025/02/16 20:16:31.123, 74.05 W
2025/02/16 20:16:31.133, 74.05 W
2025/02/16 20:16:31.143, 74.05 W
2025/02/16 20:16:31.153, 74.05 W
2025/02/16 20:16:31.163, 74.05 W
2025/02/16 20:16:31.173, 74.05 W
2025/02/16 20:16:31.183, 74.29 W
2025/02/16 20:16:31.193, 74.29 W
2025/02/16 20:16:31.203, 74.29 W
2025/02/16 20:16:31.214, 74.29 W
2025/02/16 20:16:31.224, 74.29 W
2025/02/16 20:16:31.234, 74.29 W
2025/02/16 20:16:31.244, 74.29 W
2025/02/16 20:16:31.254, 74.29 W
2025/02/16 20:16:31.264, 74.29 W
2025/02/16 20:16:31.274, 74.05 W
2025/02/16 20:16:31.284, 74.05 W
2025/02/16 20:16:31.294, 74.05 W
2025/02/16 20:16:31.304, 74.05 W
2025/02/16 20:16:31.314, 74.05 W
2025/02/16 20:16:31.324, 74.05 W
2025/02/16 20:16:31.334, 74.05 W
2025/02/16 20:16:31.344, 74.05 W
2025/02/16 20:16:31.354, 74.05 W
2025/02/16 20:16:31.365, 74.05 W
2025/02/16 20:16:31.375, 74.05 W
2025/02/16 20:16:31.385, 74.05 W
2025/02/16 20:16:31.395, 74.05 W
2025/02/16 20:16:31.405, 74.05 W
2025/02/16 20:16:31.415, 74.05 W
2025/02/16 20:16:31.425, 74.05 W
2025/02/16 20:16:31.435, 74.05 W
2025/02/16 20:16:31.445, 74.05 W
2025/02/16 20:16:31.455, 74.05 W
2025/02/16 20:16:31.465, 74.05 W
2025/02/16 20:16:31.475, 74.05 W
2025/02/16 20:16:31.485, 74.05 W
2025/02/16 20:16:31.495, 74.05 W
2025/02/16 20:16:31.505, 74.05 W
2025/02/16 20:16:31.515, 74.05 W
2025/02/16 20:16:31.526, 74.05 W
2025/02/16 20:16:31.536, 74.05 W
2025/02/16 20:16:31.546, 74.05 W
2025/02/16 20:16:31.556, 74.05 W
2025/02/16 20:16:31.566, 74.05 W
2025/02/16 20:16:31.576, 74.05 W
2025/02/16 20:16:31.586, 74.05 W
2025/02/16 20:16:31.596, 74.05 W
2025/02/16 20:16:31.606, 74.05 W
2025/02/16 20:16:31.616, 74.05 W
2025/02/16 20:16:31.626, 74.05 W
2025/02/16 20:16:31.636, 74.05 W
2025/02/16 20:16:31.646, 74.05 W
2025/02/16 20:16:31.656, 74.05 W
2025/02/16 20:16:31.666, 74.05 W
2025/02/16 20:16:31.676, 74.05 W
2025/02/16 20:16:31.687, 74.05 W
2025/02/16 20:16:31.697, 74.05 W
2025/02/16 20:16:31.707, 74.05 W
2025/02/16 20:16:31.717, 74.05 W
2025/02/16 20:16:31.727, 74.05 W
2025/02/16 20:16:31.737, 74.05 W
2025/02/16 20:16:31.747, 74.05 W
2025/02/16 20:16:31.757, 74.05 W
2025/02/16 20:16:31.767, 74.05 W
2025/02/16 20:16:31.777, 74.05 W
2025/02/16 20:16:31.787, 74.05 W
2025/02/16 20:16:31.797, 74.05 W
2025/02/16 20:16:31.807, 74.05 W
2025/02/16 20:16:31.817, 74.05 W
2025/02/16 20:16:31.827, 74.05 W
2025/02/16 20:16:31.838, 74.05 W
2025/02/16 20:16:31.848, 74.05 W
2025/02/16 20:16:31.858, 74.05 W
2025/02/16 20:16:31.868, 74.05 W
2025/02/16 20:16:31.878, 74.05 W
2025/02/16 20:16:31.888, 74.05 W
2025/02/16 20:16:31.898, 74.05 W
2025/02/16 20:16:31.908, 74.05 W
2025/02/16 20:16:31.918, 74.05 W
2025/02/16 20:16:31.928, 74.05 W
2025/02/16 20:16:31.938, 74.05 W
2025/02/16 20:16:31.948, 74.05 W
2025/02/16 20:16:31.958, 74.05 W
2025/02/16 20:16:31.968, 74.05 W
2025/02/16 20:16:31.978, 74.05 W
2025/02/16 20:16:31.988, 74.05 W
2025/02/16 20:16:31.998, 74.05 W
2025/02/16 20:16:32.009, 74.05 W
2025/02/16 20:16:32.019, 74.05 W
2025/02/16 20:16:32.029, 74.05 W
2025/02/16 20:16:32.039, 74.05 W
2025/02/16 20:16:32.049, 74.05 W
2025/02/16 20:16:32.059, 74.05 W
2025/02/16 20:16:32.069, 74.05 W
2025/02/16 20:16:32.079, 74.05 W
2025/02/16 20:16:32.089, 74.05 W
2025/02/16 20:16:32.099, 74.05 W
2025/02/16 20:16:32.109, 74.05 W
2025/02/16 20:16:32.119, 74.05 W
2025/02/16 20:16:32.129, 74.05 W
2025/02/16 20:16:32.139, 74.05 W
2025/02/16 20:16:32.149, 74.05 W
2025/02/16 20:16:32.159, 74.05 W
2025/02/16 20:16:32.170, 74.05 W
2025/02/16 20:16:32.180, 74.05 W
2025/02/16 20:16:32.190, 74.05 W
2025/02/16 20:16:32.200, 74.05 W
2025/02/16 20:16:32.210, 74.05 W
2025/02/16 20:16:32.220, 74.05 W
2025/02/16 20:16:32.230, 74.05 W
2025/02/16 20:16:32.240, 74.05 W
2025/02/16 20:16:32.250, 74.05 W
2025/02/16 20:16:32.260, 74.05 W
2025/02/16 20:16:32.270, 74.05 W
2025/02/16 20:16:32.280, 74.05 W
2025/02/16 20:16:32.290, 74.05 W
2025/02/16 20:16:32.300, 74.05 W
2025/02/16 20:16:32.310, 74.05 W
2025/02/16 20:16:32.321, 74.05 W
2025/02/16 20:16:32.331, 74.05 W
2025/02/16 20:16:32.341, 74.05 W
2025/02/16 20:16:32.351, 74.05 W
2025/02/16 20:16:32.361, 74.05 W
2025/02/16 20:16:32.371, 74.05 W
2025/02/16 20:16:32.381, 74.05 W
2025/02/16 20:16:32.391, 74.05 W
2025/02/16 20:16:32.401, 74.05 W
2025/02/16 20:16:32.411, 74.05 W
2025/02/16 20:16:32.421, 74.05 W
2025/02/16 20:16:32.431, 74.05 W
2025/02/16 20:16:32.441, 74.05 W
2025/02/16 20:16:32.451, 74.05 W
2025/02/16 20:16:32.461, 74.05 W
2025/02/16 20:16:32.472, 74.05 W
2025/02/16 20:16:32.482, 74.05 W
2025/02/16 20:16:32.492, 74.05 W
2025/02/16 20:16:32.502, 74.05 W
2025/02/16 20:16:32.512, 74.05 W
2025/02/16 20:16:32.522, 74.05 W
2025/02/16 20:16:32.532, 74.05 W
2025/02/16 20:16:32.542, 74.05 W
2025/02/16 20:16:32.552, 74.05 W
2025/02/16 20:16:32.562, 74.05 W
2025/02/16 20:16:32.572, 74.05 W
2025/02/16 20:16:32.582, 74.05 W
2025/02/16 20:16:32.592, 74.05 W
2025/02/16 20:16:32.602, 74.05 W
2025/02/16 20:16:32.612, 74.05 W
2025/02/16 20:16:32.622, 74.05 W
2025/02/16 20:16:32.633, 74.05 W
2025/02/16 20:16:32.643, 74.05 W
2025/02/16 20:16:32.653, 74.05 W
2025/02/16 20:16:32.663, 74.05 W
2025/02/16 20:16:32.673, 74.05 W
2025/02/16 20:16:32.683, 74.05 W
2025/02/16 20:16:32.693, 74.05 W
2025/02/16 20:16:32.703, 74.05 W
2025/02/16 20:16:32.713, 74.05 W
2025/02/16 20:16:32.723, 74.05 W
2025/02/16 20:16:32.733, 74.05 W
2025/02/16 20:16:32.743, 74.05 W
2025/02/16 20:16:32.753, 74.05 W
2025/02/16 20:16:32.763, 74.05 W
2025/02/16 20:16:32.773, 74.05 W
2025/02/16 20:16:32.783, 74.05 W
2025/02/16 20:16:32.794, 74.05 W
2025/02/16 20:16:32.804, 74.05 W
2025/02/16 20:16:32.814, 74.05 W
2025/02/16 20:16:32.824, 74.05 W
2025/02/16 20:16:32.834, 74.05 W
2025/02/16 20:16:32.844, 74.05 W
2025/02/16 20:16:32.854, 74.05 W
2025/02/16 20:16:32.864, 74.05 W
2025/02/16 20:16:32.874, 74.05 W
2025/02/16 20:16:32.884, 74.05 W
2025/02/16 20:16:32.894, 74.05 W
2025/02/16 20:16:32.904, 74.05 W
2025/02/16 20:16:32.914, 74.05 W
2025/02/16 20:16:32.924, 74.05 W
2025/02/16 20:16:32.934, 74.05 W
2025/02/16 20:16:32.944, 74.05 W
2025/02/16 20:16:32.955, 74.05 W
2025/02/16 20:16:32.965, 74.05 W
2025/02/16 20:16:32.975, 74.05 W
2025/02/16 20:16:32.985, 74.05 W
2025/02/16 20:16:32.995, 74.05 W
2025/02/16 20:16:33.005, 74.05 W
2025/02/16 20:16:33.015, 74.05 W
2025/02/16 20:16:33.025, 74.05 W
2025/02/16 20:16:33.035, 74.05 W
2025/02/16 20:16:33.045, 74.05 W
2025/02/16 20:16:33.055, 74.05 W
2025/02/16 20:16:33.065, 74.05 W
2025/02/16 20:16:33.075, 74.05 W
2025/02/16 20:16:33.085, 74.05 W
2025/02/16 20:16:33.095, 74.05 W
2025/02/16 20:16:33.105, 74.05 W
2025/02/16 20:16:33.116, 74.05 W
2025/02/16 20:16:33.126, 74.05 W
2025/02/16 20:16:33.136, 74.05 W
2025/02/16 20:16:33.146, 74.05 W
2025/02/16 20:16:33.156, 74.05 W
2025/02/16 20:16:33.166, 74.05 W
2025/02/16 20:16:33.176, 74.05 W
2025/02/16 20:16:33.186, 74.05 W
2025/02/16 20:16:33.196, 74.05 W
2025/02/16 20:16:33.206, 74.05 W
2025/02/16 20:16:33.216, 74.05 W
2025/02/16 20:16:33.226, 74.05 W
2025/02/16 20:16:33.236, 74.05 W
2025/02/16 20:16:33.246, 74.05 W
2025/02/16 20:16:33.256, 74.05 W
2025/02/16 20:16:33.266, 74.05 W
2025/02/16 20:16:33.277, 74.05 W
2025/02/16 20:16:33.287, 74.05 W
2025/02/16 20:16:33.297, 74.05 W
2025/02/16 20:16:33.307, 74.05 W
2025/02/16 20:16:33.317, 74.29 W
2025/02/16 20:16:33.327, 74.29 W
2025/02/16 20:16:33.337, 74.29 W
2025/02/16 20:16:33.347, 74.29 W
2025/02/16 20:16:33.357, 74.29 W
2025/02/16 20:16:33.367, 74.29 W
2025/02/16 20:16:33.377, 74.29 W
2025/02/16 20:16:33.387, 74.29 W
2025/02/16 20:16:33.397, 74.29 W
2025/02/16 20:16:33.407, 74.29 W
2025/02/16 20:16:33.417, 74.29 W
2025/02/16 20:16:33.428, 74.29 W
2025/02/16 20:16:33.438, 74.05 W
2025/02/16 20:16:33.448, 74.05 W
2025/02/16 20:16:33.458, 74.05 W
2025/02/16 20:16:33.468, 74.05 W
2025/02/16 20:16:33.478, 74.05 W
2025/02/16 20:16:33.488, 74.05 W
2025/02/16 20:16:33.498, 74.05 W
2025/02/16 20:16:33.508, 74.05 W
2025/02/16 20:16:33.518, 74.05 W
2025/02/16 20:16:33.528, 74.29 W
2025/02/16 20:16:33.538, 74.29 W
2025/02/16 20:16:33.548, 74.29 W
2025/02/16 20:16:33.558, 74.29 W
2025/02/16 20:16:33.568, 74.29 W
2025/02/16 20:16:33.578, 74.29 W
2025/02/16 20:16:33.589, 74.29 W
2025/02/16 20:16:33.599, 74.29 W
2025/02/16 20:16:33.609, 74.29 W
2025/02/16 20:16:33.619, 74.29 W
2025/02/16 20:16:33.629, 74.29 W
2025/02/16 20:16:33.639, 74.29 W
2025/02/16 20:16:33.649, 74.05 W
2025/02/16 20:16:33.659, 74.05 W
2025/02/16 20:16:33.669, 74.05 W
2025/02/16 20:16:33.679, 74.05 W
2025/02/16 20:16:33.689, 74.05 W
2025/02/16 20:16:33.699, 74.05 W
2025/02/16 20:16:33.709, 74.05 W
2025/02/16 20:16:33.719, 74.05 W
2025/02/16 20:16:33.729, 74.05 W
2025/02/16 20:16:33.739, 74.05 W
2025/02/16 20:16:33.750, 74.05 W
2025/02/16 20:16:33.760, 74.05 W
2025/02/16 20:16:33.770, 74.05 W
2025/02/16 20:16:33.780, 74.05 W
2025/02/16 20:16:33.790, 74.05 W
2025/02/16 20:16:33.800, 74.05 W
2025/02/16 20:16:33.810, 74.05 W
2025/02/16 20:16:33.820, 74.05 W
2025/02/16 20:16:33.830, 74.05 W
2025/02/16 20:16:33.840, 74.05 W
2025/02/16 20:16:33.850, 74.05 W
2025/02/16 20:16:33.860, 74.05 W
2025/02/16 20:16:33.870, 74.05 W
2025/02/16 20:16:33.880, 74.05 W
2025/02/16 20:16:33.890, 74.05 W
2025/02/16 20:16:33.900, 74.05 W
2025/02/16 20:16:33.911, 74.05 W
2025/02/16 20:16:33.921, 74.05 W
2025/02/16 20:16:33.931, 74.05 W
2025/02/16 20:16:33.941, 74.05 W
2025/02/16 20:16:33.951, 74.05 W
2025/02/16 20:16:33.961, 74.05 W
2025/02/16 20:16:33.971, 74.05 W
2025/02/16 20:16:33.981, 74.05 W
2025/02/16 20:16:33.991, 74.05 W
2025/02/16 20:16:34.001, 74.05 W
2025/02/16 20:16:34.011, 74.05 W
2025/02/16 20:16:34.021, 74.05 W
2025/02/16 20:16:34.031, 74.05 W
2025/02/16 20:16:34.041, 74.05 W
2025/02/16 20:16:34.051, 74.05 W
2025/02/16 20:16:34.061, 74.05 W
2025/02/16 20:16:34.072, 74.05 W
2025/02/16 20:16:34.082, 74.05 W
2025/02/16 20:16:34.092, 74.05 W
2025/02/16 20:16:34.102, 74.05 W
2025/02/16 20:16:34.112, 74.05 W
2025/02/16 20:16:34.122, 74.05 W
2025/02/16 20:16:34.132, 74.05 W
2025/02/16 20:16:34.142, 74.05 W
2025/02/16 20:16:34.152, 74.05 W
2025/02/16 20:16:34.162, 74.05 W
2025/02/16 20:16:34.172, 74.05 W
2025/02/16 20:16:34.182, 74.05 W
2025/02/16 20:16:34.192, 74.05 W
2025/02/16 20:16:34.202, 74.05 W
2025/02/16 20:16:34.212, 74.05 W
2025/02/16 20:16:34.222, 74.05 W
2025/02/16 20:16:34.233, 74.05 W
2025/02/16 20:16:34.243, 74.05 W
2025/02/16 20:16:34.253, 74.05 W
2025/02/16 20:16:34.263, 74.05 W
2025/02/16 20:16:34.273, 74.05 W
2025/02/16 20:16:34.283, 74.05 W
2025/02/16 20:16:34.293, 74.05 W
2025/02/16 20:16:34.303, 74.05 W
2025/02/16 20:16:34.313, 74.05 W
2025/02/16 20:16:34.323, 74.05 W
2025/02/16 20:16:34.333, 74.05 W
2025/02/16 20:16:34.343, 74.05 W
2025/02/16 20:16:34.353, 74.05 W
2025/02/16 20:16:34.363, 74.05 W
2025/02/16 20:16:34.373, 74.05 W
2025/02/16 20:16:34.383, 74.05 W
2025/02/16 20:16:34.394, 74.05 W
2025/02/16 20:16:34.404, 74.05 W
2025/02/16 20:16:34.414, 74.05 W
2025/02/16 20:16:34.424, 74.05 W
2025/02/16 20:16:34.434, 74.05 W
2025/02/16 20:16:34.444, 74.29 W
2025/02/16 20:16:34.454, 74.29 W
2025/02/16 20:16:34.464, 74.29 W
2025/02/16 20:16:34.474, 74.29 W
2025/02/16 20:16:34.484, 74.29 W
2025/02/16 20:16:34.494, 74.29 W
2025/02/16 20:16:34.504, 74.29 W
2025/02/16 20:16:34.514, 74.29 W
2025/02/16 20:16:34.524, 74.29 W
2025/02/16 20:16:34.534, 74.29 W
2025/02/16 20:16:34.544, 74.29 W
2025/02/16 20:16:34.555, 74.05 W
2025/02/16 20:16:34.565, 74.05 W
2025/02/16 20:16:34.575, 74.05 W
2025/02/16 20:16:34.585, 74.05 W
2025/02/16 20:16:34.595, 74.05 W
2025/02/16 20:16:34.605, 74.05 W
2025/02/16 20:16:34.615, 74.05 W
2025/02/16 20:16:34.625, 74.05 W
2025/02/16 20:16:34.635, 74.05 W
2025/02/16 20:16:34.645, 74.05 W
2025/02/16 20:16:34.655, 74.05 W
2025/02/16 20:16:34.665, 74.05 W
2025/02/16 20:16:34.675, 74.05 W
2025/02/16 20:16:34.685, 74.05 W
2025/02/16 20:16:34.695, 74.05 W
2025/02/16 20:16:34.706, 74.05 W
2025/02/16 20:16:34.716, 74.05 W
2025/02/16 20:16:34.726, 74.05 W
2025/02/16 20:16:34.736, 74.05 W
2025/02/16 20:16:34.746, 74.05 W
2025/02/16 20:16:34.756, 74.05 W
2025/02/16 20:16:34.766, 74.05 W
2025/02/16 20:16:34.776, 74.05 W
2025/02/16 20:16:34.786, 74.05 W
2025/02/16 20:16:34.796, 74.05 W
2025/02/16 20:16:34.806, 74.05 W
2025/02/16 20:16:34.816, 74.05 W
2025/02/16 20:16:34.826, 74.05 W
2025/02/16 20:16:34.836, 74.05 W
2025/02/16 20:16:34.846, 74.05 W
2025/02/16 20:16:34.856, 74.05 W
2025/02/16 20:16:34.867, 74.05 W
2025/02/16 20:16:34.877, 74.05 W
2025/02/16 20:16:34.887, 74.05 W
2025/02/16 20:16:34.897, 74.05 W
2025/02/16 20:16:34.907, 74.05 W
2025/02/16 20:16:34.917, 74.05 W
2025/02/16 20:16:34.927, 74.05 W
2025/02/16 20:16:34.937, 74.05 W
2025/02/16 20:16:34.947, 74.05 W
2025/02/16 20:16:34.957, 74.05 W
2025/02/16 20:16:34.967, 74.05 W
2025/02/16 20:16:34.977, 74.05 W
2025/02/16 20:16:34.987, 74.05 W
2025/02/16 20:16:34.997, 74.05 W
2025/02/16 20:16:35.007, 74.05 W
2025/02/16 20:16:35.017, 74.05 W
2025/02/16 20:16:35.028, 74.05 W
2025/02/16 20:16:35.038, 74.05 W
2025/02/16 20:16:35.048, 74.05 W
2025/02/16 20:16:35.058, 74.05 W
2025/02/16 20:16:35.068, 74.05 W
2025/02/16 20:16:35.078, 74.05 W
2025/02/16 20:16:35.088, 74.05 W
2025/02/16 20:16:35.098, 74.05 W
2025/02/16 20:16:35.108, 74.05 W
2025/02/16 20:16:35.118, 74.05 W
2025/02/16 20:16:35.128, 74.05 W
2025/02/16 20:16:35.138, 74.05 W
2025/02/16 20:16:35.148, 74.05 W
2025/02/16 20:16:35.158, 74.05 W
2025/02/16 20:16:35.168, 74.05 W
2025/02/16 20:16:35.178, 74.05 W
2025/02/16 20:16:35.189, 74.05 W
2025/02/16 20:16:35.199, 74.05 W
2025/02/16 20:16:35.209, 74.05 W
2025/02/16 20:16:35.219, 74.05 W
2025/02/16 20:16:35.229, 74.05 W
2025/02/16 20:16:35.239, 74.05 W
2025/02/16 20:16:35.249, 74.05 W
2025/02/16 20:16:35.259, 74.05 W
2025/02/16 20:16:35.269, 74.05 W
2025/02/16 20:16:35.279, 74.05 W
2025/02/16 20:16:35.289, 74.05 W
2025/02/16 20:16:35.299, 74.05 W
2025/02/16 20:16:35.309, 74.05 W
2025/02/16 20:16:35.319, 74.05 W
2025/02/16 20:16:35.329, 74.05 W
2025/02/16 20:16:35.339, 74.05 W
2025/02/16 20:16:35.350, 74.05 W
2025/02/16 20:16:35.360, 74.05 W
2025/02/16 20:16:35.370, 74.05 W
2025/02/16 20:16:35.380, 74.05 W
2025/02/16 20:16:35.390, 74.05 W
2025/02/16 20:16:35.400, 74.05 W
2025/02/16 20:16:35.410, 74.05 W
2025/02/16 20:16:35.420, 74.05 W
2025/02/16 20:16:35.430, 74.05 W
2025/02/16 20:16:35.440, 74.05 W
2025/02/16 20:16:35.450, 74.05 W
2025/02/16 20:16:35.460, 74.05 W
2025/02/16 20:16:35.470, 74.05 W
2025/02/16 20:16:35.480, 74.05 W
2025/02/16 20:16:35.490, 74.05 W
2025/02/16 20:16:35.500, 74.05 W
2025/02/16 20:16:35.511, 74.05 W
2025/02/16 20:16:35.521, 74.05 W
2025/02/16 20:16:35.531, 74.05 W
2025/02/16 20:16:35.541, 74.05 W
2025/02/16 20:16:35.551, 74.05 W
2025/02/16 20:16:35.561, 74.05 W
2025/02/16 20:16:35.571, 74.05 W
2025/02/16 20:16:35.581, 74.05 W
2025/02/16 20:16:35.591, 74.05 W
2025/02/16 20:16:35.601, 74.05 W
2025/02/16 20:16:35.611, 74.05 W
2025/02/16 20:16:35.621, 74.05 W
2025/02/16 20:16:35.631, 74.05 W
2025/02/16 20:16:35.641, 74.05 W
2025/02/16 20:16:35.651, 74.05 W
2025/02/16 20:16:35.662, 74.05 W
2025/02/16 20:16:35.672, 74.05 W
2025/02/16 20:16:35.682, 74.05 W
2025/02/16 20:16:35.692, 74.05 W
2025/02/16 20:16:35.702, 74.05 W
2025/02/16 20:16:35.712, 74.05 W
2025/02/16 20:16:35.722, 74.05 W
2025/02/16 20:16:35.732, 74.05 W
2025/02/16 20:16:35.742, 74.05 W
2025/02/16 20:16:35.752, 74.05 W
2025/02/16 20:16:35.762, 74.05 W
2025/02/16 20:16:35.772, 74.05 W
2025/02/16 20:16:35.782, 74.05 W
2025/02/16 20:16:35.792, 74.05 W
2025/02/16 20:16:35.802, 74.05 W
2025/02/16 20:16:35.812, 74.05 W
2025/02/16 20:16:35.823, 74.05 W
2025/02/16 20:16:35.833, 74.05 W
2025/02/16 20:16:35.843, 74.05 W
2025/02/16 20:16:35.853, 74.05 W
2025/02/16 20:16:35.863, 74.05 W
2025/02/16 20:16:35.873, 74.05 W
2025/02/16 20:16:35.883, 74.05 W
2025/02/16 20:16:35.893, 74.05 W
2025/02/16 20:16:35.903, 74.05 W
2025/02/16 20:16:35.913, 74.05 W
2025/02/16 20:16:35.923, 74.05 W
2025/02/16 20:16:35.933, 74.05 W
2025/02/16 20:16:35.943, 74.05 W
2025/02/16 20:16:35.953, 74.05 W
2025/02/16 20:16:35.963, 74.05 W
2025/02/16 20:16:35.973, 74.05 W
2025/02/16 20:16:35.984, 74.05 W
2025/02/16 20:16:35.994, 74.05 W
2025/02/16 20:16:36.004, 74.05 W
2025/02/16 20:16:36.014, 74.05 W
2025/02/16 20:16:36.024, 74.05 W
2025/02/16 20:16:36.034, 74.05 W
2025/02/16 20:16:36.044, 74.05 W
2025/02/16 20:16:36.054, 74.05 W
2025/02/16 20:16:36.064, 74.05 W
2025/02/16 20:16:36.074, 74.05 W
2025/02/16 20:16:36.084, 74.05 W
2025/02/16 20:16:36.094, 74.05 W
2025/02/16 20:16:36.104, 74.05 W
2025/02/16 20:16:36.114, 74.05 W
2025/02/16 20:16:36.124, 74.05 W
2025/02/16 20:16:36.134, 74.05 W
2025/02/16 20:16:36.145, 74.05 W
2025/02/16 20:16:36.155, 74.05 W
2025/02/16 20:16:36.165, 74.05 W
2025/02/16 20:16:36.175, 74.05 W
2025/02/16 20:16:36.185, 74.05 W
2025/02/16 20:16:36.195, 74.05 W
2025/02/16 20:16:36.205, 74.05 W
2025/02/16 20:16:36.215, 74.05 W
2025/02/16 20:16:36.225, 74.05 W
2025/02/16 20:16:36.235, 74.05 W
2025/02/16 20:16:36.245, 74.05 W
2025/02/16 20:16:36.255, 74.05 W
2025/02/16 20:16:36.265, 74.05 W
2025/02/16 20:16:36.275, 74.05 W
2025/02/16 20:16:36.285, 74.05 W
2025/02/16 20:16:36.295, 74.05 W
2025/02/16 20:16:36.306, 74.05 W
2025/02/16 20:16:36.316, 74.05 W
2025/02/16 20:16:36.326, 74.05 W
2025/02/16 20:16:36.336, 74.05 W
2025/02/16 20:16:36.346, 74.05 W
2025/02/16 20:16:36.356, 74.05 W
2025/02/16 20:16:36.366, 74.05 W
2025/02/16 20:16:36.376, 74.05 W
2025/02/16 20:16:36.386, 74.05 W
2025/02/16 20:16:36.396, 74.05 W
2025/02/16 20:16:36.406, 74.05 W
2025/02/16 20:16:36.416, 74.05 W
2025/02/16 20:16:36.426, 74.05 W
2025/02/16 20:16:36.436, 74.05 W
2025/02/16 20:16:36.446, 74.05 W
2025/02/16 20:16:36.456, 74.05 W
2025/02/16 20:16:36.467, 74.05 W
2025/02/16 20:16:36.477, 74.05 W
2025/02/16 20:16:36.487, 74.05 W
2025/02/16 20:16:36.497, 74.05 W
2025/02/16 20:16:36.507, 74.05 W
2025/02/16 20:16:36.517, 74.05 W
2025/02/16 20:16:36.527, 74.05 W
2025/02/16 20:16:36.537, 74.05 W
2025/02/16 20:16:36.547, 74.05 W
2025/02/16 20:16:36.557, 74.05 W
2025/02/16 20:16:36.567, 74.05 W
2025/02/16 20:16:36.577, 74.05 W
2025/02/16 20:16:36.587, 74.05 W
2025/02/16 20:16:36.597, 74.05 W
2025/02/16 20:16:36.607, 74.05 W
2025/02/16 20:16:36.617, 74.05 W
2025/02/16 20:16:36.628, 74.05 W
2025/02/16 20:16:36.638, 74.05 W
2025/02/16 20:16:36.648, 74.05 W
2025/02/16 20:16:36.658, 74.05 W
2025/02/16 20:16:36.668, 74.05 W
2025/02/16 20:16:36.678, 74.05 W
2025/02/16 20:16:36.688, 74.05 W
2025/02/16 20:16:36.698, 74.05 W
2025/02/16 20:16:36.708, 74.05 W
2025/02/16 20:16:36.718, 74.05 W
2025/02/16 20:16:36.728, 74.05 W
2025/02/16 20:16:36.738, 74.05 W
2025/02/16 20:16:36.748, 74.05 W
2025/02/16 20:16:36.758, 74.05 W
2025/02/16 20:16:36.768, 74.05 W
2025/02/16 20:16:36.779, 74.05 W
2025/02/16 20:16:36.789, 74.05 W
2025/02/16 20:16:36.799, 74.05 W
2025/02/16 20:16:36.809, 74.05 W
2025/02/16 20:16:36.819, 74.05 W
2025/02/16 20:16:36.829, 74.05 W
2025/02/16 20:16:36.839, 74.05 W
2025/02/16 20:16:36.849, 74.05 W
2025/02/16 20:16:36.859, 74.05 W
2025/02/16 20:16:36.869, 74.05 W
2025/02/16 20:16:36.879, 74.05 W
2025/02/16 20:16:36.889, 74.05 W
2025/02/16 20:16:36.899, 74.05 W
2025/02/16 20:16:36.909, 74.05 W
2025/02/16 20:16:36.919, 74.05 W
2025/02/16 20:16:36.929, 74.05 W
2025/02/16 20:16:36.940, 74.05 W
2025/02/16 20:16:36.950, 74.05 W
2025/02/16 20:16:36.960, 74.05 W
2025/02/16 20:16:36.970, 74.05 W
2025/02/16 20:16:36.980, 74.05 W
2025/02/16 20:16:36.990, 74.05 W
2025/02/16 20:16:37.000, 74.05 W
2025/02/16 20:16:37.010, 74.05 W
2025/02/16 20:16:37.020, 74.05 W
2025/02/16 20:16:37.030, 74.05 W
2025/02/16 20:16:37.040, 74.05 W
2025/02/16 20:16:37.050, 74.05 W
2025/02/16 20:16:37.060, 74.05 W
2025/02/16 20:16:37.070, 74.05 W
2025/02/16 20:16:37.080, 74.05 W
2025/02/16 20:16:37.090, 74.05 W
2025/02/16 20:16:37.101, 74.05 W
2025/02/16 20:16:37.111, 74.05 W
2025/02/16 20:16:37.121, 74.05 W
2025/02/16 20:16:37.131, 74.05 W
2025/02/16 20:16:37.141, 74.05 W
2025/02/16 20:16:37.151, 74.05 W
2025/02/16 20:16:37.161, 74.05 W
2025/02/16 20:16:37.171, 74.05 W
2025/02/16 20:16:37.181, 74.05 W
2025/02/16 20:16:37.191, 74.05 W
2025/02/16 20:16:37.201, 74.05 W
2025/02/16 20:16:37.211, 74.05 W
2025/02/16 20:16:37.221, 74.05 W
2025/02/16 20:16:37.231, 74.05 W
2025/02/16 20:16:37.241, 74.05 W
2025/02/16 20:16:37.251, 74.05 W
2025/02/16 20:16:37.261, 74.05 W
2025/02/16 20:16:37.272, 74.05 W
2025/02/16 20:16:37.282, 74.05 W
2025/02/16 20:16:37.292, 74.05 W
2025/02/16 20:16:37.302, 74.05 W
2025/02/16 20:16:37.312, 74.05 W
2025/02/16 20:16:37.322, 74.05 W
2025/02/16 20:16:37.332, 74.05 W
2025/02/16 20:16:37.342, 74.05 W
2025/02/16 20:16:37.352, 74.05 W
2025/02/16 20:16:37.362, 74.05 W
2025/02/16 20:16:37.372, 74.05 W
2025/02/16 20:16:37.382, 74.05 W
2025/02/16 20:16:37.392, 74.05 W
2025/02/16 20:16:37.402, 74.05 W
2025/02/16 20:16:37.412, 74.05 W
2025/02/16 20:16:37.423, 74.05 W
2025/02/16 20:16:37.433, 74.05 W
2025/02/16 20:16:37.443, 74.05 W
2025/02/16 20:16:37.453, 74.05 W
2025/02/16 20:16:37.463, 74.05 W
2025/02/16 20:16:37.473, 74.05 W
2025/02/16 20:16:37.483, 74.05 W
2025/02/16 20:16:37.493, 74.05 W
2025/02/16 20:16:37.503, 74.05 W
2025/02/16 20:16:37.513, 74.05 W
2025/02/16 20:16:37.523, 74.05 W
2025/02/16 20:16:37.533, 74.05 W
2025/02/16 20:16:37.543, 74.05 W
2025/02/16 20:16:37.553, 74.05 W
2025/02/16 20:16:37.563, 74.05 W
2025/02/16 20:16:37.573, 74.05 W
2025/02/16 20:16:37.584, 74.05 W
2025/02/16 20:16:37.594, 74.05 W
2025/02/16 20:16:37.604, 74.05 W
2025/02/16 20:16:37.614, 74.05 W
2025/02/16 20:16:37.624, 74.05 W
2025/02/16 20:16:37.634, 74.05 W
2025/02/16 20:16:37.644, 74.05 W
2025/02/16 20:16:37.654, 74.05 W
2025/02/16 20:16:37.664, 74.05 W
2025/02/16 20:16:37.674, 74.05 W
2025/02/16 20:16:37.684, 74.05 W
2025/02/16 20:16:37.694, 74.05 W
2025/02/16 20:16:37.704, 74.05 W
2025/02/16 20:16:37.714, 74.05 W
2025/02/16 20:16:37.724, 74.05 W
2025/02/16 20:16:37.734, 74.05 W
2025/02/16 20:16:37.745, 74.05 W
2025/02/16 20:16:37.755, 74.05 W
2025/02/16 20:16:37.765, 74.05 W
2025/02/16 20:16:37.775, 74.05 W
2025/02/16 20:16:37.785, 74.05 W
2025/02/16 20:16:37.795, 74.05 W
2025/02/16 20:16:37.805, 74.05 W
2025/02/16 20:16:37.815, 74.05 W
2025/02/16 20:16:37.825, 74.05 W
2025/02/16 20:16:37.835, 74.05 W
2025/02/16 20:16:37.845, 74.05 W
2025/02/16 20:16:37.855, 74.05 W
2025/02/16 20:16:37.865, 74.05 W
2025/02/16 20:16:37.875, 74.05 W
2025/02/16 20:16:37.885, 74.05 W
2025/02/16 20:16:37.896, 74.05 W
2025/02/16 20:16:37.906, 74.05 W
2025/02/16 20:16:37.916, 74.05 W
2025/02/16 20:16:37.926, 74.05 W
2025/02/16 20:16:37.936, 74.05 W
2025/02/16 20:16:37.946, 74.05 W
2025/02/16 20:16:37.956, 74.05 W
2025/02/16 20:16:37.966, 74.05 W
2025/02/16 20:16:37.976, 74.05 W
2025/02/16 20:16:37.986, 74.05 W
2025/02/16 20:16:37.996, 74.05 W
2025/02/16 20:16:38.006, 74.05 W
2025/02/16 20:16:38.016, 74.05 W
2025/02/16 20:16:38.026, 74.05 W
2025/02/16 20:16:38.036, 74.05 W
2025/02/16 20:16:38.046, 74.05 W
2025/02/16 20:16:38.057, 74.05 W
2025/02/16 20:16:38.067, 74.05 W
2025/02/16 20:16:38.077, 74.05 W
2025/02/16 20:16:38.087, 74.05 W
2025/02/16 20:16:38.097, 74.05 W
2025/02/16 20:16:38.107, 74.05 W
2025/02/16 20:16:38.117, 74.05 W
2025/02/16 20:16:38.127, 74.05 W
2025/02/16 20:16:38.137, 74.05 W
2025/02/16 20:16:38.147, 74.05 W
2025/02/16 20:16:38.157, 74.05 W
2025/02/16 20:16:38.167, 74.05 W
2025/02/16 20:16:38.177, 74.05 W
2025/02/16 20:16:38.187, 74.05 W
2025/02/16 20:16:38.197, 74.05 W
2025/02/16 20:16:38.207, 74.05 W
2025/02/16 20:16:38.218, 74.05 W
2025/02/16 20:16:38.228, 74.05 W
2025/02/16 20:16:38.238, 74.05 W
2025/02/16 20:16:38.248, 74.05 W
2025/02/16 20:16:38.258, 74.05 W
2025/02/16 20:16:38.268, 74.05 W
2025/02/16 20:16:38.278, 74.05 W
2025/02/16 20:16:38.288, 74.05 W
2025/02/16 20:16:38.298, 74.05 W
2025/02/16 20:16:38.308, 74.05 W
2025/02/16 20:16:38.318, 74.05 W
2025/02/16 20:16:38.328, 74.05 W
2025/02/16 20:16:38.338, 74.05 W
2025/02/16 20:16:38.348, 74.05 W
2025/02/16 20:16:38.358, 74.05 W
2025/02/16 20:16:38.368, 74.05 W
2025/02/16 20:16:38.379, 74.05 W
2025/02/16 20:16:38.389, 74.05 W
2025/02/16 20:16:38.399, 74.05 W
2025/02/16 20:16:38.409, 74.05 W
2025/02/16 20:16:38.419, 74.05 W
2025/02/16 20:16:38.429, 74.05 W
2025/02/16 20:16:38.439, 74.05 W
2025/02/16 20:16:38.449, 74.05 W
2025/02/16 20:16:38.459, 74.05 W
2025/02/16 20:16:38.469, 74.05 W
2025/02/16 20:16:38.479, 74.05 W
2025/02/16 20:16:38.489, 74.05 W
2025/02/16 20:16:38.499, 74.05 W
2025/02/16 20:16:38.509, 74.05 W
2025/02/16 20:16:38.519, 74.05 W
2025/02/16 20:16:38.529, 74.05 W
2025/02/16 20:16:38.540, 74.05 W
2025/02/16 20:16:38.550, 74.05 W
2025/02/16 20:16:38.560, 74.05 W
2025/02/16 20:16:38.570, 74.05 W
2025/02/16 20:16:38.580, 74.05 W
2025/02/16 20:16:38.590, 74.05 W
2025/02/16 20:16:38.600, 74.05 W
2025/02/16 20:16:38.610, 74.05 W
2025/02/16 20:16:38.620, 74.05 W
2025/02/16 20:16:38.630, 74.05 W
2025/02/16 20:16:38.640, 74.05 W
2025/02/16 20:16:38.650, 74.05 W
2025/02/16 20:16:38.660, 74.05 W
2025/02/16 20:16:38.670, 74.05 W
2025/02/16 20:16:38.680, 74.05 W
2025/02/16 20:16:38.691, 74.05 W
2025/02/16 20:16:38.701, 74.05 W
2025/02/16 20:16:38.711, 74.05 W
2025/02/16 20:16:38.721, 74.05 W
2025/02/16 20:16:38.731, 74.05 W
2025/02/16 20:16:38.741, 74.05 W
2025/02/16 20:16:38.751, 74.05 W
2025/02/16 20:16:38.761, 74.05 W
2025/02/16 20:16:38.771, 74.05 W
2025/02/16 20:16:38.781, 74.05 W
2025/02/16 20:16:38.791, 74.05 W
2025/02/16 20:16:38.801, 74.05 W
2025/02/16 20:16:38.811, 74.05 W
2025/02/16 20:16:38.821, 74.05 W
2025/02/16 20:16:38.831, 74.05 W
2025/02/16 20:16:38.842, 74.05 W
2025/02/16 20:16:38.852, 74.05 W
2025/02/16 20:16:38.862, 74.05 W
2025/02/16 20:16:38.872, 74.05 W
2025/02/16 20:16:38.882, 74.05 W
2025/02/16 20:16:38.892, 74.05 W
2025/02/16 20:16:38.902, 74.05 W
2025/02/16 20:16:38.912, 74.05 W
2025/02/16 20:16:38.922, 74.05 W
2025/02/16 20:16:38.932, 74.05 W
2025/02/16 20:16:38.942, 74.05 W
2025/02/16 20:16:38.952, 74.05 W
2025/02/16 20:16:38.962, 74.05 W
2025/02/16 20:16:38.972, 74.05 W
2025/02/16 20:16:38.982, 74.05 W
2025/02/16 20:16:38.992, 74.05 W
2025/02/16 20:16:39.003, 74.05 W
2025/02/16 20:16:39.013, 74.05 W
2025/02/16 20:16:39.023, 74.05 W
2025/02/16 20:16:39.033, 74.05 W
2025/02/16 20:16:39.043, 74.05 W
2025/02/16 20:16:39.053, 74.05 W
2025/02/16 20:16:39.063, 74.05 W
2025/02/16 20:16:39.073, 74.05 W
2025/02/16 20:16:39.083, 74.05 W
2025/02/16 20:16:39.093, 74.05 W
2025/02/16 20:16:39.103, 74.05 W
2025/02/16 20:16:39.113, 74.05 W
2025/02/16 20:16:39.123, 74.05 W
2025/02/16 20:16:39.133, 74.05 W
2025/02/16 20:16:39.143, 74.05 W
2025/02/16 20:16:39.153, 74.05 W
2025/02/16 20:16:39.164, 74.05 W
2025/02/16 20:16:39.174, 74.05 W
2025/02/16 20:16:39.184, 74.05 W
2025/02/16 20:16:39.194, 74.05 W
2025/02/16 20:16:39.204, 74.05 W
2025/02/16 20:16:39.214, 74.05 W
2025/02/16 20:16:39.224, 74.05 W
2025/02/16 20:16:39.234, 74.05 W
2025/02/16 20:16:39.244, 74.05 W
2025/02/16 20:16:39.254, 74.05 W
2025/02/16 20:16:39.264, 74.05 W
2025/02/16 20:16:39.274, 74.05 W
2025/02/16 20:16:39.284, 74.05 W
2025/02/16 20:16:39.294, 74.05 W
2025/02/16 20:16:39.304, 74.05 W
2025/02/16 20:16:39.314, 74.05 W
2025/02/16 20:16:39.325, 74.05 W
2025/02/16 20:16:39.335, 74.05 W
2025/02/16 20:16:39.345, 74.05 W
2025/02/16 20:16:39.355, 74.05 W
2025/02/16 20:16:39.365, 74.05 W
2025/02/16 20:16:39.375, 74.05 W
2025/02/16 20:16:39.385, 74.05 W
2025/02/16 20:16:39.395, 74.05 W
2025/02/16 20:16:39.405, 74.05 W
2025/02/16 20:16:39.415, 74.05 W
2025/02/16 20:16:39.425, 74.05 W
2025/02/16 20:16:39.435, 74.05 W
2025/02/16 20:16:39.445, 74.05 W
2025/02/16 20:16:39.455, 74.05 W
2025/02/16 20:16:39.465, 74.05 W
2025/02/16 20:16:39.475, 74.05 W
2025/02/16 20:16:39.486, 74.05 W
2025/02/16 20:16:39.496, 74.05 W
2025/02/16 20:16:39.506, 74.05 W
2025/02/16 20:16:39.516, 74.05 W
2025/02/16 20:16:39.526, 74.05 W
2025/02/16 20:16:39.536, 74.05 W
2025/02/16 20:16:39.546, 74.05 W
2025/02/16 20:16:39.556, 74.05 W
2025/02/16 20:16:39.566, 74.05 W
2025/02/16 20:16:39.576, 74.05 W
2025/02/16 20:16:39.586, 74.05 W
2025/02/16 20:16:39.596, 74.05 W
2025/02/16 20:16:39.606, 74.05 W
2025/02/16 20:16:39.616, 74.05 W
2025/02/16 20:16:39.626, 74.05 W
2025/02/16 20:16:39.637, 74.05 W
2025/02/16 20:16:39.647, 74.05 W
2025/02/16 20:16:39.657, 74.05 W
2025/02/16 20:16:39.667, 74.05 W
2025/02/16 20:16:39.677, 74.05 W
2025/02/16 20:16:39.687, 74.05 W
2025/02/16 20:16:39.697, 74.05 W
2025/02/16 20:16:39.707, 74.05 W
2025/02/16 20:16:39.717, 74.05 W
2025/02/16 20:16:39.727, 74.05 W
2025/02/16 20:16:39.737, 74.05 W
2025/02/16 20:16:39.747, 74.05 W
2025/02/16 20:16:39.757, 74.05 W
2025/02/16 20:16:39.767, 74.05 W
2025/02/16 20:16:39.777, 74.05 W
2025/02/16 20:16:39.787, 74.05 W
2025/02/16 20:16:39.798, 74.05 W
2025/02/16 20:16:39.808, 74.05 W
2025/02/16 20:16:39.818, 74.05 W
2025/02/16 20:16:39.828, 74.05 W
2025/02/16 20:16:39.838, 74.05 W
2025/02/16 20:16:39.848, 74.05 W
2025/02/16 20:16:39.858, 74.05 W
2025/02/16 20:16:39.868, 74.05 W
2025/02/16 20:16:39.878, 74.05 W
2025/02/16 20:16:39.888, 74.05 W
2025/02/16 20:16:39.898, 74.05 W
2025/02/16 20:16:39.908, 74.05 W
2025/02/16 20:16:39.918, 74.05 W
2025/02/16 20:16:39.928, 74.05 W
2025/02/16 20:16:39.938, 74.05 W
2025/02/16 20:16:39.948, 74.05 W
2025/02/16 20:16:39.959, 74.05 W
2025/02/16 20:16:39.969, 74.05 W
2025/02/16 20:16:39.979, 74.05 W
2025/02/16 20:16:39.989, 74.05 W
2025/02/16 20:16:39.999, 74.05 W
2025/02/16 20:16:40.009, 74.05 W
2025/02/16 20:16:40.019, 74.05 W
2025/02/16 20:16:40.029, 74.05 W
2025/02/16 20:16:40.039, 74.05 W
2025/02/16 20:16:40.049, 74.05 W
2025/02/16 20:16:40.059, 74.05 W
2025/02/16 20:16:40.069, 74.05 W
2025/02/16 20:16:40.079, 74.05 W
2025/02/16 20:16:40.089, 74.05 W
2025/02/16 20:16:40.099, 74.05 W
2025/02/16 20:16:40.109, 74.05 W
2025/02/16 20:16:40.120, 74.05 W
2025/02/16 20:16:40.130, 74.05 W
2025/02/16 20:16:40.140, 74.05 W
2025/02/16 20:16:40.150, 74.05 W
2025/02/16 20:16:40.160, 74.05 W
2025/02/16 20:16:40.170, 74.05 W
2025/02/16 20:16:40.180, 74.05 W
2025/02/16 20:16:40.190, 74.05 W
2025/02/16 20:16:40.200, 74.05 W
2025/02/16 20:16:40.210, 74.05 W
2025/02/16 20:16:40.220, 74.05 W
2025/02/16 20:16:40.230, 74.05 W
2025/02/16 20:16:40.240, 74.05 W
2025/02/16 20:16:40.250, 74.05 W
2025/02/16 20:16:40.260, 74.05 W
2025/02/16 20:16:40.270, 74.05 W
2025/02/16 20:16:40.281, 74.05 W
2025/02/16 20:16:40.291, 74.05 W
2025/02/16 20:16:40.301, 74.05 W
2025/02/16 20:16:40.311, 74.05 W
2025/02/16 20:16:40.321, 74.05 W
2025/02/16 20:16:40.331, 74.05 W
2025/02/16 20:16:40.341, 74.05 W
2025/02/16 20:16:40.351, 74.05 W
2025/02/16 20:16:40.361, 74.05 W
2025/02/16 20:16:40.371, 74.05 W
2025/02/16 20:16:40.381, 74.05 W
2025/02/16 20:16:40.391, 74.05 W
2025/02/16 20:16:40.401, 74.05 W
2025/02/16 20:16:40.411, 74.05 W
2025/02/16 20:16:40.421, 74.05 W
2025/02/16 20:16:40.431, 74.05 W
2025/02/16 20:16:40.442, 74.05 W
2025/02/16 20:16:40.452, 74.05 W
2025/02/16 20:16:40.462, 74.05 W
2025/02/16 20:16:40.472, 74.05 W
2025/02/16 20:16:40.482, 74.05 W
2025/02/16 20:16:40.492, 74.05 W
2025/02/16 20:16:40.502, 74.05 W
2025/02/16 20:16:40.512, 74.05 W
2025/02/16 20:16:40.522, 74.05 W
2025/02/16 20:16:40.532, 74.05 W
2025/02/16 20:16:40.542, 74.05 W
2025/02/16 20:16:40.552, 74.05 W
2025/02/16 20:16:40.562, 74.05 W
2025/02/16 20:16:40.572, 74.05 W
2025/02/16 20:16:40.582, 74.05 W
2025/02/16 20:16:40.592, 74.05 W
2025/02/16 20:16:40.603, 74.05 W
2025/02/16 20:16:40.613, 74.05 W
2025/02/16 20:16:40.623, 74.05 W
2025/02/16 20:16:40.633, 74.05 W
2025/02/16 20:16:40.643, 74.05 W
2025/02/16 20:16:40.653, 74.05 W
2025/02/16 20:16:40.663, 74.05 W
2025/02/16 20:16:40.673, 74.05 W
2025/02/16 20:16:40.683, 74.05 W
2025/02/16 20:16:40.693, 74.05 W
2025/02/16 20:16:40.703, 74.05 W
2025/02/16 20:16:40.713, 74.05 W
2025/02/16 20:16:40.723, 74.05 W
2025/02/16 20:16:40.733, 74.05 W
2025/02/16 20:16:40.743, 74.05 W
2025/02/16 20:16:40.754, 74.05 W
2025/02/16 20:16:40.764, 74.05 W
2025/02/16 20:16:40.774, 74.05 W
2025/02/16 20:16:40.784, 74.05 W
2025/02/16 20:16:40.794, 74.05 W
2025/02/16 20:16:40.804, 74.05 W
2025/02/16 20:16:40.814, 74.05 W
2025/02/16 20:16:40.824, 74.05 W
2025/02/16 20:16:40.834, 74.05 W
2025/02/16 20:16:40.844, 74.05 W
2025/02/16 20:16:40.854, 74.05 W
2025/02/16 20:16:40.864, 74.05 W
2025/02/16 20:16:40.874, 74.05 W
2025/02/16 20:16:40.884, 74.05 W
2025/02/16 20:16:40.894, 74.05 W
2025/02/16 20:16:40.904, 74.05 W
2025/02/16 20:16:40.915, 74.05 W
2025/02/16 20:16:40.925, 74.05 W
2025/02/16 20:16:40.935, 74.05 W
2025/02/16 20:16:40.945, 74.05 W
2025/02/16 20:16:40.955, 74.05 W
2025/02/16 20:16:40.965, 74.05 W
2025/02/16 20:16:40.975, 74.05 W
2025/02/16 20:16:40.985, 74.05 W
2025/02/16 20:16:40.995, 74.05 W
2025/02/16 20:16:41.005, 74.05 W
2025/02/16 20:16:41.015, 74.05 W
2025/02/16 20:16:41.025, 74.05 W
2025/02/16 20:16:41.035, 74.05 W
2025/02/16 20:16:41.045, 74.05 W
2025/02/16 20:16:41.055, 74.05 W
2025/02/16 20:16:41.065, 74.05 W
2025/02/16 20:16:41.076, 74.05 W
2025/02/16 20:16:41.086, 74.05 W
2025/02/16 20:16:41.096, 74.05 W
2025/02/16 20:16:41.106, 74.05 W
2025/02/16 20:16:41.116, 74.05 W
2025/02/16 20:16:41.126, 74.05 W
2025/02/16 20:16:41.136, 74.05 W
2025/02/16 20:16:41.146, 74.05 W
2025/02/16 20:16:41.156, 74.05 W
2025/02/16 20:16:41.166, 74.05 W
2025/02/16 20:16:41.176, 74.05 W
2025/02/16 20:16:41.186, 74.05 W
2025/02/16 20:16:41.196, 74.05 W
2025/02/16 20:16:41.206, 74.05 W
2025/02/16 20:16:41.216, 74.05 W
2025/02/16 20:16:41.226, 74.05 W
2025/02/16 20:16:41.237, 74.05 W
2025/02/16 20:16:41.247, 74.05 W
2025/02/16 20:16:41.257, 74.05 W
2025/02/16 20:16:41.267, 74.05 W
2025/02/16 20:16:41.277, 74.05 W
2025/02/16 20:16:41.287, 74.05 W
2025/02/16 20:16:41.297, 74.05 W
2025/02/16 20:16:41.307, 74.05 W
2025/02/16 20:16:41.317, 74.05 W
2025/02/16 20:16:41.327, 74.05 W
2025/02/16 20:16:41.337, 74.05 W
2025/02/16 20:16:41.347, 74.05 W
2025/02/16 20:16:41.357, 74.05 W
2025/02/16 20:16:41.367, 74.05 W
2025/02/16 20:16:41.377, 74.05 W
2025/02/16 20:16:41.387, 74.05 W
2025/02/16 20:16:41.398, 74.05 W
2025/02/16 20:16:41.408, 74.05 W
2025/02/16 20:16:41.418, 74.05 W
2025/02/16 20:16:41.428, 74.05 W
2025/02/16 20:16:41.438, 74.05 W
2025/02/16 20:16:41.448, 74.05 W
2025/02/16 20:16:41.458, 74.05 W
2025/02/16 20:16:41.468, 74.05 W
2025/02/16 20:16:41.478, 74.05 W
2025/02/16 20:16:41.488, 74.05 W
2025/02/16 20:16:41.498, 74.05 W
2025/02/16 20:16:41.508, 74.05 W
2025/02/16 20:16:41.518, 74.05 W
2025/02/16 20:16:41.528, 74.05 W
2025/02/16 20:16:41.538, 74.05 W
2025/02/16 20:16:41.548, 74.05 W
2025/02/16 20:16:41.559, 74.05 W
2025/02/16 20:16:41.569, 74.05 W
2025/02/16 20:16:41.579, 74.05 W
2025/02/16 20:16:41.589, 74.05 W
2025/02/16 20:16:41.599, 74.05 W
2025/02/16 20:16:41.609, 74.05 W
2025/02/16 20:16:41.619, 74.05 W
2025/02/16 20:16:41.629, 74.05 W
2025/02/16 20:16:41.639, 74.05 W
2025/02/16 20:16:41.649, 74.05 W
2025/02/16 20:16:41.659, 74.05 W
2025/02/16 20:16:41.669, 74.05 W
2025/02/16 20:16:41.679, 74.05 W
2025/02/16 20:16:41.689, 74.05 W
2025/02/16 20:16:41.699, 74.05 W
2025/02/16 20:16:41.709, 74.05 W
2025/02/16 20:16:41.720, 74.05 W
2025/02/16 20:16:41.730, 74.05 W
2025/02/16 20:16:41.740, 74.05 W
2025/02/16 20:16:41.750, 74.05 W
2025/02/16 20:16:41.760, 74.05 W
2025/02/16 20:16:41.770, 74.05 W
2025/02/16 20:16:41.780, 74.05 W
2025/02/16 20:16:41.790, 74.05 W
2025/02/16 20:16:41.800, 74.05 W
2025/02/16 20:16:41.810, 74.05 W
2025/02/16 20:16:41.820, 74.05 W
2025/02/16 20:16:41.830, 74.05 W
2025/02/16 20:16:41.840, 74.05 W
2025/02/16 20:16:41.850, 74.05 W
2025/02/16 20:16:41.860, 74.05 W
2025/02/16 20:16:41.871, 74.05 W
2025/02/16 20:16:41.881, 74.05 W
2025/02/16 20:16:41.891, 74.05 W
2025/02/16 20:16:41.901, 74.05 W
2025/02/16 20:16:41.911, 74.05 W
2025/02/16 20:16:41.921, 74.05 W
2025/02/16 20:16:41.931, 74.05 W
2025/02/16 20:16:41.941, 74.05 W
2025/02/16 20:16:41.951, 74.05 W
2025/02/16 20:16:41.961, 74.05 W
2025/02/16 20:16:41.971, 74.05 W
2025/02/16 20:16:41.981, 74.05 W
2025/02/16 20:16:41.991, 74.05 W
2025/02/16 20:16:42.001, 74.05 W
2025/02/16 20:16:42.012, 74.05 W
2025/02/16 20:16:42.022, 74.05 W
2025/02/16 20:16:42.032, 74.05 W
2025/02/16 20:16:42.042, 74.05 W
2025/02/16 20:16:42.052, 74.05 W
2025/02/16 20:16:42.062, 74.05 W
2025/02/16 20:16:42.072, 74.05 W
2025/02/16 20:16:42.082, 74.05 W
2025/02/16 20:16:42.092, 74.05 W
2025/02/16 20:16:42.102, 74.05 W
2025/02/16 20:16:42.112, 74.05 W
2025/02/16 20:16:42.122, 74.05 W
2025/02/16 20:16:42.132, 74.05 W
2025/02/16 20:16:42.142, 74.05 W
2025/02/16 20:16:42.152, 74.05 W
2025/02/16 20:16:42.163, 74.05 W
2025/02/16 20:16:42.173, 74.05 W
2025/02/16 20:16:42.183, 74.05 W
2025/02/16 20:16:42.193, 74.05 W
2025/02/16 20:16:42.203, 74.05 W
2025/02/16 20:16:42.213, 74.05 W
2025/02/16 20:16:42.223, 74.05 W
2025/02/16 20:16:42.233, 74.05 W
2025/02/16 20:16:42.243, 74.05 W
2025/02/16 20:16:42.253, 74.05 W
2025/02/16 20:16:42.263, 74.05 W
2025/02/16 20:16:42.273, 74.05 W
2025/02/16 20:16:42.283, 74.05 W
2025/02/16 20:16:42.293, 74.05 W
2025/02/16 20:16:42.303, 74.05 W
2025/02/16 20:16:42.314, 74.05 W
2025/02/16 20:16:42.324, 74.05 W
2025/02/16 20:16:42.334, 74.05 W
2025/02/16 20:16:42.344, 74.05 W
2025/02/16 20:16:42.354, 74.05 W
2025/02/16 20:16:42.364, 74.05 W
2025/02/16 20:16:42.374, 74.05 W
2025/02/16 20:16:42.384, 74.05 W
2025/02/16 20:16:42.394, 74.05 W
2025/02/16 20:16:42.404, 74.05 W
2025/02/16 20:16:42.414, 74.05 W
2025/02/16 20:16:42.424, 74.05 W
2025/02/16 20:16:42.434, 74.05 W
2025/02/16 20:16:42.444, 74.05 W
2025/02/16 20:16:42.454, 74.05 W
2025/02/16 20:16:42.464, 74.05 W
2025/02/16 20:16:42.475, 74.05 W
2025/02/16 20:16:42.495, 74.05 W
2025/02/16 20:16:42.505, 74.05 W
2025/02/16 20:16:42.515, 74.05 W
2025/02/16 20:16:42.525, 74.05 W
2025/02/16 20:16:42.535, 74.05 W
2025/02/16 20:16:42.545, 74.05 W
2025/02/16 20:16:42.555, 74.05 W
2025/02/16 20:16:42.565, 74.05 W
2025/02/16 20:16:42.575, 74.05 W
2025/02/16 20:16:42.585, 74.05 W
2025/02/16 20:16:42.595, 74.05 W
2025/02/16 20:16:42.605, 74.05 W
2025/02/16 20:16:42.615, 74.05 W
2025/02/16 20:16:42.625, 74.05 W
2025/02/16 20:16:42.636, 74.05 W
2025/02/16 20:16:42.646, 74.05 W
2025/02/16 20:16:42.656, 73.76 W
2025/02/16 20:16:42.666, 73.76 W
2025/02/16 20:16:42.676, 73.76 W
2025/02/16 20:16:42.686, 73.76 W
2025/02/16 20:16:42.696, 73.76 W
2025/02/16 20:16:42.706, 73.76 W
2025/02/16 20:16:42.716, 73.76 W
2025/02/16 20:16:42.726, 73.76 W
2025/02/16 20:16:42.736, 73.76 W
2025/02/16 20:16:42.746, 73.76 W
2025/02/16 20:16:42.756, 73.76 W
2025/02/16 20:16:42.766, 73.76 W
2025/02/16 20:16:42.776, 73.76 W
2025/02/16 20:16:42.787, 73.76 W
2025/02/16 20:16:42.797, 73.76 W
2025/02/16 20:16:42.807, 73.76 W
2025/02/16 20:16:42.817, 73.76 W
2025/02/16 20:16:42.827, 73.76 W
2025/02/16 20:16:42.837, 73.76 W
2025/02/16 20:16:42.847, 73.76 W
2025/02/16 20:16:42.857, 73.76 W
2025/02/16 20:16:42.867, 73.76 W
2025/02/16 20:16:42.877, 73.76 W
2025/02/16 20:16:42.887, 73.76 W
2025/02/16 20:16:42.897, 73.76 W
2025/02/16 20:16:42.907, 73.76 W
2025/02/16 20:16:42.917, 73.76 W
2025/02/16 20:16:42.927, 73.76 W
2025/02/16 20:16:42.937, 73.76 W
2025/02/16 20:16:42.948, 73.76 W
2025/02/16 20:16:42.958, 73.76 W
2025/02/16 20:16:42.968, 73.76 W
2025/02/16 20:16:42.978, 73.76 W
2025/02/16 20:16:42.988, 73.76 W
2025/02/16 20:16:42.998, 73.76 W
2025/02/16 20:16:43.008, 73.76 W
2025/02/16 20:16:43.018, 73.76 W
2025/02/16 20:16:43.028, 73.76 W
2025/02/16 20:16:43.038, 73.76 W
2025/02/16 20:16:43.048, 73.76 W
2025/02/16 20:16:43.058, 73.76 W
2025/02/16 20:16:43.068, 73.76 W
2025/02/16 20:16:43.078, 73.76 W
2025/02/16 20:16:43.088, 73.76 W
2025/02/16 20:16:43.098, 73.76 W
2025/02/16 20:16:43.109, 73.76 W
2025/02/16 20:16:43.119, 73.76 W
2025/02/16 20:16:43.129, 73.76 W
2025/02/16 20:16:43.139, 73.76 W
2025/02/16 20:16:43.149, 73.76 W
2025/02/16 20:16:43.159, 73.76 W
2025/02/16 20:16:43.169, 73.76 W
2025/02/16 20:16:43.179, 73.76 W
2025/02/16 20:16:43.189, 73.76 W
2025/02/16 20:16:43.199, 73.76 W
2025/02/16 20:16:43.209, 73.76 W
2025/02/16 20:16:43.219, 73.76 W
2025/02/16 20:16:43.229, 73.76 W
2025/02/16 20:16:43.239, 73.76 W
2025/02/16 20:16:43.249, 73.76 W
2025/02/16 20:16:43.259, 73.76 W
2025/02/16 20:16:43.270, 73.76 W
2025/02/16 20:16:43.280, 73.76 W
2025/02/16 20:16:43.290, 73.76 W
2025/02/16 20:16:43.300, 73.76 W
2025/02/16 20:16:43.310, 73.76 W
2025/02/16 20:16:43.320, 73.76 W
2025/02/16 20:16:43.330, 73.76 W
2025/02/16 20:16:43.340, 73.76 W
2025/02/16 20:16:43.350, 73.76 W
2025/02/16 20:16:43.360, 73.76 W
2025/02/16 20:16:43.370, 73.76 W
2025/02/16 20:16:43.380, 73.76 W
2025/02/16 20:16:43.390, 73.76 W
2025/02/16 20:16:43.400, 73.76 W
2025/02/16 20:16:43.410, 73.76 W
2025/02/16 20:16:43.421, 73.76 W
2025/02/16 20:16:43.431, 73.76 W
2025/02/16 20:16:43.441, 73.76 W
2025/02/16 20:16:43.451, 73.76 W
2025/02/16 20:16:43.461, 73.76 W
2025/02/16 20:16:43.471, 73.76 W
2025/02/16 20:16:43.481, 73.76 W
2025/02/16 20:16:43.491, 73.76 W
2025/02/16 20:16:43.501, 73.76 W
2025/02/16 20:16:43.511, 73.76 W
2025/02/16 20:16:43.521, 73.76 W
2025/02/16 20:16:43.531, 73.76 W
2025/02/16 20:16:43.541, 73.76 W
2025/02/16 20:16:43.551, 73.76 W
2025/02/16 20:16:43.561, 73.76 W
2025/02/16 20:16:43.571, 73.76 W
2025/02/16 20:16:43.582, 73.76 W
2025/02/16 20:16:43.592, 73.76 W
2025/02/16 20:16:43.602, 73.76 W
2025/02/16 20:16:43.612, 73.76 W
2025/02/16 20:16:43.622, 73.76 W
2025/02/16 20:16:43.632, 73.76 W
2025/02/16 20:16:43.642, 73.76 W
2025/02/16 20:16:43.652, 73.76 W
2025/02/16 20:16:43.662, 73.76 W
2025/02/16 20:16:43.672, 73.76 W
2025/02/16 20:16:43.682, 73.76 W
2025/02/16 20:16:43.692, 73.76 W
2025/02/16 20:16:43.702, 73.76 W
2025/02/16 20:16:43.712, 73.76 W
2025/02/16 20:16:43.722, 73.76 W
2025/02/16 20:16:43.733, 73.76 W
2025/02/16 20:16:43.743, 73.76 W
2025/02/16 20:16:43.753, 73.76 W
2025/02/16 20:16:43.763, 73.76 W
2025/02/16 20:16:43.773, 73.76 W
2025/02/16 20:16:43.783, 73.76 W
2025/02/16 20:16:43.793, 73.76 W
2025/02/16 20:16:43.803, 73.76 W
2025/02/16 20:16:43.813, 73.76 W
2025/02/16 20:16:43.823, 73.76 W
2025/02/16 20:16:43.833, 73.76 W
2025/02/16 20:16:43.843, 73.76 W
2025/02/16 20:16:43.853, 73.76 W
2025/02/16 20:16:43.863, 73.76 W
2025/02/16 20:16:43.873, 73.76 W
2025/02/16 20:16:43.883, 73.76 W
2025/02/16 20:16:43.894, 73.76 W
2025/02/16 20:16:43.904, 73.76 W
2025/02/16 20:16:43.914, 73.76 W
2025/02/16 20:16:43.924, 73.76 W
2025/02/16 20:16:43.934, 73.76 W
2025/02/16 20:16:43.944, 73.76 W
2025/02/16 20:16:43.954, 73.76 W
2025/02/16 20:16:43.964, 73.76 W
2025/02/16 20:16:43.974, 73.76 W
2025/02/16 20:16:43.984, 73.76 W
2025/02/16 20:16:43.994, 73.76 W
2025/02/16 20:16:44.004, 73.76 W
2025/02/16 20:16:44.014, 73.76 W
2025/02/16 20:16:44.024, 73.76 W
2025/02/16 20:16:44.034, 73.76 W
2025/02/16 20:16:44.044, 73.76 W
2025/02/16 20:16:44.055, 73.76 W
2025/02/16 20:16:44.065, 73.76 W
2025/02/16 20:16:44.075, 73.76 W
2025/02/16 20:16:44.085, 73.76 W
2025/02/16 20:16:44.095, 73.76 W
2025/02/16 20:16:44.105, 73.76 W
2025/02/16 20:16:44.115, 73.76 W
2025/02/16 20:16:44.125, 73.76 W
2025/02/16 20:16:44.135, 73.76 W
2025/02/16 20:16:44.145, 73.76 W
2025/02/16 20:16:44.155, 73.76 W
2025/02/16 20:16:44.165, 73.76 W
2025/02/16 20:16:44.175, 73.76 W
2025/02/16 20:16:44.185, 73.76 W
2025/02/16 20:16:44.195, 73.76 W
2025/02/16 20:16:44.205, 73.76 W
2025/02/16 20:16:44.216, 73.76 W
2025/02/16 20:16:44.226, 73.76 W
2025/02/16 20:16:44.236, 73.76 W
2025/02/16 20:16:44.246, 73.76 W
2025/02/16 20:16:44.256, 73.76 W
2025/02/16 20:16:44.266, 73.76 W
2025/02/16 20:16:44.276, 73.76 W
2025/02/16 20:16:44.286, 73.76 W
2025/02/16 20:16:44.296, 73.76 W
2025/02/16 20:16:44.306, 73.76 W
2025/02/16 20:16:44.316, 73.76 W
2025/02/16 20:16:44.326, 73.76 W
2025/02/16 20:16:44.336, 73.76 W
2025/02/16 20:16:44.346, 73.76 W
2025/02/16 20:16:44.356, 73.76 W
2025/02/16 20:16:44.367, 73.76 W
2025/02/16 20:16:44.377, 73.76 W
2025/02/16 20:16:44.387, 73.76 W
2025/02/16 20:16:44.397, 73.76 W
2025/02/16 20:16:44.407, 73.76 W
2025/02/16 20:16:44.417, 73.76 W
2025/02/16 20:16:44.427, 73.76 W
2025/02/16 20:16:44.437, 73.76 W
2025/02/16 20:16:44.447, 73.76 W
2025/02/16 20:16:44.457, 73.76 W
2025/02/16 20:16:44.467, 73.76 W
2025/02/16 20:16:44.477, 73.76 W
2025/02/16 20:16:44.487, 73.76 W
2025/02/16 20:16:44.497, 73.76 W
2025/02/16 20:16:44.507, 73.76 W
2025/02/16 20:16:44.517, 73.76 W
2025/02/16 20:16:44.528, 73.76 W
2025/02/16 20:16:44.538, 73.76 W
2025/02/16 20:16:44.548, 73.76 W
2025/02/16 20:16:44.558, 73.76 W
2025/02/16 20:16:44.568, 73.76 W
2025/02/16 20:16:44.578, 73.76 W
2025/02/16 20:16:44.588, 73.76 W
2025/02/16 20:16:44.598, 73.76 W
2025/02/16 20:16:44.608, 73.76 W
2025/02/16 20:16:44.618, 73.76 W
2025/02/16 20:16:44.628, 73.76 W
2025/02/16 20:16:44.638, 73.76 W
2025/02/16 20:16:44.648, 73.76 W
2025/02/16 20:16:44.658, 73.76 W
2025/02/16 20:16:44.668, 73.76 W
2025/02/16 20:16:44.678, 73.76 W
2025/02/16 20:16:44.689, 73.76 W
2025/02/16 20:16:44.699, 73.76 W
2025/02/16 20:16:44.709, 73.76 W
2025/02/16 20:16:44.719, 73.76 W
2025/02/16 20:16:44.729, 73.76 W
2025/02/16 20:16:44.739, 73.76 W
2025/02/16 20:16:44.749, 73.76 W
2025/02/16 20:16:44.759, 73.76 W
2025/02/16 20:16:44.769, 73.76 W
2025/02/16 20:16:44.779, 73.76 W
2025/02/16 20:16:44.789, 73.76 W
2025/02/16 20:16:44.799, 73.76 W
2025/02/16 20:16:44.809, 73.76 W
2025/02/16 20:16:44.819, 73.76 W
2025/02/16 20:16:44.829, 73.76 W
2025/02/16 20:16:44.839, 73.76 W
2025/02/16 20:16:44.850, 73.76 W
2025/02/16 20:16:44.860, 73.76 W
2025/02/16 20:16:44.870, 73.76 W
2025/02/16 20:16:44.880, 73.76 W
2025/02/16 20:16:44.890, 73.76 W
2025/02/16 20:16:44.900, 73.76 W
2025/02/16 20:16:44.910, 73.76 W
2025/02/16 20:16:44.920, 73.76 W
2025/02/16 20:16:44.930, 73.76 W
2025/02/16 20:16:44.940, 73.76 W
2025/02/16 20:16:44.950, 73.76 W
2025/02/16 20:16:44.960, 73.76 W
2025/02/16 20:16:44.970, 73.76 W
2025/02/16 20:16:44.980, 73.76 W
2025/02/16 20:16:44.990, 73.76 W
2025/02/16 20:16:45.001, 73.76 W
2025/02/16 20:16:45.011, 73.76 W
2025/02/16 20:16:45.021, 73.76 W
2025/02/16 20:16:45.031, 73.76 W
2025/02/16 20:16:45.041, 73.76 W
2025/02/16 20:16:45.051, 73.76 W
2025/02/16 20:16:45.061, 73.76 W
2025/02/16 20:16:45.071, 73.76 W
2025/02/16 20:16:45.081, 73.76 W
2025/02/16 20:16:45.091, 73.76 W
2025/02/16 20:16:45.101, 73.76 W
2025/02/16 20:16:45.111, 73.76 W
2025/02/16 20:16:45.121, 73.76 W
2025/02/16 20:16:45.131, 73.76 W
2025/02/16 20:16:45.141, 73.76 W
2025/02/16 20:16:45.151, 73.76 W
2025/02/16 20:16:45.162, 73.76 W
2025/02/16 20:16:45.172, 73.76 W
2025/02/16 20:16:45.182, 73.76 W
2025/02/16 20:16:45.192, 73.76 W
2025/02/16 20:16:45.202, 73.76 W
2025/02/16 20:16:45.212, 73.76 W
2025/02/16 20:16:45.222, 73.76 W
2025/02/16 20:16:45.232, 73.76 W
2025/02/16 20:16:45.242, 73.76 W
2025/02/16 20:16:45.252, 73.76 W
2025/02/16 20:16:45.262, 73.76 W
2025/02/16 20:16:45.272, 73.76 W
2025/02/16 20:16:45.282, 73.76 W
2025/02/16 20:16:45.292, 73.76 W
2025/02/16 20:16:45.302, 73.76 W
2025/02/16 20:16:45.312, 73.76 W
2025/02/16 20:16:45.323, 73.76 W
2025/02/16 20:16:45.333, 73.76 W
2025/02/16 20:16:45.343, 73.76 W
2025/02/16 20:16:45.353, 73.76 W
2025/02/16 20:16:45.363, 73.76 W
2025/02/16 20:16:45.373, 73.76 W
2025/02/16 20:16:45.383, 73.76 W
2025/02/16 20:16:45.393, 73.76 W
2025/02/16 20:16:45.403, 73.76 W
2025/02/16 20:16:45.413, 73.76 W
2025/02/16 20:16:45.423, 73.76 W
2025/02/16 20:16:45.433, 73.76 W
2025/02/16 20:16:45.443, 73.76 W
2025/02/16 20:16:45.453, 73.76 W
2025/02/16 20:16:45.463, 73.76 W
2025/02/16 20:16:45.474, 73.76 W
2025/02/16 20:16:45.484, 73.76 W
2025/02/16 20:16:45.494, 73.76 W
2025/02/16 20:16:45.504, 73.76 W
2025/02/16 20:16:45.514, 73.76 W
2025/02/16 20:16:45.524, 73.76 W
2025/02/16 20:16:45.534, 73.76 W
2025/02/16 20:16:45.544, 73.76 W
2025/02/16 20:16:45.554, 73.76 W
2025/02/16 20:16:45.564, 73.76 W
2025/02/16 20:16:45.574, 73.76 W
2025/02/16 20:16:45.584, 73.76 W
2025/02/16 20:16:45.594, 73.76 W
2025/02/16 20:16:45.604, 73.76 W
2025/02/16 20:16:45.614, 73.76 W
2025/02/16 20:16:45.624, 73.76 W
2025/02/16 20:16:45.635, 73.76 W
2025/02/16 20:16:45.645, 73.76 W
2025/02/16 20:16:45.655, 73.76 W
2025/02/16 20:16:45.665, 73.76 W
2025/02/16 20:16:45.675, 73.76 W
2025/02/16 20:16:45.685, 73.76 W
2025/02/16 20:16:45.695, 73.76 W
2025/02/16 20:16:45.705, 73.76 W
2025/02/16 20:16:45.715, 73.76 W
2025/02/16 20:16:45.725, 73.76 W
2025/02/16 20:16:45.735, 73.76 W
2025/02/16 20:16:45.745, 73.76 W
2025/02/16 20:16:45.755, 73.76 W
2025/02/16 20:16:45.765, 73.76 W
2025/02/16 20:16:45.775, 73.76 W
2025/02/16 20:16:45.785, 73.76 W
2025/02/16 20:16:45.796, 73.76 W
2025/02/16 20:16:45.806, 73.76 W
2025/02/16 20:16:45.816, 73.76 W
2025/02/16 20:16:45.826, 73.76 W
2025/02/16 20:16:45.836, 73.76 W
2025/02/16 20:16:45.846, 73.76 W
2025/02/16 20:16:45.856, 73.76 W
2025/02/16 20:16:45.866, 73.76 W
2025/02/16 20:16:45.876, 73.76 W
2025/02/16 20:16:45.886, 73.76 W
2025/02/16 20:16:45.896, 73.76 W
2025/02/16 20:16:45.906, 73.76 W
2025/02/16 20:16:45.916, 73.76 W
2025/02/16 20:16:45.926, 73.76 W
2025/02/16 20:16:45.936, 73.76 W
2025/02/16 20:16:45.946, 73.76 W
2025/02/16 20:16:45.957, 73.76 W
2025/02/16 20:16:45.967, 73.76 W
2025/02/16 20:16:45.977, 73.76 W
2025/02/16 20:16:45.987, 73.76 W
2025/02/16 20:16:45.997, 73.76 W
2025/02/16 20:16:46.007, 73.76 W
2025/02/16 20:16:46.017, 73.76 W
2025/02/16 20:16:46.027, 73.76 W
2025/02/16 20:16:46.037, 73.76 W
2025/02/16 20:16:46.047, 73.76 W
2025/02/16 20:16:46.057, 73.76 W
2025/02/16 20:16:46.067, 73.76 W
2025/02/16 20:16:46.077, 73.76 W
2025/02/16 20:16:46.087, 73.76 W
2025/02/16 20:16:46.097, 73.76 W
2025/02/16 20:16:46.108, 73.76 W
2025/02/16 20:16:46.118, 73.76 W
2025/02/16 20:16:46.128, 73.76 W
2025/02/16 20:16:46.138, 73.76 W
2025/02/16 20:16:46.148, 73.76 W
2025/02/16 20:16:46.158, 73.76 W
2025/02/16 20:16:46.168, 73.76 W
2025/02/16 20:16:46.178, 73.76 W
2025/02/16 20:16:46.188, 73.76 W
2025/02/16 20:16:46.198, 73.76 W
2025/02/16 20:16:46.208, 73.76 W
2025/02/16 20:16:46.218, 73.76 W
2025/02/16 20:16:46.228, 73.76 W
2025/02/16 20:16:46.238, 73.76 W
2025/02/16 20:16:46.248, 73.76 W
2025/02/16 20:16:46.258, 73.76 W
2025/02/16 20:16:46.269, 73.76 W
2025/02/16 20:16:46.279, 73.76 W
2025/02/16 20:16:46.289, 73.76 W
2025/02/16 20:16:46.299, 73.76 W
2025/02/16 20:16:46.309, 73.76 W
2025/02/16 20:16:46.319, 73.76 W
2025/02/16 20:16:46.329, 73.76 W
2025/02/16 20:16:46.339, 73.76 W
2025/02/16 20:16:46.349, 73.76 W
2025/02/16 20:16:46.359, 73.76 W
2025/02/16 20:16:46.369, 73.76 W
2025/02/16 20:16:46.379, 73.76 W
2025/02/16 20:16:46.389, 73.76 W
2025/02/16 20:16:46.399, 73.76 W
2025/02/16 20:16:46.409, 73.76 W
2025/02/16 20:16:46.419, 73.76 W
2025/02/16 20:16:46.430, 73.76 W
2025/02/16 20:16:46.440, 73.76 W
2025/02/16 20:16:46.450, 73.76 W
2025/02/16 20:16:46.460, 73.76 W
2025/02/16 20:16:46.470, 73.76 W
2025/02/16 20:16:46.480, 73.76 W
2025/02/16 20:16:46.490, 73.76 W
2025/02/16 20:16:46.500, 73.76 W
2025/02/16 20:16:46.510, 73.76 W
2025/02/16 20:16:46.520, 73.76 W
2025/02/16 20:16:46.530, 73.76 W
2025/02/16 20:16:46.540, 73.76 W
2025/02/16 20:16:46.550, 73.76 W
2025/02/16 20:16:46.560, 73.76 W
2025/02/16 20:16:46.570, 73.76 W
2025/02/16 20:16:46.580, 73.76 W
2025/02/16 20:16:46.591, 73.76 W
2025/02/16 20:16:46.601, 73.76 W
2025/02/16 20:16:46.611, 73.76 W
2025/02/16 20:16:46.621, 73.76 W
2025/02/16 20:16:46.631, 73.76 W
2025/02/16 20:16:46.641, 73.76 W
2025/02/16 20:16:46.651, 73.76 W
2025/02/16 20:16:46.661, 73.76 W
2025/02/16 20:16:46.671, 73.76 W
2025/02/16 20:16:46.681, 73.76 W
2025/02/16 20:16:46.691, 73.76 W
2025/02/16 20:16:46.701, 73.76 W
2025/02/16 20:16:46.711, 73.76 W
2025/02/16 20:16:46.721, 73.76 W
2025/02/16 20:16:46.731, 73.76 W
2025/02/16 20:16:46.741, 73.76 W
2025/02/16 20:16:46.752, 73.76 W
2025/02/16 20:16:46.762, 73.76 W
2025/02/16 20:16:46.772, 73.76 W
2025/02/16 20:16:46.782, 73.76 W
2025/02/16 20:16:46.792, 73.76 W
2025/02/16 20:16:46.802, 73.76 W
2025/02/16 20:16:46.812, 73.76 W
2025/02/16 20:16:46.822, 73.76 W
2025/02/16 20:16:46.832, 73.76 W
2025/02/16 20:16:46.842, 73.76 W
2025/02/16 20:16:46.852, 73.76 W
2025/02/16 20:16:46.862, 73.76 W
2025/02/16 20:16:46.872, 73.76 W
2025/02/16 20:16:46.882, 73.76 W
2025/02/16 20:16:46.892, 73.76 W
2025/02/16 20:16:46.902, 73.76 W
2025/02/16 20:16:46.913, 73.76 W
2025/02/16 20:16:46.923, 73.76 W
2025/02/16 20:16:46.933, 73.76 W
2025/02/16 20:16:46.943, 73.76 W
2025/02/16 20:16:46.953, 73.76 W
2025/02/16 20:16:46.963, 73.76 W
2025/02/16 20:16:46.973, 73.76 W
2025/02/16 20:16:46.983, 73.76 W
2025/02/16 20:16:46.993, 73.76 W
2025/02/16 20:16:47.003, 73.76 W
2025/02/16 20:16:47.013, 73.76 W
2025/02/16 20:16:47.023, 73.76 W
2025/02/16 20:16:47.033, 73.76 W
2025/02/16 20:16:47.043, 73.76 W
2025/02/16 20:16:47.053, 73.76 W
2025/02/16 20:16:47.064, 73.76 W
2025/02/16 20:16:47.074, 73.76 W
2025/02/16 20:16:47.084, 73.76 W
2025/02/16 20:16:47.094, 73.76 W
2025/02/16 20:16:47.104, 73.76 W
2025/02/16 20:16:47.114, 73.76 W
2025/02/16 20:16:47.124, 73.76 W
2025/02/16 20:16:47.134, 73.76 W
2025/02/16 20:16:47.144, 73.76 W
2025/02/16 20:16:47.154, 73.76 W
2025/02/16 20:16:47.164, 73.76 W
2025/02/16 20:16:47.174, 73.76 W
2025/02/16 20:16:47.184, 73.76 W
2025/02/16 20:16:47.194, 73.76 W
2025/02/16 20:16:47.204, 73.76 W
2025/02/16 20:16:47.214, 73.76 W
2025/02/16 20:16:47.225, 73.76 W
2025/02/16 20:16:47.235, 73.76 W
2025/02/16 20:16:47.245, 73.46 W
2025/02/16 20:16:47.255, 73.46 W
2025/02/16 20:16:47.265, 73.46 W
2025/02/16 20:16:47.275, 73.46 W
2025/02/16 20:16:47.285, 73.46 W
2025/02/16 20:16:47.295, 73.46 W
2025/02/16 20:16:47.305, 73.46 W
2025/02/16 20:16:47.315, 73.46 W
2025/02/16 20:16:47.325, 73.46 W
2025/02/16 20:16:47.335, 73.46 W
2025/02/16 20:16:47.345, 73.46 W
2025/02/16 20:16:47.355, 73.46 W
2025/02/16 20:16:47.365, 72.69 W
2025/02/16 20:16:47.376, 72.69 W
2025/02/16 20:16:47.386, 72.69 W
2025/02/16 20:16:47.396, 72.69 W
2025/02/16 20:16:47.406, 72.69 W
2025/02/16 20:16:47.416, 72.69 W
2025/02/16 20:16:47.426, 72.69 W
2025/02/16 20:16:47.436, 72.69 W
2025/02/16 20:16:47.446, 72.69 W
2025/02/16 20:16:47.456, 72.69 W
2025/02/16 20:16:47.466, 72.39 W
2025/02/16 20:16:47.476, 72.39 W
2025/02/16 20:16:47.486, 72.39 W
2025/02/16 20:16:47.496, 72.39 W
2025/02/16 20:16:47.506, 72.39 W
2025/02/16 20:16:47.516, 72.39 W
2025/02/16 20:16:47.527, 72.39 W
2025/02/16 20:16:47.537, 72.39 W
2025/02/16 20:16:47.547, 72.39 W
2025/02/16 20:16:47.557, 72.69 W
2025/02/16 20:16:47.567, 72.69 W
2025/02/16 20:16:47.577, 72.69 W
2025/02/16 20:16:47.587, 72.69 W
2025/02/16 20:16:47.597, 72.69 W
2025/02/16 20:16:47.607, 72.69 W
2025/02/16 20:16:47.617, 72.69 W
2025/02/16 20:16:47.627, 72.69 W
2025/02/16 20:16:47.637, 72.69 W
2025/02/16 20:16:47.647, 72.69 W
2025/02/16 20:16:47.657, 72.39 W
2025/02/16 20:16:47.667, 72.39 W
2025/02/16 20:16:47.677, 72.39 W
2025/02/16 20:16:47.688, 72.39 W
2025/02/16 20:16:47.698, 72.39 W
2025/02/16 20:16:47.708, 72.39 W
2025/02/16 20:16:47.718, 72.39 W
2025/02/16 20:16:47.728, 72.39 W
2025/02/16 20:16:47.738, 72.39 W
2025/02/16 20:16:47.748, 72.39 W
2025/02/16 20:16:47.758, 72.39 W
2025/02/16 20:16:47.768, 72.39 W
2025/02/16 20:16:47.778, 72.69 W
2025/02/16 20:16:47.788, 72.69 W
2025/02/16 20:16:47.798, 72.69 W
2025/02/16 20:16:47.808, 72.69 W
2025/02/16 20:16:47.818, 72.69 W
2025/02/16 20:16:47.828, 72.69 W
2025/02/16 20:16:47.839, 72.69 W
2025/02/16 20:16:47.849, 72.69 W
2025/02/16 20:16:47.859, 72.69 W
2025/02/16 20:16:47.869, 72.69 W
2025/02/16 20:16:47.879, 72.69 W
2025/02/16 20:16:47.889, 72.69 W
2025/02/16 20:16:47.899, 72.69 W
2025/02/16 20:16:47.909, 72.69 W
2025/02/16 20:16:47.919, 72.69 W
2025/02/16 20:16:47.929, 72.69 W
2025/02/16 20:16:47.939, 72.69 W
2025/02/16 20:16:47.949, 72.69 W
2025/02/16 20:16:47.959, 72.69 W
2025/02/16 20:16:47.969, 72.69 W
2025/02/16 20:16:47.980, 72.69 W
2025/02/16 20:16:47.990, 72.69 W
2025/02/16 20:16:48.000, 72.69 W
2025/02/16 20:16:48.010, 72.69 W
2025/02/16 20:16:48.020, 72.69 W
2025/02/16 20:16:48.030, 72.69 W
2025/02/16 20:16:48.040, 72.69 W
2025/02/16 20:16:48.050, 72.69 W
2025/02/16 20:16:48.060, 72.69 W
2025/02/16 20:16:48.070, 72.69 W
2025/02/16 20:16:48.080, 72.69 W
2025/02/16 20:16:48.090, 72.69 W
2025/02/16 20:16:48.100, 72.69 W
2025/02/16 20:16:48.110, 72.69 W
2025/02/16 20:16:48.121, 72.69 W
2025/02/16 20:16:48.131, 72.69 W
2025/02/16 20:16:48.141, 72.69 W
2025/02/16 20:16:48.151, 72.69 W
2025/02/16 20:16:48.161, 72.69 W
2025/02/16 20:16:48.171, 72.69 W
2025/02/16 20:16:48.181, 72.69 W
2025/02/16 20:16:48.191, 72.69 W
2025/02/16 20:16:48.201, 72.69 W
2025/02/16 20:16:48.211, 72.69 W
2025/02/16 20:16:48.221, 72.69 W
2025/02/16 20:16:48.231, 72.69 W
2025/02/16 20:16:48.241, 72.69 W
2025/02/16 20:16:48.251, 72.69 W
2025/02/16 20:16:48.261, 72.69 W
2025/02/16 20:16:48.272, 72.69 W
2025/02/16 20:16:48.282, 72.69 W
2025/02/16 20:16:48.292, 72.69 W
2025/02/16 20:16:48.302, 72.69 W
2025/02/16 20:16:48.312, 72.69 W
2025/02/16 20:16:48.322, 72.69 W
2025/02/16 20:16:48.332, 72.69 W
2025/02/16 20:16:48.342, 72.69 W
2025/02/16 20:16:48.352, 72.69 W
2025/02/16 20:16:48.362, 72.69 W
2025/02/16 20:16:48.372, 72.69 W
2025/02/16 20:16:48.382, 72.69 W
2025/02/16 20:16:48.392, 72.69 W
2025/02/16 20:16:48.403, 72.69 W
2025/02/16 20:16:48.413, 72.69 W
2025/02/16 20:16:48.423, 72.69 W
2025/02/16 20:16:48.433, 72.69 W
2025/02/16 20:16:48.443, 72.69 W
2025/02/16 20:16:48.453, 72.69 W
2025/02/16 20:16:48.463, 72.69 W
2025/02/16 20:16:48.473, 72.69 W
2025/02/16 20:16:48.483, 72.69 W
2025/02/16 20:16:48.493, 74.05 W
2025/02/16 20:16:48.503, 74.05 W
2025/02/16 20:16:48.513, 74.05 W
2025/02/16 20:16:48.523, 74.05 W
2025/02/16 20:16:48.533, 74.05 W
2025/02/16 20:16:48.544, 74.05 W
2025/02/16 20:16:48.554, 74.05 W
2025/02/16 20:16:48.564, 74.05 W
2025/02/16 20:16:48.574, 72.69 W
2025/02/16 20:16:48.584, 72.69 W
2025/02/16 20:16:48.594, 72.69 W
2025/02/16 20:16:48.604, 72.69 W
2025/02/16 20:16:48.614, 72.69 W
2025/02/16 20:16:48.624, 72.69 W
2025/02/16 20:16:48.634, 72.69 W
2025/02/16 20:16:48.644, 72.69 W
2025/02/16 20:16:48.654, 72.69 W
2025/02/16 20:16:48.664, 72.69 W
2025/02/16 20:16:48.674, 72.69 W
2025/02/16 20:16:48.685, 72.69 W
2025/02/16 20:16:48.695, 72.69 W
2025/02/16 20:16:48.705, 72.69 W
2025/02/16 20:16:48.715, 72.69 W
2025/02/16 20:16:48.725, 72.69 W
2025/02/16 20:16:48.735, 72.69 W
2025/02/16 20:16:48.745, 72.69 W
2025/02/16 20:16:48.755, 72.69 W
2025/02/16 20:16:48.765, 72.69 W
2025/02/16 20:16:48.775, 72.69 W
2025/02/16 20:16:48.785, 74.58 W
2025/02/16 20:16:48.795, 74.58 W
2025/02/16 20:16:48.805, 74.58 W
2025/02/16 20:16:48.815, 74.58 W
2025/02/16 20:16:48.825, 74.58 W
2025/02/16 20:16:48.836, 74.58 W
2025/02/16 20:16:48.846, 74.58 W
2025/02/16 20:16:48.856, 74.58 W
2025/02/16 20:16:48.866, 74.58 W
2025/02/16 20:16:48.876, 74.58 W
2025/02/16 20:16:48.886, 74.58 W
2025/02/16 20:16:48.896, 74.29 W
2025/02/16 20:16:48.906, 74.29 W
2025/02/16 20:16:48.916, 74.29 W
2025/02/16 20:16:48.926, 74.29 W
2025/02/16 20:16:48.936, 74.29 W
2025/02/16 20:16:48.946, 74.29 W
2025/02/16 20:16:48.956, 74.29 W
2025/02/16 20:16:48.966, 74.29 W
2025/02/16 20:16:48.976, 74.29 W
2025/02/16 20:16:48.987, 72.69 W
2025/02/16 20:16:48.997, 72.69 W
2025/02/16 20:16:49.007, 72.69 W
2025/02/16 20:16:49.017, 72.69 W
2025/02/16 20:16:49.027, 72.69 W
2025/02/16 20:16:49.037, 72.69 W
2025/02/16 20:16:49.047, 72.69 W
2025/02/16 20:16:49.057, 72.69 W
2025/02/16 20:16:49.067, 72.69 W
2025/02/16 20:16:49.077, 72.69 W
2025/02/16 20:16:49.087, 72.39 W
2025/02/16 20:16:49.097, 72.39 W
2025/02/16 20:16:49.107, 72.39 W
2025/02/16 20:16:49.117, 72.39 W
2025/02/16 20:16:49.128, 72.39 W
2025/02/16 20:16:49.138, 72.39 W
2025/02/16 20:16:49.148, 72.39 W
2025/02/16 20:16:49.158, 72.39 W
2025/02/16 20:16:49.168, 72.39 W
2025/02/16 20:16:49.178, 72.39 W
2025/02/16 20:16:49.188, 72.39 W
2025/02/16 20:16:49.198, 72.39 W
2025/02/16 20:16:49.208, 72.69 W
2025/02/16 20:16:49.218, 72.69 W
2025/02/16 20:16:49.228, 72.69 W
2025/02/16 20:16:49.238, 72.69 W
2025/02/16 20:16:49.248, 72.69 W
2025/02/16 20:16:49.259, 72.69 W
2025/02/16 20:16:49.269, 72.69 W
2025/02/16 20:16:49.279, 72.69 W
2025/02/16 20:16:49.289, 72.69 W
2025/02/16 20:16:49.299, 72.69 W
2025/02/16 20:16:49.309, 72.69 W
2025/02/16 20:16:49.319, 72.69 W
2025/02/16 20:16:49.329, 72.69 W
2025/02/16 20:16:49.339, 72.69 W
2025/02/16 20:16:49.349, 72.69 W
2025/02/16 20:16:49.359, 72.69 W
2025/02/16 20:16:49.369, 72.69 W
2025/02/16 20:16:49.379, 72.69 W
2025/02/16 20:16:49.389, 72.69 W
2025/02/16 20:16:49.400, 72.69 W
2025/02/16 20:16:49.410, 72.69 W
2025/02/16 20:16:49.420, 72.69 W
2025/02/16 20:16:49.430, 72.69 W
2025/02/16 20:16:49.440, 72.69 W
2025/02/16 20:16:49.450, 72.69 W
2025/02/16 20:16:49.460, 72.69 W
2025/02/16 20:16:49.470, 72.69 W
2025/02/16 20:16:49.480, 72.69 W
2025/02/16 20:16:49.490, 72.69 W
2025/02/16 20:16:49.500, 72.69 W
2025/02/16 20:16:49.510, 72.39 W
2025/02/16 20:16:49.520, 72.39 W
2025/02/16 20:16:49.530, 72.39 W
2025/02/16 20:16:49.541, 72.39 W
2025/02/16 20:16:49.551, 72.39 W
2025/02/16 20:16:49.561, 72.39 W
2025/02/16 20:16:49.571, 72.39 W
2025/02/16 20:16:49.581, 72.39 W
2025/02/16 20:16:49.591, 72.39 W
2025/02/16 20:16:49.601, 72.39 W
2025/02/16 20:16:49.611, 72.39 W
2025/02/16 20:16:49.621, 72.39 W
2025/02/16 20:16:49.631, 72.39 W
2025/02/16 20:16:49.641, 72.39 W
2025/02/16 20:16:49.651, 72.39 W
2025/02/16 20:16:49.661, 72.39 W
2025/02/16 20:16:49.671, 72.39 W
2025/02/16 20:16:49.682, 72.39 W
2025/02/16 20:16:49.692, 72.39 W
2025/02/16 20:16:49.702, 72.69 W
2025/02/16 20:16:49.712, 72.69 W
2025/02/16 20:16:49.722, 72.69 W
2025/02/16 20:16:49.732, 72.69 W
2025/02/16 20:16:49.742, 72.69 W
2025/02/16 20:16:49.752, 72.69 W
2025/02/16 20:16:49.762, 72.69 W
2025/02/16 20:16:49.772, 72.69 W
2025/02/16 20:16:49.782, 72.69 W
2025/02/16 20:16:49.792, 72.69 W
2025/02/16 20:16:49.802, 72.69 W
2025/02/16 20:16:49.812, 72.69 W
2025/02/16 20:16:49.822, 72.39 W
2025/02/16 20:16:49.833, 72.39 W
2025/02/16 20:16:49.843, 72.39 W
2025/02/16 20:16:49.853, 72.39 W
2025/02/16 20:16:49.863, 72.39 W
2025/02/16 20:16:49.873, 72.39 W
2025/02/16 20:16:49.883, 72.39 W
2025/02/16 20:16:49.893, 72.39 W
2025/02/16 20:16:49.903, 72.39 W
2025/02/16 20:16:49.913, 72.39 W
2025/02/16 20:16:49.923, 72.39 W
2025/02/16 20:16:49.933, 72.39 W
2025/02/16 20:16:49.943, 72.39 W
2025/02/16 20:16:49.953, 72.39 W
2025/02/16 20:16:49.963, 72.39 W
2025/02/16 20:16:49.973, 72.39 W
2025/02/16 20:16:49.984, 72.39 W
2025/02/16 20:16:49.994, 72.39 W
2025/02/16 20:16:50.004, 72.39 W
2025/02/16 20:16:50.014, 72.39 W
2025/02/16 20:16:50.024, 72.39 W
2025/02/16 20:16:50.034, 72.39 W
2025/02/16 20:16:50.044, 72.39 W
2025/02/16 20:16:50.054, 72.39 W
2025/02/16 20:16:50.064, 72.39 W
2025/02/16 20:16:50.074, 72.39 W
2025/02/16 20:16:50.084, 72.39 W
2025/02/16 20:16:50.094, 72.39 W
2025/02/16 20:16:50.104, 72.39 W
2025/02/16 20:16:50.114, 72.39 W
2025/02/16 20:16:50.124, 72.39 W
2025/02/16 20:16:50.135, 72.39 W
2025/02/16 20:16:50.145, 72.39 W
2025/02/16 20:16:50.155, 72.39 W
2025/02/16 20:16:50.165, 72.39 W
2025/02/16 20:16:50.175, 72.39 W
2025/02/16 20:16:50.185, 72.39 W
2025/02/16 20:16:50.195, 72.39 W
2025/02/16 20:16:50.205, 72.39 W
2025/02/16 20:16:50.215, 72.39 W
2025/02/16 20:16:50.225, 72.39 W
2025/02/16 20:16:50.235, 72.39 W
2025/02/16 20:16:50.245, 72.39 W
2025/02/16 20:16:50.255, 72.39 W
2025/02/16 20:16:50.265, 72.39 W
2025/02/16 20:16:50.275, 72.39 W
2025/02/16 20:16:50.285, 72.39 W
2025/02/16 20:16:50.296, 72.39 W
2025/02/16 20:16:50.306, 72.39 W
2025/02/16 20:16:50.316, 72.39 W
2025/02/16 20:16:50.326, 72.39 W
2025/02/16 20:16:50.336, 72.39 W
2025/02/16 20:16:50.346, 72.39 W
2025/02/16 20:16:50.356, 72.39 W
2025/02/16 20:16:50.366, 72.39 W
2025/02/16 20:16:50.376, 72.39 W
2025/02/16 20:16:50.386, 72.39 W
2025/02/16 20:16:50.396, 72.39 W
2025/02/16 20:16:50.406, 72.39 W
2025/02/16 20:16:50.416, 72.39 W
2025/02/16 20:16:50.426, 72.39 W
2025/02/16 20:16:50.436, 72.69 W
2025/02/16 20:16:50.447, 72.69 W
2025/02/16 20:16:50.457, 72.69 W
2025/02/16 20:16:50.467, 72.69 W
2025/02/16 20:16:50.477, 72.69 W
2025/02/16 20:16:50.487, 72.69 W
2025/02/16 20:16:50.497, 72.69 W
2025/02/16 20:16:50.507, 72.69 W
2025/02/16 20:16:50.517, 72.69 W
2025/02/16 20:16:50.527, 72.69 W
2025/02/16 20:16:50.537, 72.69 W
2025/02/16 20:16:50.547, 62.11 W
2025/02/16 20:16:50.557, 62.11 W
2025/02/16 20:16:50.567, 62.11 W
2025/02/16 20:16:50.577, 62.11 W
2025/02/16 20:16:50.587, 62.11 W
2025/02/16 20:16:50.597, 62.11 W
2025/02/16 20:16:50.608, 62.11 W
2025/02/16 20:16:50.618, 62.11 W
2025/02/16 20:16:50.628, 61.82 W
2025/02/16 20:16:50.638, 61.82 W
2025/02/16 20:16:50.648, 61.82 W
2025/02/16 20:16:50.658, 61.82 W
2025/02/16 20:16:50.668, 61.82 W
2025/02/16 20:16:50.678, 61.82 W
2025/02/16 20:16:50.688, 61.82 W
2025/02/16 20:16:50.698, 61.82 W
2025/02/16 20:16:50.708, 61.82 W
2025/02/16 20:16:50.718, 61.82 W
2025/02/16 20:16:50.728, 61.82 W
2025/02/16 20:16:50.738, 61.82 W
2025/02/16 20:16:50.748, 61.82 W
2025/02/16 20:16:50.759, 61.82 W
2025/02/16 20:16:50.769, 61.82 W
2025/02/16 20:16:50.779, 61.82 W
2025/02/16 20:16:50.789, 61.82 W
2025/02/16 20:16:50.799, 61.82 W
2025/02/16 20:16:50.809, 61.82 W
