timestamp, power.draw [W]
2025/02/16 20:22:06.944, 61.28 W
2025/02/16 20:22:06.957, 61.28 W
2025/02/16 20:22:06.967, 61.28 W
2025/02/16 20:22:06.977, 61.28 W
2025/02/16 20:22:06.987, 61.28 W
2025/02/16 20:22:06.997, 61.28 W
2025/02/16 20:22:07.007, 61.28 W
2025/02/16 20:22:07.017, 61.28 W
2025/02/16 20:22:07.027, 61.28 W
2025/02/16 20:22:07.037, 61.28 W
2025/02/16 20:22:07.047, 61.28 W
2025/02/16 20:22:07.057, 61.28 W
2025/02/16 20:22:07.067, 61.28 W
2025/02/16 20:22:07.077, 61.28 W
2025/02/16 20:22:07.088, 61.28 W
2025/02/16 20:22:07.098, 61.28 W
2025/02/16 20:22:07.108, 61.28 W
2025/02/16 20:22:07.118, 61.28 W
2025/02/16 20:22:07.128, 61.28 W
2025/02/16 20:22:07.138, 61.28 W
2025/02/16 20:22:07.148, 61.28 W
2025/02/16 20:22:07.158, 61.35 W
2025/02/16 20:22:07.168, 61.35 W
2025/02/16 20:22:07.178, 61.35 W
2025/02/16 20:22:07.188, 61.35 W
2025/02/16 20:22:07.198, 61.35 W
2025/02/16 20:22:07.208, 61.35 W
2025/02/16 20:22:07.219, 61.35 W
2025/02/16 20:22:07.229, 61.35 W
2025/02/16 20:22:07.239, 61.35 W
2025/02/16 20:22:07.249, 61.35 W
2025/02/16 20:22:07.259, 61.28 W
2025/02/16 20:22:07.269, 61.28 W
2025/02/16 20:22:07.279, 61.28 W
2025/02/16 20:22:07.289, 61.28 W
2025/02/16 20:22:07.299, 61.28 W
2025/02/16 20:22:07.309, 61.28 W
2025/02/16 20:22:07.319, 61.28 W
2025/02/16 20:22:07.329, 61.28 W
2025/02/16 20:22:07.339, 61.28 W
2025/02/16 20:22:07.349, 61.28 W
2025/02/16 20:22:07.360, 61.28 W
2025/02/16 20:22:07.370, 61.28 W
2025/02/16 20:22:07.380, 61.28 W
2025/02/16 20:22:07.390, 61.28 W
2025/02/16 20:22:07.400, 61.28 W
2025/02/16 20:22:07.410, 61.28 W
2025/02/16 20:22:07.420, 61.28 W
2025/02/16 20:22:07.430, 61.28 W
2025/02/16 20:22:07.440, 61.28 W
2025/02/16 20:22:07.450, 61.28 W
2025/02/16 20:22:07.460, 61.28 W
2025/02/16 20:22:07.470, 61.28 W
2025/02/16 20:22:07.480, 61.28 W
2025/02/16 20:22:07.490, 61.28 W
2025/02/16 20:22:07.501, 61.28 W
2025/02/16 20:22:07.511, 61.28 W
2025/02/16 20:22:07.521, 61.28 W
2025/02/16 20:22:07.531, 61.28 W
2025/02/16 20:22:07.541, 61.28 W
2025/02/16 20:22:07.551, 61.28 W
2025/02/16 20:22:07.561, 61.28 W
2025/02/16 20:22:07.571, 61.28 W
2025/02/16 20:22:07.581, 61.28 W
2025/02/16 20:22:07.591, 61.28 W
2025/02/16 20:22:07.601, 61.28 W
2025/02/16 20:22:07.611, 61.28 W
2025/02/16 20:22:07.621, 61.28 W
2025/02/16 20:22:07.631, 61.28 W
2025/02/16 20:22:07.641, 61.28 W
2025/02/16 20:22:07.652, 61.28 W
2025/02/16 20:22:07.662, 61.28 W
2025/02/16 20:22:07.672, 61.28 W
2025/02/16 20:22:07.682, 61.28 W
2025/02/16 20:22:07.692, 61.28 W
2025/02/16 20:22:07.702, 61.28 W
2025/02/16 20:22:07.712, 61.28 W
2025/02/16 20:22:07.722, 61.28 W
2025/02/16 20:22:07.732, 61.28 W
2025/02/16 20:22:07.742, 61.28 W
2025/02/16 20:22:07.752, 61.28 W
2025/02/16 20:22:07.762, 61.28 W
2025/02/16 20:22:07.772, 61.28 W
2025/02/16 20:22:07.782, 61.28 W
2025/02/16 20:22:07.792, 61.28 W
2025/02/16 20:22:07.803, 61.28 W
2025/02/16 20:22:07.813, 61.28 W
2025/02/16 20:22:07.823, 61.28 W
2025/02/16 20:22:07.833, 61.28 W
2025/02/16 20:22:07.843, 61.28 W
2025/02/16 20:22:07.853, 61.28 W
2025/02/16 20:22:07.863, 61.28 W
2025/02/16 20:22:07.873, 61.28 W
2025/02/16 20:22:07.883, 61.28 W
2025/02/16 20:22:07.893, 61.28 W
2025/02/16 20:22:07.903, 61.28 W
2025/02/16 20:22:07.913, 61.28 W
2025/02/16 20:22:07.923, 61.28 W
2025/02/16 20:22:07.934, 61.28 W
2025/02/16 20:22:07.944, 61.28 W
2025/02/16 20:22:07.954, 61.28 W
2025/02/16 20:22:07.964, 61.28 W
2025/02/16 20:22:07.974, 61.28 W
2025/02/16 20:22:07.984, 61.28 W
2025/02/16 20:22:07.994, 61.28 W
2025/02/16 20:22:08.004, 61.28 W
2025/02/16 20:22:08.014, 61.28 W
2025/02/16 20:22:08.024, 61.28 W
2025/02/16 20:22:08.034, 61.28 W
2025/02/16 20:22:08.044, 61.28 W
2025/02/16 20:22:08.054, 61.28 W
2025/02/16 20:22:08.064, 61.28 W
2025/02/16 20:22:08.075, 61.28 W
2025/02/16 20:22:08.085, 61.28 W
2025/02/16 20:22:08.095, 61.28 W
2025/02/16 20:22:08.105, 61.28 W
2025/02/16 20:22:08.115, 61.28 W
2025/02/16 20:22:08.125, 61.28 W
2025/02/16 20:22:08.135, 61.28 W
2025/02/16 20:22:08.145, 61.28 W
2025/02/16 20:22:08.155, 61.28 W
2025/02/16 20:22:08.165, 61.28 W
2025/02/16 20:22:08.175, 61.28 W
2025/02/16 20:22:08.185, 61.28 W
2025/02/16 20:22:08.195, 61.28 W
2025/02/16 20:22:08.205, 61.28 W
2025/02/16 20:22:08.216, 61.28 W
2025/02/16 20:22:08.226, 61.28 W
2025/02/16 20:22:08.236, 61.28 W
2025/02/16 20:22:08.246, 61.28 W
2025/02/16 20:22:08.256, 61.28 W
2025/02/16 20:22:08.266, 61.28 W
2025/02/16 20:22:08.276, 61.28 W
2025/02/16 20:22:08.286, 61.28 W
2025/02/16 20:22:08.296, 61.28 W
2025/02/16 20:22:08.306, 61.28 W
2025/02/16 20:22:08.316, 61.28 W
2025/02/16 20:22:08.326, 61.28 W
2025/02/16 20:22:08.336, 61.28 W
2025/02/16 20:22:08.346, 61.28 W
2025/02/16 20:22:08.357, 61.28 W
2025/02/16 20:22:08.367, 61.28 W
2025/02/16 20:22:08.377, 61.28 W
2025/02/16 20:22:08.387, 61.28 W
2025/02/16 20:22:08.397, 61.28 W
2025/02/16 20:22:08.407, 61.28 W
2025/02/16 20:22:08.417, 61.28 W
2025/02/16 20:22:08.427, 61.28 W
2025/02/16 20:22:08.437, 61.28 W
2025/02/16 20:22:08.447, 61.28 W
2025/02/16 20:22:08.457, 61.28 W
2025/02/16 20:22:08.467, 61.28 W
2025/02/16 20:22:08.477, 61.28 W
2025/02/16 20:22:08.488, 61.28 W
2025/02/16 20:22:08.498, 61.06 W
2025/02/16 20:22:08.508, 61.06 W
2025/02/16 20:22:08.518, 61.06 W
2025/02/16 20:22:08.528, 61.06 W
2025/02/16 20:22:08.538, 61.06 W
2025/02/16 20:22:08.548, 61.06 W
2025/02/16 20:22:08.558, 61.06 W
2025/02/16 20:22:08.568, 61.06 W
2025/02/16 20:22:08.578, 61.06 W
2025/02/16 20:22:08.588, 61.06 W
2025/02/16 20:22:08.598, 61.28 W
2025/02/16 20:22:08.608, 61.28 W
2025/02/16 20:22:08.618, 61.28 W
2025/02/16 20:22:08.628, 61.28 W
2025/02/16 20:22:08.639, 61.28 W
2025/02/16 20:22:08.649, 61.28 W
2025/02/16 20:22:08.659, 61.28 W
2025/02/16 20:22:08.669, 61.28 W
2025/02/16 20:22:08.679, 61.28 W
2025/02/16 20:22:08.689, 61.28 W
2025/02/16 20:22:08.699, 61.28 W
2025/02/16 20:22:08.709, 61.28 W
2025/02/16 20:22:08.719, 61.28 W
2025/02/16 20:22:08.729, 60.99 W
2025/02/16 20:22:08.739, 60.99 W
2025/02/16 20:22:08.749, 60.99 W
2025/02/16 20:22:08.759, 60.99 W
2025/02/16 20:22:08.769, 60.99 W
2025/02/16 20:22:08.780, 60.99 W
2025/02/16 20:22:08.790, 60.99 W
2025/02/16 20:22:08.800, 60.99 W
2025/02/16 20:22:08.810, 61.28 W
2025/02/16 20:22:08.820, 61.28 W
2025/02/16 20:22:08.830, 61.28 W
2025/02/16 20:22:08.840, 61.28 W
2025/02/16 20:22:08.850, 61.28 W
2025/02/16 20:22:08.860, 61.28 W
2025/02/16 20:22:08.870, 61.28 W
2025/02/16 20:22:08.880, 61.28 W
2025/02/16 20:22:08.890, 61.28 W
2025/02/16 20:22:08.900, 61.28 W
2025/02/16 20:22:08.910, 61.28 W
2025/02/16 20:22:08.920, 61.28 W
2025/02/16 20:22:08.931, 61.28 W
2025/02/16 20:22:08.941, 61.28 W
2025/02/16 20:22:08.951, 61.28 W
2025/02/16 20:22:08.961, 61.28 W
2025/02/16 20:22:08.971, 61.28 W
2025/02/16 20:22:08.981, 61.28 W
2025/02/16 20:22:08.991, 61.28 W
2025/02/16 20:22:09.001, 61.28 W
2025/02/16 20:22:09.011, 61.28 W
2025/02/16 20:22:09.021, 61.28 W
2025/02/16 20:22:09.031, 61.28 W
2025/02/16 20:22:09.041, 61.28 W
2025/02/16 20:22:09.051, 61.28 W
2025/02/16 20:22:09.062, 61.28 W
2025/02/16 20:22:09.072, 61.28 W
2025/02/16 20:22:09.082, 61.28 W
2025/02/16 20:22:09.092, 61.28 W
2025/02/16 20:22:09.102, 61.28 W
2025/02/16 20:22:09.112, 61.28 W
2025/02/16 20:22:09.122, 60.99 W
2025/02/16 20:22:09.132, 60.99 W
2025/02/16 20:22:09.142, 60.99 W
2025/02/16 20:22:09.152, 60.99 W
2025/02/16 20:22:09.162, 60.99 W
2025/02/16 20:22:09.172, 60.99 W
2025/02/16 20:22:09.182, 60.99 W
2025/02/16 20:22:09.192, 60.99 W
2025/02/16 20:22:09.202, 60.99 W
2025/02/16 20:22:09.213, 60.99 W
2025/02/16 20:22:09.223, 61.28 W
2025/02/16 20:22:09.233, 61.28 W
2025/02/16 20:22:09.243, 61.28 W
2025/02/16 20:22:09.253, 61.28 W
2025/02/16 20:22:09.263, 61.28 W
2025/02/16 20:22:09.273, 61.28 W
2025/02/16 20:22:09.283, 61.28 W
2025/02/16 20:22:09.293, 61.28 W
2025/02/16 20:22:09.303, 61.28 W
2025/02/16 20:22:09.313, 61.28 W
2025/02/16 20:22:09.323, 61.28 W
2025/02/16 20:22:09.333, 61.28 W
2025/02/16 20:22:09.344, 61.28 W
2025/02/16 20:22:09.354, 61.28 W
2025/02/16 20:22:09.364, 61.28 W
2025/02/16 20:22:09.374, 61.28 W
2025/02/16 20:22:09.384, 61.28 W
2025/02/16 20:22:09.394, 61.28 W
2025/02/16 20:22:09.404, 61.28 W
2025/02/16 20:22:09.414, 61.28 W
2025/02/16 20:22:09.424, 61.28 W
2025/02/16 20:22:09.434, 61.28 W
2025/02/16 20:22:09.444, 61.28 W
2025/02/16 20:22:09.454, 61.28 W
2025/02/16 20:22:09.464, 61.28 W
2025/02/16 20:22:09.474, 61.28 W
2025/02/16 20:22:09.485, 61.28 W
2025/02/16 20:22:09.495, 61.28 W
2025/02/16 20:22:09.505, 61.28 W
2025/02/16 20:22:09.515, 61.28 W
2025/02/16 20:22:09.525, 61.28 W
2025/02/16 20:22:09.535, 61.28 W
2025/02/16 20:22:09.545, 61.28 W
2025/02/16 20:22:09.555, 61.28 W
2025/02/16 20:22:09.565, 61.28 W
2025/02/16 20:22:09.575, 61.28 W
2025/02/16 20:22:09.585, 61.28 W
2025/02/16 20:22:09.595, 61.28 W
2025/02/16 20:22:09.605, 61.28 W
2025/02/16 20:22:09.615, 61.28 W
2025/02/16 20:22:09.626, 61.28 W
2025/02/16 20:22:09.636, 61.28 W
2025/02/16 20:22:09.646, 61.28 W
2025/02/16 20:22:09.656, 61.28 W
2025/02/16 20:22:09.666, 61.28 W
2025/02/16 20:22:09.676, 61.28 W
2025/02/16 20:22:09.686, 61.28 W
2025/02/16 20:22:09.696, 61.28 W
2025/02/16 20:22:09.706, 61.28 W
2025/02/16 20:22:09.716, 61.28 W
2025/02/16 20:22:09.726, 61.28 W
2025/02/16 20:22:09.736, 61.28 W
2025/02/16 20:22:09.746, 61.28 W
2025/02/16 20:22:09.756, 61.28 W
2025/02/16 20:22:09.766, 61.28 W
2025/02/16 20:22:09.777, 61.28 W
2025/02/16 20:22:09.787, 61.28 W
2025/02/16 20:22:09.797, 61.28 W
2025/02/16 20:22:09.807, 61.28 W
2025/02/16 20:22:09.817, 61.28 W
2025/02/16 20:22:09.827, 61.28 W
2025/02/16 20:22:09.837, 61.28 W
2025/02/16 20:22:09.847, 61.28 W
2025/02/16 20:22:09.857, 61.28 W
2025/02/16 20:22:09.867, 61.28 W
2025/02/16 20:22:09.877, 61.28 W
2025/02/16 20:22:09.887, 61.28 W
2025/02/16 20:22:09.897, 61.28 W
2025/02/16 20:22:09.907, 61.28 W
2025/02/16 20:22:09.918, 61.28 W
2025/02/16 20:22:09.928, 61.28 W
2025/02/16 20:22:09.938, 61.28 W
2025/02/16 20:22:09.948, 61.28 W
2025/02/16 20:22:09.958, 61.28 W
2025/02/16 20:22:09.968, 61.28 W
2025/02/16 20:22:09.978, 61.28 W
2025/02/16 20:22:09.988, 61.28 W
2025/02/16 20:22:09.998, 61.28 W
2025/02/16 20:22:10.008, 61.28 W
2025/02/16 20:22:10.018, 61.28 W
2025/02/16 20:22:10.028, 61.28 W
2025/02/16 20:22:10.038, 61.28 W
2025/02/16 20:22:10.048, 61.28 W
2025/02/16 20:22:10.059, 61.28 W
2025/02/16 20:22:10.069, 61.28 W
2025/02/16 20:22:10.079, 61.28 W
2025/02/16 20:22:10.089, 61.28 W
2025/02/16 20:22:10.099, 61.28 W
2025/02/16 20:22:10.109, 61.28 W
2025/02/16 20:22:10.119, 61.28 W
2025/02/16 20:22:10.129, 61.28 W
2025/02/16 20:22:10.139, 61.28 W
2025/02/16 20:22:10.149, 61.28 W
2025/02/16 20:22:10.159, 61.28 W
2025/02/16 20:22:10.169, 61.28 W
2025/02/16 20:22:10.179, 60.99 W
2025/02/16 20:22:10.189, 60.99 W
2025/02/16 20:22:10.200, 60.99 W
2025/02/16 20:22:10.210, 60.99 W
2025/02/16 20:22:10.220, 60.99 W
2025/02/16 20:22:10.230, 60.99 W
2025/02/16 20:22:10.240, 60.99 W
2025/02/16 20:22:10.250, 60.99 W
2025/02/16 20:22:10.260, 60.99 W
2025/02/16 20:22:10.270, 60.99 W
2025/02/16 20:22:10.280, 61.28 W
2025/02/16 20:22:10.290, 61.28 W
2025/02/16 20:22:10.300, 61.28 W
2025/02/16 20:22:10.310, 61.28 W
2025/02/16 20:22:10.320, 61.28 W
2025/02/16 20:22:10.330, 61.28 W
2025/02/16 20:22:10.341, 61.28 W
2025/02/16 20:22:10.351, 61.28 W
2025/02/16 20:22:10.361, 61.28 W
2025/02/16 20:22:10.371, 61.28 W
2025/02/16 20:22:10.381, 61.28 W
2025/02/16 20:22:10.391, 61.28 W
2025/02/16 20:22:10.401, 61.28 W
2025/02/16 20:22:10.411, 61.28 W
2025/02/16 20:22:10.421, 61.28 W
2025/02/16 20:22:10.431, 61.28 W
2025/02/16 20:22:10.441, 61.28 W
2025/02/16 20:22:10.451, 61.28 W
2025/02/16 20:22:10.461, 61.28 W
2025/02/16 20:22:10.471, 61.28 W
2025/02/16 20:22:10.482, 61.28 W
2025/02/16 20:22:10.492, 61.28 W
2025/02/16 20:22:10.502, 61.28 W
2025/02/16 20:22:10.512, 61.28 W
2025/02/16 20:22:10.522, 61.28 W
2025/02/16 20:22:10.532, 61.28 W
2025/02/16 20:22:10.542, 61.28 W
2025/02/16 20:22:10.552, 61.28 W
2025/02/16 20:22:10.562, 61.28 W
2025/02/16 20:22:10.572, 61.28 W
2025/02/16 20:22:10.582, 61.28 W
2025/02/16 20:22:10.592, 61.28 W
2025/02/16 20:22:10.602, 61.28 W
2025/02/16 20:22:10.612, 61.28 W
2025/02/16 20:22:10.623, 61.28 W
2025/02/16 20:22:10.633, 61.28 W
2025/02/16 20:22:10.643, 61.28 W
2025/02/16 20:22:10.653, 61.28 W
2025/02/16 20:22:10.663, 61.28 W
2025/02/16 20:22:10.673, 61.28 W
2025/02/16 20:22:10.683, 61.28 W
2025/02/16 20:22:10.693, 61.28 W
2025/02/16 20:22:10.703, 61.28 W
2025/02/16 20:22:10.713, 61.28 W
2025/02/16 20:22:10.723, 61.28 W
2025/02/16 20:22:10.733, 61.28 W
2025/02/16 20:22:10.743, 61.28 W
2025/02/16 20:22:10.754, 61.28 W
2025/02/16 20:22:10.764, 61.28 W
2025/02/16 20:22:10.774, 61.28 W
2025/02/16 20:22:10.784, 61.28 W
2025/02/16 20:22:10.794, 61.28 W
2025/02/16 20:22:10.804, 61.28 W
2025/02/16 20:22:10.814, 61.28 W
2025/02/16 20:22:10.824, 61.28 W
2025/02/16 20:22:10.834, 61.28 W
2025/02/16 20:22:10.844, 61.28 W
2025/02/16 20:22:10.854, 61.28 W
2025/02/16 20:22:10.864, 61.28 W
2025/02/16 20:22:10.874, 61.28 W
2025/02/16 20:22:10.884, 61.28 W
2025/02/16 20:22:10.894, 61.28 W
2025/02/16 20:22:10.905, 61.28 W
2025/02/16 20:22:10.915, 61.28 W
2025/02/16 20:22:10.925, 61.28 W
2025/02/16 20:22:10.935, 61.28 W
2025/02/16 20:22:10.945, 61.28 W
2025/02/16 20:22:10.955, 61.28 W
2025/02/16 20:22:10.965, 61.28 W
2025/02/16 20:22:10.975, 61.28 W
2025/02/16 20:22:10.985, 61.28 W
2025/02/16 20:22:10.995, 61.28 W
2025/02/16 20:22:11.005, 61.28 W
2025/02/16 20:22:11.015, 61.28 W
2025/02/16 20:22:11.025, 61.28 W
2025/02/16 20:22:11.035, 61.28 W
2025/02/16 20:22:11.045, 61.28 W
2025/02/16 20:22:11.056, 61.28 W
2025/02/16 20:22:11.066, 61.28 W
2025/02/16 20:22:11.076, 61.28 W
2025/02/16 20:22:11.086, 61.28 W
2025/02/16 20:22:11.096, 61.28 W
2025/02/16 20:22:11.106, 61.28 W
2025/02/16 20:22:11.116, 61.28 W
2025/02/16 20:22:11.126, 61.28 W
2025/02/16 20:22:11.136, 61.28 W
2025/02/16 20:22:11.146, 61.28 W
2025/02/16 20:22:11.156, 61.28 W
2025/02/16 20:22:11.166, 61.28 W
2025/02/16 20:22:11.176, 61.28 W
2025/02/16 20:22:11.186, 61.28 W
2025/02/16 20:22:11.197, 61.28 W
2025/02/16 20:22:11.207, 61.28 W
2025/02/16 20:22:11.217, 61.28 W
2025/02/16 20:22:11.227, 61.28 W
2025/02/16 20:22:11.237, 61.28 W
2025/02/16 20:22:11.247, 61.28 W
2025/02/16 20:22:11.257, 61.28 W
2025/02/16 20:22:11.267, 61.28 W
2025/02/16 20:22:11.277, 61.28 W
2025/02/16 20:22:11.287, 61.28 W
2025/02/16 20:22:11.297, 60.99 W
2025/02/16 20:22:11.307, 60.99 W
2025/02/16 20:22:11.317, 60.99 W
2025/02/16 20:22:11.328, 60.99 W
2025/02/16 20:22:11.338, 60.99 W
2025/02/16 20:22:11.348, 60.99 W
2025/02/16 20:22:11.358, 60.99 W
2025/02/16 20:22:11.368, 60.99 W
2025/02/16 20:22:11.378, 60.99 W
2025/02/16 20:22:11.388, 60.99 W
2025/02/16 20:22:11.398, 61.28 W
2025/02/16 20:22:11.408, 61.28 W
2025/02/16 20:22:11.418, 61.28 W
2025/02/16 20:22:11.428, 61.28 W
2025/02/16 20:22:11.438, 61.28 W
2025/02/16 20:22:11.448, 61.28 W
2025/02/16 20:22:11.458, 61.28 W
2025/02/16 20:22:11.469, 61.28 W
2025/02/16 20:22:11.479, 61.28 W
2025/02/16 20:22:11.489, 61.28 W
2025/02/16 20:22:11.499, 61.28 W
2025/02/16 20:22:11.509, 61.28 W
2025/02/16 20:22:11.519, 61.28 W
2025/02/16 20:22:11.529, 61.28 W
2025/02/16 20:22:11.539, 61.28 W
2025/02/16 20:22:11.549, 61.28 W
2025/02/16 20:22:11.559, 61.28 W
2025/02/16 20:22:11.569, 61.28 W
2025/02/16 20:22:11.579, 61.28 W
2025/02/16 20:22:11.589, 61.28 W
2025/02/16 20:22:11.599, 61.28 W
2025/02/16 20:22:11.610, 61.28 W
2025/02/16 20:22:11.620, 61.35 W
2025/02/16 20:22:11.630, 61.35 W
2025/02/16 20:22:11.640, 61.35 W
2025/02/16 20:22:11.650, 61.35 W
2025/02/16 20:22:11.660, 61.35 W
2025/02/16 20:22:11.670, 61.35 W
2025/02/16 20:22:11.680, 61.35 W
2025/02/16 20:22:11.690, 61.35 W
2025/02/16 20:22:11.700, 60.99 W
2025/02/16 20:22:11.710, 60.99 W
2025/02/16 20:22:11.720, 60.99 W
2025/02/16 20:22:11.730, 60.99 W
2025/02/16 20:22:11.740, 60.99 W
2025/02/16 20:22:11.751, 60.99 W
2025/02/16 20:22:11.761, 60.99 W
2025/02/16 20:22:11.771, 60.99 W
2025/02/16 20:22:11.781, 60.99 W
2025/02/16 20:22:11.791, 60.99 W
2025/02/16 20:22:11.801, 60.99 W
2025/02/16 20:22:11.811, 60.99 W
2025/02/16 20:22:11.821, 60.99 W
2025/02/16 20:22:11.831, 61.28 W
2025/02/16 20:22:11.841, 61.28 W
2025/02/16 20:22:11.851, 61.28 W
2025/02/16 20:22:11.861, 61.28 W
2025/02/16 20:22:11.871, 61.28 W
2025/02/16 20:22:11.881, 61.28 W
2025/02/16 20:22:11.892, 61.28 W
2025/02/16 20:22:11.902, 61.28 W
2025/02/16 20:22:11.912, 61.28 W
2025/02/16 20:22:11.922, 61.28 W
2025/02/16 20:22:11.932, 61.28 W
2025/02/16 20:22:11.942, 61.28 W
2025/02/16 20:22:11.952, 61.28 W
2025/02/16 20:22:11.962, 61.28 W
2025/02/16 20:22:11.972, 61.28 W
2025/02/16 20:22:11.982, 61.28 W
2025/02/16 20:22:11.992, 61.28 W
2025/02/16 20:22:12.002, 61.28 W
2025/02/16 20:22:12.012, 61.28 W
2025/02/16 20:22:12.022, 61.28 W
2025/02/16 20:22:12.033, 61.28 W
2025/02/16 20:22:12.043, 61.28 W
2025/02/16 20:22:12.053, 61.28 W
2025/02/16 20:22:12.063, 61.28 W
2025/02/16 20:22:12.073, 61.28 W
2025/02/16 20:22:12.083, 61.28 W
2025/02/16 20:22:12.093, 61.28 W
2025/02/16 20:22:12.103, 61.28 W
2025/02/16 20:22:12.113, 61.28 W
2025/02/16 20:22:12.123, 61.28 W
2025/02/16 20:22:12.133, 60.99 W
2025/02/16 20:22:12.143, 60.99 W
2025/02/16 20:22:12.153, 60.99 W
2025/02/16 20:22:12.163, 60.99 W
2025/02/16 20:22:12.173, 60.99 W
2025/02/16 20:22:12.184, 60.99 W
2025/02/16 20:22:12.194, 60.99 W
2025/02/16 20:22:12.204, 60.99 W
2025/02/16 20:22:12.214, 60.99 W
2025/02/16 20:22:12.224, 61.28 W
2025/02/16 20:22:12.234, 61.28 W
2025/02/16 20:22:12.244, 61.28 W
2025/02/16 20:22:12.254, 61.28 W
2025/02/16 20:22:12.264, 61.28 W
2025/02/16 20:22:12.274, 61.28 W
2025/02/16 20:22:12.284, 61.28 W
2025/02/16 20:22:12.294, 61.28 W
2025/02/16 20:22:12.304, 61.28 W
2025/02/16 20:22:12.314, 61.28 W
2025/02/16 20:22:12.325, 61.28 W
2025/02/16 20:22:12.335, 61.28 W
2025/02/16 20:22:12.345, 61.28 W
2025/02/16 20:22:12.355, 61.28 W
2025/02/16 20:22:12.365, 61.28 W
2025/02/16 20:22:12.375, 61.28 W
2025/02/16 20:22:12.385, 61.28 W
2025/02/16 20:22:12.395, 61.28 W
2025/02/16 20:22:12.405, 61.28 W
2025/02/16 20:22:12.415, 61.28 W
2025/02/16 20:22:12.425, 60.99 W
2025/02/16 20:22:12.435, 60.99 W
2025/02/16 20:22:12.445, 60.99 W
2025/02/16 20:22:12.455, 60.99 W
2025/02/16 20:22:12.466, 60.99 W
2025/02/16 20:22:12.476, 60.99 W
2025/02/16 20:22:12.486, 60.99 W
2025/02/16 20:22:12.496, 60.99 W
2025/02/16 20:22:12.506, 60.99 W
2025/02/16 20:22:12.516, 60.99 W
2025/02/16 20:22:12.526, 60.99 W
2025/02/16 20:22:12.536, 60.99 W
2025/02/16 20:22:12.546, 60.99 W
2025/02/16 20:22:12.556, 60.99 W
2025/02/16 20:22:12.566, 60.99 W
2025/02/16 20:22:12.576, 60.99 W
2025/02/16 20:22:12.586, 60.99 W
2025/02/16 20:22:12.597, 60.99 W
2025/02/16 20:22:12.607, 60.99 W
2025/02/16 20:22:12.617, 60.99 W
2025/02/16 20:22:12.627, 60.99 W
2025/02/16 20:22:12.637, 61.28 W
2025/02/16 20:22:12.647, 61.28 W
2025/02/16 20:22:12.657, 61.28 W
2025/02/16 20:22:12.667, 61.28 W
2025/02/16 20:22:12.677, 61.28 W
2025/02/16 20:22:12.687, 61.28 W
2025/02/16 20:22:12.697, 61.28 W
2025/02/16 20:22:12.707, 61.28 W
2025/02/16 20:22:12.717, 61.28 W
2025/02/16 20:22:12.727, 61.28 W
2025/02/16 20:22:12.738, 61.28 W
2025/02/16 20:22:12.748, 61.28 W
2025/02/16 20:22:12.758, 61.28 W
2025/02/16 20:22:12.768, 61.28 W
2025/02/16 20:22:12.778, 61.28 W
2025/02/16 20:22:12.788, 61.28 W
2025/02/16 20:22:12.798, 61.28 W
2025/02/16 20:22:12.808, 61.28 W
2025/02/16 20:22:12.818, 61.28 W
2025/02/16 20:22:12.828, 61.28 W
2025/02/16 20:22:12.838, 61.28 W
2025/02/16 20:22:12.848, 61.28 W
2025/02/16 20:22:12.858, 61.28 W
2025/02/16 20:22:12.868, 61.28 W
2025/02/16 20:22:12.879, 61.28 W
2025/02/16 20:22:12.889, 61.28 W
2025/02/16 20:22:12.899, 61.28 W
2025/02/16 20:22:12.909, 61.28 W
2025/02/16 20:22:12.919, 61.28 W
2025/02/16 20:22:12.929, 61.28 W
2025/02/16 20:22:12.939, 61.28 W
2025/02/16 20:22:12.949, 61.28 W
2025/02/16 20:22:12.959, 61.28 W
2025/02/16 20:22:12.969, 61.28 W
2025/02/16 20:22:12.979, 61.28 W
2025/02/16 20:22:12.989, 61.28 W
2025/02/16 20:22:12.999, 61.28 W
2025/02/16 20:22:13.009, 61.28 W
2025/02/16 20:22:13.020, 61.28 W
2025/02/16 20:22:13.030, 61.28 W
2025/02/16 20:22:13.040, 61.28 W
2025/02/16 20:22:13.050, 61.28 W
2025/02/16 20:22:13.060, 61.28 W
2025/02/16 20:22:13.070, 61.28 W
2025/02/16 20:22:13.080, 61.28 W
2025/02/16 20:22:13.090, 61.28 W
2025/02/16 20:22:13.100, 61.28 W
2025/02/16 20:22:13.110, 61.28 W
2025/02/16 20:22:13.120, 61.28 W
2025/02/16 20:22:13.130, 61.28 W
2025/02/16 20:22:13.140, 61.28 W
2025/02/16 20:22:13.150, 61.28 W
2025/02/16 20:22:13.160, 61.28 W
2025/02/16 20:22:13.171, 61.28 W
2025/02/16 20:22:13.181, 61.28 W
2025/02/16 20:22:13.191, 61.28 W
2025/02/16 20:22:13.201, 61.28 W
2025/02/16 20:22:13.211, 61.28 W
2025/02/16 20:22:13.221, 61.28 W
2025/02/16 20:22:13.231, 61.28 W
2025/02/16 20:22:13.241, 61.28 W
2025/02/16 20:22:13.251, 61.53 W
2025/02/16 20:22:13.261, 61.53 W
2025/02/16 20:22:13.271, 61.53 W
2025/02/16 20:22:13.281, 61.53 W
2025/02/16 20:22:13.291, 61.53 W
2025/02/16 20:22:13.301, 61.53 W
2025/02/16 20:22:13.312, 61.53 W
2025/02/16 20:22:13.322, 61.53 W
2025/02/16 20:22:13.332, 61.53 W
2025/02/16 20:22:13.342, 61.53 W
2025/02/16 20:22:13.352, 61.53 W
2025/02/16 20:22:13.362, 61.53 W
2025/02/16 20:22:13.372, 61.53 W
2025/02/16 20:22:13.382, 61.53 W
2025/02/16 20:22:13.392, 61.53 W
2025/02/16 20:22:13.402, 61.53 W
2025/02/16 20:22:13.412, 61.53 W
2025/02/16 20:22:13.422, 61.53 W
2025/02/16 20:22:13.433, 61.53 W
2025/02/16 20:22:13.443, 61.53 W
2025/02/16 20:22:13.453, 73.76 W
2025/02/16 20:22:13.463, 73.76 W
2025/02/16 20:22:13.473, 73.76 W
2025/02/16 20:22:13.483, 73.76 W
2025/02/16 20:22:13.493, 73.76 W
2025/02/16 20:22:13.503, 73.76 W
2025/02/16 20:22:13.513, 73.76 W
2025/02/16 20:22:13.523, 73.76 W
2025/02/16 20:22:13.533, 73.76 W
2025/02/16 20:22:13.543, 73.76 W
2025/02/16 20:22:13.553, 73.76 W
2025/02/16 20:22:13.563, 73.76 W
2025/02/16 20:22:13.574, 74.83 W
2025/02/16 20:22:13.584, 74.83 W
2025/02/16 20:22:13.594, 74.83 W
2025/02/16 20:22:13.604, 74.83 W
2025/02/16 20:22:13.614, 74.83 W
2025/02/16 20:22:13.624, 74.83 W
2025/02/16 20:22:13.634, 74.83 W
2025/02/16 20:22:13.644, 74.83 W
2025/02/16 20:22:13.654, 72.39 W
2025/02/16 20:22:13.664, 72.39 W
2025/02/16 20:22:13.674, 72.39 W
2025/02/16 20:22:13.684, 72.39 W
2025/02/16 20:22:13.694, 72.39 W
2025/02/16 20:22:13.704, 72.39 W
2025/02/16 20:22:13.715, 72.39 W
2025/02/16 20:22:13.725, 72.39 W
2025/02/16 20:22:13.735, 72.39 W
2025/02/16 20:22:13.745, 72.39 W
2025/02/16 20:22:13.755, 72.39 W
2025/02/16 20:22:13.765, 72.39 W
2025/02/16 20:22:13.778, 72.39 W
2025/02/16 20:22:13.788, 72.39 W
2025/02/16 20:22:13.799, 72.39 W
2025/02/16 20:22:13.809, 72.39 W
2025/02/16 20:22:13.819, 72.39 W
2025/02/16 20:22:13.829, 72.39 W
2025/02/16 20:22:13.839, 72.39 W
2025/02/16 20:22:13.849, 72.39 W
2025/02/16 20:22:13.859, 72.39 W
2025/02/16 20:22:13.869, 72.39 W
2025/02/16 20:22:13.879, 72.69 W
2025/02/16 20:22:13.889, 72.69 W
2025/02/16 20:22:13.899, 72.69 W
2025/02/16 20:22:13.909, 72.69 W
2025/02/16 20:22:13.919, 72.69 W
2025/02/16 20:22:13.929, 72.69 W
2025/02/16 20:22:13.940, 72.69 W
2025/02/16 20:22:13.950, 72.69 W
2025/02/16 20:22:13.960, 72.69 W
2025/02/16 20:22:13.970, 72.39 W
2025/02/16 20:22:13.980, 72.39 W
2025/02/16 20:22:13.990, 72.39 W
2025/02/16 20:22:14.000, 72.39 W
2025/02/16 20:22:14.010, 72.39 W
2025/02/16 20:22:14.020, 72.39 W
2025/02/16 20:22:14.030, 72.39 W
2025/02/16 20:22:14.040, 72.39 W
2025/02/16 20:22:14.050, 72.39 W
2025/02/16 20:22:14.060, 72.39 W
2025/02/16 20:22:14.070, 72.39 W
2025/02/16 20:22:14.081, 72.39 W
2025/02/16 20:22:14.091, 72.39 W
2025/02/16 20:22:14.101, 72.39 W
2025/02/16 20:22:14.111, 72.39 W
2025/02/16 20:22:14.121, 72.39 W
2025/02/16 20:22:14.131, 72.39 W
2025/02/16 20:22:14.141, 72.39 W
2025/02/16 20:22:14.151, 72.39 W
2025/02/16 20:22:14.161, 72.39 W
2025/02/16 20:22:14.171, 72.39 W
2025/02/16 20:22:14.181, 72.39 W
2025/02/16 20:22:14.191, 72.39 W
2025/02/16 20:22:14.201, 72.39 W
2025/02/16 20:22:14.211, 72.39 W
2025/02/16 20:22:14.222, 72.39 W
2025/02/16 20:22:14.232, 72.39 W
2025/02/16 20:22:14.242, 72.39 W
2025/02/16 20:22:14.252, 72.39 W
2025/02/16 20:22:14.262, 72.39 W
2025/02/16 20:22:14.272, 72.39 W
2025/02/16 20:22:14.282, 72.39 W
2025/02/16 20:22:14.292, 72.39 W
2025/02/16 20:22:14.302, 72.39 W
2025/02/16 20:22:14.312, 72.39 W
2025/02/16 20:22:14.322, 72.39 W
2025/02/16 20:22:14.332, 72.39 W
2025/02/16 20:22:14.342, 72.39 W
2025/02/16 20:22:14.353, 72.39 W
2025/02/16 20:22:14.363, 72.39 W
2025/02/16 20:22:14.373, 72.39 W
2025/02/16 20:22:14.383, 72.39 W
2025/02/16 20:22:14.393, 72.39 W
2025/02/16 20:22:14.403, 72.39 W
2025/02/16 20:22:14.413, 72.39 W
2025/02/16 20:22:14.423, 72.39 W
2025/02/16 20:22:14.433, 72.39 W
2025/02/16 20:22:14.443, 72.39 W
2025/02/16 20:22:14.453, 72.39 W
2025/02/16 20:22:14.463, 72.39 W
2025/02/16 20:22:14.473, 72.39 W
2025/02/16 20:22:14.483, 72.39 W
2025/02/16 20:22:14.494, 72.39 W
2025/02/16 20:22:14.504, 72.39 W
2025/02/16 20:22:14.514, 72.39 W
2025/02/16 20:22:14.524, 72.39 W
2025/02/16 20:22:14.534, 72.39 W
2025/02/16 20:22:14.544, 72.39 W
2025/02/16 20:22:14.554, 72.39 W
2025/02/16 20:22:14.564, 72.39 W
2025/02/16 20:22:14.574, 72.39 W
2025/02/16 20:22:14.584, 72.39 W
2025/02/16 20:22:14.594, 72.39 W
2025/02/16 20:22:14.604, 72.39 W
2025/02/16 20:22:14.614, 72.39 W
2025/02/16 20:22:14.624, 72.39 W
2025/02/16 20:22:14.635, 72.39 W
2025/02/16 20:22:14.645, 72.39 W
2025/02/16 20:22:14.655, 72.39 W
2025/02/16 20:22:14.665, 72.39 W
2025/02/16 20:22:14.675, 72.39 W
2025/02/16 20:22:14.685, 72.39 W
2025/02/16 20:22:14.695, 72.39 W
2025/02/16 20:22:14.705, 72.39 W
2025/02/16 20:22:14.715, 72.39 W
2025/02/16 20:22:14.725, 72.39 W
2025/02/16 20:22:14.735, 72.39 W
2025/02/16 20:22:14.745, 72.39 W
2025/02/16 20:22:14.755, 72.39 W
2025/02/16 20:22:14.765, 72.39 W
2025/02/16 20:22:14.776, 72.39 W
2025/02/16 20:22:14.786, 72.69 W
2025/02/16 20:22:14.796, 72.69 W
2025/02/16 20:22:14.806, 72.69 W
2025/02/16 20:22:14.816, 72.69 W
2025/02/16 20:22:14.826, 72.69 W
2025/02/16 20:22:14.836, 72.69 W
2025/02/16 20:22:14.846, 72.69 W
2025/02/16 20:22:14.856, 72.69 W
2025/02/16 20:22:14.866, 72.69 W
2025/02/16 20:22:14.876, 72.69 W
2025/02/16 20:22:14.886, 72.69 W
2025/02/16 20:22:14.896, 72.69 W
2025/02/16 20:22:14.906, 72.69 W
2025/02/16 20:22:14.916, 72.69 W
2025/02/16 20:22:14.927, 72.69 W
2025/02/16 20:22:14.937, 72.69 W
2025/02/16 20:22:14.947, 72.69 W
2025/02/16 20:22:14.957, 72.69 W
2025/02/16 20:22:14.967, 72.69 W
2025/02/16 20:22:14.977, 72.69 W
2025/02/16 20:22:14.987, 72.39 W
2025/02/16 20:22:14.997, 72.39 W
2025/02/16 20:22:15.007, 72.39 W
2025/02/16 20:22:15.017, 72.39 W
2025/02/16 20:22:15.027, 72.39 W
2025/02/16 20:22:15.037, 72.39 W
2025/02/16 20:22:15.047, 72.39 W
2025/02/16 20:22:15.057, 72.39 W
2025/02/16 20:22:15.067, 72.39 W
2025/02/16 20:22:15.078, 72.39 W
2025/02/16 20:22:15.088, 72.39 W
2025/02/16 20:22:15.098, 72.39 W
2025/02/16 20:22:15.108, 72.39 W
2025/02/16 20:22:15.118, 72.39 W
2025/02/16 20:22:15.128, 72.39 W
2025/02/16 20:22:15.138, 72.39 W
2025/02/16 20:22:15.148, 72.39 W
2025/02/16 20:22:15.158, 72.39 W
2025/02/16 20:22:15.168, 72.39 W
2025/02/16 20:22:15.178, 72.39 W
2025/02/16 20:22:15.188, 72.39 W
2025/02/16 20:22:15.198, 72.39 W
2025/02/16 20:22:15.208, 72.39 W
2025/02/16 20:22:15.219, 72.39 W
2025/02/16 20:22:15.229, 72.39 W
2025/02/16 20:22:15.239, 72.39 W
2025/02/16 20:22:15.249, 72.39 W
2025/02/16 20:22:15.259, 72.39 W
2025/02/16 20:22:15.269, 72.39 W
2025/02/16 20:22:15.279, 72.39 W
2025/02/16 20:22:15.289, 72.39 W
2025/02/16 20:22:15.299, 72.39 W
2025/02/16 20:22:15.309, 72.39 W
2025/02/16 20:22:15.319, 72.39 W
2025/02/16 20:22:15.329, 72.39 W
2025/02/16 20:22:15.339, 72.39 W
2025/02/16 20:22:15.349, 72.39 W
2025/02/16 20:22:15.360, 72.39 W
2025/02/16 20:22:15.370, 72.39 W
2025/02/16 20:22:15.380, 72.39 W
2025/02/16 20:22:15.390, 72.39 W
2025/02/16 20:22:15.400, 72.39 W
2025/02/16 20:22:15.410, 72.39 W
2025/02/16 20:22:15.420, 72.39 W
2025/02/16 20:22:15.430, 72.39 W
2025/02/16 20:22:15.440, 72.39 W
2025/02/16 20:22:15.450, 72.39 W
2025/02/16 20:22:15.460, 72.39 W
2025/02/16 20:22:15.470, 72.39 W
2025/02/16 20:22:15.480, 72.39 W
2025/02/16 20:22:15.490, 72.39 W
2025/02/16 20:22:15.501, 72.39 W
2025/02/16 20:22:15.511, 72.39 W
2025/02/16 20:22:15.521, 72.39 W
2025/02/16 20:22:15.531, 72.39 W
2025/02/16 20:22:15.541, 72.39 W
2025/02/16 20:22:15.551, 72.39 W
2025/02/16 20:22:15.561, 72.39 W
2025/02/16 20:22:15.571, 72.39 W
2025/02/16 20:22:15.581, 72.39 W
2025/02/16 20:22:15.591, 72.39 W
2025/02/16 20:22:15.601, 72.39 W
2025/02/16 20:22:15.611, 72.39 W
2025/02/16 20:22:15.621, 72.39 W
2025/02/16 20:22:15.631, 72.39 W
2025/02/16 20:22:15.641, 72.39 W
2025/02/16 20:22:15.652, 72.39 W
2025/02/16 20:22:15.662, 72.39 W
2025/02/16 20:22:15.672, 72.39 W
2025/02/16 20:22:15.682, 72.39 W
2025/02/16 20:22:15.692, 72.39 W
2025/02/16 20:22:15.702, 72.69 W
2025/02/16 20:22:15.712, 72.69 W
2025/02/16 20:22:15.722, 72.69 W
2025/02/16 20:22:15.732, 72.69 W
2025/02/16 20:22:15.742, 72.69 W
2025/02/16 20:22:15.752, 72.69 W
2025/02/16 20:22:15.762, 72.69 W
2025/02/16 20:22:15.772, 72.69 W
2025/02/16 20:22:15.782, 72.69 W
2025/02/16 20:22:15.793, 72.69 W
2025/02/16 20:22:15.803, 72.39 W
2025/02/16 20:22:15.813, 72.39 W
2025/02/16 20:22:15.823, 72.39 W
2025/02/16 20:22:15.833, 72.39 W
2025/02/16 20:22:15.843, 72.39 W
2025/02/16 20:22:15.853, 72.39 W
2025/02/16 20:22:15.863, 72.39 W
2025/02/16 20:22:15.873, 72.39 W
2025/02/16 20:22:15.883, 72.39 W
2025/02/16 20:22:15.893, 72.39 W
2025/02/16 20:22:15.903, 72.39 W
2025/02/16 20:22:15.913, 72.39 W
2025/02/16 20:22:15.923, 72.39 W
2025/02/16 20:22:15.934, 72.39 W
2025/02/16 20:22:15.944, 72.39 W
2025/02/16 20:22:15.954, 72.39 W
2025/02/16 20:22:15.964, 72.39 W
2025/02/16 20:22:15.974, 72.39 W
2025/02/16 20:22:15.984, 72.39 W
2025/02/16 20:22:15.994, 72.39 W
2025/02/16 20:22:16.004, 72.39 W
2025/02/16 20:22:16.014, 72.39 W
2025/02/16 20:22:16.024, 72.39 W
2025/02/16 20:22:16.034, 72.39 W
2025/02/16 20:22:16.044, 72.39 W
2025/02/16 20:22:16.054, 72.39 W
2025/02/16 20:22:16.064, 72.39 W
2025/02/16 20:22:16.074, 72.39 W
2025/02/16 20:22:16.085, 72.39 W
2025/02/16 20:22:16.095, 72.39 W
2025/02/16 20:22:16.105, 72.39 W
2025/02/16 20:22:16.115, 72.39 W
2025/02/16 20:22:16.125, 72.39 W
2025/02/16 20:22:16.135, 72.39 W
2025/02/16 20:22:16.145, 72.39 W
2025/02/16 20:22:16.155, 72.39 W
2025/02/16 20:22:16.165, 72.39 W
2025/02/16 20:22:16.175, 72.39 W
2025/02/16 20:22:16.185, 72.39 W
2025/02/16 20:22:16.195, 72.39 W
2025/02/16 20:22:16.205, 72.39 W
2025/02/16 20:22:16.215, 72.39 W
2025/02/16 20:22:16.225, 72.39 W
2025/02/16 20:22:16.236, 72.39 W
2025/02/16 20:22:16.246, 72.39 W
2025/02/16 20:22:16.256, 72.39 W
2025/02/16 20:22:16.266, 72.39 W
2025/02/16 20:22:16.276, 72.39 W
2025/02/16 20:22:16.286, 72.39 W
2025/02/16 20:22:16.296, 72.39 W
2025/02/16 20:22:16.306, 72.39 W
2025/02/16 20:22:16.316, 72.39 W
2025/02/16 20:22:16.326, 72.39 W
2025/02/16 20:22:16.336, 72.39 W
2025/02/16 20:22:16.346, 72.39 W
2025/02/16 20:22:16.356, 72.39 W
2025/02/16 20:22:16.366, 72.39 W
2025/02/16 20:22:16.377, 72.39 W
2025/02/16 20:22:16.387, 72.39 W
2025/02/16 20:22:16.397, 72.39 W
2025/02/16 20:22:16.407, 72.39 W
2025/02/16 20:22:16.417, 72.39 W
2025/02/16 20:22:16.427, 72.39 W
2025/02/16 20:22:16.437, 72.39 W
2025/02/16 20:22:16.447, 72.39 W
2025/02/16 20:22:16.457, 72.39 W
2025/02/16 20:22:16.467, 72.39 W
2025/02/16 20:22:16.477, 72.39 W
2025/02/16 20:22:16.487, 72.39 W
2025/02/16 20:22:16.497, 72.39 W
2025/02/16 20:22:16.508, 72.39 W
2025/02/16 20:22:16.518, 72.39 W
2025/02/16 20:22:16.528, 72.39 W
2025/02/16 20:22:16.538, 72.39 W
2025/02/16 20:22:16.548, 72.39 W
2025/02/16 20:22:16.558, 72.39 W
2025/02/16 20:22:16.568, 72.39 W
2025/02/16 20:22:16.578, 72.39 W
2025/02/16 20:22:16.588, 72.39 W
2025/02/16 20:22:16.598, 72.39 W
2025/02/16 20:22:16.608, 72.39 W
2025/02/16 20:22:16.618, 72.39 W
2025/02/16 20:22:16.629, 72.39 W
2025/02/16 20:22:16.639, 72.39 W
2025/02/16 20:22:16.649, 72.39 W
2025/02/16 20:22:16.659, 72.39 W
2025/02/16 20:22:16.669, 72.39 W
2025/02/16 20:22:16.679, 72.39 W
2025/02/16 20:22:16.689, 72.39 W
2025/02/16 20:22:16.699, 72.39 W
2025/02/16 20:22:16.709, 72.39 W
2025/02/16 20:22:16.719, 72.39 W
2025/02/16 20:22:16.729, 72.69 W
2025/02/16 20:22:16.739, 72.69 W
2025/02/16 20:22:16.750, 72.69 W
2025/02/16 20:22:16.760, 72.69 W
2025/02/16 20:22:16.770, 72.69 W
2025/02/16 20:22:16.780, 72.69 W
2025/02/16 20:22:16.790, 72.69 W
2025/02/16 20:22:16.800, 72.69 W
2025/02/16 20:22:16.810, 72.69 W
2025/02/16 20:22:16.820, 72.69 W
2025/02/16 20:22:16.830, 72.39 W
2025/02/16 20:22:16.840, 72.39 W
2025/02/16 20:22:16.850, 72.39 W
2025/02/16 20:22:16.860, 72.39 W
2025/02/16 20:22:16.870, 72.39 W
2025/02/16 20:22:16.880, 72.39 W
2025/02/16 20:22:16.890, 72.39 W
2025/02/16 20:22:16.901, 72.39 W
2025/02/16 20:22:16.911, 72.39 W
2025/02/16 20:22:16.921, 72.39 W
2025/02/16 20:22:16.931, 72.39 W
2025/02/16 20:22:16.941, 72.39 W
2025/02/16 20:22:16.951, 72.39 W
2025/02/16 20:22:16.961, 72.39 W
2025/02/16 20:22:16.971, 72.39 W
2025/02/16 20:22:16.981, 72.39 W
2025/02/16 20:22:16.991, 72.39 W
2025/02/16 20:22:17.001, 72.39 W
2025/02/16 20:22:17.011, 72.39 W
2025/02/16 20:22:17.021, 72.39 W
2025/02/16 20:22:17.031, 72.39 W
2025/02/16 20:22:17.041, 72.39 W
2025/02/16 20:22:17.052, 72.39 W
2025/02/16 20:22:17.062, 72.39 W
2025/02/16 20:22:17.072, 72.39 W
2025/02/16 20:22:17.082, 72.39 W
2025/02/16 20:22:17.092, 72.39 W
2025/02/16 20:22:17.102, 72.39 W
2025/02/16 20:22:17.112, 72.39 W
2025/02/16 20:22:17.122, 72.39 W
2025/02/16 20:22:17.132, 72.39 W
2025/02/16 20:22:17.142, 72.39 W
2025/02/16 20:22:17.152, 72.39 W
2025/02/16 20:22:17.162, 72.39 W
2025/02/16 20:22:17.172, 72.39 W
2025/02/16 20:22:17.182, 72.39 W
2025/02/16 20:22:17.193, 72.39 W
2025/02/16 20:22:17.203, 72.39 W
2025/02/16 20:22:17.213, 72.39 W
2025/02/16 20:22:17.223, 72.39 W
2025/02/16 20:22:17.233, 72.39 W
2025/02/16 20:22:17.243, 72.69 W
2025/02/16 20:22:17.253, 72.69 W
2025/02/16 20:22:17.263, 72.69 W
2025/02/16 20:22:17.273, 72.69 W
2025/02/16 20:22:17.283, 72.69 W
2025/02/16 20:22:17.293, 72.69 W
2025/02/16 20:22:17.303, 72.69 W
2025/02/16 20:22:17.313, 72.69 W
2025/02/16 20:22:17.323, 72.69 W
2025/02/16 20:22:17.333, 72.69 W
2025/02/16 20:22:17.344, 72.69 W
2025/02/16 20:22:17.354, 72.69 W
2025/02/16 20:22:17.364, 72.39 W
2025/02/16 20:22:17.374, 72.39 W
2025/02/16 20:22:17.384, 72.39 W
2025/02/16 20:22:17.394, 72.39 W
2025/02/16 20:22:17.404, 72.39 W
2025/02/16 20:22:17.414, 72.39 W
2025/02/16 20:22:17.424, 72.39 W
2025/02/16 20:22:17.434, 72.39 W
2025/02/16 20:22:17.444, 72.69 W
2025/02/16 20:22:17.454, 72.69 W
2025/02/16 20:22:17.464, 72.69 W
2025/02/16 20:22:17.474, 72.69 W
2025/02/16 20:22:17.484, 72.69 W
2025/02/16 20:22:17.495, 72.69 W
2025/02/16 20:22:17.505, 72.69 W
2025/02/16 20:22:17.515, 72.69 W
2025/02/16 20:22:17.525, 72.69 W
2025/02/16 20:22:17.535, 72.69 W
2025/02/16 20:22:17.545, 72.69 W
2025/02/16 20:22:17.555, 72.69 W
2025/02/16 20:22:17.565, 72.39 W
2025/02/16 20:22:17.575, 72.39 W
2025/02/16 20:22:17.585, 72.39 W
2025/02/16 20:22:17.595, 72.39 W
2025/02/16 20:22:17.605, 72.39 W
2025/02/16 20:22:17.615, 72.39 W
2025/02/16 20:22:17.625, 72.39 W
2025/02/16 20:22:17.635, 72.39 W
2025/02/16 20:22:17.645, 72.39 W
2025/02/16 20:22:17.656, 72.39 W
2025/02/16 20:22:17.666, 72.39 W
2025/02/16 20:22:17.676, 72.39 W
2025/02/16 20:22:17.686, 72.39 W
2025/02/16 20:22:17.696, 72.39 W
2025/02/16 20:22:17.706, 72.39 W
2025/02/16 20:22:17.716, 72.39 W
2025/02/16 20:22:17.726, 72.39 W
2025/02/16 20:22:17.736, 72.39 W
2025/02/16 20:22:17.746, 72.39 W
2025/02/16 20:22:17.756, 72.39 W
2025/02/16 20:22:17.766, 72.69 W
2025/02/16 20:22:17.776, 72.69 W
2025/02/16 20:22:17.786, 72.69 W
2025/02/16 20:22:17.797, 72.69 W
2025/02/16 20:22:17.807, 72.69 W
2025/02/16 20:22:17.817, 72.69 W
2025/02/16 20:22:17.827, 72.69 W
2025/02/16 20:22:17.837, 72.69 W
2025/02/16 20:22:17.847, 72.69 W
2025/02/16 20:22:17.857, 72.39 W
2025/02/16 20:22:17.867, 72.39 W
2025/02/16 20:22:17.877, 72.39 W
2025/02/16 20:22:17.887, 72.39 W
2025/02/16 20:22:17.897, 72.39 W
2025/02/16 20:22:17.907, 72.39 W
2025/02/16 20:22:17.917, 72.39 W
2025/02/16 20:22:17.927, 72.39 W
2025/02/16 20:22:17.938, 72.39 W
2025/02/16 20:22:17.948, 72.39 W
2025/02/16 20:22:17.958, 72.39 W
2025/02/16 20:22:17.968, 72.39 W
2025/02/16 20:22:17.978, 72.69 W
2025/02/16 20:22:17.988, 72.69 W
2025/02/16 20:22:17.998, 72.69 W
2025/02/16 20:22:18.008, 72.69 W
2025/02/16 20:22:18.018, 72.69 W
2025/02/16 20:22:18.028, 72.69 W
2025/02/16 20:22:18.038, 72.69 W
2025/02/16 20:22:18.048, 72.69 W
2025/02/16 20:22:18.058, 72.39 W
2025/02/16 20:22:18.068, 72.39 W
2025/02/16 20:22:18.079, 72.39 W
2025/02/16 20:22:18.089, 72.39 W
2025/02/16 20:22:18.099, 72.39 W
2025/02/16 20:22:18.109, 72.39 W
2025/02/16 20:22:18.119, 72.39 W
2025/02/16 20:22:18.129, 72.39 W
2025/02/16 20:22:18.139, 72.39 W
2025/02/16 20:22:18.149, 72.39 W
2025/02/16 20:22:18.159, 72.39 W
2025/02/16 20:22:18.169, 72.39 W
2025/02/16 20:22:18.179, 72.69 W
2025/02/16 20:22:18.189, 72.69 W
2025/02/16 20:22:18.199, 72.69 W
2025/02/16 20:22:18.209, 72.69 W
2025/02/16 20:22:18.219, 72.69 W
2025/02/16 20:22:18.230, 72.69 W
2025/02/16 20:22:18.240, 72.69 W
2025/02/16 20:22:18.250, 72.69 W
2025/02/16 20:22:18.260, 72.69 W
2025/02/16 20:22:18.270, 72.69 W
2025/02/16 20:22:18.280, 72.69 W
2025/02/16 20:22:18.290, 72.69 W
2025/02/16 20:22:18.300, 72.69 W
2025/02/16 20:22:18.310, 72.69 W
2025/02/16 20:22:18.320, 72.69 W
2025/02/16 20:22:18.330, 72.69 W
2025/02/16 20:22:18.340, 72.69 W
2025/02/16 20:22:18.350, 72.69 W
2025/02/16 20:22:18.360, 72.69 W
2025/02/16 20:22:18.370, 72.69 W
2025/02/16 20:22:18.381, 72.39 W
2025/02/16 20:22:18.391, 72.39 W
2025/02/16 20:22:18.401, 72.39 W
2025/02/16 20:22:18.411, 72.39 W
2025/02/16 20:22:18.421, 72.39 W
2025/02/16 20:22:18.431, 72.39 W
2025/02/16 20:22:18.441, 72.39 W
2025/02/16 20:22:18.451, 72.39 W
2025/02/16 20:22:18.461, 72.39 W
2025/02/16 20:22:18.471, 72.69 W
2025/02/16 20:22:18.481, 72.69 W
2025/02/16 20:22:18.491, 72.69 W
2025/02/16 20:22:18.501, 72.69 W
2025/02/16 20:22:18.511, 72.69 W
2025/02/16 20:22:18.522, 72.69 W
2025/02/16 20:22:18.532, 72.69 W
2025/02/16 20:22:18.542, 72.69 W
2025/02/16 20:22:18.552, 72.69 W
2025/02/16 20:22:18.562, 72.69 W
2025/02/16 20:22:18.572, 72.69 W
2025/02/16 20:22:18.582, 72.69 W
2025/02/16 20:22:18.592, 72.39 W
2025/02/16 20:22:18.602, 72.39 W
2025/02/16 20:22:18.612, 72.39 W
2025/02/16 20:22:18.622, 72.39 W
2025/02/16 20:22:18.632, 72.39 W
2025/02/16 20:22:18.642, 72.39 W
2025/02/16 20:22:18.652, 72.39 W
2025/02/16 20:22:18.663, 72.39 W
2025/02/16 20:22:18.673, 72.69 W
2025/02/16 20:22:18.683, 72.69 W
2025/02/16 20:22:18.693, 72.69 W
2025/02/16 20:22:18.703, 72.69 W
2025/02/16 20:22:18.713, 72.69 W
2025/02/16 20:22:18.723, 72.69 W
2025/02/16 20:22:18.733, 72.69 W
2025/02/16 20:22:18.743, 72.69 W
2025/02/16 20:22:18.753, 72.69 W
2025/02/16 20:22:18.763, 72.69 W
2025/02/16 20:22:18.773, 72.69 W
2025/02/16 20:22:18.783, 72.69 W
2025/02/16 20:22:18.794, 72.69 W
2025/02/16 20:22:18.804, 72.69 W
2025/02/16 20:22:18.814, 72.69 W
2025/02/16 20:22:18.824, 72.69 W
2025/02/16 20:22:18.834, 72.69 W
2025/02/16 20:22:18.844, 72.69 W
2025/02/16 20:22:18.854, 72.69 W
2025/02/16 20:22:18.864, 72.69 W
2025/02/16 20:22:18.874, 72.39 W
2025/02/16 20:22:18.884, 72.39 W
2025/02/16 20:22:18.894, 72.39 W
2025/02/16 20:22:18.904, 72.39 W
2025/02/16 20:22:18.914, 72.39 W
2025/02/16 20:22:18.924, 72.39 W
2025/02/16 20:22:18.935, 72.39 W
2025/02/16 20:22:18.945, 72.39 W
2025/02/16 20:22:18.955, 72.39 W
2025/02/16 20:22:18.965, 72.39 W
2025/02/16 20:22:18.975, 72.39 W
2025/02/16 20:22:18.985, 72.39 W
2025/02/16 20:22:18.995, 72.39 W
2025/02/16 20:22:19.005, 72.39 W
2025/02/16 20:22:19.015, 72.39 W
2025/02/16 20:22:19.025, 72.39 W
2025/02/16 20:22:19.035, 72.39 W
2025/02/16 20:22:19.045, 72.39 W
2025/02/16 20:22:19.055, 72.39 W
2025/02/16 20:22:19.065, 72.39 W
2025/02/16 20:22:19.076, 72.39 W
2025/02/16 20:22:19.086, 72.39 W
2025/02/16 20:22:19.096, 72.39 W
2025/02/16 20:22:19.106, 72.39 W
2025/02/16 20:22:19.116, 72.39 W
2025/02/16 20:22:19.126, 72.39 W
2025/02/16 20:22:19.136, 72.39 W
2025/02/16 20:22:19.146, 72.39 W
2025/02/16 20:22:19.156, 72.39 W
2025/02/16 20:22:19.166, 72.39 W
2025/02/16 20:22:19.176, 72.39 W
2025/02/16 20:22:19.186, 72.39 W
2025/02/16 20:22:19.196, 72.39 W
2025/02/16 20:22:19.206, 72.69 W
2025/02/16 20:22:19.216, 72.69 W
2025/02/16 20:22:19.227, 72.69 W
2025/02/16 20:22:19.237, 72.69 W
2025/02/16 20:22:19.247, 72.69 W
2025/02/16 20:22:19.257, 72.69 W
2025/02/16 20:22:19.267, 72.69 W
2025/02/16 20:22:19.277, 72.69 W
2025/02/16 20:22:19.287, 72.69 W
2025/02/16 20:22:19.297, 72.69 W
2025/02/16 20:22:19.307, 72.69 W
2025/02/16 20:22:19.317, 72.69 W
2025/02/16 20:22:19.327, 72.69 W
2025/02/16 20:22:19.337, 72.69 W
2025/02/16 20:22:19.347, 72.69 W
2025/02/16 20:22:19.357, 72.69 W
2025/02/16 20:22:19.367, 72.69 W
2025/02/16 20:22:19.378, 72.69 W
2025/02/16 20:22:19.388, 72.69 W
2025/02/16 20:22:19.398, 72.69 W
2025/02/16 20:22:19.408, 72.69 W
2025/02/16 20:22:19.418, 72.69 W
2025/02/16 20:22:19.428, 72.69 W
2025/02/16 20:22:19.438, 72.69 W
2025/02/16 20:22:19.448, 72.69 W
2025/02/16 20:22:19.458, 72.69 W
2025/02/16 20:22:19.468, 72.69 W
2025/02/16 20:22:19.478, 72.69 W
2025/02/16 20:22:19.488, 72.69 W
2025/02/16 20:22:19.498, 72.69 W
2025/02/16 20:22:19.508, 72.69 W
2025/02/16 20:22:19.519, 72.69 W
2025/02/16 20:22:19.529, 72.69 W
2025/02/16 20:22:19.539, 72.69 W
2025/02/16 20:22:19.549, 72.69 W
2025/02/16 20:22:19.559, 72.69 W
2025/02/16 20:22:19.569, 72.69 W
2025/02/16 20:22:19.579, 72.69 W
2025/02/16 20:22:19.589, 72.69 W
2025/02/16 20:22:19.599, 72.69 W
2025/02/16 20:22:19.609, 72.39 W
2025/02/16 20:22:19.619, 72.39 W
2025/02/16 20:22:19.629, 72.39 W
2025/02/16 20:22:19.639, 72.39 W
2025/02/16 20:22:19.649, 72.39 W
2025/02/16 20:22:19.660, 72.39 W
2025/02/16 20:22:19.670, 72.39 W
2025/02/16 20:22:19.680, 72.39 W
2025/02/16 20:22:19.690, 72.39 W
2025/02/16 20:22:19.700, 72.39 W
2025/02/16 20:22:19.710, 72.39 W
2025/02/16 20:22:19.720, 72.69 W
2025/02/16 20:22:19.730, 72.69 W
2025/02/16 20:22:19.740, 72.69 W
2025/02/16 20:22:19.750, 72.69 W
2025/02/16 20:22:19.760, 72.69 W
2025/02/16 20:22:19.770, 72.69 W
2025/02/16 20:22:19.780, 72.69 W
2025/02/16 20:22:19.790, 72.69 W
2025/02/16 20:22:19.801, 72.69 W
2025/02/16 20:22:19.811, 72.69 W
2025/02/16 20:22:19.821, 72.69 W
2025/02/16 20:22:19.831, 72.69 W
2025/02/16 20:22:19.841, 72.69 W
2025/02/16 20:22:19.851, 72.69 W
2025/02/16 20:22:19.861, 72.69 W
2025/02/16 20:22:19.871, 72.69 W
2025/02/16 20:22:19.881, 72.69 W
2025/02/16 20:22:19.891, 72.69 W
2025/02/16 20:22:19.901, 72.69 W
2025/02/16 20:22:19.911, 72.69 W
2025/02/16 20:22:19.921, 72.69 W
2025/02/16 20:22:19.931, 72.69 W
2025/02/16 20:22:19.942, 72.69 W
2025/02/16 20:22:19.952, 72.69 W
2025/02/16 20:22:19.962, 72.69 W
2025/02/16 20:22:19.972, 72.69 W
2025/02/16 20:22:19.982, 72.69 W
2025/02/16 20:22:19.992, 72.69 W
2025/02/16 20:22:20.002, 72.69 W
2025/02/16 20:22:20.012, 72.69 W
2025/02/16 20:22:20.022, 72.39 W
2025/02/16 20:22:20.032, 72.39 W
2025/02/16 20:22:20.042, 72.39 W
2025/02/16 20:22:20.052, 72.39 W
2025/02/16 20:22:20.062, 72.39 W
2025/02/16 20:22:20.072, 72.39 W
2025/02/16 20:22:20.083, 72.39 W
2025/02/16 20:22:20.093, 72.39 W
2025/02/16 20:22:20.103, 72.39 W
2025/02/16 20:22:20.113, 72.39 W
2025/02/16 20:22:20.123, 72.39 W
2025/02/16 20:22:20.133, 72.39 W
2025/02/16 20:22:20.143, 72.39 W
2025/02/16 20:22:20.153, 72.39 W
2025/02/16 20:22:20.163, 72.39 W
2025/02/16 20:22:20.173, 72.39 W
2025/02/16 20:22:20.183, 72.39 W
2025/02/16 20:22:20.193, 72.39 W
2025/02/16 20:22:20.203, 72.39 W
2025/02/16 20:22:20.213, 72.39 W
2025/02/16 20:22:20.223, 72.69 W
2025/02/16 20:22:20.234, 72.69 W
2025/02/16 20:22:20.244, 72.69 W
2025/02/16 20:22:20.254, 72.69 W
2025/02/16 20:22:20.264, 72.69 W
2025/02/16 20:22:20.274, 72.69 W
2025/02/16 20:22:20.284, 72.69 W
2025/02/16 20:22:20.294, 72.69 W
2025/02/16 20:22:20.304, 72.69 W
2025/02/16 20:22:20.314, 72.69 W
2025/02/16 20:22:20.324, 72.69 W
2025/02/16 20:22:20.334, 72.69 W
2025/02/16 20:22:20.344, 72.69 W
2025/02/16 20:22:20.354, 72.69 W
2025/02/16 20:22:20.364, 72.69 W
2025/02/16 20:22:20.375, 72.69 W
2025/02/16 20:22:20.385, 72.69 W
2025/02/16 20:22:20.395, 72.69 W
2025/02/16 20:22:20.405, 72.69 W
2025/02/16 20:22:20.415, 72.69 W
2025/02/16 20:22:20.425, 72.69 W
2025/02/16 20:22:20.435, 72.69 W
2025/02/16 20:22:20.445, 72.69 W
2025/02/16 20:22:20.455, 72.69 W
2025/02/16 20:22:20.465, 72.69 W
2025/02/16 20:22:20.475, 72.69 W
2025/02/16 20:22:20.485, 72.69 W
2025/02/16 20:22:20.495, 72.69 W
2025/02/16 20:22:20.505, 72.69 W
2025/02/16 20:22:20.516, 72.39 W
2025/02/16 20:22:20.526, 72.39 W
2025/02/16 20:22:20.536, 72.39 W
2025/02/16 20:22:20.546, 72.39 W
2025/02/16 20:22:20.556, 72.39 W
2025/02/16 20:22:20.566, 72.39 W
2025/02/16 20:22:20.576, 72.39 W
2025/02/16 20:22:20.586, 72.39 W
2025/02/16 20:22:20.596, 72.39 W
2025/02/16 20:22:20.606, 72.39 W
2025/02/16 20:22:20.616, 72.39 W
2025/02/16 20:22:20.626, 72.39 W
2025/02/16 20:22:20.636, 72.69 W
2025/02/16 20:22:20.646, 72.69 W
2025/02/16 20:22:20.657, 72.69 W
2025/02/16 20:22:20.667, 72.69 W
2025/02/16 20:22:20.677, 72.69 W
2025/02/16 20:22:20.687, 72.69 W
2025/02/16 20:22:20.697, 72.69 W
2025/02/16 20:22:20.707, 72.69 W
2025/02/16 20:22:20.717, 72.69 W
2025/02/16 20:22:20.727, 72.69 W
2025/02/16 20:22:20.737, 72.39 W
2025/02/16 20:22:20.747, 72.39 W
2025/02/16 20:22:20.757, 72.39 W
2025/02/16 20:22:20.767, 72.39 W
2025/02/16 20:22:20.777, 72.39 W
2025/02/16 20:22:20.787, 72.39 W
2025/02/16 20:22:20.798, 72.39 W
2025/02/16 20:22:20.808, 72.39 W
2025/02/16 20:22:20.818, 72.39 W
2025/02/16 20:22:20.828, 72.39 W
2025/02/16 20:22:20.838, 72.39 W
2025/02/16 20:22:20.848, 72.39 W
2025/02/16 20:22:20.858, 72.39 W
2025/02/16 20:22:20.868, 72.39 W
2025/02/16 20:22:20.878, 72.39 W
2025/02/16 20:22:20.888, 72.39 W
2025/02/16 20:22:20.898, 72.39 W
2025/02/16 20:22:20.908, 72.39 W
2025/02/16 20:22:20.918, 72.39 W
2025/02/16 20:22:20.928, 72.69 W
2025/02/16 20:22:20.939, 72.69 W
2025/02/16 20:22:20.949, 72.69 W
2025/02/16 20:22:20.959, 72.69 W
2025/02/16 20:22:20.969, 72.69 W
2025/02/16 20:22:20.979, 72.69 W
2025/02/16 20:22:20.989, 72.69 W
2025/02/16 20:22:20.999, 72.69 W
2025/02/16 20:22:21.009, 72.69 W
2025/02/16 20:22:21.019, 72.69 W
2025/02/16 20:22:21.029, 72.69 W
2025/02/16 20:22:21.039, 72.69 W
2025/02/16 20:22:21.049, 72.39 W
2025/02/16 20:22:21.059, 72.39 W
2025/02/16 20:22:21.069, 72.39 W
2025/02/16 20:22:21.081, 72.39 W
2025/02/16 20:22:21.092, 72.39 W
2025/02/16 20:22:21.102, 72.39 W
2025/02/16 20:22:21.112, 72.39 W
2025/02/16 20:22:21.122, 72.39 W
2025/02/16 20:22:21.132, 72.39 W
2025/02/16 20:22:21.142, 72.39 W
2025/02/16 20:22:21.152, 72.39 W
2025/02/16 20:22:21.162, 72.39 W
2025/02/16 20:22:21.172, 72.39 W
2025/02/16 20:22:21.182, 72.39 W
2025/02/16 20:22:21.192, 72.39 W
2025/02/16 20:22:21.202, 72.39 W
2025/02/16 20:22:21.212, 72.39 W
2025/02/16 20:22:21.223, 72.39 W
2025/02/16 20:22:21.233, 72.39 W
2025/02/16 20:22:21.243, 72.39 W
2025/02/16 20:22:21.253, 72.39 W
2025/02/16 20:22:21.263, 72.39 W
2025/02/16 20:22:21.273, 72.39 W
2025/02/16 20:22:21.283, 72.39 W
2025/02/16 20:22:21.293, 72.39 W
2025/02/16 20:22:21.303, 72.39 W
2025/02/16 20:22:21.313, 72.39 W
2025/02/16 20:22:21.323, 72.39 W
2025/02/16 20:22:21.333, 72.39 W
2025/02/16 20:22:21.343, 72.39 W
2025/02/16 20:22:21.354, 72.39 W
2025/02/16 20:22:21.364, 72.39 W
2025/02/16 20:22:21.374, 72.39 W
2025/02/16 20:22:21.384, 72.39 W
2025/02/16 20:22:21.394, 72.39 W
2025/02/16 20:22:21.404, 72.39 W
2025/02/16 20:22:21.414, 72.39 W
2025/02/16 20:22:21.424, 72.39 W
2025/02/16 20:22:21.434, 72.39 W
2025/02/16 20:22:21.444, 72.39 W
2025/02/16 20:22:21.454, 72.39 W
2025/02/16 20:22:21.464, 72.39 W
2025/02/16 20:22:21.474, 72.39 W
2025/02/16 20:22:21.484, 72.39 W
2025/02/16 20:22:21.495, 72.39 W
2025/02/16 20:22:21.505, 72.39 W
2025/02/16 20:22:21.515, 72.39 W
2025/02/16 20:22:21.525, 72.39 W
2025/02/16 20:22:21.535, 72.39 W
2025/02/16 20:22:21.545, 72.39 W
2025/02/16 20:22:21.555, 72.39 W
2025/02/16 20:22:21.565, 72.39 W
2025/02/16 20:22:21.575, 72.39 W
2025/02/16 20:22:21.585, 72.39 W
2025/02/16 20:22:21.595, 72.39 W
2025/02/16 20:22:21.605, 72.39 W
2025/02/16 20:22:21.615, 72.39 W
2025/02/16 20:22:21.625, 72.39 W
2025/02/16 20:22:21.636, 72.39 W
2025/02/16 20:22:21.646, 72.39 W
2025/02/16 20:22:21.656, 72.39 W
2025/02/16 20:22:21.666, 72.39 W
2025/02/16 20:22:21.676, 72.39 W
2025/02/16 20:22:21.686, 72.39 W
2025/02/16 20:22:21.696, 72.39 W
2025/02/16 20:22:21.706, 72.39 W
2025/02/16 20:22:21.716, 72.39 W
2025/02/16 20:22:21.726, 72.39 W
2025/02/16 20:22:21.736, 72.39 W
2025/02/16 20:22:21.746, 72.39 W
2025/02/16 20:22:21.756, 72.39 W
2025/02/16 20:22:21.766, 72.39 W
2025/02/16 20:22:21.777, 72.39 W
2025/02/16 20:22:21.787, 72.39 W
2025/02/16 20:22:21.797, 72.39 W
2025/02/16 20:22:21.807, 72.39 W
2025/02/16 20:22:21.817, 72.39 W
2025/02/16 20:22:21.827, 72.39 W
2025/02/16 20:22:21.837, 72.39 W
2025/02/16 20:22:21.847, 72.69 W
2025/02/16 20:22:21.857, 72.69 W
2025/02/16 20:22:21.867, 72.69 W
2025/02/16 20:22:21.877, 72.69 W
2025/02/16 20:22:21.887, 72.69 W
2025/02/16 20:22:21.897, 72.69 W
2025/02/16 20:22:21.907, 72.69 W
2025/02/16 20:22:21.917, 72.69 W
2025/02/16 20:22:21.928, 72.69 W
2025/02/16 20:22:21.938, 72.69 W
2025/02/16 20:22:21.948, 72.39 W
2025/02/16 20:22:21.958, 72.39 W
2025/02/16 20:22:21.968, 72.39 W
2025/02/16 20:22:21.978, 72.39 W
2025/02/16 20:22:21.988, 72.39 W
2025/02/16 20:22:21.998, 72.39 W
2025/02/16 20:22:22.008, 72.39 W
2025/02/16 20:22:22.018, 72.39 W
2025/02/16 20:22:22.028, 72.39 W
2025/02/16 20:22:22.038, 72.39 W
2025/02/16 20:22:22.048, 72.39 W
2025/02/16 20:22:22.058, 72.39 W
2025/02/16 20:22:22.068, 72.39 W
2025/02/16 20:22:22.079, 72.39 W
2025/02/16 20:22:22.089, 72.39 W
2025/02/16 20:22:22.099, 72.39 W
2025/02/16 20:22:22.109, 72.39 W
2025/02/16 20:22:22.119, 72.39 W
2025/02/16 20:22:22.129, 72.39 W
2025/02/16 20:22:22.139, 72.39 W
2025/02/16 20:22:22.149, 72.39 W
2025/02/16 20:22:22.159, 72.39 W
2025/02/16 20:22:22.169, 72.39 W
2025/02/16 20:22:22.179, 72.39 W
2025/02/16 20:22:22.189, 72.39 W
2025/02/16 20:22:22.199, 72.39 W
2025/02/16 20:22:22.209, 72.39 W
2025/02/16 20:22:22.220, 72.39 W
2025/02/16 20:22:22.230, 72.39 W
2025/02/16 20:22:22.240, 72.39 W
2025/02/16 20:22:22.250, 72.39 W
2025/02/16 20:22:22.260, 72.39 W
2025/02/16 20:22:22.270, 72.39 W
2025/02/16 20:22:22.280, 72.39 W
2025/02/16 20:22:22.290, 72.39 W
2025/02/16 20:22:22.300, 72.39 W
2025/02/16 20:22:22.310, 72.39 W
2025/02/16 20:22:22.320, 72.39 W
2025/02/16 20:22:22.330, 72.39 W
2025/02/16 20:22:22.340, 72.39 W
2025/02/16 20:22:22.351, 72.39 W
2025/02/16 20:22:22.361, 72.39 W
2025/02/16 20:22:22.371, 72.39 W
2025/02/16 20:22:22.381, 72.39 W
2025/02/16 20:22:22.391, 72.39 W
2025/02/16 20:22:22.401, 72.39 W
2025/02/16 20:22:22.411, 72.39 W
2025/02/16 20:22:22.421, 72.39 W
2025/02/16 20:22:22.431, 72.39 W
2025/02/16 20:22:22.441, 72.39 W
2025/02/16 20:22:22.451, 72.39 W
2025/02/16 20:22:22.461, 72.39 W
2025/02/16 20:22:22.471, 72.39 W
2025/02/16 20:22:22.482, 72.69 W
2025/02/16 20:22:22.492, 72.69 W
2025/02/16 20:22:22.502, 72.69 W
2025/02/16 20:22:22.512, 72.69 W
2025/02/16 20:22:22.522, 72.69 W
2025/02/16 20:22:22.532, 72.69 W
2025/02/16 20:22:22.542, 72.69 W
2025/02/16 20:22:22.552, 72.69 W
2025/02/16 20:22:22.562, 72.69 W
2025/02/16 20:22:22.572, 72.69 W
2025/02/16 20:22:22.582, 72.69 W
2025/02/16 20:22:22.592, 72.69 W
2025/02/16 20:22:22.603, 72.69 W
2025/02/16 20:22:22.613, 72.69 W
2025/02/16 20:22:22.623, 72.69 W
2025/02/16 20:22:22.633, 72.69 W
2025/02/16 20:22:22.643, 72.69 W
2025/02/16 20:22:22.653, 72.69 W
2025/02/16 20:22:22.663, 72.69 W
2025/02/16 20:22:22.673, 72.39 W
2025/02/16 20:22:22.683, 72.39 W
2025/02/16 20:22:22.693, 72.39 W
2025/02/16 20:22:22.703, 72.39 W
2025/02/16 20:22:22.713, 72.39 W
2025/02/16 20:22:22.724, 72.39 W
2025/02/16 20:22:22.734, 72.39 W
2025/02/16 20:22:22.744, 72.39 W
2025/02/16 20:22:22.754, 72.39 W
2025/02/16 20:22:22.764, 72.69 W
2025/02/16 20:22:22.774, 72.69 W
2025/02/16 20:22:22.784, 72.69 W
2025/02/16 20:22:22.794, 72.69 W
2025/02/16 20:22:22.804, 72.69 W
2025/02/16 20:22:22.814, 72.69 W
2025/02/16 20:22:22.824, 72.69 W
2025/02/16 20:22:22.834, 72.69 W
2025/02/16 20:22:22.845, 72.69 W
2025/02/16 20:22:22.855, 72.69 W
2025/02/16 20:22:22.865, 72.69 W
2025/02/16 20:22:22.875, 72.69 W
2025/02/16 20:22:22.885, 72.39 W
2025/02/16 20:22:22.895, 72.39 W
2025/02/16 20:22:22.905, 72.39 W
2025/02/16 20:22:22.915, 72.39 W
2025/02/16 20:22:22.925, 72.39 W
2025/02/16 20:22:22.935, 72.39 W
2025/02/16 20:22:22.945, 72.39 W
2025/02/16 20:22:22.955, 72.39 W
2025/02/16 20:22:22.966, 72.39 W
2025/02/16 20:22:22.976, 72.69 W
2025/02/16 20:22:22.986, 72.69 W
2025/02/16 20:22:22.996, 72.69 W
2025/02/16 20:22:23.006, 72.69 W
2025/02/16 20:22:23.016, 72.69 W
2025/02/16 20:22:23.026, 72.69 W
2025/02/16 20:22:23.036, 72.69 W
2025/02/16 20:22:23.046, 72.69 W
2025/02/16 20:22:23.056, 72.69 W
2025/02/16 20:22:23.066, 72.69 W
2025/02/16 20:22:23.076, 72.69 W
2025/02/16 20:22:23.086, 72.69 W
2025/02/16 20:22:23.097, 72.69 W
2025/02/16 20:22:23.107, 72.69 W
2025/02/16 20:22:23.117, 72.69 W
2025/02/16 20:22:23.127, 72.69 W
2025/02/16 20:22:23.137, 72.69 W
2025/02/16 20:22:23.147, 72.69 W
2025/02/16 20:22:23.157, 72.69 W
2025/02/16 20:22:23.167, 72.69 W
2025/02/16 20:22:23.177, 72.39 W
2025/02/16 20:22:23.187, 72.39 W
2025/02/16 20:22:23.197, 72.39 W
2025/02/16 20:22:23.207, 72.39 W
2025/02/16 20:22:23.217, 72.39 W
2025/02/16 20:22:23.228, 72.39 W
2025/02/16 20:22:23.238, 72.39 W
2025/02/16 20:22:23.248, 72.39 W
2025/02/16 20:22:23.258, 72.39 W
2025/02/16 20:22:23.268, 72.39 W
2025/02/16 20:22:23.278, 72.39 W
2025/02/16 20:22:23.288, 72.39 W
2025/02/16 20:22:23.298, 72.69 W
2025/02/16 20:22:23.308, 72.69 W
2025/02/16 20:22:23.318, 72.69 W
2025/02/16 20:22:23.328, 72.69 W
2025/02/16 20:22:23.338, 72.69 W
2025/02/16 20:22:23.348, 72.69 W
2025/02/16 20:22:23.358, 72.69 W
2025/02/16 20:22:23.369, 72.69 W
2025/02/16 20:22:23.379, 72.69 W
2025/02/16 20:22:23.389, 72.69 W
2025/02/16 20:22:23.399, 72.69 W
2025/02/16 20:22:23.409, 72.69 W
2025/02/16 20:22:23.419, 72.69 W
2025/02/16 20:22:23.429, 72.69 W
2025/02/16 20:22:23.439, 72.69 W
2025/02/16 20:22:23.449, 72.69 W
2025/02/16 20:22:23.459, 72.69 W
2025/02/16 20:22:23.469, 72.69 W
2025/02/16 20:22:23.479, 72.69 W
2025/02/16 20:22:23.489, 72.69 W
2025/02/16 20:22:23.500, 72.69 W
2025/02/16 20:22:23.510, 72.69 W
2025/02/16 20:22:23.520, 72.69 W
2025/02/16 20:22:23.530, 72.69 W
2025/02/16 20:22:23.540, 72.69 W
2025/02/16 20:22:23.550, 72.69 W
2025/02/16 20:22:23.560, 72.69 W
2025/02/16 20:22:23.570, 72.69 W
2025/02/16 20:22:23.580, 72.69 W
2025/02/16 20:22:23.590, 72.69 W
2025/02/16 20:22:23.600, 72.69 W
2025/02/16 20:22:23.610, 72.69 W
2025/02/16 20:22:23.620, 72.69 W
2025/02/16 20:22:23.630, 72.69 W
2025/02/16 20:22:23.641, 72.69 W
2025/02/16 20:22:23.651, 72.69 W
2025/02/16 20:22:23.661, 72.69 W
2025/02/16 20:22:23.671, 72.69 W
2025/02/16 20:22:23.681, 72.69 W
2025/02/16 20:22:23.691, 72.39 W
2025/02/16 20:22:23.701, 72.39 W
2025/02/16 20:22:23.711, 72.39 W
2025/02/16 20:22:23.721, 72.39 W
2025/02/16 20:22:23.731, 72.39 W
2025/02/16 20:22:23.741, 72.39 W
2025/02/16 20:22:23.751, 72.39 W
2025/02/16 20:22:23.761, 72.39 W
2025/02/16 20:22:23.771, 72.39 W
2025/02/16 20:22:23.782, 72.39 W
2025/02/16 20:22:23.792, 72.69 W
2025/02/16 20:22:23.802, 72.69 W
2025/02/16 20:22:23.812, 72.69 W
2025/02/16 20:22:23.822, 72.69 W
2025/02/16 20:22:23.832, 72.69 W
2025/02/16 20:22:23.842, 72.69 W
2025/02/16 20:22:23.852, 72.69 W
2025/02/16 20:22:23.862, 72.69 W
2025/02/16 20:22:23.872, 72.69 W
2025/02/16 20:22:23.882, 72.69 W
2025/02/16 20:22:23.892, 72.69 W
2025/02/16 20:22:23.902, 72.69 W
2025/02/16 20:22:23.912, 72.69 W
2025/02/16 20:22:23.923, 72.69 W
2025/02/16 20:22:23.933, 72.69 W
2025/02/16 20:22:23.943, 72.69 W
2025/02/16 20:22:23.953, 72.69 W
2025/02/16 20:22:23.963, 72.69 W
2025/02/16 20:22:23.973, 72.69 W
2025/02/16 20:22:23.983, 72.69 W
2025/02/16 20:22:23.993, 72.69 W
2025/02/16 20:22:24.003, 72.69 W
2025/02/16 20:22:24.013, 72.69 W
2025/02/16 20:22:24.023, 72.69 W
2025/02/16 20:22:24.033, 72.69 W
2025/02/16 20:22:24.043, 72.69 W
2025/02/16 20:22:24.053, 72.69 W
2025/02/16 20:22:24.064, 72.69 W
2025/02/16 20:22:24.074, 72.69 W
2025/02/16 20:22:24.084, 72.69 W
2025/02/16 20:22:24.094, 72.69 W
2025/02/16 20:22:24.104, 72.69 W
2025/02/16 20:22:24.114, 72.69 W
2025/02/16 20:22:24.124, 72.69 W
2025/02/16 20:22:24.134, 72.69 W
2025/02/16 20:22:24.144, 72.69 W
2025/02/16 20:22:24.154, 72.69 W
2025/02/16 20:22:24.164, 72.69 W
2025/02/16 20:22:24.174, 72.69 W
2025/02/16 20:22:24.184, 72.69 W
2025/02/16 20:22:24.194, 72.69 W
2025/02/16 20:22:24.205, 72.69 W
2025/02/16 20:22:24.215, 72.69 W
2025/02/16 20:22:24.225, 72.69 W
2025/02/16 20:22:24.235, 72.69 W
2025/02/16 20:22:24.245, 72.69 W
2025/02/16 20:22:24.255, 72.69 W
2025/02/16 20:22:24.265, 72.69 W
2025/02/16 20:22:24.275, 72.69 W
2025/02/16 20:22:24.285, 72.69 W
2025/02/16 20:22:24.295, 72.69 W
2025/02/16 20:22:24.305, 72.69 W
2025/02/16 20:22:24.315, 72.69 W
2025/02/16 20:22:24.325, 72.39 W
2025/02/16 20:22:24.335, 72.39 W
2025/02/16 20:22:24.345, 72.39 W
2025/02/16 20:22:24.356, 72.39 W
2025/02/16 20:22:24.366, 72.39 W
2025/02/16 20:22:24.376, 72.39 W
2025/02/16 20:22:24.386, 72.39 W
2025/02/16 20:22:24.396, 72.39 W
2025/02/16 20:22:24.406, 72.93 W
2025/02/16 20:22:24.416, 72.93 W
2025/02/16 20:22:24.426, 72.93 W
2025/02/16 20:22:24.436, 72.93 W
2025/02/16 20:22:24.446, 72.93 W
2025/02/16 20:22:24.456, 72.93 W
2025/02/16 20:22:24.466, 72.93 W
2025/02/16 20:22:24.476, 72.93 W
2025/02/16 20:22:24.486, 72.93 W
2025/02/16 20:22:24.496, 72.93 W
2025/02/16 20:22:24.507, 72.93 W
2025/02/16 20:22:24.517, 72.93 W
2025/02/16 20:22:24.527, 72.39 W
2025/02/16 20:22:24.537, 72.39 W
2025/02/16 20:22:24.547, 72.39 W
2025/02/16 20:22:24.557, 72.39 W
2025/02/16 20:22:24.567, 72.39 W
2025/02/16 20:22:24.577, 72.39 W
2025/02/16 20:22:24.587, 72.39 W
2025/02/16 20:22:24.597, 72.39 W
2025/02/16 20:22:24.607, 72.69 W
2025/02/16 20:22:24.617, 72.69 W
2025/02/16 20:22:24.627, 72.69 W
2025/02/16 20:22:24.637, 72.69 W
2025/02/16 20:22:24.648, 72.69 W
2025/02/16 20:22:24.658, 72.69 W
2025/02/16 20:22:24.668, 72.69 W
2025/02/16 20:22:24.678, 72.69 W
2025/02/16 20:22:24.688, 72.69 W
2025/02/16 20:22:24.698, 72.69 W
2025/02/16 20:22:24.708, 72.69 W
2025/02/16 20:22:24.718, 72.69 W
2025/02/16 20:22:24.728, 72.69 W
2025/02/16 20:22:24.738, 72.69 W
2025/02/16 20:22:24.748, 72.69 W
2025/02/16 20:22:24.758, 72.69 W
2025/02/16 20:22:24.768, 72.69 W
2025/02/16 20:22:24.778, 72.69 W
2025/02/16 20:22:24.789, 72.69 W
2025/02/16 20:22:24.799, 72.69 W
2025/02/16 20:22:24.809, 72.69 W
2025/02/16 20:22:24.819, 72.39 W
2025/02/16 20:22:24.829, 72.39 W
2025/02/16 20:22:24.839, 72.39 W
2025/02/16 20:22:24.849, 72.39 W
2025/02/16 20:22:24.859, 72.39 W
2025/02/16 20:22:24.869, 72.39 W
2025/02/16 20:22:24.879, 72.39 W
2025/02/16 20:22:24.889, 72.39 W
2025/02/16 20:22:24.899, 72.39 W
2025/02/16 20:22:24.909, 72.39 W
2025/02/16 20:22:24.919, 72.39 W
2025/02/16 20:22:24.930, 72.39 W
2025/02/16 20:22:24.940, 72.39 W
2025/02/16 20:22:24.950, 72.39 W
2025/02/16 20:22:24.960, 72.39 W
2025/02/16 20:22:24.970, 72.39 W
2025/02/16 20:22:24.980, 72.39 W
2025/02/16 20:22:24.990, 72.39 W
2025/02/16 20:22:25.000, 72.39 W
2025/02/16 20:22:25.010, 72.39 W
2025/02/16 20:22:25.020, 72.39 W
2025/02/16 20:22:25.030, 72.39 W
2025/02/16 20:22:25.040, 72.39 W
2025/02/16 20:22:25.050, 72.39 W
2025/02/16 20:22:25.060, 72.39 W
2025/02/16 20:22:25.071, 72.39 W
2025/02/16 20:22:25.081, 72.39 W
2025/02/16 20:22:25.091, 72.39 W
2025/02/16 20:22:25.101, 72.39 W
2025/02/16 20:22:25.111, 72.39 W
2025/02/16 20:22:25.121, 72.39 W
2025/02/16 20:22:25.131, 72.39 W
2025/02/16 20:22:25.141, 72.69 W
2025/02/16 20:22:25.151, 72.69 W
2025/02/16 20:22:25.161, 72.69 W
2025/02/16 20:22:25.171, 72.69 W
2025/02/16 20:22:25.181, 72.69 W
2025/02/16 20:22:25.191, 72.69 W
2025/02/16 20:22:25.202, 72.69 W
2025/02/16 20:22:25.212, 72.69 W
2025/02/16 20:22:25.222, 72.69 W
2025/02/16 20:22:25.232, 72.69 W
2025/02/16 20:22:25.242, 72.69 W
2025/02/16 20:22:25.252, 72.69 W
2025/02/16 20:22:25.262, 72.69 W
2025/02/16 20:22:25.272, 72.69 W
2025/02/16 20:22:25.282, 72.69 W
2025/02/16 20:22:25.292, 72.69 W
2025/02/16 20:22:25.302, 72.69 W
2025/02/16 20:22:25.312, 72.69 W
2025/02/16 20:22:25.322, 72.69 W
2025/02/16 20:22:25.332, 72.69 W
2025/02/16 20:22:25.342, 72.69 W
2025/02/16 20:22:25.353, 72.69 W
2025/02/16 20:22:25.363, 72.69 W
2025/02/16 20:22:25.373, 72.69 W
2025/02/16 20:22:25.383, 72.69 W
2025/02/16 20:22:25.393, 72.69 W
2025/02/16 20:22:25.403, 72.69 W
2025/02/16 20:22:25.413, 72.69 W
2025/02/16 20:22:25.423, 72.69 W
2025/02/16 20:22:25.433, 72.69 W
2025/02/16 20:22:25.443, 72.69 W
2025/02/16 20:22:25.453, 72.69 W
2025/02/16 20:22:25.463, 72.69 W
2025/02/16 20:22:25.473, 72.69 W
2025/02/16 20:22:25.483, 72.69 W
2025/02/16 20:22:25.493, 72.69 W
2025/02/16 20:22:25.504, 72.69 W
2025/02/16 20:22:25.514, 72.69 W
2025/02/16 20:22:25.524, 72.69 W
2025/02/16 20:22:25.534, 72.69 W
2025/02/16 20:22:25.544, 72.69 W
2025/02/16 20:22:25.554, 72.39 W
2025/02/16 20:22:25.564, 72.39 W
2025/02/16 20:22:25.574, 72.39 W
2025/02/16 20:22:25.584, 72.39 W
2025/02/16 20:22:25.594, 72.39 W
2025/02/16 20:22:25.604, 72.39 W
2025/02/16 20:22:25.614, 72.39 W
2025/02/16 20:22:25.624, 72.39 W
2025/02/16 20:22:25.634, 72.69 W
2025/02/16 20:22:25.644, 72.69 W
2025/02/16 20:22:25.655, 72.69 W
2025/02/16 20:22:25.665, 72.69 W
2025/02/16 20:22:25.675, 72.69 W
2025/02/16 20:22:25.685, 72.69 W
2025/02/16 20:22:25.695, 72.69 W
2025/02/16 20:22:25.705, 72.69 W
2025/02/16 20:22:25.715, 72.69 W
2025/02/16 20:22:25.725, 72.69 W
2025/02/16 20:22:25.735, 72.39 W
2025/02/16 20:22:25.745, 72.39 W
2025/02/16 20:22:25.755, 72.39 W
2025/02/16 20:22:25.765, 72.39 W
2025/02/16 20:22:25.775, 72.39 W
2025/02/16 20:22:25.786, 72.39 W
2025/02/16 20:22:25.796, 72.39 W
2025/02/16 20:22:25.806, 72.39 W
2025/02/16 20:22:25.816, 72.39 W
2025/02/16 20:22:25.826, 72.39 W
2025/02/16 20:22:25.836, 72.39 W
2025/02/16 20:22:25.846, 72.39 W
2025/02/16 20:22:25.856, 72.39 W
2025/02/16 20:22:25.866, 72.39 W
2025/02/16 20:22:25.876, 72.39 W
2025/02/16 20:22:25.886, 72.39 W
2025/02/16 20:22:25.896, 72.39 W
2025/02/16 20:22:25.906, 72.39 W
2025/02/16 20:22:25.916, 72.39 W
2025/02/16 20:22:25.927, 72.39 W
2025/02/16 20:22:25.937, 72.39 W
2025/02/16 20:22:25.947, 72.39 W
2025/02/16 20:22:25.957, 72.69 W
2025/02/16 20:22:25.967, 72.69 W
2025/02/16 20:22:25.977, 72.69 W
2025/02/16 20:22:25.987, 72.69 W
2025/02/16 20:22:25.997, 72.69 W
2025/02/16 20:22:26.007, 72.69 W
2025/02/16 20:22:26.017, 72.69 W
2025/02/16 20:22:26.027, 72.69 W
2025/02/16 20:22:26.037, 72.69 W
2025/02/16 20:22:26.047, 72.39 W
2025/02/16 20:22:26.057, 72.39 W
2025/02/16 20:22:26.068, 72.39 W
2025/02/16 20:22:26.078, 72.39 W
2025/02/16 20:22:26.088, 72.39 W
2025/02/16 20:22:26.098, 72.39 W
2025/02/16 20:22:26.108, 72.39 W
2025/02/16 20:22:26.118, 72.39 W
2025/02/16 20:22:26.128, 72.39 W
2025/02/16 20:22:26.138, 72.39 W
2025/02/16 20:22:26.148, 72.39 W
2025/02/16 20:22:26.158, 72.39 W
2025/02/16 20:22:26.168, 72.69 W
2025/02/16 20:22:26.178, 72.69 W
2025/02/16 20:22:26.188, 72.69 W
2025/02/16 20:22:26.198, 72.69 W
2025/02/16 20:22:26.209, 72.69 W
2025/02/16 20:22:26.219, 72.69 W
2025/02/16 20:22:26.229, 72.69 W
2025/02/16 20:22:26.239, 72.69 W
2025/02/16 20:22:26.249, 72.69 W
2025/02/16 20:22:26.259, 72.69 W
2025/02/16 20:22:26.269, 72.69 W
2025/02/16 20:22:26.279, 72.69 W
2025/02/16 20:22:26.289, 72.69 W
2025/02/16 20:22:26.299, 72.69 W
2025/02/16 20:22:26.309, 72.69 W
2025/02/16 20:22:26.319, 72.69 W
2025/02/16 20:22:26.329, 72.69 W
2025/02/16 20:22:26.339, 72.69 W
2025/02/16 20:22:26.350, 72.69 W
2025/02/16 20:22:26.360, 72.69 W
2025/02/16 20:22:26.370, 72.69 W
2025/02/16 20:22:26.380, 72.69 W
2025/02/16 20:22:26.390, 72.69 W
2025/02/16 20:22:26.400, 72.69 W
2025/02/16 20:22:26.410, 72.69 W
2025/02/16 20:22:26.420, 72.69 W
2025/02/16 20:22:26.430, 72.69 W
2025/02/16 20:22:26.440, 72.69 W
2025/02/16 20:22:26.450, 72.69 W
2025/02/16 20:22:26.460, 72.69 W
2025/02/16 20:22:26.470, 72.69 W
2025/02/16 20:22:26.480, 72.69 W
2025/02/16 20:22:26.490, 72.69 W
2025/02/16 20:22:26.501, 72.69 W
2025/02/16 20:22:26.511, 72.69 W
2025/02/16 20:22:26.521, 72.69 W
2025/02/16 20:22:26.531, 72.69 W
2025/02/16 20:22:26.541, 72.69 W
2025/02/16 20:22:26.551, 72.69 W
2025/02/16 20:22:26.561, 72.69 W
2025/02/16 20:22:26.571, 72.39 W
2025/02/16 20:22:26.581, 72.39 W
2025/02/16 20:22:26.591, 72.39 W
2025/02/16 20:22:26.601, 72.39 W
2025/02/16 20:22:26.611, 72.39 W
2025/02/16 20:22:26.621, 72.39 W
2025/02/16 20:22:26.631, 72.39 W
2025/02/16 20:22:26.641, 72.39 W
2025/02/16 20:22:26.652, 72.39 W
2025/02/16 20:22:26.662, 72.69 W
2025/02/16 20:22:26.672, 72.69 W
2025/02/16 20:22:26.682, 72.69 W
2025/02/16 20:22:26.692, 72.69 W
2025/02/16 20:22:26.702, 72.69 W
2025/02/16 20:22:26.712, 72.69 W
2025/02/16 20:22:26.722, 72.69 W
2025/02/16 20:22:26.732, 72.69 W
2025/02/16 20:22:26.742, 72.69 W
2025/02/16 20:22:26.752, 72.69 W
2025/02/16 20:22:26.762, 72.69 W
2025/02/16 20:22:26.772, 72.69 W
2025/02/16 20:22:26.782, 72.69 W
2025/02/16 20:22:26.793, 72.69 W
2025/02/16 20:22:26.803, 72.69 W
2025/02/16 20:22:26.813, 72.69 W
2025/02/16 20:22:26.823, 72.69 W
2025/02/16 20:22:26.833, 72.69 W
2025/02/16 20:22:26.843, 72.69 W
2025/02/16 20:22:26.853, 72.69 W
2025/02/16 20:22:26.863, 72.69 W
2025/02/16 20:22:26.873, 72.69 W
2025/02/16 20:22:26.883, 72.69 W
2025/02/16 20:22:26.893, 72.69 W
2025/02/16 20:22:26.903, 72.69 W
2025/02/16 20:22:26.913, 72.69 W
2025/02/16 20:22:26.923, 72.69 W
2025/02/16 20:22:26.934, 72.69 W
2025/02/16 20:22:26.944, 72.69 W
2025/02/16 20:22:26.954, 72.69 W
2025/02/16 20:22:26.964, 72.69 W
2025/02/16 20:22:26.974, 72.69 W
2025/02/16 20:22:26.984, 72.69 W
2025/02/16 20:22:26.994, 72.69 W
2025/02/16 20:22:27.004, 72.69 W
2025/02/16 20:22:27.014, 72.69 W
2025/02/16 20:22:27.024, 72.69 W
2025/02/16 20:22:27.034, 72.69 W
2025/02/16 20:22:27.044, 72.69 W
2025/02/16 20:22:27.054, 72.69 W
2025/02/16 20:22:27.064, 72.39 W
2025/02/16 20:22:27.075, 72.39 W
2025/02/16 20:22:27.085, 72.39 W
2025/02/16 20:22:27.095, 72.39 W
2025/02/16 20:22:27.105, 72.39 W
2025/02/16 20:22:27.115, 72.39 W
2025/02/16 20:22:27.125, 72.39 W
2025/02/16 20:22:27.135, 72.39 W
2025/02/16 20:22:27.145, 72.39 W
2025/02/16 20:22:27.155, 72.39 W
2025/02/16 20:22:27.165, 72.39 W
2025/02/16 20:22:27.175, 72.39 W
2025/02/16 20:22:27.185, 72.69 W
2025/02/16 20:22:27.195, 72.69 W
2025/02/16 20:22:27.205, 72.69 W
2025/02/16 20:22:27.216, 72.69 W
2025/02/16 20:22:27.226, 72.69 W
2025/02/16 20:22:27.236, 72.69 W
2025/02/16 20:22:27.246, 72.69 W
2025/02/16 20:22:27.256, 72.69 W
2025/02/16 20:22:27.266, 72.69 W
2025/02/16 20:22:27.276, 72.69 W
2025/02/16 20:22:27.286, 72.69 W
2025/02/16 20:22:27.296, 72.69 W
2025/02/16 20:22:27.306, 72.69 W
2025/02/16 20:22:27.316, 72.69 W
2025/02/16 20:22:27.326, 72.69 W
2025/02/16 20:22:27.336, 72.69 W
2025/02/16 20:22:27.346, 72.69 W
2025/02/16 20:22:27.357, 72.69 W
2025/02/16 20:22:27.367, 72.69 W
2025/02/16 20:22:27.377, 72.69 W
2025/02/16 20:22:27.387, 72.69 W
2025/02/16 20:22:27.397, 72.39 W
2025/02/16 20:22:27.407, 72.39 W
2025/02/16 20:22:27.417, 72.39 W
2025/02/16 20:22:27.427, 72.39 W
2025/02/16 20:22:27.437, 72.39 W
2025/02/16 20:22:27.447, 72.39 W
2025/02/16 20:22:27.457, 72.39 W
2025/02/16 20:22:27.467, 72.39 W
2025/02/16 20:22:27.477, 72.69 W
2025/02/16 20:22:27.487, 72.69 W
2025/02/16 20:22:27.498, 72.69 W
2025/02/16 20:22:27.508, 72.69 W
2025/02/16 20:22:27.518, 72.69 W
2025/02/16 20:22:27.528, 72.69 W
2025/02/16 20:22:27.538, 72.69 W
2025/02/16 20:22:27.548, 72.69 W
2025/02/16 20:22:27.558, 72.69 W
2025/02/16 20:22:27.568, 72.69 W
2025/02/16 20:22:27.578, 72.69 W
2025/02/16 20:22:27.588, 72.69 W
2025/02/16 20:22:27.598, 72.69 W
2025/02/16 20:22:27.608, 72.69 W
2025/02/16 20:22:27.618, 72.69 W
2025/02/16 20:22:27.628, 72.69 W
2025/02/16 20:22:27.638, 72.69 W
2025/02/16 20:22:27.648, 72.69 W
2025/02/16 20:22:27.659, 72.69 W
2025/02/16 20:22:27.669, 72.69 W
2025/02/16 20:22:27.679, 72.69 W
2025/02/16 20:22:27.689, 72.69 W
2025/02/16 20:22:27.699, 72.69 W
2025/02/16 20:22:27.709, 72.69 W
2025/02/16 20:22:27.719, 72.69 W
2025/02/16 20:22:27.729, 72.69 W
2025/02/16 20:22:27.739, 72.69 W
2025/02/16 20:22:27.749, 72.69 W
2025/02/16 20:22:27.759, 72.69 W
2025/02/16 20:22:27.769, 72.69 W
2025/02/16 20:22:27.779, 72.69 W
2025/02/16 20:22:27.789, 72.69 W
2025/02/16 20:22:27.800, 72.69 W
2025/02/16 20:22:27.810, 72.69 W
2025/02/16 20:22:27.820, 72.69 W
2025/02/16 20:22:27.830, 72.69 W
2025/02/16 20:22:27.840, 72.69 W
2025/02/16 20:22:27.850, 72.69 W
2025/02/16 20:22:27.860, 72.69 W
2025/02/16 20:22:27.870, 72.69 W
2025/02/16 20:22:27.880, 72.69 W
2025/02/16 20:22:27.890, 72.39 W
2025/02/16 20:22:27.900, 72.39 W
2025/02/16 20:22:27.910, 72.39 W
2025/02/16 20:22:27.920, 72.39 W
2025/02/16 20:22:27.930, 72.39 W
2025/02/16 20:22:27.941, 72.39 W
2025/02/16 20:22:27.951, 72.39 W
2025/02/16 20:22:27.961, 72.39 W
2025/02/16 20:22:27.971, 72.39 W
2025/02/16 20:22:27.981, 72.39 W
2025/02/16 20:22:27.991, 72.39 W
2025/02/16 20:22:28.001, 72.39 W
2025/02/16 20:22:28.011, 72.69 W
2025/02/16 20:22:28.021, 72.69 W
2025/02/16 20:22:28.031, 72.69 W
2025/02/16 20:22:28.041, 72.69 W
2025/02/16 20:22:28.051, 72.69 W
2025/02/16 20:22:28.061, 72.69 W
2025/02/16 20:22:28.071, 72.69 W
2025/02/16 20:22:28.082, 72.69 W
2025/02/16 20:22:28.092, 72.69 W
2025/02/16 20:22:28.102, 72.69 W
2025/02/16 20:22:28.112, 72.69 W
2025/02/16 20:22:28.122, 72.69 W
2025/02/16 20:22:28.132, 72.69 W
2025/02/16 20:22:28.142, 72.69 W
2025/02/16 20:22:28.152, 72.69 W
2025/02/16 20:22:28.162, 72.69 W
2025/02/16 20:22:28.172, 72.69 W
2025/02/16 20:22:28.182, 72.69 W
2025/02/16 20:22:28.192, 72.69 W
2025/02/16 20:22:28.202, 72.69 W
2025/02/16 20:22:28.213, 72.69 W
2025/02/16 20:22:28.223, 72.69 W
2025/02/16 20:22:28.233, 72.69 W
2025/02/16 20:22:28.243, 72.69 W
2025/02/16 20:22:28.253, 72.69 W
2025/02/16 20:22:28.263, 72.69 W
2025/02/16 20:22:28.273, 72.69 W
2025/02/16 20:22:28.283, 72.69 W
2025/02/16 20:22:28.293, 72.69 W
2025/02/16 20:22:28.303, 72.69 W
2025/02/16 20:22:28.313, 72.69 W
2025/02/16 20:22:28.323, 72.69 W
2025/02/16 20:22:28.333, 72.69 W
2025/02/16 20:22:28.343, 72.69 W
2025/02/16 20:22:28.353, 72.69 W
2025/02/16 20:22:28.364, 72.69 W
2025/02/16 20:22:28.374, 72.69 W
2025/02/16 20:22:28.384, 72.69 W
2025/02/16 20:22:28.394, 72.69 W
2025/02/16 20:22:28.404, 72.69 W
2025/02/16 20:22:28.414, 72.69 W
2025/02/16 20:22:28.424, 72.69 W
2025/02/16 20:22:28.434, 72.69 W
2025/02/16 20:22:28.444, 72.69 W
2025/02/16 20:22:28.454, 72.69 W
2025/02/16 20:22:28.464, 72.69 W
2025/02/16 20:22:28.474, 72.69 W
2025/02/16 20:22:28.484, 72.69 W
2025/02/16 20:22:28.494, 72.69 W
2025/02/16 20:22:28.505, 72.39 W
2025/02/16 20:22:28.515, 72.39 W
2025/02/16 20:22:28.525, 72.39 W
2025/02/16 20:22:28.535, 72.39 W
2025/02/16 20:22:28.545, 72.39 W
2025/02/16 20:22:28.555, 72.39 W
2025/02/16 20:22:28.565, 72.39 W
2025/02/16 20:22:28.575, 72.39 W
2025/02/16 20:22:28.585, 72.39 W
2025/02/16 20:22:28.595, 72.39 W
2025/02/16 20:22:28.605, 72.39 W
2025/02/16 20:22:28.615, 72.39 W
2025/02/16 20:22:28.625, 72.69 W
2025/02/16 20:22:28.635, 72.69 W
2025/02/16 20:22:28.645, 72.69 W
2025/02/16 20:22:28.656, 72.69 W
2025/02/16 20:22:28.666, 72.69 W
2025/02/16 20:22:28.676, 72.69 W
2025/02/16 20:22:28.686, 72.69 W
2025/02/16 20:22:28.696, 72.69 W
2025/02/16 20:22:28.706, 72.69 W
2025/02/16 20:22:28.716, 72.69 W
2025/02/16 20:22:28.726, 72.39 W
2025/02/16 20:22:28.736, 72.39 W
2025/02/16 20:22:28.746, 72.39 W
2025/02/16 20:22:28.756, 72.39 W
2025/02/16 20:22:28.766, 72.39 W
2025/02/16 20:22:28.776, 72.39 W
2025/02/16 20:22:28.786, 72.39 W
2025/02/16 20:22:28.796, 72.39 W
2025/02/16 20:22:28.807, 72.69 W
2025/02/16 20:22:28.817, 72.69 W
2025/02/16 20:22:28.827, 72.69 W
2025/02/16 20:22:28.837, 72.69 W
2025/02/16 20:22:28.847, 72.69 W
2025/02/16 20:22:28.857, 72.69 W
2025/02/16 20:22:28.867, 72.69 W
2025/02/16 20:22:28.877, 72.69 W
2025/02/16 20:22:28.887, 72.69 W
2025/02/16 20:22:28.897, 72.69 W
2025/02/16 20:22:28.907, 72.69 W
2025/02/16 20:22:28.917, 72.69 W
2025/02/16 20:22:28.927, 72.69 W
2025/02/16 20:22:28.937, 72.69 W
2025/02/16 20:22:28.948, 72.69 W
2025/02/16 20:22:28.958, 72.69 W
2025/02/16 20:22:28.968, 72.69 W
2025/02/16 20:22:28.978, 72.69 W
2025/02/16 20:22:28.988, 72.69 W
2025/02/16 20:22:28.998, 72.69 W
2025/02/16 20:22:29.008, 72.69 W
2025/02/16 20:22:29.018, 72.69 W
2025/02/16 20:22:29.028, 72.69 W
2025/02/16 20:22:29.038, 72.69 W
2025/02/16 20:22:29.048, 72.69 W
2025/02/16 20:22:29.058, 72.69 W
2025/02/16 20:22:29.068, 72.69 W
2025/02/16 20:22:29.078, 72.69 W
2025/02/16 20:22:29.089, 72.69 W
2025/02/16 20:22:29.099, 72.69 W
2025/02/16 20:22:29.109, 72.69 W
2025/02/16 20:22:29.119, 72.69 W
2025/02/16 20:22:29.129, 72.69 W
2025/02/16 20:22:29.139, 72.69 W
2025/02/16 20:22:29.149, 72.69 W
2025/02/16 20:22:29.159, 72.69 W
2025/02/16 20:22:29.169, 72.69 W
2025/02/16 20:22:29.179, 72.69 W
2025/02/16 20:22:29.189, 72.69 W
2025/02/16 20:22:29.199, 72.69 W
2025/02/16 20:22:29.209, 72.69 W
2025/02/16 20:22:29.219, 72.69 W
2025/02/16 20:22:29.230, 72.69 W
2025/02/16 20:22:29.240, 72.39 W
2025/02/16 20:22:29.250, 72.39 W
2025/02/16 20:22:29.260, 72.39 W
2025/02/16 20:22:29.270, 72.39 W
2025/02/16 20:22:29.280, 72.39 W
2025/02/16 20:22:29.290, 72.39 W
2025/02/16 20:22:29.300, 72.39 W
2025/02/16 20:22:29.310, 72.39 W
2025/02/16 20:22:29.320, 72.69 W
2025/02/16 20:22:29.330, 72.69 W
2025/02/16 20:22:29.340, 72.69 W
2025/02/16 20:22:29.350, 72.69 W
2025/02/16 20:22:29.360, 72.69 W
2025/02/16 20:22:29.371, 72.69 W
2025/02/16 20:22:29.381, 72.69 W
2025/02/16 20:22:29.394, 72.69 W
2025/02/16 20:22:29.406, 72.69 W
2025/02/16 20:22:29.416, 72.69 W
2025/02/16 20:22:29.427, 72.69 W
2025/02/16 20:22:29.437, 72.69 W
2025/02/16 20:22:29.447, 72.69 W
2025/02/16 20:22:29.457, 72.69 W
2025/02/16 20:22:29.467, 72.69 W
2025/02/16 20:22:29.477, 72.69 W
2025/02/16 20:22:29.487, 72.69 W
2025/02/16 20:22:29.497, 72.69 W
2025/02/16 20:22:29.507, 72.69 W
2025/02/16 20:22:29.517, 72.69 W
2025/02/16 20:22:29.527, 72.69 W
2025/02/16 20:22:29.537, 72.69 W
2025/02/16 20:22:29.547, 72.69 W
2025/02/16 20:22:29.557, 72.69 W
2025/02/16 20:22:29.568, 72.69 W
2025/02/16 20:22:29.578, 72.69 W
2025/02/16 20:22:29.588, 72.69 W
2025/02/16 20:22:29.598, 72.69 W
2025/02/16 20:22:29.608, 72.69 W
2025/02/16 20:22:29.618, 72.69 W
2025/02/16 20:22:29.628, 72.69 W
2025/02/16 20:22:29.638, 72.69 W
2025/02/16 20:22:29.648, 72.69 W
2025/02/16 20:22:29.658, 72.69 W
2025/02/16 20:22:29.668, 72.69 W
2025/02/16 20:22:29.678, 72.69 W
2025/02/16 20:22:29.688, 72.69 W
2025/02/16 20:22:29.698, 72.69 W
2025/02/16 20:22:29.709, 72.69 W
2025/02/16 20:22:29.719, 72.69 W
2025/02/16 20:22:29.729, 72.69 W
2025/02/16 20:22:29.739, 72.69 W
2025/02/16 20:22:29.749, 72.69 W
2025/02/16 20:22:29.759, 72.69 W
2025/02/16 20:22:29.769, 72.69 W
2025/02/16 20:22:29.779, 72.69 W
2025/02/16 20:22:29.789, 72.69 W
2025/02/16 20:22:29.799, 72.69 W
2025/02/16 20:22:29.809, 72.69 W
2025/02/16 20:22:29.819, 72.69 W
2025/02/16 20:22:29.829, 72.69 W
2025/02/16 20:22:29.839, 72.69 W
2025/02/16 20:22:29.850, 72.69 W
2025/02/16 20:22:29.860, 72.69 W
2025/02/16 20:22:29.870, 72.69 W
2025/02/16 20:22:29.880, 72.69 W
2025/02/16 20:22:29.890, 72.69 W
2025/02/16 20:22:29.900, 72.69 W
2025/02/16 20:22:29.910, 72.69 W
2025/02/16 20:22:29.920, 72.69 W
2025/02/16 20:22:29.930, 72.69 W
2025/02/16 20:22:29.940, 72.39 W
2025/02/16 20:22:29.950, 72.39 W
2025/02/16 20:22:29.960, 72.39 W
2025/02/16 20:22:29.970, 72.39 W
2025/02/16 20:22:29.980, 72.39 W
2025/02/16 20:22:29.991, 72.39 W
2025/02/16 20:22:30.001, 72.39 W
2025/02/16 20:22:30.011, 72.39 W
2025/02/16 20:22:30.021, 72.39 W
2025/02/16 20:22:30.031, 72.39 W
2025/02/16 20:22:30.041, 72.39 W
2025/02/16 20:22:30.051, 72.39 W
2025/02/16 20:22:30.061, 72.39 W
2025/02/16 20:22:30.071, 72.39 W
2025/02/16 20:22:30.081, 72.39 W
2025/02/16 20:22:30.091, 72.39 W
2025/02/16 20:22:30.101, 72.39 W
2025/02/16 20:22:30.111, 72.39 W
2025/02/16 20:22:30.121, 72.39 W
2025/02/16 20:22:30.131, 72.39 W
2025/02/16 20:22:30.142, 72.39 W
2025/02/16 20:22:30.152, 72.39 W
2025/02/16 20:22:30.162, 72.39 W
2025/02/16 20:22:30.172, 72.39 W
2025/02/16 20:22:30.182, 72.39 W
2025/02/16 20:22:30.192, 72.39 W
2025/02/16 20:22:30.202, 72.39 W
2025/02/16 20:22:30.212, 72.39 W
2025/02/16 20:22:30.222, 72.39 W
2025/02/16 20:22:30.232, 72.39 W
2025/02/16 20:22:30.242, 72.39 W
2025/02/16 20:22:30.252, 72.39 W
2025/02/16 20:22:30.262, 72.39 W
2025/02/16 20:22:30.272, 72.39 W
2025/02/16 20:22:30.283, 72.39 W
2025/02/16 20:22:30.293, 72.39 W
2025/02/16 20:22:30.303, 72.39 W
2025/02/16 20:22:30.313, 72.39 W
2025/02/16 20:22:30.323, 72.39 W
2025/02/16 20:22:30.333, 72.39 W
2025/02/16 20:22:30.343, 72.39 W
2025/02/16 20:22:30.353, 72.39 W
2025/02/16 20:22:30.363, 72.39 W
2025/02/16 20:22:30.373, 72.39 W
2025/02/16 20:22:30.383, 72.39 W
2025/02/16 20:22:30.393, 72.39 W
2025/02/16 20:22:30.403, 72.39 W
2025/02/16 20:22:30.413, 72.39 W
2025/02/16 20:22:30.424, 72.39 W
2025/02/16 20:22:30.434, 72.39 W
2025/02/16 20:22:30.444, 72.39 W
2025/02/16 20:22:30.454, 72.39 W
2025/02/16 20:22:30.464, 72.69 W
2025/02/16 20:22:30.474, 72.69 W
2025/02/16 20:22:30.484, 72.69 W
2025/02/16 20:22:30.494, 72.69 W
2025/02/16 20:22:30.504, 72.69 W
2025/02/16 20:22:30.514, 72.69 W
2025/02/16 20:22:30.524, 72.69 W
2025/02/16 20:22:30.534, 72.69 W
2025/02/16 20:22:30.549, 72.69 W
2025/02/16 20:22:30.559, 72.69 W
2025/02/16 20:22:30.570, 72.69 W
2025/02/16 20:22:30.580, 72.69 W
2025/02/16 20:22:30.590, 72.69 W
2025/02/16 20:22:30.600, 72.69 W
2025/02/16 20:22:30.610, 72.69 W
2025/02/16 20:22:30.620, 72.69 W
2025/02/16 20:22:30.630, 72.69 W
2025/02/16 20:22:30.640, 72.69 W
2025/02/16 20:22:30.650, 72.69 W
2025/02/16 20:22:30.660, 72.69 W
2025/02/16 20:22:30.670, 72.69 W
2025/02/16 20:22:30.680, 72.69 W
2025/02/16 20:22:30.690, 72.69 W
2025/02/16 20:22:30.701, 72.69 W
2025/02/16 20:22:30.711, 72.69 W
2025/02/16 20:22:30.721, 72.69 W
2025/02/16 20:22:30.731, 72.69 W
2025/02/16 20:22:30.741, 72.69 W
2025/02/16 20:22:30.751, 72.69 W
2025/02/16 20:22:30.761, 72.69 W
2025/02/16 20:22:30.771, 72.69 W
2025/02/16 20:22:30.785, 72.69 W
2025/02/16 20:22:30.795, 72.69 W
2025/02/16 20:22:30.805, 72.69 W
2025/02/16 20:22:30.815, 72.69 W
2025/02/16 20:22:30.826, 72.69 W
2025/02/16 20:22:30.836, 72.69 W
2025/02/16 20:22:30.846, 72.69 W
2025/02/16 20:22:30.856, 72.69 W
2025/02/16 20:22:30.866, 72.69 W
2025/02/16 20:22:30.876, 72.69 W
2025/02/16 20:22:30.886, 72.69 W
2025/02/16 20:22:30.896, 72.69 W
2025/02/16 20:22:30.906, 72.69 W
2025/02/16 20:22:30.916, 72.69 W
2025/02/16 20:22:30.926, 72.69 W
2025/02/16 20:22:30.936, 72.69 W
2025/02/16 20:22:30.946, 72.69 W
2025/02/16 20:22:30.956, 72.69 W
2025/02/16 20:22:30.967, 72.69 W
2025/02/16 20:22:30.977, 72.69 W
2025/02/16 20:22:30.987, 72.69 W
2025/02/16 20:22:30.997, 72.69 W
2025/02/16 20:22:31.007, 72.69 W
2025/02/16 20:22:31.017, 72.69 W
2025/02/16 20:22:31.027, 72.69 W
2025/02/16 20:22:31.037, 72.69 W
2025/02/16 20:22:31.047, 72.69 W
2025/02/16 20:22:31.057, 72.69 W
2025/02/16 20:22:31.067, 72.69 W
2025/02/16 20:22:31.077, 72.69 W
2025/02/16 20:22:31.087, 72.69 W
2025/02/16 20:22:31.098, 72.69 W
2025/02/16 20:22:31.108, 72.69 W
2025/02/16 20:22:31.118, 72.69 W
2025/02/16 20:22:31.128, 72.69 W
2025/02/16 20:22:31.138, 72.69 W
2025/02/16 20:22:31.148, 72.69 W
2025/02/16 20:22:31.158, 72.69 W
2025/02/16 20:22:31.168, 72.69 W
2025/02/16 20:22:31.178, 72.69 W
2025/02/16 20:22:31.188, 72.69 W
2025/02/16 20:22:31.198, 72.69 W
2025/02/16 20:22:31.208, 72.69 W
2025/02/16 20:22:31.218, 72.69 W
2025/02/16 20:22:31.229, 72.69 W
2025/02/16 20:22:31.239, 72.69 W
2025/02/16 20:22:31.249, 72.69 W
2025/02/16 20:22:31.259, 72.69 W
2025/02/16 20:22:31.269, 72.69 W
2025/02/16 20:22:31.279, 72.69 W
2025/02/16 20:22:31.289, 72.69 W
2025/02/16 20:22:31.299, 72.69 W
2025/02/16 20:22:31.309, 72.69 W
2025/02/16 20:22:31.319, 72.69 W
2025/02/16 20:22:31.329, 72.69 W
2025/02/16 20:22:31.339, 72.69 W
2025/02/16 20:22:31.349, 72.69 W
2025/02/16 20:22:31.359, 72.69 W
2025/02/16 20:22:31.370, 72.69 W
2025/02/16 20:22:31.380, 72.69 W
2025/02/16 20:22:31.390, 72.69 W
2025/02/16 20:22:31.400, 72.69 W
2025/02/16 20:22:31.410, 72.69 W
2025/02/16 20:22:31.420, 72.69 W
2025/02/16 20:22:31.430, 72.69 W
2025/02/16 20:22:31.440, 72.69 W
2025/02/16 20:22:31.450, 72.69 W
2025/02/16 20:22:31.460, 72.69 W
2025/02/16 20:22:31.470, 72.69 W
2025/02/16 20:22:31.480, 72.69 W
2025/02/16 20:22:31.490, 72.69 W
2025/02/16 20:22:31.500, 72.69 W
2025/02/16 20:22:31.511, 72.69 W
2025/02/16 20:22:31.521, 72.69 W
2025/02/16 20:22:31.531, 72.69 W
2025/02/16 20:22:31.541, 72.69 W
2025/02/16 20:22:31.551, 72.69 W
2025/02/16 20:22:31.561, 72.69 W
2025/02/16 20:22:31.571, 72.69 W
2025/02/16 20:22:31.581, 72.69 W
2025/02/16 20:22:31.591, 72.69 W
2025/02/16 20:22:31.601, 72.69 W
2025/02/16 20:22:31.611, 72.69 W
2025/02/16 20:22:31.621, 72.69 W
2025/02/16 20:22:31.631, 72.69 W
2025/02/16 20:22:31.641, 72.69 W
2025/02/16 20:22:31.652, 72.69 W
2025/02/16 20:22:31.662, 72.69 W
2025/02/16 20:22:31.672, 72.69 W
2025/02/16 20:22:31.682, 72.69 W
2025/02/16 20:22:31.692, 72.69 W
2025/02/16 20:22:31.702, 72.69 W
2025/02/16 20:22:31.712, 72.69 W
2025/02/16 20:22:31.722, 72.69 W
2025/02/16 20:22:31.732, 72.69 W
2025/02/16 20:22:31.742, 72.69 W
2025/02/16 20:22:31.752, 72.69 W
2025/02/16 20:22:31.762, 72.69 W
2025/02/16 20:22:31.772, 72.69 W
2025/02/16 20:22:31.782, 72.69 W
2025/02/16 20:22:31.793, 72.69 W
2025/02/16 20:22:31.803, 72.69 W
2025/02/16 20:22:31.813, 72.69 W
2025/02/16 20:22:31.823, 72.69 W
2025/02/16 20:22:31.833, 72.69 W
2025/02/16 20:22:31.843, 72.69 W
2025/02/16 20:22:31.853, 72.69 W
2025/02/16 20:22:31.863, 72.69 W
2025/02/16 20:22:31.873, 72.69 W
2025/02/16 20:22:31.883, 72.69 W
2025/02/16 20:22:31.893, 72.69 W
2025/02/16 20:22:31.903, 72.69 W
2025/02/16 20:22:31.913, 72.69 W
2025/02/16 20:22:31.923, 72.69 W
2025/02/16 20:22:31.933, 72.69 W
2025/02/16 20:22:31.943, 72.69 W
2025/02/16 20:22:31.954, 72.69 W
2025/02/16 20:22:31.964, 72.69 W
2025/02/16 20:22:31.974, 72.69 W
2025/02/16 20:22:31.984, 72.93 W
2025/02/16 20:22:31.994, 72.93 W
2025/02/16 20:22:32.004, 72.93 W
2025/02/16 20:22:32.014, 72.93 W
2025/02/16 20:22:32.024, 72.93 W
2025/02/16 20:22:32.034, 72.93 W
2025/02/16 20:22:32.044, 72.93 W
2025/02/16 20:22:32.054, 72.93 W
2025/02/16 20:22:32.064, 72.93 W
2025/02/16 20:22:32.074, 72.93 W
2025/02/16 20:22:32.084, 72.93 W
2025/02/16 20:22:32.094, 72.93 W
2025/02/16 20:22:32.105, 72.39 W
2025/02/16 20:22:32.115, 72.39 W
2025/02/16 20:22:32.125, 72.39 W
2025/02/16 20:22:32.135, 72.39 W
2025/02/16 20:22:32.145, 72.39 W
2025/02/16 20:22:32.155, 72.39 W
2025/02/16 20:22:32.165, 72.39 W
2025/02/16 20:22:32.175, 72.39 W
2025/02/16 20:22:32.185, 72.69 W
2025/02/16 20:22:32.195, 72.69 W
2025/02/16 20:22:32.205, 72.69 W
2025/02/16 20:22:32.215, 72.69 W
2025/02/16 20:22:32.225, 72.69 W
2025/02/16 20:22:32.235, 72.69 W
2025/02/16 20:22:32.246, 72.69 W
2025/02/16 20:22:32.256, 72.69 W
2025/02/16 20:22:32.266, 72.69 W
2025/02/16 20:22:32.276, 72.69 W
2025/02/16 20:22:32.286, 72.69 W
2025/02/16 20:22:32.296, 72.69 W
2025/02/16 20:22:32.306, 72.69 W
2025/02/16 20:22:32.316, 72.69 W
2025/02/16 20:22:32.326, 72.69 W
2025/02/16 20:22:32.336, 72.69 W
2025/02/16 20:22:32.346, 72.69 W
2025/02/16 20:22:32.356, 72.69 W
2025/02/16 20:22:32.366, 72.69 W
2025/02/16 20:22:32.376, 72.69 W
2025/02/16 20:22:32.387, 72.69 W
2025/02/16 20:22:32.397, 72.69 W
2025/02/16 20:22:32.407, 72.69 W
2025/02/16 20:22:32.417, 72.69 W
2025/02/16 20:22:32.427, 72.69 W
2025/02/16 20:22:32.437, 72.69 W
2025/02/16 20:22:32.447, 72.69 W
2025/02/16 20:22:32.457, 72.69 W
2025/02/16 20:22:32.467, 72.69 W
2025/02/16 20:22:32.477, 72.69 W
2025/02/16 20:22:32.487, 72.69 W
2025/02/16 20:22:32.497, 72.69 W
2025/02/16 20:22:32.507, 72.69 W
2025/02/16 20:22:32.518, 72.69 W
2025/02/16 20:22:32.528, 72.69 W
2025/02/16 20:22:32.538, 72.69 W
2025/02/16 20:22:32.548, 72.69 W
2025/02/16 20:22:32.558, 72.69 W
2025/02/16 20:22:32.568, 72.69 W
2025/02/16 20:22:32.578, 72.69 W
2025/02/16 20:22:32.588, 72.69 W
2025/02/16 20:22:32.598, 72.39 W
2025/02/16 20:22:32.608, 72.39 W
2025/02/16 20:22:32.618, 72.39 W
2025/02/16 20:22:32.628, 72.39 W
2025/02/16 20:22:32.638, 72.39 W
2025/02/16 20:22:32.648, 72.39 W
2025/02/16 20:22:32.659, 72.39 W
2025/02/16 20:22:32.669, 72.39 W
2025/02/16 20:22:32.679, 72.39 W
2025/02/16 20:22:32.689, 72.39 W
2025/02/16 20:22:32.699, 72.69 W
2025/02/16 20:22:32.709, 72.69 W
2025/02/16 20:22:32.719, 72.69 W
2025/02/16 20:22:32.729, 72.69 W
2025/02/16 20:22:32.739, 72.69 W
2025/02/16 20:22:32.749, 72.69 W
2025/02/16 20:22:32.759, 72.69 W
2025/02/16 20:22:32.769, 72.69 W
2025/02/16 20:22:32.779, 72.69 W
2025/02/16 20:22:32.789, 72.69 W
2025/02/16 20:22:32.800, 72.69 W
2025/02/16 20:22:32.810, 72.69 W
2025/02/16 20:22:32.820, 72.69 W
2025/02/16 20:22:32.830, 72.69 W
2025/02/16 20:22:32.840, 72.69 W
2025/02/16 20:22:32.850, 72.69 W
2025/02/16 20:22:32.860, 72.69 W
2025/02/16 20:22:32.870, 72.69 W
2025/02/16 20:22:32.880, 72.69 W
2025/02/16 20:22:32.890, 72.69 W
2025/02/16 20:22:32.900, 72.69 W
2025/02/16 20:22:32.910, 72.69 W
2025/02/16 20:22:32.920, 72.69 W
2025/02/16 20:22:32.930, 72.69 W
2025/02/16 20:22:32.940, 72.69 W
2025/02/16 20:22:32.951, 72.69 W
2025/02/16 20:22:32.961, 72.69 W
2025/02/16 20:22:32.971, 72.69 W
2025/02/16 20:22:32.981, 72.69 W
2025/02/16 20:22:32.991, 72.69 W
2025/02/16 20:22:33.001, 72.69 W
2025/02/16 20:22:33.011, 72.69 W
2025/02/16 20:22:33.021, 72.69 W
2025/02/16 20:22:33.032, 72.69 W
2025/02/16 20:22:33.042, 72.69 W
2025/02/16 20:22:33.052, 72.69 W
2025/02/16 20:22:33.062, 72.69 W
2025/02/16 20:22:33.072, 72.69 W
2025/02/16 20:22:33.082, 72.69 W
2025/02/16 20:22:33.092, 72.69 W
2025/02/16 20:22:33.102, 72.69 W
2025/02/16 20:22:33.112, 72.69 W
2025/02/16 20:22:33.122, 72.69 W
2025/02/16 20:22:33.132, 72.39 W
2025/02/16 20:22:33.142, 72.39 W
2025/02/16 20:22:33.152, 72.39 W
2025/02/16 20:22:33.162, 72.39 W
2025/02/16 20:22:33.172, 72.39 W
2025/02/16 20:22:33.183, 72.39 W
2025/02/16 20:22:33.193, 72.39 W
2025/02/16 20:22:33.203, 72.39 W
2025/02/16 20:22:33.213, 72.69 W
2025/02/16 20:22:33.223, 72.69 W
2025/02/16 20:22:33.233, 72.69 W
2025/02/16 20:22:33.243, 72.69 W
2025/02/16 20:22:33.253, 72.69 W
2025/02/16 20:22:33.263, 72.69 W
2025/02/16 20:22:33.273, 72.69 W
2025/02/16 20:22:33.283, 72.69 W
2025/02/16 20:22:33.293, 72.69 W
2025/02/16 20:22:33.303, 72.69 W
2025/02/16 20:22:33.313, 72.69 W
2025/02/16 20:22:33.324, 72.69 W
2025/02/16 20:22:33.334, 72.69 W
2025/02/16 20:22:33.344, 72.69 W
2025/02/16 20:22:33.354, 72.69 W
2025/02/16 20:22:33.364, 72.69 W
2025/02/16 20:22:33.374, 72.69 W
2025/02/16 20:22:33.384, 72.69 W
2025/02/16 20:22:33.394, 72.69 W
2025/02/16 20:22:33.404, 72.69 W
2025/02/16 20:22:33.414, 72.69 W
2025/02/16 20:22:33.424, 72.69 W
2025/02/16 20:22:33.434, 72.69 W
2025/02/16 20:22:33.444, 72.69 W
2025/02/16 20:22:33.454, 72.69 W
2025/02/16 20:22:33.465, 72.69 W
2025/02/16 20:22:33.475, 72.69 W
2025/02/16 20:22:33.485, 72.69 W
2025/02/16 20:22:33.495, 72.69 W
2025/02/16 20:22:33.505, 72.69 W
2025/02/16 20:22:33.515, 72.69 W
2025/02/16 20:22:33.525, 72.69 W
2025/02/16 20:22:33.535, 72.69 W
2025/02/16 20:22:33.545, 72.69 W
2025/02/16 20:22:33.555, 72.69 W
2025/02/16 20:22:33.565, 72.69 W
2025/02/16 20:22:33.575, 72.69 W
2025/02/16 20:22:33.585, 72.69 W
2025/02/16 20:22:33.595, 72.69 W
2025/02/16 20:22:33.606, 72.69 W
2025/02/16 20:22:33.616, 72.69 W
2025/02/16 20:22:33.626, 72.93 W
2025/02/16 20:22:33.636, 72.93 W
2025/02/16 20:22:33.646, 72.93 W
2025/02/16 20:22:33.656, 72.93 W
2025/02/16 20:22:33.666, 72.93 W
2025/02/16 20:22:33.676, 72.93 W
2025/02/16 20:22:33.686, 72.93 W
2025/02/16 20:22:33.696, 72.93 W
2025/02/16 20:22:33.706, 72.93 W
2025/02/16 20:22:33.716, 72.93 W
2025/02/16 20:22:33.726, 72.39 W
2025/02/16 20:22:33.736, 72.39 W
2025/02/16 20:22:33.747, 72.39 W
2025/02/16 20:22:33.757, 72.39 W
2025/02/16 20:22:33.767, 72.39 W
2025/02/16 20:22:33.777, 72.39 W
2025/02/16 20:22:33.787, 72.39 W
2025/02/16 20:22:33.797, 72.39 W
2025/02/16 20:22:33.807, 72.39 W
2025/02/16 20:22:33.817, 72.39 W
2025/02/16 20:22:33.827, 72.69 W
2025/02/16 20:22:33.837, 72.69 W
2025/02/16 20:22:33.847, 72.69 W
2025/02/16 20:22:33.857, 72.69 W
2025/02/16 20:22:33.867, 72.69 W
2025/02/16 20:22:33.877, 72.69 W
2025/02/16 20:22:33.888, 72.69 W
2025/02/16 20:22:33.898, 72.69 W
2025/02/16 20:22:33.908, 72.69 W
2025/02/16 20:22:33.918, 72.69 W
2025/02/16 20:22:33.928, 72.69 W
2025/02/16 20:22:33.938, 72.69 W
2025/02/16 20:22:33.948, 72.69 W
2025/02/16 20:22:33.958, 72.69 W
2025/02/16 20:22:33.968, 72.69 W
2025/02/16 20:22:33.978, 72.69 W
2025/02/16 20:22:33.988, 72.69 W
2025/02/16 20:22:33.998, 72.69 W
2025/02/16 20:22:34.008, 72.69 W
2025/02/16 20:22:34.018, 72.69 W
2025/02/16 20:22:34.029, 72.39 W
2025/02/16 20:22:34.039, 72.39 W
2025/02/16 20:22:34.049, 72.39 W
2025/02/16 20:22:34.059, 72.39 W
2025/02/16 20:22:34.069, 72.39 W
2025/02/16 20:22:34.079, 72.39 W
2025/02/16 20:22:34.089, 72.39 W
2025/02/16 20:22:34.099, 72.39 W
2025/02/16 20:22:34.109, 72.39 W
2025/02/16 20:22:34.119, 72.39 W
2025/02/16 20:22:34.129, 72.39 W
2025/02/16 20:22:34.139, 72.39 W
2025/02/16 20:22:34.149, 72.69 W
2025/02/16 20:22:34.159, 72.69 W
2025/02/16 20:22:34.169, 72.69 W
2025/02/16 20:22:34.180, 72.69 W
2025/02/16 20:22:34.190, 72.69 W
2025/02/16 20:22:34.200, 72.69 W
2025/02/16 20:22:34.210, 72.69 W
2025/02/16 20:22:34.220, 72.69 W
2025/02/16 20:22:34.230, 72.69 W
2025/02/16 20:22:34.240, 72.39 W
2025/02/16 20:22:34.250, 72.39 W
2025/02/16 20:22:34.260, 72.39 W
2025/02/16 20:22:34.270, 72.39 W
2025/02/16 20:22:34.280, 72.39 W
2025/02/16 20:22:34.290, 72.39 W
2025/02/16 20:22:34.300, 72.39 W
2025/02/16 20:22:34.310, 72.39 W
2025/02/16 20:22:34.320, 72.39 W
2025/02/16 20:22:34.331, 72.39 W
2025/02/16 20:22:34.341, 72.39 W
2025/02/16 20:22:34.351, 72.39 W
2025/02/16 20:22:34.361, 72.69 W
2025/02/16 20:22:34.371, 72.69 W
2025/02/16 20:22:34.381, 72.69 W
2025/02/16 20:22:34.391, 72.69 W
2025/02/16 20:22:34.401, 72.69 W
2025/02/16 20:22:34.411, 72.69 W
2025/02/16 20:22:34.421, 72.69 W
2025/02/16 20:22:34.431, 72.69 W
2025/02/16 20:22:34.441, 72.93 W
2025/02/16 20:22:34.451, 72.93 W
2025/02/16 20:22:34.461, 72.93 W
2025/02/16 20:22:34.472, 72.93 W
2025/02/16 20:22:34.482, 72.93 W
2025/02/16 20:22:34.492, 72.93 W
2025/02/16 20:22:34.502, 72.93 W
2025/02/16 20:22:34.512, 72.93 W
2025/02/16 20:22:34.522, 72.93 W
2025/02/16 20:22:34.532, 72.93 W
2025/02/16 20:22:34.542, 72.93 W
2025/02/16 20:22:34.552, 72.93 W
2025/02/16 20:22:34.562, 72.69 W
2025/02/16 20:22:34.572, 72.69 W
2025/02/16 20:22:34.582, 72.69 W
2025/02/16 20:22:34.592, 72.69 W
2025/02/16 20:22:34.602, 72.69 W
2025/02/16 20:22:34.613, 72.69 W
2025/02/16 20:22:34.623, 72.69 W
2025/02/16 20:22:34.633, 72.69 W
2025/02/16 20:22:34.643, 72.69 W
2025/02/16 20:22:34.653, 72.69 W
2025/02/16 20:22:34.663, 72.69 W
2025/02/16 20:22:34.673, 72.69 W
2025/02/16 20:22:34.683, 72.69 W
2025/02/16 20:22:34.693, 72.69 W
2025/02/16 20:22:34.703, 72.69 W
2025/02/16 20:22:34.713, 72.69 W
2025/02/16 20:22:34.723, 72.69 W
2025/02/16 20:22:34.733, 72.69 W
2025/02/16 20:22:34.743, 72.69 W
2025/02/16 20:22:34.754, 72.69 W
2025/02/16 20:22:34.764, 72.69 W
2025/02/16 20:22:34.774, 72.69 W
2025/02/16 20:22:34.784, 72.69 W
2025/02/16 20:22:34.794, 72.69 W
2025/02/16 20:22:34.804, 72.69 W
2025/02/16 20:22:34.814, 72.69 W
2025/02/16 20:22:34.824, 72.69 W
2025/02/16 20:22:34.834, 72.69 W
2025/02/16 20:22:34.844, 72.69 W
2025/02/16 20:22:34.854, 72.69 W
2025/02/16 20:22:34.864, 72.69 W
2025/02/16 20:22:34.874, 72.69 W
2025/02/16 20:22:34.884, 72.69 W
2025/02/16 20:22:34.895, 72.69 W
2025/02/16 20:22:34.905, 72.69 W
2025/02/16 20:22:34.915, 72.69 W
2025/02/16 20:22:34.925, 72.69 W
2025/02/16 20:22:34.935, 72.69 W
2025/02/16 20:22:34.945, 72.69 W
2025/02/16 20:22:34.955, 72.69 W
2025/02/16 20:22:34.965, 72.69 W
2025/02/16 20:22:34.975, 72.69 W
2025/02/16 20:22:34.985, 72.69 W
2025/02/16 20:22:34.995, 72.69 W
2025/02/16 20:22:35.005, 72.69 W
2025/02/16 20:22:35.015, 72.69 W
2025/02/16 20:22:35.025, 72.69 W
2025/02/16 20:22:35.036, 72.69 W
2025/02/16 20:22:35.046, 72.69 W
2025/02/16 20:22:35.056, 72.69 W
2025/02/16 20:22:35.066, 72.69 W
2025/02/16 20:22:35.076, 72.69 W
2025/02/16 20:22:35.086, 72.69 W
2025/02/16 20:22:35.096, 72.69 W
2025/02/16 20:22:35.106, 72.69 W
2025/02/16 20:22:35.116, 72.69 W
2025/02/16 20:22:35.126, 72.69 W
2025/02/16 20:22:35.136, 72.69 W
2025/02/16 20:22:35.146, 72.69 W
2025/02/16 20:22:35.156, 72.69 W
2025/02/16 20:22:35.166, 72.69 W
2025/02/16 20:22:35.177, 72.69 W
2025/02/16 20:22:35.187, 72.69 W
2025/02/16 20:22:35.197, 72.69 W
2025/02/16 20:22:35.207, 72.69 W
2025/02/16 20:22:35.217, 72.69 W
2025/02/16 20:22:35.227, 72.69 W
2025/02/16 20:22:35.237, 72.69 W
2025/02/16 20:22:35.247, 72.69 W
2025/02/16 20:22:35.257, 72.69 W
2025/02/16 20:22:35.267, 72.69 W
2025/02/16 20:22:35.277, 72.69 W
2025/02/16 20:22:35.287, 72.69 W
2025/02/16 20:22:35.297, 72.69 W
2025/02/16 20:22:35.307, 72.69 W
2025/02/16 20:22:35.317, 72.69 W
2025/02/16 20:22:35.328, 72.69 W
2025/02/16 20:22:35.338, 72.69 W
2025/02/16 20:22:35.348, 72.69 W
2025/02/16 20:22:35.358, 72.69 W
2025/02/16 20:22:35.368, 72.69 W
2025/02/16 20:22:35.378, 72.69 W
2025/02/16 20:22:35.388, 72.69 W
2025/02/16 20:22:35.398, 72.69 W
2025/02/16 20:22:35.408, 72.69 W
2025/02/16 20:22:35.418, 72.69 W
2025/02/16 20:22:35.428, 72.69 W
2025/02/16 20:22:35.438, 72.69 W
2025/02/16 20:22:35.448, 72.69 W
2025/02/16 20:22:35.458, 72.69 W
2025/02/16 20:22:35.469, 72.69 W
2025/02/16 20:22:35.479, 72.69 W
2025/02/16 20:22:35.489, 72.69 W
2025/02/16 20:22:35.499, 72.69 W
2025/02/16 20:22:35.509, 72.69 W
2025/02/16 20:22:35.519, 72.69 W
2025/02/16 20:22:35.529, 72.69 W
2025/02/16 20:22:35.539, 72.69 W
2025/02/16 20:22:35.549, 72.69 W
2025/02/16 20:22:35.559, 72.69 W
2025/02/16 20:22:35.569, 72.69 W
2025/02/16 20:22:35.579, 72.69 W
2025/02/16 20:22:35.589, 72.69 W
2025/02/16 20:22:35.599, 72.69 W
2025/02/16 20:22:35.610, 72.69 W
2025/02/16 20:22:35.620, 72.69 W
2025/02/16 20:22:35.630, 72.69 W
2025/02/16 20:22:35.640, 72.69 W
2025/02/16 20:22:35.650, 72.69 W
2025/02/16 20:22:35.660, 72.69 W
2025/02/16 20:22:35.670, 72.69 W
2025/02/16 20:22:35.680, 72.69 W
2025/02/16 20:22:35.690, 72.69 W
2025/02/16 20:22:35.700, 72.69 W
2025/02/16 20:22:35.710, 72.69 W
2025/02/16 20:22:35.720, 72.69 W
2025/02/16 20:22:35.730, 72.69 W
2025/02/16 20:22:35.740, 72.69 W
2025/02/16 20:22:35.751, 72.69 W
2025/02/16 20:22:35.761, 72.69 W
2025/02/16 20:22:35.771, 72.93 W
2025/02/16 20:22:35.781, 72.93 W
2025/02/16 20:22:35.791, 72.93 W
2025/02/16 20:22:35.801, 72.93 W
2025/02/16 20:22:35.811, 72.93 W
2025/02/16 20:22:35.821, 72.93 W
2025/02/16 20:22:35.831, 72.93 W
2025/02/16 20:22:35.841, 72.93 W
2025/02/16 20:22:35.851, 72.93 W
2025/02/16 20:22:35.861, 72.93 W
2025/02/16 20:22:35.871, 72.69 W
2025/02/16 20:22:35.881, 72.69 W
2025/02/16 20:22:35.892, 72.69 W
2025/02/16 20:22:35.902, 72.69 W
2025/02/16 20:22:35.912, 72.69 W
2025/02/16 20:22:35.922, 72.69 W
2025/02/16 20:22:35.932, 72.69 W
2025/02/16 20:22:35.942, 72.69 W
2025/02/16 20:22:35.952, 72.69 W
2025/02/16 20:22:35.962, 72.69 W
2025/02/16 20:22:35.972, 72.69 W
2025/02/16 20:22:35.982, 72.69 W
2025/02/16 20:22:35.992, 72.69 W
2025/02/16 20:22:36.002, 72.69 W
2025/02/16 20:22:36.012, 72.69 W
2025/02/16 20:22:36.022, 72.69 W
2025/02/16 20:22:36.033, 72.69 W
2025/02/16 20:22:36.043, 72.69 W
2025/02/16 20:22:36.053, 72.69 W
2025/02/16 20:22:36.063, 72.69 W
2025/02/16 20:22:36.073, 72.69 W
2025/02/16 20:22:36.083, 72.69 W
2025/02/16 20:22:36.093, 72.69 W
2025/02/16 20:22:36.103, 72.69 W
2025/02/16 20:22:36.113, 72.69 W
2025/02/16 20:22:36.123, 72.69 W
2025/02/16 20:22:36.133, 72.69 W
2025/02/16 20:22:36.143, 72.69 W
2025/02/16 20:22:36.153, 72.69 W
2025/02/16 20:22:36.163, 72.69 W
2025/02/16 20:22:36.174, 72.69 W
2025/02/16 20:22:36.184, 72.69 W
2025/02/16 20:22:36.194, 72.69 W
2025/02/16 20:22:36.204, 72.69 W
2025/02/16 20:22:36.214, 72.69 W
2025/02/16 20:22:36.224, 72.69 W
2025/02/16 20:22:36.234, 72.69 W
2025/02/16 20:22:36.244, 72.69 W
2025/02/16 20:22:36.254, 72.69 W
2025/02/16 20:22:36.264, 72.69 W
2025/02/16 20:22:36.274, 72.69 W
2025/02/16 20:22:36.284, 72.39 W
2025/02/16 20:22:36.294, 72.39 W
2025/02/16 20:22:36.304, 72.39 W
2025/02/16 20:22:36.314, 72.39 W
2025/02/16 20:22:36.325, 72.39 W
2025/02/16 20:22:36.335, 72.39 W
2025/02/16 20:22:36.345, 72.39 W
2025/02/16 20:22:36.355, 72.39 W
2025/02/16 20:22:36.365, 72.39 W
2025/02/16 20:22:36.375, 72.39 W
2025/02/16 20:22:36.385, 72.39 W
2025/02/16 20:22:36.395, 72.39 W
2025/02/16 20:22:36.405, 72.69 W
2025/02/16 20:22:36.415, 72.69 W
2025/02/16 20:22:36.425, 72.69 W
2025/02/16 20:22:36.435, 72.69 W
2025/02/16 20:22:36.445, 72.69 W
2025/02/16 20:22:36.455, 72.69 W
2025/02/16 20:22:36.465, 72.69 W
2025/02/16 20:22:36.476, 72.69 W
2025/02/16 20:22:36.486, 72.69 W
2025/02/16 20:22:36.496, 72.69 W
2025/02/16 20:22:36.506, 72.69 W
2025/02/16 20:22:36.516, 72.69 W
2025/02/16 20:22:36.526, 72.69 W
2025/02/16 20:22:36.536, 72.69 W
2025/02/16 20:22:36.546, 72.69 W
2025/02/16 20:22:36.556, 72.69 W
2025/02/16 20:22:36.566, 72.69 W
2025/02/16 20:22:36.576, 72.69 W
2025/02/16 20:22:36.586, 72.69 W
2025/02/16 20:22:36.596, 72.69 W
2025/02/16 20:22:36.606, 72.69 W
2025/02/16 20:22:36.617, 72.69 W
2025/02/16 20:22:36.627, 72.69 W
2025/02/16 20:22:36.637, 72.69 W
2025/02/16 20:22:36.647, 72.69 W
2025/02/16 20:22:36.657, 72.69 W
2025/02/16 20:22:36.667, 72.69 W
2025/02/16 20:22:36.677, 72.69 W
2025/02/16 20:22:36.687, 72.69 W
2025/02/16 20:22:36.697, 72.69 W
2025/02/16 20:22:36.707, 72.69 W
2025/02/16 20:22:36.717, 72.69 W
2025/02/16 20:22:36.727, 72.69 W
2025/02/16 20:22:36.737, 72.69 W
2025/02/16 20:22:36.747, 72.69 W
2025/02/16 20:22:36.758, 72.69 W
2025/02/16 20:22:36.768, 72.69 W
2025/02/16 20:22:36.778, 72.69 W
2025/02/16 20:22:36.788, 72.69 W
2025/02/16 20:22:36.798, 72.69 W
2025/02/16 20:22:36.808, 72.69 W
2025/02/16 20:22:36.818, 72.69 W
2025/02/16 20:22:36.828, 72.69 W
2025/02/16 20:22:36.838, 72.69 W
2025/02/16 20:22:36.848, 72.69 W
2025/02/16 20:22:36.858, 72.69 W
2025/02/16 20:22:36.868, 72.69 W
2025/02/16 20:22:36.878, 72.69 W
2025/02/16 20:22:36.888, 72.69 W
2025/02/16 20:22:36.899, 72.69 W
2025/02/16 20:22:36.909, 72.69 W
2025/02/16 20:22:36.919, 72.69 W
2025/02/16 20:22:36.929, 72.69 W
2025/02/16 20:22:36.939, 72.69 W
2025/02/16 20:22:36.949, 72.69 W
2025/02/16 20:22:36.959, 72.69 W
2025/02/16 20:22:36.969, 72.69 W
2025/02/16 20:22:36.979, 72.69 W
2025/02/16 20:22:36.989, 72.69 W
2025/02/16 20:22:36.999, 72.69 W
2025/02/16 20:22:37.009, 72.69 W
2025/02/16 20:22:37.019, 72.93 W
2025/02/16 20:22:37.029, 72.93 W
2025/02/16 20:22:37.040, 72.93 W
2025/02/16 20:22:37.050, 72.93 W
2025/02/16 20:22:37.060, 72.93 W
2025/02/16 20:22:37.070, 72.93 W
2025/02/16 20:22:37.080, 72.93 W
2025/02/16 20:22:37.090, 72.93 W
2025/02/16 20:22:37.100, 72.69 W
2025/02/16 20:22:37.110, 72.69 W
2025/02/16 20:22:37.120, 72.69 W
2025/02/16 20:22:37.130, 72.69 W
2025/02/16 20:22:37.140, 72.69 W
2025/02/16 20:22:37.150, 72.69 W
2025/02/16 20:22:37.160, 72.69 W
2025/02/16 20:22:37.170, 72.69 W
2025/02/16 20:22:37.181, 72.69 W
2025/02/16 20:22:37.191, 72.69 W
2025/02/16 20:22:37.201, 72.69 W
2025/02/16 20:22:37.211, 72.69 W
2025/02/16 20:22:37.221, 72.69 W
2025/02/16 20:22:37.231, 72.69 W
2025/02/16 20:22:37.241, 72.69 W
2025/02/16 20:22:37.251, 72.69 W
2025/02/16 20:22:37.261, 72.69 W
2025/02/16 20:22:37.271, 72.69 W
2025/02/16 20:22:37.281, 72.69 W
2025/02/16 20:22:37.291, 72.69 W
2025/02/16 20:22:37.301, 72.69 W
2025/02/16 20:22:37.311, 72.69 W
2025/02/16 20:22:37.322, 72.69 W
2025/02/16 20:22:37.332, 72.69 W
2025/02/16 20:22:37.342, 72.69 W
2025/02/16 20:22:37.352, 72.69 W
2025/02/16 20:22:37.362, 72.69 W
2025/02/16 20:22:37.372, 72.69 W
2025/02/16 20:22:37.382, 72.69 W
2025/02/16 20:22:37.392, 72.69 W
2025/02/16 20:22:37.402, 72.69 W
2025/02/16 20:22:37.412, 72.69 W
2025/02/16 20:22:37.422, 72.69 W
2025/02/16 20:22:37.432, 72.69 W
2025/02/16 20:22:37.442, 72.69 W
2025/02/16 20:22:37.452, 72.69 W
2025/02/16 20:22:37.462, 72.69 W
2025/02/16 20:22:37.473, 72.69 W
2025/02/16 20:22:37.483, 72.69 W
2025/02/16 20:22:37.493, 72.69 W
2025/02/16 20:22:37.503, 72.69 W
2025/02/16 20:22:37.513, 72.69 W
2025/02/16 20:22:37.523, 72.69 W
2025/02/16 20:22:37.533, 72.69 W
2025/02/16 20:22:37.543, 72.69 W
2025/02/16 20:22:37.553, 72.69 W
2025/02/16 20:22:37.563, 72.69 W
2025/02/16 20:22:37.573, 72.69 W
2025/02/16 20:22:37.583, 72.69 W
2025/02/16 20:22:37.593, 72.69 W
2025/02/16 20:22:37.603, 72.69 W
2025/02/16 20:22:37.613, 72.69 W
2025/02/16 20:22:37.624, 72.69 W
2025/02/16 20:22:37.634, 72.69 W
2025/02/16 20:22:37.644, 72.69 W
2025/02/16 20:22:37.654, 72.69 W
2025/02/16 20:22:37.665, 72.69 W
2025/02/16 20:22:37.677, 72.69 W
2025/02/16 20:22:37.687, 72.69 W
2025/02/16 20:22:37.697, 72.69 W
2025/02/16 20:22:37.707, 72.69 W
2025/02/16 20:22:37.717, 72.69 W
2025/02/16 20:22:37.728, 72.69 W
2025/02/16 20:22:37.738, 72.69 W
2025/02/16 20:22:37.748, 72.69 W
2025/02/16 20:22:37.758, 72.69 W
2025/02/16 20:22:37.768, 72.69 W
2025/02/16 20:22:37.778, 72.69 W
2025/02/16 20:22:37.788, 72.69 W
2025/02/16 20:22:37.798, 72.69 W
2025/02/16 20:22:37.808, 72.69 W
2025/02/16 20:22:37.818, 72.39 W
2025/02/16 20:22:37.828, 72.39 W
2025/02/16 20:22:37.838, 72.39 W
2025/02/16 20:22:37.848, 72.39 W
2025/02/16 20:22:37.858, 72.39 W
2025/02/16 20:22:37.869, 72.39 W
2025/02/16 20:22:37.879, 72.39 W
2025/02/16 20:22:37.889, 72.39 W
2025/02/16 20:22:37.899, 72.39 W
2025/02/16 20:22:37.909, 72.39 W
2025/02/16 20:22:37.919, 72.39 W
2025/02/16 20:22:37.929, 72.69 W
2025/02/16 20:22:37.939, 72.69 W
2025/02/16 20:22:37.949, 72.69 W
2025/02/16 20:22:37.959, 72.69 W
2025/02/16 20:22:37.969, 72.69 W
2025/02/16 20:22:37.979, 72.69 W
2025/02/16 20:22:37.989, 72.69 W
2025/02/16 20:22:38.000, 72.69 W
2025/02/16 20:22:38.010, 72.69 W
2025/02/16 20:22:38.020, 72.69 W
2025/02/16 20:22:38.030, 72.69 W
2025/02/16 20:22:38.040, 72.69 W
2025/02/16 20:22:38.050, 72.69 W
2025/02/16 20:22:38.060, 72.69 W
2025/02/16 20:22:38.070, 72.69 W
2025/02/16 20:22:38.080, 72.69 W
2025/02/16 20:22:38.090, 72.69 W
2025/02/16 20:22:38.100, 72.69 W
2025/02/16 20:22:38.110, 72.69 W
2025/02/16 20:22:38.120, 72.69 W
2025/02/16 20:22:38.130, 72.39 W
2025/02/16 20:22:38.140, 72.39 W
2025/02/16 20:22:38.151, 72.39 W
2025/02/16 20:22:38.161, 72.39 W
2025/02/16 20:22:38.171, 72.39 W
2025/02/16 20:22:38.181, 72.39 W
2025/02/16 20:22:38.191, 72.39 W
2025/02/16 20:22:38.201, 72.39 W
2025/02/16 20:22:38.211, 72.39 W
2025/02/16 20:22:38.221, 72.39 W
2025/02/16 20:22:38.231, 72.39 W
2025/02/16 20:22:38.241, 72.39 W
2025/02/16 20:22:38.251, 72.69 W
2025/02/16 20:22:38.261, 72.69 W
2025/02/16 20:22:38.271, 72.69 W
2025/02/16 20:22:38.281, 72.69 W
2025/02/16 20:22:38.291, 72.69 W
2025/02/16 20:22:38.302, 72.69 W
2025/02/16 20:22:38.312, 72.69 W
2025/02/16 20:22:38.322, 72.69 W
2025/02/16 20:22:38.332, 72.39 W
2025/02/16 20:22:38.342, 72.39 W
2025/02/16 20:22:38.352, 72.39 W
2025/02/16 20:22:38.362, 72.39 W
2025/02/16 20:22:38.372, 72.39 W
2025/02/16 20:22:38.382, 72.39 W
2025/02/16 20:22:38.392, 72.39 W
2025/02/16 20:22:38.402, 72.39 W
2025/02/16 20:22:38.412, 72.39 W
2025/02/16 20:22:38.422, 72.39 W
2025/02/16 20:22:38.432, 72.39 W
2025/02/16 20:22:38.443, 72.39 W
2025/02/16 20:22:38.453, 72.69 W
2025/02/16 20:22:38.463, 72.69 W
2025/02/16 20:22:38.473, 72.69 W
2025/02/16 20:22:38.483, 72.69 W
2025/02/16 20:22:38.493, 72.69 W
2025/02/16 20:22:38.503, 72.69 W
2025/02/16 20:22:38.513, 72.69 W
2025/02/16 20:22:38.523, 72.69 W
2025/02/16 20:22:38.533, 72.39 W
2025/02/16 20:22:38.543, 72.39 W
2025/02/16 20:22:38.553, 72.39 W
2025/02/16 20:22:38.563, 72.39 W
2025/02/16 20:22:38.573, 72.39 W
2025/02/16 20:22:38.584, 72.39 W
2025/02/16 20:22:38.594, 72.39 W
2025/02/16 20:22:38.604, 72.39 W
2025/02/16 20:22:38.614, 72.39 W
2025/02/16 20:22:38.624, 72.39 W
2025/02/16 20:22:38.634, 72.39 W
2025/02/16 20:22:38.644, 72.39 W
2025/02/16 20:22:38.654, 72.39 W
2025/02/16 20:22:38.664, 72.69 W
2025/02/16 20:22:38.674, 72.69 W
2025/02/16 20:22:38.684, 72.69 W
2025/02/16 20:22:38.694, 72.69 W
2025/02/16 20:22:38.704, 72.69 W
2025/02/16 20:22:38.715, 72.69 W
2025/02/16 20:22:38.725, 72.69 W
2025/02/16 20:22:38.735, 72.69 W
2025/02/16 20:22:38.745, 72.69 W
2025/02/16 20:22:38.755, 72.69 W
2025/02/16 20:22:38.765, 72.93 W
2025/02/16 20:22:38.775, 72.93 W
2025/02/16 20:22:38.785, 72.93 W
2025/02/16 20:22:38.795, 72.93 W
2025/02/16 20:22:38.805, 72.93 W
2025/02/16 20:22:38.821, 72.93 W
2025/02/16 20:22:38.831, 72.93 W
2025/02/16 20:22:38.841, 72.93 W
2025/02/16 20:22:38.851, 72.69 W
2025/02/16 20:22:38.861, 72.69 W
2025/02/16 20:22:38.871, 72.69 W
2025/02/16 20:22:38.881, 72.69 W
2025/02/16 20:22:38.891, 72.69 W
2025/02/16 20:22:38.901, 72.69 W
2025/02/16 20:22:38.911, 72.69 W
2025/02/16 20:22:38.921, 72.69 W
2025/02/16 20:22:38.932, 72.69 W
2025/02/16 20:22:38.942, 72.69 W
2025/02/16 20:22:38.952, 72.69 W
2025/02/16 20:22:38.962, 72.69 W
2025/02/16 20:22:38.972, 72.69 W
2025/02/16 20:22:38.982, 72.69 W
2025/02/16 20:22:38.992, 72.69 W
2025/02/16 20:22:39.002, 72.69 W
2025/02/16 20:22:39.012, 72.69 W
2025/02/16 20:22:39.022, 72.69 W
2025/02/16 20:22:39.032, 72.69 W
2025/02/16 20:22:39.042, 72.69 W
2025/02/16 20:22:39.053, 72.69 W
2025/02/16 20:22:39.063, 72.69 W
2025/02/16 20:22:39.073, 72.69 W
2025/02/16 20:22:39.083, 72.69 W
2025/02/16 20:22:39.093, 72.69 W
2025/02/16 20:22:39.103, 72.69 W
2025/02/16 20:22:39.113, 72.69 W
2025/02/16 20:22:39.123, 72.69 W
2025/02/16 20:22:39.133, 72.69 W
2025/02/16 20:22:39.143, 72.69 W
2025/02/16 20:22:39.153, 72.69 W
2025/02/16 20:22:39.163, 72.69 W
2025/02/16 20:22:39.174, 72.69 W
2025/02/16 20:22:39.184, 72.69 W
2025/02/16 20:22:39.194, 72.69 W
2025/02/16 20:22:39.204, 72.69 W
2025/02/16 20:22:39.214, 72.69 W
2025/02/16 20:22:39.224, 72.69 W
2025/02/16 20:22:39.234, 72.69 W
2025/02/16 20:22:39.244, 72.69 W
2025/02/16 20:22:39.254, 72.69 W
2025/02/16 20:22:39.264, 72.69 W
2025/02/16 20:22:39.274, 72.69 W
2025/02/16 20:22:39.284, 72.69 W
2025/02/16 20:22:39.294, 72.69 W
2025/02/16 20:22:39.305, 72.69 W
2025/02/16 20:22:39.315, 72.69 W
2025/02/16 20:22:39.325, 72.69 W
2025/02/16 20:22:39.335, 72.69 W
2025/02/16 20:22:39.345, 72.69 W
2025/02/16 20:22:39.355, 72.69 W
2025/02/16 20:22:39.365, 72.69 W
2025/02/16 20:22:39.375, 72.69 W
2025/02/16 20:22:39.385, 72.69 W
2025/02/16 20:22:39.395, 72.69 W
2025/02/16 20:22:39.405, 72.69 W
2025/02/16 20:22:39.415, 72.69 W
2025/02/16 20:22:39.425, 72.69 W
2025/02/16 20:22:39.435, 72.69 W
2025/02/16 20:22:39.446, 72.69 W
2025/02/16 20:22:39.456, 72.69 W
2025/02/16 20:22:39.466, 72.69 W
2025/02/16 20:22:39.476, 72.69 W
2025/02/16 20:22:39.486, 72.69 W
2025/02/16 20:22:39.496, 72.69 W
2025/02/16 20:22:39.506, 72.69 W
2025/02/16 20:22:39.516, 72.69 W
2025/02/16 20:22:39.526, 72.69 W
2025/02/16 20:22:39.536, 72.69 W
2025/02/16 20:22:39.546, 72.69 W
2025/02/16 20:22:39.556, 72.69 W
2025/02/16 20:22:39.566, 72.69 W
2025/02/16 20:22:39.576, 72.69 W
2025/02/16 20:22:39.586, 72.69 W
2025/02/16 20:22:39.597, 72.69 W
2025/02/16 20:22:39.607, 72.69 W
2025/02/16 20:22:39.617, 72.69 W
2025/02/16 20:22:39.627, 72.69 W
2025/02/16 20:22:39.637, 72.69 W
2025/02/16 20:22:39.647, 72.69 W
2025/02/16 20:22:39.657, 72.69 W
2025/02/16 20:22:39.667, 72.69 W
2025/02/16 20:22:39.677, 72.69 W
2025/02/16 20:22:39.687, 72.69 W
2025/02/16 20:22:39.697, 72.69 W
2025/02/16 20:22:39.707, 72.69 W
2025/02/16 20:22:39.717, 72.69 W
2025/02/16 20:22:39.727, 72.69 W
2025/02/16 20:22:39.738, 72.69 W
2025/02/16 20:22:39.748, 72.69 W
2025/02/16 20:22:39.758, 72.69 W
2025/02/16 20:22:39.768, 72.69 W
2025/02/16 20:22:39.778, 72.69 W
2025/02/16 20:22:39.788, 72.93 W
2025/02/16 20:22:39.798, 72.93 W
2025/02/16 20:22:39.808, 72.93 W
2025/02/16 20:22:39.818, 72.93 W
2025/02/16 20:22:39.828, 72.93 W
2025/02/16 20:22:39.838, 72.93 W
2025/02/16 20:22:39.848, 72.93 W
2025/02/16 20:22:39.858, 72.93 W
2025/02/16 20:22:39.869, 72.93 W
2025/02/16 20:22:39.879, 72.93 W
2025/02/16 20:22:39.889, 72.93 W
2025/02/16 20:22:39.899, 72.93 W
2025/02/16 20:22:39.909, 72.93 W
2025/02/16 20:22:39.919, 72.93 W
2025/02/16 20:22:39.929, 72.93 W
2025/02/16 20:22:39.939, 72.93 W
2025/02/16 20:22:39.949, 72.93 W
2025/02/16 20:22:39.959, 72.93 W
2025/02/16 20:22:39.969, 72.69 W
2025/02/16 20:22:39.979, 72.69 W
2025/02/16 20:22:39.989, 72.69 W
2025/02/16 20:22:39.999, 72.69 W
2025/02/16 20:22:40.010, 72.69 W
2025/02/16 20:22:40.020, 72.69 W
2025/02/16 20:22:40.030, 72.69 W
2025/02/16 20:22:40.040, 72.69 W
2025/02/16 20:22:40.050, 72.69 W
2025/02/16 20:22:40.060, 72.69 W
2025/02/16 20:22:40.070, 72.69 W
2025/02/16 20:22:40.080, 72.69 W
2025/02/16 20:22:40.090, 72.69 W
2025/02/16 20:22:40.100, 72.69 W
2025/02/16 20:22:40.110, 72.69 W
2025/02/16 20:22:40.120, 72.69 W
2025/02/16 20:22:40.130, 72.69 W
2025/02/16 20:22:40.140, 72.69 W
2025/02/16 20:22:40.151, 72.69 W
2025/02/16 20:22:40.161, 72.69 W
2025/02/16 20:22:40.171, 72.69 W
2025/02/16 20:22:40.181, 72.69 W
2025/02/16 20:22:40.191, 72.69 W
2025/02/16 20:22:40.201, 72.69 W
2025/02/16 20:22:40.211, 72.69 W
2025/02/16 20:22:40.221, 72.69 W
2025/02/16 20:22:40.231, 72.69 W
2025/02/16 20:22:40.241, 72.69 W
2025/02/16 20:22:40.251, 72.69 W
2025/02/16 20:22:40.261, 72.69 W
2025/02/16 20:22:40.271, 72.69 W
2025/02/16 20:22:40.281, 72.69 W
2025/02/16 20:22:40.292, 72.69 W
2025/02/16 20:22:40.302, 72.69 W
2025/02/16 20:22:40.312, 72.69 W
2025/02/16 20:22:40.322, 72.69 W
2025/02/16 20:22:40.332, 72.69 W
2025/02/16 20:22:40.342, 72.69 W
2025/02/16 20:22:40.352, 72.69 W
2025/02/16 20:22:40.362, 72.69 W
2025/02/16 20:22:40.372, 72.69 W
2025/02/16 20:22:40.382, 72.69 W
2025/02/16 20:22:40.392, 72.69 W
2025/02/16 20:22:40.402, 72.69 W
2025/02/16 20:22:40.412, 72.69 W
2025/02/16 20:22:40.422, 72.69 W
2025/02/16 20:22:40.432, 72.69 W
2025/02/16 20:22:40.443, 72.69 W
2025/02/16 20:22:40.453, 72.69 W
2025/02/16 20:22:40.463, 72.69 W
2025/02/16 20:22:40.473, 72.69 W
2025/02/16 20:22:40.483, 72.69 W
2025/02/16 20:22:40.493, 72.69 W
2025/02/16 20:22:40.503, 72.69 W
2025/02/16 20:22:40.513, 72.69 W
2025/02/16 20:22:40.523, 72.69 W
2025/02/16 20:22:40.533, 72.69 W
2025/02/16 20:22:40.543, 72.69 W
2025/02/16 20:22:40.553, 72.69 W
2025/02/16 20:22:40.563, 72.69 W
2025/02/16 20:22:40.573, 72.69 W
2025/02/16 20:22:40.583, 72.69 W
2025/02/16 20:22:40.594, 72.69 W
2025/02/16 20:22:40.604, 72.69 W
2025/02/16 20:22:40.614, 72.69 W
2025/02/16 20:22:40.624, 72.69 W
2025/02/16 20:22:40.634, 72.69 W
2025/02/16 20:22:40.644, 72.69 W
2025/02/16 20:22:40.654, 72.69 W
2025/02/16 20:22:40.664, 72.69 W
2025/02/16 20:22:40.674, 72.69 W
2025/02/16 20:22:40.684, 72.69 W
2025/02/16 20:22:40.694, 72.69 W
2025/02/16 20:22:40.704, 72.69 W
2025/02/16 20:22:40.714, 72.69 W
2025/02/16 20:22:40.724, 72.69 W
2025/02/16 20:22:40.735, 72.69 W
2025/02/16 20:22:40.745, 72.69 W
2025/02/16 20:22:40.755, 72.69 W
2025/02/16 20:22:40.765, 72.69 W
2025/02/16 20:22:40.775, 72.69 W
2025/02/16 20:22:40.785, 72.69 W
2025/02/16 20:22:40.795, 72.93 W
2025/02/16 20:22:40.805, 72.93 W
2025/02/16 20:22:40.815, 72.93 W
2025/02/16 20:22:40.825, 72.93 W
2025/02/16 20:22:40.835, 72.93 W
2025/02/16 20:22:40.845, 72.93 W
2025/02/16 20:22:40.855, 72.93 W
2025/02/16 20:22:40.865, 72.93 W
2025/02/16 20:22:40.876, 72.93 W
2025/02/16 20:22:40.886, 72.93 W
2025/02/16 20:22:40.896, 72.93 W
2025/02/16 20:22:40.906, 72.93 W
2025/02/16 20:22:40.916, 72.69 W
2025/02/16 20:22:40.926, 72.69 W
2025/02/16 20:22:40.936, 72.69 W
2025/02/16 20:22:40.946, 72.69 W
2025/02/16 20:22:40.956, 72.69 W
2025/02/16 20:22:40.966, 72.69 W
2025/02/16 20:22:40.976, 72.69 W
2025/02/16 20:22:40.986, 72.69 W
2025/02/16 20:22:40.996, 72.69 W
2025/02/16 20:22:41.006, 72.69 W
2025/02/16 20:22:41.017, 72.69 W
2025/02/16 20:22:41.027, 72.69 W
2025/02/16 20:22:41.037, 72.69 W
2025/02/16 20:22:41.047, 72.69 W
2025/02/16 20:22:41.057, 72.69 W
2025/02/16 20:22:41.067, 72.69 W
2025/02/16 20:22:41.077, 72.69 W
2025/02/16 20:22:41.087, 72.69 W
2025/02/16 20:22:41.097, 72.69 W
2025/02/16 20:22:41.107, 72.69 W
2025/02/16 20:22:41.117, 72.69 W
2025/02/16 20:22:41.127, 72.69 W
2025/02/16 20:22:41.137, 72.69 W
2025/02/16 20:22:41.147, 72.69 W
2025/02/16 20:22:41.158, 72.69 W
2025/02/16 20:22:41.168, 72.69 W
2025/02/16 20:22:41.178, 72.69 W
2025/02/16 20:22:41.188, 72.69 W
2025/02/16 20:22:41.198, 72.69 W
2025/02/16 20:22:41.208, 72.69 W
2025/02/16 20:22:41.218, 72.69 W
2025/02/16 20:22:41.228, 72.69 W
2025/02/16 20:22:41.238, 72.69 W
2025/02/16 20:22:41.248, 72.69 W
2025/02/16 20:22:41.258, 72.69 W
2025/02/16 20:22:41.268, 72.69 W
2025/02/16 20:22:41.278, 72.69 W
2025/02/16 20:22:41.289, 72.69 W
2025/02/16 20:22:41.299, 72.69 W
2025/02/16 20:22:41.309, 72.69 W
2025/02/16 20:22:41.319, 72.39 W
2025/02/16 20:22:41.329, 72.39 W
2025/02/16 20:22:41.339, 72.39 W
2025/02/16 20:22:41.349, 72.39 W
2025/02/16 20:22:41.359, 72.39 W
2025/02/16 20:22:41.369, 72.39 W
2025/02/16 20:22:41.379, 72.39 W
2025/02/16 20:22:41.389, 72.39 W
2025/02/16 20:22:41.399, 72.39 W
2025/02/16 20:22:41.409, 72.69 W
2025/02/16 20:22:41.419, 72.69 W
2025/02/16 20:22:41.430, 72.69 W
2025/02/16 20:22:41.440, 72.69 W
2025/02/16 20:22:41.450, 72.69 W
2025/02/16 20:22:41.460, 72.69 W
2025/02/16 20:22:41.470, 72.69 W
2025/02/16 20:22:41.480, 72.69 W
2025/02/16 20:22:41.490, 72.69 W
2025/02/16 20:22:41.500, 72.69 W
2025/02/16 20:22:41.510, 72.69 W
2025/02/16 20:22:41.520, 72.69 W
2025/02/16 20:22:41.530, 72.69 W
2025/02/16 20:22:41.540, 72.69 W
2025/02/16 20:22:41.550, 72.69 W
2025/02/16 20:22:41.560, 72.69 W
2025/02/16 20:22:41.570, 72.69 W
2025/02/16 20:22:41.581, 72.69 W
2025/02/16 20:22:41.591, 72.69 W
2025/02/16 20:22:41.601, 72.69 W
2025/02/16 20:22:41.611, 72.69 W
2025/02/16 20:22:41.621, 72.69 W
2025/02/16 20:22:41.631, 72.69 W
2025/02/16 20:22:41.641, 72.69 W
2025/02/16 20:22:41.651, 72.69 W
2025/02/16 20:22:41.661, 72.69 W
2025/02/16 20:22:41.671, 72.69 W
2025/02/16 20:22:41.681, 72.69 W
2025/02/16 20:22:41.691, 72.69 W
2025/02/16 20:22:41.701, 72.69 W
2025/02/16 20:22:41.711, 72.69 W
2025/02/16 20:22:41.721, 72.69 W
2025/02/16 20:22:41.732, 72.69 W
2025/02/16 20:22:41.742, 72.69 W
2025/02/16 20:22:41.752, 72.69 W
2025/02/16 20:22:41.762, 72.69 W
2025/02/16 20:22:41.772, 72.69 W
2025/02/16 20:22:41.782, 72.69 W
2025/02/16 20:22:41.792, 72.69 W
2025/02/16 20:22:41.802, 72.69 W
2025/02/16 20:22:41.812, 72.69 W
2025/02/16 20:22:41.822, 72.69 W
2025/02/16 20:22:41.832, 72.69 W
2025/02/16 20:22:41.842, 72.69 W
2025/02/16 20:22:41.852, 72.69 W
2025/02/16 20:22:41.862, 72.69 W
2025/02/16 20:22:41.873, 72.69 W
2025/02/16 20:22:41.883, 72.69 W
2025/02/16 20:22:41.893, 72.69 W
2025/02/16 20:22:41.903, 72.69 W
2025/02/16 20:22:41.913, 72.69 W
2025/02/16 20:22:41.923, 72.69 W
2025/02/16 20:22:41.933, 72.69 W
2025/02/16 20:22:41.943, 72.69 W
2025/02/16 20:22:41.953, 72.69 W
2025/02/16 20:22:41.963, 72.69 W
2025/02/16 20:22:41.973, 72.69 W
2025/02/16 20:22:41.983, 72.69 W
2025/02/16 20:22:41.993, 72.69 W
2025/02/16 20:22:42.003, 72.69 W
2025/02/16 20:22:42.014, 72.69 W
2025/02/16 20:22:42.024, 72.69 W
2025/02/16 20:22:42.034, 72.69 W
2025/02/16 20:22:42.044, 72.69 W
2025/02/16 20:22:42.054, 72.69 W
2025/02/16 20:22:42.064, 72.69 W
2025/02/16 20:22:42.074, 72.69 W
2025/02/16 20:22:42.084, 72.69 W
2025/02/16 20:22:42.094, 72.69 W
2025/02/16 20:22:42.104, 72.69 W
2025/02/16 20:22:42.114, 72.69 W
2025/02/16 20:22:42.124, 72.69 W
2025/02/16 20:22:42.134, 72.69 W
2025/02/16 20:22:42.144, 72.69 W
2025/02/16 20:22:42.155, 72.69 W
2025/02/16 20:22:42.165, 72.69 W
2025/02/16 20:22:42.175, 72.69 W
2025/02/16 20:22:42.185, 72.69 W
2025/02/16 20:22:42.195, 72.69 W
2025/02/16 20:22:42.205, 72.69 W
2025/02/16 20:22:42.215, 72.69 W
2025/02/16 20:22:42.225, 72.69 W
2025/02/16 20:22:42.235, 72.69 W
2025/02/16 20:22:42.245, 72.69 W
2025/02/16 20:22:42.255, 72.69 W
2025/02/16 20:22:42.265, 72.69 W
2025/02/16 20:22:42.275, 72.69 W
2025/02/16 20:22:42.285, 72.69 W
2025/02/16 20:22:42.296, 72.69 W
2025/02/16 20:22:42.306, 72.69 W
2025/02/16 20:22:42.316, 72.69 W
2025/02/16 20:22:42.326, 72.69 W
2025/02/16 20:22:42.336, 72.69 W
2025/02/16 20:22:42.346, 72.69 W
2025/02/16 20:22:42.356, 72.69 W
2025/02/16 20:22:42.366, 72.69 W
2025/02/16 20:22:42.376, 72.69 W
2025/02/16 20:22:42.386, 72.69 W
2025/02/16 20:22:42.396, 72.69 W
2025/02/16 20:22:42.406, 72.69 W
2025/02/16 20:22:42.416, 72.69 W
2025/02/16 20:22:42.426, 72.69 W
2025/02/16 20:22:42.437, 72.69 W
2025/02/16 20:22:42.447, 72.69 W
2025/02/16 20:22:42.457, 72.69 W
2025/02/16 20:22:42.467, 72.69 W
2025/02/16 20:22:42.477, 72.69 W
2025/02/16 20:22:42.487, 72.69 W
2025/02/16 20:22:42.497, 72.69 W
2025/02/16 20:22:42.507, 72.69 W
2025/02/16 20:22:42.517, 72.69 W
2025/02/16 20:22:42.527, 72.69 W
2025/02/16 20:22:42.537, 72.69 W
2025/02/16 20:22:42.547, 72.69 W
2025/02/16 20:22:42.557, 72.69 W
2025/02/16 20:22:42.567, 72.69 W
2025/02/16 20:22:42.577, 72.69 W
2025/02/16 20:22:42.588, 72.69 W
2025/02/16 20:22:42.598, 72.69 W
2025/02/16 20:22:42.608, 72.69 W
2025/02/16 20:22:42.618, 72.69 W
2025/02/16 20:22:42.628, 72.69 W
2025/02/16 20:22:42.638, 72.69 W
2025/02/16 20:22:42.648, 72.69 W
2025/02/16 20:22:42.658, 72.69 W
2025/02/16 20:22:42.668, 72.69 W
2025/02/16 20:22:42.678, 72.69 W
2025/02/16 20:22:42.688, 72.69 W
2025/02/16 20:22:42.698, 72.69 W
2025/02/16 20:22:42.708, 72.69 W
2025/02/16 20:22:42.718, 72.69 W
2025/02/16 20:22:42.728, 72.69 W
2025/02/16 20:22:42.739, 72.69 W
2025/02/16 20:22:42.749, 72.69 W
2025/02/16 20:22:42.759, 72.69 W
2025/02/16 20:22:42.769, 72.69 W
2025/02/16 20:22:42.779, 72.69 W
2025/02/16 20:22:42.789, 72.69 W
2025/02/16 20:22:42.799, 72.69 W
2025/02/16 20:22:42.809, 72.69 W
2025/02/16 20:22:42.819, 72.69 W
2025/02/16 20:22:42.829, 72.69 W
2025/02/16 20:22:42.839, 72.69 W
2025/02/16 20:22:42.849, 72.69 W
2025/02/16 20:22:42.859, 72.69 W
2025/02/16 20:22:42.869, 72.69 W
2025/02/16 20:22:42.879, 72.69 W
2025/02/16 20:22:42.890, 72.69 W
2025/02/16 20:22:42.900, 72.69 W
2025/02/16 20:22:42.910, 72.69 W
2025/02/16 20:22:42.920, 72.69 W
2025/02/16 20:22:42.930, 72.69 W
2025/02/16 20:22:42.940, 72.69 W
2025/02/16 20:22:42.950, 72.69 W
2025/02/16 20:22:42.960, 72.69 W
2025/02/16 20:22:42.970, 72.69 W
2025/02/16 20:22:42.980, 72.69 W
2025/02/16 20:22:42.990, 72.69 W
2025/02/16 20:22:43.000, 72.69 W
2025/02/16 20:22:43.010, 72.69 W
2025/02/16 20:22:43.021, 72.69 W
2025/02/16 20:22:43.031, 72.69 W
2025/02/16 20:22:43.041, 72.69 W
2025/02/16 20:22:43.051, 72.69 W
2025/02/16 20:22:43.061, 72.69 W
2025/02/16 20:22:43.071, 72.69 W
2025/02/16 20:22:43.081, 72.69 W
2025/02/16 20:22:43.091, 72.69 W
2025/02/16 20:22:43.101, 72.69 W
2025/02/16 20:22:43.111, 72.69 W
2025/02/16 20:22:43.121, 72.69 W
2025/02/16 20:22:43.131, 72.69 W
2025/02/16 20:22:43.141, 72.69 W
2025/02/16 20:22:43.151, 72.69 W
2025/02/16 20:22:43.162, 72.69 W
2025/02/16 20:22:43.172, 72.69 W
2025/02/16 20:22:43.182, 72.69 W
2025/02/16 20:22:43.192, 72.69 W
2025/02/16 20:22:43.202, 72.69 W
2025/02/16 20:22:43.212, 72.69 W
2025/02/16 20:22:43.222, 72.69 W
2025/02/16 20:22:43.232, 72.69 W
2025/02/16 20:22:43.242, 72.69 W
2025/02/16 20:22:43.252, 72.69 W
2025/02/16 20:22:43.262, 72.69 W
2025/02/16 20:22:43.272, 72.69 W
2025/02/16 20:22:43.282, 72.69 W
2025/02/16 20:22:43.292, 72.69 W
2025/02/16 20:22:43.303, 72.69 W
2025/02/16 20:22:43.313, 72.69 W
2025/02/16 20:22:43.323, 72.69 W
2025/02/16 20:22:43.333, 72.69 W
2025/02/16 20:22:43.343, 72.69 W
2025/02/16 20:22:43.353, 72.69 W
2025/02/16 20:22:43.363, 72.69 W
2025/02/16 20:22:43.373, 72.69 W
2025/02/16 20:22:43.383, 72.69 W
2025/02/16 20:22:43.393, 72.69 W
2025/02/16 20:22:43.403, 72.69 W
2025/02/16 20:22:43.413, 72.69 W
2025/02/16 20:22:43.423, 72.69 W
2025/02/16 20:22:43.433, 72.69 W
2025/02/16 20:22:43.444, 72.69 W
2025/02/16 20:22:43.454, 72.69 W
2025/02/16 20:22:43.464, 72.69 W
2025/02/16 20:22:43.474, 72.69 W
2025/02/16 20:22:43.484, 72.69 W
2025/02/16 20:22:43.494, 72.69 W
2025/02/16 20:22:43.504, 72.69 W
2025/02/16 20:22:43.514, 72.69 W
2025/02/16 20:22:43.524, 72.69 W
2025/02/16 20:22:43.534, 72.69 W
2025/02/16 20:22:43.544, 72.69 W
2025/02/16 20:22:43.554, 72.69 W
2025/02/16 20:22:43.564, 72.69 W
2025/02/16 20:22:43.574, 72.69 W
2025/02/16 20:22:43.585, 72.69 W
2025/02/16 20:22:43.595, 72.69 W
2025/02/16 20:22:43.605, 72.69 W
2025/02/16 20:22:43.615, 72.69 W
2025/02/16 20:22:43.625, 72.69 W
2025/02/16 20:22:43.635, 72.69 W
2025/02/16 20:22:43.645, 72.69 W
2025/02/16 20:22:43.655, 72.93 W
2025/02/16 20:22:43.665, 72.93 W
2025/02/16 20:22:43.675, 72.93 W
2025/02/16 20:22:43.685, 72.93 W
2025/02/16 20:22:43.695, 72.93 W
2025/02/16 20:22:43.705, 72.93 W
2025/02/16 20:22:43.715, 72.93 W
2025/02/16 20:22:43.725, 72.93 W
2025/02/16 20:22:43.736, 72.93 W
2025/02/16 20:22:43.746, 72.93 W
2025/02/16 20:22:43.756, 72.69 W
2025/02/16 20:22:43.766, 72.69 W
2025/02/16 20:22:43.776, 72.69 W
2025/02/16 20:22:43.786, 72.69 W
2025/02/16 20:22:43.796, 72.69 W
2025/02/16 20:22:43.806, 72.69 W
2025/02/16 20:22:43.816, 72.69 W
2025/02/16 20:22:43.826, 72.69 W
2025/02/16 20:22:43.836, 72.69 W
2025/02/16 20:22:43.846, 72.69 W
2025/02/16 20:22:43.856, 72.69 W
2025/02/16 20:22:43.866, 72.69 W
2025/02/16 20:22:43.876, 72.69 W
2025/02/16 20:22:43.887, 72.69 W
2025/02/16 20:22:43.897, 72.69 W
2025/02/16 20:22:43.907, 72.69 W
2025/02/16 20:22:43.917, 72.69 W
2025/02/16 20:22:43.927, 72.69 W
2025/02/16 20:22:43.937, 72.69 W
2025/02/16 20:22:43.947, 72.69 W
2025/02/16 20:22:43.957, 72.69 W
2025/02/16 20:22:43.967, 72.69 W
2025/02/16 20:22:43.977, 72.69 W
2025/02/16 20:22:43.987, 72.69 W
2025/02/16 20:22:43.997, 72.69 W
2025/02/16 20:22:44.007, 72.69 W
2025/02/16 20:22:44.017, 72.69 W
2025/02/16 20:22:44.028, 72.69 W
2025/02/16 20:22:44.038, 72.69 W
2025/02/16 20:22:44.048, 72.69 W
2025/02/16 20:22:44.058, 72.69 W
2025/02/16 20:22:44.068, 72.69 W
2025/02/16 20:22:44.078, 72.69 W
2025/02/16 20:22:44.088, 72.69 W
2025/02/16 20:22:44.098, 72.69 W
2025/02/16 20:22:44.108, 72.69 W
2025/02/16 20:22:44.118, 72.69 W
2025/02/16 20:22:44.128, 72.69 W
2025/02/16 20:22:44.138, 72.69 W
2025/02/16 20:22:44.148, 72.69 W
2025/02/16 20:22:44.158, 72.69 W
2025/02/16 20:22:44.169, 72.69 W
2025/02/16 20:22:44.179, 72.69 W
2025/02/16 20:22:44.189, 72.93 W
2025/02/16 20:22:44.199, 72.93 W
2025/02/16 20:22:44.209, 72.93 W
2025/02/16 20:22:44.219, 72.93 W
2025/02/16 20:22:44.229, 72.93 W
2025/02/16 20:22:44.239, 72.93 W
2025/02/16 20:22:44.249, 72.93 W
2025/02/16 20:22:44.259, 72.93 W
2025/02/16 20:22:44.269, 72.69 W
2025/02/16 20:22:44.279, 72.69 W
2025/02/16 20:22:44.289, 72.69 W
2025/02/16 20:22:44.299, 72.69 W
2025/02/16 20:22:44.310, 72.69 W
2025/02/16 20:22:44.320, 72.69 W
2025/02/16 20:22:44.330, 72.69 W
2025/02/16 20:22:44.340, 72.69 W
2025/02/16 20:22:44.350, 72.69 W
2025/02/16 20:22:44.360, 72.69 W
2025/02/16 20:22:44.370, 72.69 W
2025/02/16 20:22:44.380, 72.69 W
2025/02/16 20:22:44.390, 72.69 W
2025/02/16 20:22:44.400, 72.69 W
2025/02/16 20:22:44.410, 72.69 W
2025/02/16 20:22:44.420, 72.69 W
2025/02/16 20:22:44.430, 72.69 W
2025/02/16 20:22:44.440, 72.69 W
2025/02/16 20:22:44.451, 72.69 W
2025/02/16 20:22:44.461, 72.69 W
2025/02/16 20:22:44.471, 72.69 W
2025/02/16 20:22:44.481, 72.93 W
2025/02/16 20:22:44.491, 72.93 W
2025/02/16 20:22:44.501, 72.93 W
2025/02/16 20:22:44.511, 72.93 W
2025/02/16 20:22:44.521, 72.93 W
2025/02/16 20:22:44.531, 72.93 W
2025/02/16 20:22:44.541, 72.93 W
2025/02/16 20:22:44.551, 72.93 W
2025/02/16 20:22:44.561, 72.93 W
2025/02/16 20:22:44.571, 72.93 W
2025/02/16 20:22:44.582, 72.93 W
2025/02/16 20:22:44.592, 72.93 W
2025/02/16 20:22:44.602, 72.69 W
2025/02/16 20:22:44.612, 72.69 W
2025/02/16 20:22:44.622, 72.69 W
2025/02/16 20:22:44.632, 72.69 W
2025/02/16 20:22:44.642, 72.69 W
2025/02/16 20:22:44.652, 72.69 W
2025/02/16 20:22:44.662, 72.69 W
2025/02/16 20:22:44.672, 72.69 W
2025/02/16 20:22:44.682, 72.69 W
2025/02/16 20:22:44.692, 72.69 W
2025/02/16 20:22:44.702, 72.69 W
2025/02/16 20:22:44.712, 72.69 W
2025/02/16 20:22:44.722, 72.69 W
2025/02/16 20:22:44.733, 72.69 W
2025/02/16 20:22:44.743, 72.69 W
2025/02/16 20:22:44.753, 72.69 W
2025/02/16 20:22:44.763, 72.69 W
2025/02/16 20:22:44.773, 72.69 W
2025/02/16 20:22:44.783, 72.69 W
2025/02/16 20:22:44.793, 72.69 W
2025/02/16 20:22:44.803, 72.69 W
2025/02/16 20:22:44.813, 72.69 W
2025/02/16 20:22:44.823, 72.69 W
2025/02/16 20:22:44.833, 72.69 W
2025/02/16 20:22:44.843, 72.69 W
2025/02/16 20:22:44.853, 72.69 W
2025/02/16 20:22:44.863, 72.69 W
2025/02/16 20:22:44.874, 72.69 W
2025/02/16 20:22:44.884, 72.69 W
2025/02/16 20:22:44.894, 72.69 W
2025/02/16 20:22:44.904, 72.69 W
2025/02/16 20:22:44.914, 72.69 W
2025/02/16 20:22:44.924, 72.69 W
2025/02/16 20:22:44.934, 72.69 W
2025/02/16 20:22:44.944, 72.69 W
2025/02/16 20:22:44.954, 72.69 W
2025/02/16 20:22:44.964, 72.69 W
2025/02/16 20:22:44.974, 72.69 W
2025/02/16 20:22:44.984, 72.69 W
2025/02/16 20:22:44.994, 72.69 W
2025/02/16 20:22:45.004, 72.93 W
2025/02/16 20:22:45.014, 72.93 W
2025/02/16 20:22:45.025, 72.93 W
2025/02/16 20:22:45.035, 72.93 W
2025/02/16 20:22:45.045, 72.93 W
2025/02/16 20:22:45.055, 72.93 W
2025/02/16 20:22:45.065, 72.93 W
2025/02/16 20:22:45.075, 72.93 W
2025/02/16 20:22:45.085, 72.93 W
2025/02/16 20:22:45.095, 72.69 W
2025/02/16 20:22:45.105, 72.69 W
2025/02/16 20:22:45.115, 72.69 W
2025/02/16 20:22:45.125, 72.69 W
2025/02/16 20:22:45.135, 72.69 W
2025/02/16 20:22:45.145, 72.69 W
2025/02/16 20:22:45.155, 72.69 W
2025/02/16 20:22:45.166, 72.69 W
2025/02/16 20:22:45.176, 72.69 W
2025/02/16 20:22:45.186, 72.69 W
2025/02/16 20:22:45.196, 72.69 W
2025/02/16 20:22:45.206, 72.69 W
2025/02/16 20:22:45.216, 72.69 W
2025/02/16 20:22:45.226, 72.69 W
2025/02/16 20:22:45.236, 72.69 W
2025/02/16 20:22:45.246, 72.69 W
2025/02/16 20:22:45.256, 72.69 W
2025/02/16 20:22:45.266, 72.69 W
2025/02/16 20:22:45.276, 72.69 W
2025/02/16 20:22:45.286, 72.69 W
2025/02/16 20:22:45.296, 72.93 W
2025/02/16 20:22:45.307, 72.93 W
2025/02/16 20:22:45.317, 72.93 W
2025/02/16 20:22:45.327, 72.93 W
2025/02/16 20:22:45.337, 72.93 W
2025/02/16 20:22:45.347, 72.93 W
2025/02/16 20:22:45.357, 72.93 W
2025/02/16 20:22:45.367, 72.93 W
2025/02/16 20:22:45.377, 72.93 W
2025/02/16 20:22:45.387, 72.93 W
2025/02/16 20:22:45.397, 72.93 W
2025/02/16 20:22:45.407, 72.93 W
2025/02/16 20:22:45.417, 72.69 W
2025/02/16 20:22:45.427, 72.69 W
2025/02/16 20:22:45.437, 72.69 W
2025/02/16 20:22:45.448, 72.69 W
2025/02/16 20:22:45.458, 72.69 W
2025/02/16 20:22:45.468, 72.69 W
2025/02/16 20:22:45.478, 72.69 W
2025/02/16 20:22:45.488, 72.69 W
2025/02/16 20:22:45.498, 72.93 W
2025/02/16 20:22:45.508, 72.93 W
2025/02/16 20:22:45.518, 72.93 W
2025/02/16 20:22:45.528, 72.93 W
2025/02/16 20:22:45.538, 72.93 W
2025/02/16 20:22:45.548, 72.93 W
2025/02/16 20:22:45.558, 72.93 W
2025/02/16 20:22:45.568, 72.93 W
2025/02/16 20:22:45.578, 72.93 W
2025/02/16 20:22:45.589, 72.93 W
2025/02/16 20:22:45.599, 72.93 W
2025/02/16 20:22:45.609, 72.93 W
2025/02/16 20:22:45.619, 72.69 W
2025/02/16 20:22:45.629, 72.69 W
2025/02/16 20:22:45.639, 72.69 W
2025/02/16 20:22:45.649, 72.69 W
2025/02/16 20:22:45.659, 72.69 W
2025/02/16 20:22:45.669, 72.69 W
2025/02/16 20:22:45.679, 72.69 W
2025/02/16 20:22:45.689, 72.69 W
2025/02/16 20:22:45.699, 72.69 W
2025/02/16 20:22:45.709, 72.69 W
2025/02/16 20:22:45.719, 72.69 W
2025/02/16 20:22:45.730, 72.69 W
2025/02/16 20:22:45.740, 72.69 W
2025/02/16 20:22:45.750, 72.69 W
2025/02/16 20:22:45.760, 72.69 W
2025/02/16 20:22:45.770, 72.69 W
2025/02/16 20:22:45.780, 72.69 W
2025/02/16 20:22:45.790, 72.69 W
2025/02/16 20:22:45.800, 72.69 W
2025/02/16 20:22:45.810, 72.69 W
2025/02/16 20:22:45.820, 72.69 W
2025/02/16 20:22:45.830, 72.69 W
2025/02/16 20:22:45.840, 72.69 W
2025/02/16 20:22:45.850, 72.69 W
2025/02/16 20:22:45.860, 72.69 W
2025/02/16 20:22:45.870, 72.69 W
2025/02/16 20:22:45.881, 72.69 W
2025/02/16 20:22:45.891, 72.69 W
2025/02/16 20:22:45.901, 72.69 W
2025/02/16 20:22:45.911, 72.93 W
2025/02/16 20:22:45.921, 72.93 W
2025/02/16 20:22:45.937, 72.93 W
2025/02/16 20:22:45.947, 72.93 W
2025/02/16 20:22:45.957, 72.93 W
2025/02/16 20:22:45.967, 72.93 W
2025/02/16 20:22:45.977, 72.93 W
2025/02/16 20:22:45.987, 72.93 W
2025/02/16 20:22:45.997, 72.93 W
2025/02/16 20:22:46.007, 72.93 W
2025/02/16 20:22:46.017, 72.93 W
2025/02/16 20:22:46.027, 72.39 W
2025/02/16 20:22:46.037, 72.39 W
2025/02/16 20:22:46.047, 72.39 W
2025/02/16 20:22:46.057, 72.39 W
2025/02/16 20:22:46.067, 72.39 W
2025/02/16 20:22:46.078, 72.39 W
2025/02/16 20:22:46.088, 72.39 W
2025/02/16 20:22:46.098, 72.39 W
2025/02/16 20:22:46.108, 72.39 W
2025/02/16 20:22:46.118, 72.39 W
2025/02/16 20:22:46.128, 72.39 W
2025/02/16 20:22:46.138, 72.39 W
2025/02/16 20:22:46.148, 72.39 W
2025/02/16 20:22:46.158, 72.39 W
2025/02/16 20:22:46.168, 72.39 W
2025/02/16 20:22:46.178, 72.39 W
2025/02/16 20:22:46.188, 72.39 W
2025/02/16 20:22:46.198, 72.39 W
2025/02/16 20:22:46.208, 72.39 W
2025/02/16 20:22:46.218, 72.39 W
2025/02/16 20:22:46.229, 72.39 W
2025/02/16 20:22:46.239, 72.39 W
2025/02/16 20:22:46.249, 72.39 W
2025/02/16 20:22:46.259, 72.39 W
2025/02/16 20:22:46.269, 72.39 W
2025/02/16 20:22:46.279, 72.39 W
2025/02/16 20:22:46.289, 72.39 W
2025/02/16 20:22:46.299, 72.39 W
2025/02/16 20:22:46.309, 72.39 W
2025/02/16 20:22:46.319, 72.39 W
2025/02/16 20:22:46.329, 72.39 W
2025/02/16 20:22:46.339, 72.39 W
2025/02/16 20:22:46.349, 72.39 W
2025/02/16 20:22:46.359, 72.39 W
2025/02/16 20:22:46.370, 72.39 W
2025/02/16 20:22:46.380, 72.39 W
2025/02/16 20:22:46.390, 72.39 W
2025/02/16 20:22:46.400, 72.39 W
2025/02/16 20:22:46.410, 72.39 W
2025/02/16 20:22:46.420, 72.39 W
2025/02/16 20:22:46.430, 72.39 W
2025/02/16 20:22:46.440, 72.39 W
2025/02/16 20:22:46.450, 72.39 W
2025/02/16 20:22:46.460, 72.39 W
2025/02/16 20:22:46.470, 72.39 W
2025/02/16 20:22:46.480, 72.39 W
2025/02/16 20:22:46.490, 72.39 W
2025/02/16 20:22:46.500, 72.39 W
2025/02/16 20:22:46.511, 72.39 W
2025/02/16 20:22:46.521, 72.69 W
2025/02/16 20:22:46.531, 72.69 W
2025/02/16 20:22:46.541, 72.69 W
2025/02/16 20:22:46.551, 72.69 W
2025/02/16 20:22:46.561, 72.69 W
2025/02/16 20:22:46.571, 72.69 W
2025/02/16 20:22:46.581, 72.69 W
2025/02/16 20:22:46.591, 72.69 W
2025/02/16 20:22:46.601, 72.69 W
2025/02/16 20:22:46.611, 72.69 W
2025/02/16 20:22:46.621, 72.69 W
2025/02/16 20:22:46.631, 72.69 W
2025/02/16 20:22:46.642, 72.69 W
2025/02/16 20:22:46.652, 72.69 W
2025/02/16 20:22:46.662, 72.69 W
2025/02/16 20:22:46.672, 72.69 W
2025/02/16 20:22:46.682, 72.69 W
2025/02/16 20:22:46.692, 72.69 W
2025/02/16 20:22:46.702, 72.69 W
2025/02/16 20:22:46.712, 72.69 W
2025/02/16 20:22:46.722, 72.69 W
2025/02/16 20:22:46.732, 72.69 W
2025/02/16 20:22:46.742, 72.69 W
2025/02/16 20:22:46.752, 72.69 W
2025/02/16 20:22:46.762, 72.69 W
2025/02/16 20:22:46.772, 72.69 W
2025/02/16 20:22:46.783, 72.69 W
2025/02/16 20:22:46.793, 72.69 W
2025/02/16 20:22:46.803, 72.69 W
2025/02/16 20:22:46.813, 72.69 W
2025/02/16 20:22:46.823, 72.69 W
2025/02/16 20:22:46.833, 72.69 W
2025/02/16 20:22:46.843, 72.69 W
2025/02/16 20:22:46.853, 72.69 W
2025/02/16 20:22:46.863, 72.69 W
2025/02/16 20:22:46.873, 72.69 W
2025/02/16 20:22:46.883, 72.69 W
2025/02/16 20:22:46.893, 72.69 W
2025/02/16 20:22:46.903, 72.69 W
2025/02/16 20:22:46.913, 72.69 W
2025/02/16 20:22:46.924, 72.69 W
2025/02/16 20:22:46.934, 72.69 W
2025/02/16 20:22:46.944, 72.69 W
2025/02/16 20:22:46.954, 72.69 W
2025/02/16 20:22:46.964, 72.69 W
2025/02/16 20:22:46.974, 72.69 W
2025/02/16 20:22:46.984, 72.69 W
2025/02/16 20:22:46.994, 72.69 W
2025/02/16 20:22:47.004, 72.69 W
2025/02/16 20:22:47.014, 72.69 W
2025/02/16 20:22:47.024, 72.69 W
2025/02/16 20:22:47.034, 72.69 W
2025/02/16 20:22:47.044, 72.69 W
2025/02/16 20:22:47.054, 72.69 W
2025/02/16 20:22:47.065, 72.69 W
2025/02/16 20:22:47.075, 72.69 W
2025/02/16 20:22:47.090, 72.69 W
2025/02/16 20:22:47.100, 72.69 W
2025/02/16 20:22:47.110, 72.69 W
2025/02/16 20:22:47.120, 72.69 W
2025/02/16 20:22:47.130, 72.69 W
2025/02/16 20:22:47.140, 72.69 W
2025/02/16 20:22:47.150, 72.69 W
2025/02/16 20:22:47.160, 72.69 W
2025/02/16 20:22:47.170, 72.69 W
2025/02/16 20:22:47.180, 72.69 W
2025/02/16 20:22:47.190, 72.69 W
2025/02/16 20:22:47.200, 72.69 W
2025/02/16 20:22:47.210, 72.69 W
2025/02/16 20:22:47.220, 72.69 W
2025/02/16 20:22:47.231, 72.69 W
2025/02/16 20:22:47.241, 72.69 W
2025/02/16 20:22:47.251, 72.69 W
2025/02/16 20:22:47.261, 72.69 W
2025/02/16 20:22:47.271, 72.69 W
2025/02/16 20:22:47.281, 72.69 W
2025/02/16 20:22:47.291, 72.69 W
2025/02/16 20:22:47.301, 72.69 W
2025/02/16 20:22:47.311, 72.69 W
2025/02/16 20:22:47.321, 72.69 W
2025/02/16 20:22:47.331, 72.69 W
2025/02/16 20:22:47.341, 72.69 W
2025/02/16 20:22:47.351, 72.69 W
2025/02/16 20:22:47.361, 72.69 W
2025/02/16 20:22:47.372, 72.69 W
2025/02/16 20:22:47.382, 72.69 W
2025/02/16 20:22:47.392, 72.69 W
2025/02/16 20:22:47.402, 72.69 W
2025/02/16 20:22:47.412, 72.69 W
2025/02/16 20:22:47.422, 72.69 W
2025/02/16 20:22:47.432, 72.69 W
2025/02/16 20:22:47.442, 72.69 W
2025/02/16 20:22:47.452, 72.69 W
2025/02/16 20:22:47.462, 72.93 W
2025/02/16 20:22:47.472, 72.93 W
2025/02/16 20:22:47.482, 72.93 W
2025/02/16 20:22:47.492, 72.93 W
2025/02/16 20:22:47.502, 72.93 W
2025/02/16 20:22:47.512, 72.93 W
2025/02/16 20:22:47.523, 72.93 W
2025/02/16 20:22:47.533, 72.93 W
2025/02/16 20:22:47.543, 72.93 W
2025/02/16 20:22:47.553, 72.69 W
2025/02/16 20:22:47.563, 72.69 W
2025/02/16 20:22:47.573, 72.69 W
2025/02/16 20:22:47.583, 72.69 W
2025/02/16 20:22:47.593, 72.69 W
2025/02/16 20:22:47.603, 72.69 W
2025/02/16 20:22:47.613, 72.69 W
2025/02/16 20:22:47.623, 72.69 W
2025/02/16 20:22:47.633, 72.69 W
2025/02/16 20:22:47.643, 72.69 W
2025/02/16 20:22:47.653, 72.69 W
2025/02/16 20:22:47.663, 72.69 W
2025/02/16 20:22:47.673, 72.69 W
2025/02/16 20:22:47.684, 72.69 W
2025/02/16 20:22:47.694, 72.69 W
2025/02/16 20:22:47.704, 72.69 W
2025/02/16 20:22:47.714, 72.69 W
2025/02/16 20:22:47.724, 72.69 W
2025/02/16 20:22:47.734, 72.69 W
2025/02/16 20:22:47.744, 72.69 W
2025/02/16 20:22:47.754, 72.69 W
2025/02/16 20:22:47.764, 72.69 W
2025/02/16 20:22:47.774, 72.69 W
2025/02/16 20:22:47.784, 72.69 W
2025/02/16 20:22:47.794, 72.69 W
2025/02/16 20:22:47.804, 72.69 W
2025/02/16 20:22:47.814, 72.69 W
2025/02/16 20:22:47.825, 72.69 W
2025/02/16 20:22:47.835, 72.69 W
2025/02/16 20:22:47.845, 72.69 W
2025/02/16 20:22:47.855, 72.69 W
2025/02/16 20:22:47.865, 72.69 W
2025/02/16 20:22:47.875, 72.69 W
2025/02/16 20:22:47.885, 72.69 W
2025/02/16 20:22:47.895, 72.69 W
2025/02/16 20:22:47.905, 72.69 W
2025/02/16 20:22:47.915, 72.69 W
2025/02/16 20:22:47.925, 72.69 W
2025/02/16 20:22:47.935, 72.69 W
2025/02/16 20:22:47.945, 72.69 W
2025/02/16 20:22:47.955, 72.93 W
2025/02/16 20:22:47.965, 72.93 W
2025/02/16 20:22:47.976, 72.93 W
2025/02/16 20:22:47.986, 72.93 W
2025/02/16 20:22:47.996, 72.93 W
2025/02/16 20:22:48.006, 72.93 W
2025/02/16 20:22:48.016, 72.93 W
2025/02/16 20:22:48.026, 72.93 W
2025/02/16 20:22:48.036, 72.93 W
2025/02/16 20:22:48.046, 72.93 W
2025/02/16 20:22:48.056, 72.93 W
2025/02/16 20:22:48.066, 72.93 W
2025/02/16 20:22:48.076, 72.69 W
2025/02/16 20:22:48.086, 72.69 W
2025/02/16 20:22:48.096, 72.69 W
2025/02/16 20:22:48.106, 72.69 W
2025/02/16 20:22:48.117, 72.69 W
2025/02/16 20:22:48.127, 72.69 W
2025/02/16 20:22:48.137, 72.69 W
2025/02/16 20:22:48.147, 72.69 W
2025/02/16 20:22:48.157, 72.69 W
2025/02/16 20:22:48.167, 72.69 W
2025/02/16 20:22:48.177, 72.69 W
2025/02/16 20:22:48.187, 72.69 W
2025/02/16 20:22:48.197, 72.69 W
2025/02/16 20:22:48.207, 72.69 W
2025/02/16 20:22:48.217, 72.69 W
2025/02/16 20:22:48.227, 72.69 W
2025/02/16 20:22:48.237, 72.69 W
2025/02/16 20:22:48.247, 72.69 W
2025/02/16 20:22:48.257, 72.69 W
2025/02/16 20:22:48.268, 72.69 W
2025/02/16 20:22:48.278, 72.69 W
2025/02/16 20:22:48.288, 72.93 W
2025/02/16 20:22:48.298, 72.93 W
2025/02/16 20:22:48.308, 72.93 W
2025/02/16 20:22:48.318, 72.93 W
2025/02/16 20:22:48.328, 72.93 W
2025/02/16 20:22:48.338, 72.93 W
2025/02/16 20:22:48.348, 72.93 W
2025/02/16 20:22:48.358, 72.93 W
2025/02/16 20:22:48.368, 72.69 W
2025/02/16 20:22:48.378, 72.69 W
2025/02/16 20:22:48.388, 72.69 W
2025/02/16 20:22:48.398, 72.69 W
2025/02/16 20:22:48.409, 72.69 W
2025/02/16 20:22:48.419, 72.69 W
2025/02/16 20:22:48.429, 72.69 W
2025/02/16 20:22:48.439, 72.69 W
2025/02/16 20:22:48.449, 72.69 W
2025/02/16 20:22:48.459, 72.69 W
2025/02/16 20:22:48.469, 72.69 W
2025/02/16 20:22:48.479, 72.69 W
2025/02/16 20:22:48.489, 72.69 W
2025/02/16 20:22:48.499, 72.69 W
2025/02/16 20:22:48.509, 72.69 W
2025/02/16 20:22:48.519, 72.69 W
2025/02/16 20:22:48.529, 72.69 W
2025/02/16 20:22:48.539, 72.69 W
2025/02/16 20:22:48.549, 72.69 W
2025/02/16 20:22:48.560, 72.69 W
2025/02/16 20:22:48.570, 72.69 W
2025/02/16 20:22:48.580, 72.69 W
2025/02/16 20:22:48.590, 72.69 W
2025/02/16 20:22:48.600, 72.69 W
2025/02/16 20:22:48.610, 72.69 W
2025/02/16 20:22:48.620, 72.69 W
2025/02/16 20:22:48.630, 72.69 W
2025/02/16 20:22:48.640, 72.69 W
2025/02/16 20:22:48.650, 72.69 W
2025/02/16 20:22:48.660, 72.69 W
2025/02/16 20:22:48.670, 72.69 W
2025/02/16 20:22:48.680, 72.69 W
2025/02/16 20:22:48.690, 72.69 W
2025/02/16 20:22:48.701, 72.69 W
2025/02/16 20:22:48.711, 72.69 W
2025/02/16 20:22:48.721, 72.69 W
2025/02/16 20:22:48.731, 72.69 W
2025/02/16 20:22:48.741, 72.69 W
2025/02/16 20:22:48.751, 72.69 W
2025/02/16 20:22:48.761, 72.69 W
2025/02/16 20:22:48.771, 72.69 W
2025/02/16 20:22:48.781, 72.93 W
2025/02/16 20:22:48.791, 72.93 W
2025/02/16 20:22:48.801, 72.93 W
2025/02/16 20:22:48.811, 72.93 W
2025/02/16 20:22:48.821, 72.93 W
2025/02/16 20:22:48.831, 72.93 W
2025/02/16 20:22:48.842, 72.93 W
2025/02/16 20:22:48.852, 72.93 W
2025/02/16 20:22:48.862, 72.93 W
2025/02/16 20:22:48.872, 72.93 W
2025/02/16 20:22:48.882, 72.93 W
2025/02/16 20:22:48.892, 72.93 W
2025/02/16 20:22:48.902, 72.69 W
2025/02/16 20:22:48.912, 72.69 W
2025/02/16 20:22:48.922, 72.69 W
2025/02/16 20:22:48.932, 72.69 W
2025/02/16 20:22:48.942, 72.69 W
2025/02/16 20:22:48.952, 72.69 W
2025/02/16 20:22:48.962, 72.69 W
2025/02/16 20:22:48.972, 72.69 W
2025/02/16 20:22:48.983, 72.69 W
2025/02/16 20:22:48.993, 72.69 W
2025/02/16 20:22:49.003, 72.69 W
2025/02/16 20:22:49.013, 72.69 W
2025/02/16 20:22:49.023, 72.69 W
2025/02/16 20:22:49.033, 72.69 W
2025/02/16 20:22:49.043, 72.69 W
2025/02/16 20:22:49.053, 72.69 W
2025/02/16 20:22:49.063, 72.69 W
2025/02/16 20:22:49.073, 72.69 W
2025/02/16 20:22:49.083, 72.69 W
2025/02/16 20:22:49.093, 72.69 W
2025/02/16 20:22:49.103, 72.69 W
2025/02/16 20:22:49.113, 72.69 W
2025/02/16 20:22:49.124, 72.69 W
2025/02/16 20:22:49.134, 72.69 W
2025/02/16 20:22:49.144, 72.69 W
2025/02/16 20:22:49.154, 72.69 W
2025/02/16 20:22:49.164, 72.69 W
2025/02/16 20:22:49.174, 72.69 W
2025/02/16 20:22:49.184, 72.69 W
2025/02/16 20:22:49.194, 72.69 W
2025/02/16 20:22:49.204, 72.69 W
2025/02/16 20:22:49.214, 72.69 W
2025/02/16 20:22:49.224, 72.69 W
2025/02/16 20:22:49.234, 72.69 W
2025/02/16 20:22:49.244, 72.69 W
2025/02/16 20:22:49.254, 72.69 W
2025/02/16 20:22:49.265, 72.69 W
2025/02/16 20:22:49.275, 72.69 W
2025/02/16 20:22:49.285, 72.69 W
2025/02/16 20:22:49.295, 72.69 W
2025/02/16 20:22:49.305, 72.69 W
2025/02/16 20:22:49.315, 72.69 W
2025/02/16 20:22:49.325, 72.69 W
2025/02/16 20:22:49.335, 72.69 W
2025/02/16 20:22:49.345, 72.69 W
2025/02/16 20:22:49.355, 72.69 W
2025/02/16 20:22:49.365, 72.69 W
2025/02/16 20:22:49.375, 72.69 W
2025/02/16 20:22:49.385, 72.69 W
2025/02/16 20:22:49.395, 72.69 W
2025/02/16 20:22:49.405, 72.69 W
2025/02/16 20:22:49.416, 72.69 W
2025/02/16 20:22:49.426, 72.69 W
2025/02/16 20:22:49.436, 72.69 W
2025/02/16 20:22:49.446, 72.69 W
2025/02/16 20:22:49.456, 72.69 W
2025/02/16 20:22:49.466, 72.69 W
2025/02/16 20:22:49.476, 72.69 W
2025/02/16 20:22:49.486, 72.69 W
2025/02/16 20:22:49.496, 72.69 W
2025/02/16 20:22:49.506, 72.69 W
2025/02/16 20:22:49.516, 72.93 W
2025/02/16 20:22:49.526, 72.93 W
2025/02/16 20:22:49.536, 72.93 W
2025/02/16 20:22:49.546, 72.93 W
2025/02/16 20:22:49.556, 72.93 W
2025/02/16 20:22:49.567, 72.93 W
2025/02/16 20:22:49.577, 72.93 W
2025/02/16 20:22:49.587, 72.93 W
2025/02/16 20:22:49.597, 72.69 W
2025/02/16 20:22:49.607, 72.69 W
2025/02/16 20:22:49.617, 72.69 W
2025/02/16 20:22:49.627, 72.69 W
2025/02/16 20:22:49.637, 72.69 W
2025/02/16 20:22:49.647, 72.69 W
2025/02/16 20:22:49.657, 72.69 W
2025/02/16 20:22:49.667, 72.69 W
2025/02/16 20:22:49.677, 72.69 W
2025/02/16 20:22:49.687, 72.69 W
2025/02/16 20:22:49.698, 72.69 W
2025/02/16 20:22:49.708, 72.69 W
2025/02/16 20:22:49.718, 72.69 W
2025/02/16 20:22:49.728, 72.69 W
2025/02/16 20:22:49.738, 72.69 W
2025/02/16 20:22:49.748, 72.69 W
2025/02/16 20:22:49.758, 72.69 W
2025/02/16 20:22:49.768, 72.69 W
2025/02/16 20:22:49.778, 72.69 W
2025/02/16 20:22:49.788, 72.69 W
2025/02/16 20:22:49.798, 72.93 W
2025/02/16 20:22:49.808, 72.93 W
2025/02/16 20:22:49.818, 72.93 W
2025/02/16 20:22:49.828, 72.93 W
2025/02/16 20:22:49.839, 72.93 W
2025/02/16 20:22:49.849, 72.93 W
2025/02/16 20:22:49.859, 72.93 W
2025/02/16 20:22:49.869, 72.93 W
2025/02/16 20:22:49.879, 72.93 W
2025/02/16 20:22:49.889, 72.93 W
2025/02/16 20:22:49.899, 72.93 W
2025/02/16 20:22:49.909, 72.93 W
2025/02/16 20:22:49.919, 72.69 W
2025/02/16 20:22:49.929, 72.69 W
2025/02/16 20:22:49.939, 72.69 W
2025/02/16 20:22:49.949, 72.69 W
2025/02/16 20:22:49.959, 72.69 W
2025/02/16 20:22:49.969, 72.69 W
2025/02/16 20:22:49.980, 72.69 W
2025/02/16 20:22:49.990, 72.69 W
2025/02/16 20:22:50.000, 72.69 W
2025/02/16 20:22:50.010, 72.69 W
2025/02/16 20:22:50.020, 72.69 W
2025/02/16 20:22:50.030, 72.69 W
2025/02/16 20:22:50.040, 72.69 W
2025/02/16 20:22:50.050, 72.69 W
2025/02/16 20:22:50.060, 72.69 W
2025/02/16 20:22:50.070, 72.69 W
2025/02/16 20:22:50.080, 72.69 W
2025/02/16 20:22:50.090, 72.69 W
2025/02/16 20:22:50.100, 72.69 W
2025/02/16 20:22:50.110, 72.69 W
2025/02/16 20:22:50.121, 72.69 W
2025/02/16 20:22:50.131, 72.69 W
2025/02/16 20:22:50.141, 72.69 W
2025/02/16 20:22:50.151, 72.69 W
2025/02/16 20:22:50.161, 72.69 W
2025/02/16 20:22:50.171, 72.69 W
2025/02/16 20:22:50.181, 72.69 W
2025/02/16 20:22:50.191, 72.69 W
2025/02/16 20:22:50.201, 72.69 W
2025/02/16 20:22:50.211, 72.69 W
2025/02/16 20:22:50.221, 72.69 W
2025/02/16 20:22:50.231, 72.69 W
2025/02/16 20:22:50.241, 72.69 W
2025/02/16 20:22:50.251, 72.69 W
2025/02/16 20:22:50.262, 72.69 W
2025/02/16 20:22:50.272, 72.69 W
2025/02/16 20:22:50.282, 72.69 W
2025/02/16 20:22:50.292, 72.69 W
2025/02/16 20:22:50.302, 72.69 W
2025/02/16 20:22:50.312, 72.69 W
2025/02/16 20:22:50.322, 72.69 W
2025/02/16 20:22:50.332, 72.69 W
2025/02/16 20:22:50.342, 72.69 W
2025/02/16 20:22:50.352, 72.69 W
2025/02/16 20:22:50.362, 72.69 W
2025/02/16 20:22:50.372, 72.69 W
2025/02/16 20:22:50.382, 72.69 W
2025/02/16 20:22:50.392, 72.69 W
2025/02/16 20:22:50.402, 72.69 W
2025/02/16 20:22:50.413, 72.69 W
2025/02/16 20:22:50.423, 72.69 W
2025/02/16 20:22:50.433, 72.69 W
2025/02/16 20:22:50.443, 72.69 W
2025/02/16 20:22:50.453, 72.69 W
2025/02/16 20:22:50.463, 72.69 W
2025/02/16 20:22:50.473, 72.69 W
2025/02/16 20:22:50.483, 72.69 W
2025/02/16 20:22:50.493, 72.69 W
2025/02/16 20:22:50.503, 72.69 W
2025/02/16 20:22:50.513, 72.69 W
2025/02/16 20:22:50.523, 72.69 W
2025/02/16 20:22:50.533, 72.69 W
2025/02/16 20:22:50.543, 72.69 W
2025/02/16 20:22:50.553, 72.69 W
2025/02/16 20:22:50.564, 72.69 W
2025/02/16 20:22:50.574, 72.69 W
2025/02/16 20:22:50.584, 72.69 W
2025/02/16 20:22:50.594, 72.69 W
2025/02/16 20:22:50.604, 72.69 W
2025/02/16 20:22:50.614, 72.69 W
2025/02/16 20:22:50.624, 72.93 W
2025/02/16 20:22:50.634, 72.93 W
2025/02/16 20:22:50.644, 72.93 W
2025/02/16 20:22:50.654, 72.93 W
2025/02/16 20:22:50.664, 72.93 W
2025/02/16 20:22:50.674, 72.93 W
2025/02/16 20:22:50.684, 72.93 W
2025/02/16 20:22:50.694, 72.93 W
2025/02/16 20:22:50.705, 72.93 W
2025/02/16 20:22:50.715, 72.93 W
2025/02/16 20:22:50.725, 72.69 W
2025/02/16 20:22:50.735, 72.69 W
2025/02/16 20:22:50.745, 72.69 W
2025/02/16 20:22:50.755, 72.69 W
2025/02/16 20:22:50.765, 72.69 W
2025/02/16 20:22:50.775, 72.69 W
2025/02/16 20:22:50.785, 72.69 W
2025/02/16 20:22:50.795, 72.69 W
2025/02/16 20:22:50.805, 72.69 W
2025/02/16 20:22:50.815, 72.69 W
2025/02/16 20:22:50.825, 72.93 W
2025/02/16 20:22:50.835, 72.93 W
2025/02/16 20:22:50.846, 72.93 W
2025/02/16 20:22:50.856, 72.93 W
2025/02/16 20:22:50.866, 72.93 W
2025/02/16 20:22:50.876, 72.93 W
2025/02/16 20:22:50.886, 72.93 W
2025/02/16 20:22:50.896, 72.93 W
2025/02/16 20:22:50.906, 72.93 W
2025/02/16 20:22:50.916, 72.93 W
2025/02/16 20:22:50.926, 72.93 W
2025/02/16 20:22:50.936, 72.93 W
2025/02/16 20:22:50.946, 72.69 W
2025/02/16 20:22:50.956, 72.69 W
2025/02/16 20:22:50.966, 72.69 W
2025/02/16 20:22:50.976, 72.69 W
2025/02/16 20:22:50.987, 72.69 W
2025/02/16 20:22:50.997, 72.69 W
2025/02/16 20:22:51.007, 72.69 W
2025/02/16 20:22:51.017, 72.69 W
2025/02/16 20:22:51.027, 72.69 W
2025/02/16 20:22:51.037, 72.69 W
2025/02/16 20:22:51.047, 72.69 W
2025/02/16 20:22:51.057, 72.69 W
2025/02/16 20:22:51.067, 72.69 W
2025/02/16 20:22:51.077, 72.69 W
2025/02/16 20:22:51.087, 72.69 W
2025/02/16 20:22:51.097, 72.69 W
2025/02/16 20:22:51.107, 72.69 W
2025/02/16 20:22:51.117, 72.69 W
2025/02/16 20:22:51.128, 72.69 W
2025/02/16 20:22:51.138, 72.69 W
2025/02/16 20:22:51.148, 72.69 W
2025/02/16 20:22:51.158, 72.69 W
2025/02/16 20:22:51.168, 72.69 W
2025/02/16 20:22:51.178, 72.69 W
2025/02/16 20:22:51.188, 72.69 W
2025/02/16 20:22:51.198, 72.69 W
2025/02/16 20:22:51.208, 72.69 W
2025/02/16 20:22:51.218, 72.69 W
2025/02/16 20:22:51.228, 72.69 W
2025/02/16 20:22:51.238, 72.69 W
2025/02/16 20:22:51.248, 72.69 W
2025/02/16 20:22:51.258, 72.69 W
2025/02/16 20:22:51.269, 72.69 W
2025/02/16 20:22:51.279, 72.69 W
2025/02/16 20:22:51.289, 72.69 W
2025/02/16 20:22:51.299, 72.69 W
2025/02/16 20:22:51.309, 72.69 W
2025/02/16 20:22:51.319, 72.69 W
2025/02/16 20:22:51.329, 72.69 W
2025/02/16 20:22:51.339, 72.69 W
2025/02/16 20:22:51.349, 72.69 W
2025/02/16 20:22:51.359, 72.93 W
2025/02/16 20:22:51.369, 72.93 W
2025/02/16 20:22:51.379, 72.93 W
2025/02/16 20:22:51.389, 72.93 W
2025/02/16 20:22:51.399, 72.93 W
2025/02/16 20:22:51.410, 72.93 W
2025/02/16 20:22:51.420, 72.93 W
2025/02/16 20:22:51.430, 72.93 W
2025/02/16 20:22:51.440, 72.93 W
2025/02/16 20:22:51.450, 72.93 W
2025/02/16 20:22:51.460, 72.93 W
2025/02/16 20:22:51.470, 72.93 W
2025/02/16 20:22:51.480, 72.93 W
2025/02/16 20:22:51.490, 72.93 W
2025/02/16 20:22:51.500, 72.93 W
2025/02/16 20:22:51.510, 72.93 W
2025/02/16 20:22:51.520, 72.93 W
2025/02/16 20:22:51.530, 72.93 W
2025/02/16 20:22:51.540, 72.93 W
2025/02/16 20:22:51.550, 72.93 W
2025/02/16 20:22:51.561, 72.69 W
2025/02/16 20:22:51.571, 72.69 W
2025/02/16 20:22:51.581, 72.69 W
2025/02/16 20:22:51.591, 72.69 W
2025/02/16 20:22:51.601, 72.69 W
2025/02/16 20:22:51.611, 72.69 W
2025/02/16 20:22:51.621, 72.69 W
2025/02/16 20:22:51.631, 72.69 W
2025/02/16 20:22:51.641, 72.69 W
2025/02/16 20:22:51.651, 72.69 W
2025/02/16 20:22:51.661, 72.69 W
2025/02/16 20:22:51.671, 72.69 W
2025/02/16 20:22:51.681, 72.69 W
2025/02/16 20:22:51.691, 72.69 W
2025/02/16 20:22:51.701, 72.69 W
2025/02/16 20:22:51.712, 72.69 W
2025/02/16 20:22:51.722, 72.69 W
2025/02/16 20:22:51.732, 72.69 W
2025/02/16 20:22:51.742, 72.69 W
2025/02/16 20:22:51.752, 72.69 W
2025/02/16 20:22:51.762, 72.69 W
2025/02/16 20:22:51.772, 72.69 W
2025/02/16 20:22:51.782, 72.69 W
2025/02/16 20:22:51.792, 72.69 W
2025/02/16 20:22:51.802, 72.69 W
2025/02/16 20:22:51.812, 72.69 W
2025/02/16 20:22:51.822, 72.69 W
2025/02/16 20:22:51.832, 72.69 W
2025/02/16 20:22:51.843, 72.69 W
2025/02/16 20:22:51.853, 72.93 W
2025/02/16 20:22:51.863, 72.93 W
2025/02/16 20:22:51.873, 72.93 W
2025/02/16 20:22:51.883, 72.93 W
2025/02/16 20:22:51.893, 72.93 W
2025/02/16 20:22:51.903, 72.93 W
2025/02/16 20:22:51.913, 72.93 W
2025/02/16 20:22:51.923, 72.93 W
2025/02/16 20:22:51.933, 72.93 W
2025/02/16 20:22:51.943, 72.93 W
2025/02/16 20:22:51.953, 72.93 W
2025/02/16 20:22:51.963, 72.93 W
2025/02/16 20:22:51.973, 72.69 W
2025/02/16 20:22:51.984, 72.69 W
2025/02/16 20:22:51.994, 72.69 W
2025/02/16 20:22:52.004, 72.69 W
2025/02/16 20:22:52.014, 72.69 W
2025/02/16 20:22:52.024, 72.69 W
2025/02/16 20:22:52.034, 72.69 W
2025/02/16 20:22:52.044, 72.69 W
2025/02/16 20:22:52.054, 72.69 W
2025/02/16 20:22:52.064, 72.69 W
2025/02/16 20:22:52.074, 72.69 W
2025/02/16 20:22:52.084, 72.69 W
2025/02/16 20:22:52.094, 72.69 W
2025/02/16 20:22:52.104, 72.69 W
2025/02/16 20:22:52.114, 72.69 W
2025/02/16 20:22:52.125, 72.69 W
2025/02/16 20:22:52.135, 72.69 W
2025/02/16 20:22:52.145, 72.69 W
2025/02/16 20:22:52.155, 72.69 W
2025/02/16 20:22:52.165, 72.69 W
2025/02/16 20:22:52.175, 72.69 W
2025/02/16 20:22:52.185, 72.69 W
2025/02/16 20:22:52.195, 72.69 W
2025/02/16 20:22:52.205, 72.69 W
2025/02/16 20:22:52.215, 72.69 W
2025/02/16 20:22:52.225, 72.69 W
2025/02/16 20:22:52.235, 72.69 W
2025/02/16 20:22:52.245, 72.69 W
2025/02/16 20:22:52.255, 72.69 W
2025/02/16 20:22:52.266, 72.69 W
2025/02/16 20:22:52.276, 72.69 W
2025/02/16 20:22:52.286, 72.69 W
2025/02/16 20:22:52.296, 72.69 W
2025/02/16 20:22:52.306, 72.69 W
2025/02/16 20:22:52.316, 72.69 W
2025/02/16 20:22:52.326, 72.69 W
2025/02/16 20:22:52.336, 72.69 W
2025/02/16 20:22:52.346, 72.69 W
2025/02/16 20:22:52.356, 72.69 W
2025/02/16 20:22:52.366, 72.69 W
2025/02/16 20:22:52.376, 72.93 W
2025/02/16 20:22:52.386, 72.93 W
2025/02/16 20:22:52.396, 72.93 W
2025/02/16 20:22:52.406, 72.93 W
2025/02/16 20:22:52.417, 72.93 W
2025/02/16 20:22:52.427, 72.93 W
2025/02/16 20:22:52.437, 72.93 W
2025/02/16 20:22:52.447, 72.93 W
2025/02/16 20:22:52.457, 72.93 W
2025/02/16 20:22:52.467, 72.69 W
2025/02/16 20:22:52.477, 72.69 W
2025/02/16 20:22:52.487, 72.69 W
2025/02/16 20:22:52.497, 72.69 W
2025/02/16 20:22:52.507, 72.69 W
2025/02/16 20:22:52.517, 72.69 W
2025/02/16 20:22:52.527, 72.69 W
2025/02/16 20:22:52.537, 72.69 W
2025/02/16 20:22:52.547, 72.69 W
2025/02/16 20:22:52.557, 72.69 W
2025/02/16 20:22:52.568, 72.69 W
2025/02/16 20:22:52.578, 72.69 W
2025/02/16 20:22:52.588, 72.69 W
2025/02/16 20:22:52.598, 72.69 W
2025/02/16 20:22:52.608, 72.69 W
2025/02/16 20:22:52.618, 72.69 W
2025/02/16 20:22:52.628, 72.69 W
2025/02/16 20:22:52.638, 72.69 W
2025/02/16 20:22:52.648, 72.69 W
2025/02/16 20:22:52.658, 72.69 W
2025/02/16 20:22:52.668, 72.69 W
2025/02/16 20:22:52.678, 72.69 W
2025/02/16 20:22:52.688, 72.69 W
2025/02/16 20:22:52.698, 72.69 W
2025/02/16 20:22:52.708, 72.69 W
2025/02/16 20:22:52.719, 72.69 W
2025/02/16 20:22:52.729, 72.69 W
2025/02/16 20:22:52.739, 72.69 W
2025/02/16 20:22:52.749, 72.69 W
2025/02/16 20:22:52.759, 72.69 W
2025/02/16 20:22:52.769, 72.69 W
2025/02/16 20:22:52.779, 72.69 W
2025/02/16 20:22:52.789, 72.69 W
2025/02/16 20:22:52.799, 72.69 W
2025/02/16 20:22:52.809, 72.69 W
2025/02/16 20:22:52.819, 72.69 W
2025/02/16 20:22:52.829, 72.69 W
2025/02/16 20:22:52.839, 72.69 W
2025/02/16 20:22:52.850, 72.69 W
2025/02/16 20:22:52.860, 72.69 W
2025/02/16 20:22:52.870, 72.93 W
2025/02/16 20:22:52.880, 72.93 W
2025/02/16 20:22:52.890, 72.93 W
2025/02/16 20:22:52.900, 72.93 W
2025/02/16 20:22:52.910, 72.93 W
2025/02/16 20:22:52.920, 72.93 W
2025/02/16 20:22:52.930, 72.93 W
2025/02/16 20:22:52.940, 72.93 W
2025/02/16 20:22:52.950, 72.93 W
2025/02/16 20:22:52.960, 72.93 W
2025/02/16 20:22:52.970, 72.93 W
2025/02/16 20:22:52.980, 72.93 W
2025/02/16 20:22:52.991, 72.69 W
2025/02/16 20:22:53.001, 72.69 W
2025/02/16 20:22:53.011, 72.69 W
2025/02/16 20:22:53.021, 72.69 W
2025/02/16 20:22:53.031, 72.69 W
2025/02/16 20:22:53.041, 72.69 W
2025/02/16 20:22:53.051, 72.69 W
2025/02/16 20:22:53.061, 72.69 W
2025/02/16 20:22:53.071, 72.69 W
2025/02/16 20:22:53.081, 72.69 W
2025/02/16 20:22:53.091, 72.69 W
2025/02/16 20:22:53.101, 72.69 W
2025/02/16 20:22:53.111, 72.69 W
2025/02/16 20:22:53.121, 72.69 W
2025/02/16 20:22:53.132, 72.69 W
2025/02/16 20:22:53.142, 72.69 W
2025/02/16 20:22:53.152, 72.69 W
2025/02/16 20:22:53.162, 72.69 W
2025/02/16 20:22:53.172, 72.69 W
2025/02/16 20:22:53.182, 72.69 W
2025/02/16 20:22:53.192, 72.69 W
2025/02/16 20:22:53.202, 72.69 W
2025/02/16 20:22:53.212, 72.69 W
2025/02/16 20:22:53.222, 72.69 W
2025/02/16 20:22:53.232, 72.69 W
2025/02/16 20:22:53.242, 72.69 W
2025/02/16 20:22:53.252, 72.69 W
2025/02/16 20:22:53.262, 72.69 W
2025/02/16 20:22:53.273, 72.69 W
2025/02/16 20:22:53.283, 72.69 W
2025/02/16 20:22:53.293, 72.69 W
2025/02/16 20:22:53.303, 72.69 W
2025/02/16 20:22:53.313, 72.69 W
2025/02/16 20:22:53.323, 72.69 W
2025/02/16 20:22:53.333, 72.69 W
2025/02/16 20:22:53.343, 72.69 W
2025/02/16 20:22:53.353, 72.69 W
2025/02/16 20:22:53.363, 72.69 W
2025/02/16 20:22:53.373, 72.69 W
2025/02/16 20:22:53.383, 72.69 W
2025/02/16 20:22:53.393, 72.69 W
2025/02/16 20:22:53.403, 72.69 W
2025/02/16 20:22:53.414, 72.69 W
2025/02/16 20:22:53.424, 72.69 W
2025/02/16 20:22:53.434, 72.69 W
2025/02/16 20:22:53.444, 72.69 W
2025/02/16 20:22:53.454, 72.69 W
2025/02/16 20:22:53.464, 72.69 W
2025/02/16 20:22:53.474, 72.69 W
2025/02/16 20:22:53.484, 72.93 W
2025/02/16 20:22:53.494, 72.93 W
2025/02/16 20:22:53.504, 72.93 W
2025/02/16 20:22:53.514, 72.93 W
2025/02/16 20:22:53.524, 72.93 W
2025/02/16 20:22:53.534, 72.93 W
2025/02/16 20:22:53.544, 72.93 W
2025/02/16 20:22:53.554, 72.93 W
2025/02/16 20:22:53.565, 72.93 W
2025/02/16 20:22:53.575, 72.93 W
2025/02/16 20:22:53.585, 72.93 W
2025/02/16 20:22:53.595, 72.93 W
2025/02/16 20:22:53.605, 72.69 W
2025/02/16 20:22:53.615, 72.69 W
2025/02/16 20:22:53.625, 72.69 W
2025/02/16 20:22:53.635, 72.69 W
2025/02/16 20:22:53.645, 72.69 W
2025/02/16 20:22:53.655, 72.69 W
2025/02/16 20:22:53.665, 72.69 W
2025/02/16 20:22:53.675, 72.69 W
2025/02/16 20:22:53.685, 72.69 W
2025/02/16 20:22:53.695, 72.93 W
2025/02/16 20:22:53.705, 72.93 W
2025/02/16 20:22:53.716, 72.93 W
2025/02/16 20:22:53.726, 72.93 W
2025/02/16 20:22:53.736, 72.93 W
2025/02/16 20:22:53.746, 72.93 W
2025/02/16 20:22:53.756, 72.93 W
2025/02/16 20:22:53.766, 72.93 W
2025/02/16 20:22:53.776, 72.93 W
2025/02/16 20:22:53.786, 72.93 W
2025/02/16 20:22:53.796, 72.93 W
2025/02/16 20:22:53.806, 72.93 W
2025/02/16 20:22:53.816, 72.69 W
2025/02/16 20:22:53.826, 72.69 W
2025/02/16 20:22:53.836, 72.69 W
2025/02/16 20:22:53.846, 72.69 W
2025/02/16 20:22:53.857, 72.69 W
2025/02/16 20:22:53.867, 72.69 W
2025/02/16 20:22:53.877, 72.69 W
2025/02/16 20:22:53.887, 72.69 W
2025/02/16 20:22:53.897, 72.69 W
2025/02/16 20:22:53.907, 72.69 W
2025/02/16 20:22:53.917, 72.69 W
2025/02/16 20:22:53.927, 72.69 W
2025/02/16 20:22:53.937, 72.69 W
2025/02/16 20:22:53.947, 72.69 W
2025/02/16 20:22:53.957, 72.69 W
2025/02/16 20:22:53.967, 72.69 W
2025/02/16 20:22:53.977, 72.69 W
2025/02/16 20:22:53.987, 72.69 W
2025/02/16 20:22:53.998, 72.69 W
2025/02/16 20:22:54.008, 72.69 W
2025/02/16 20:22:54.018, 72.93 W
2025/02/16 20:22:54.028, 72.93 W
2025/02/16 20:22:54.038, 72.93 W
2025/02/16 20:22:54.048, 72.93 W
2025/02/16 20:22:54.058, 72.93 W
2025/02/16 20:22:54.068, 72.93 W
2025/02/16 20:22:54.078, 72.93 W
2025/02/16 20:22:54.088, 72.93 W
2025/02/16 20:22:54.098, 72.69 W
2025/02/16 20:22:54.108, 72.69 W
2025/02/16 20:22:54.118, 72.69 W
2025/02/16 20:22:54.128, 72.69 W
2025/02/16 20:22:54.139, 72.69 W
2025/02/16 20:22:54.149, 72.69 W
2025/02/16 20:22:54.159, 72.69 W
2025/02/16 20:22:54.169, 72.69 W
2025/02/16 20:22:54.179, 72.69 W
2025/02/16 20:22:54.189, 72.69 W
2025/02/16 20:22:54.202, 72.69 W
2025/02/16 20:22:54.212, 72.69 W
2025/02/16 20:22:54.222, 72.93 W
2025/02/16 20:22:54.232, 72.93 W
2025/02/16 20:22:54.242, 72.93 W
2025/02/16 20:22:54.252, 72.93 W
2025/02/16 20:22:54.262, 72.93 W
2025/02/16 20:22:54.272, 72.93 W
2025/02/16 20:22:54.282, 72.93 W
2025/02/16 20:22:54.292, 72.93 W
2025/02/16 20:22:54.302, 72.69 W
2025/02/16 20:22:54.312, 72.69 W
2025/02/16 20:22:54.323, 72.69 W
2025/02/16 20:22:54.333, 72.69 W
2025/02/16 20:22:54.343, 72.69 W
2025/02/16 20:22:54.353, 72.69 W
2025/02/16 20:22:54.363, 72.69 W
2025/02/16 20:22:54.373, 72.69 W
2025/02/16 20:22:54.383, 72.69 W
2025/02/16 20:22:54.393, 72.69 W
2025/02/16 20:22:54.403, 72.69 W
2025/02/16 20:22:54.413, 72.69 W
2025/02/16 20:22:54.423, 72.69 W
2025/02/16 20:22:54.433, 72.69 W
2025/02/16 20:22:54.443, 72.69 W
2025/02/16 20:22:54.453, 72.69 W
2025/02/16 20:22:54.464, 72.69 W
2025/02/16 20:22:54.474, 72.69 W
2025/02/16 20:22:54.484, 72.69 W
2025/02/16 20:22:54.494, 72.69 W
2025/02/16 20:22:54.504, 72.69 W
2025/02/16 20:22:54.514, 72.69 W
2025/02/16 20:22:54.524, 72.69 W
2025/02/16 20:22:54.534, 72.69 W
2025/02/16 20:22:54.544, 72.69 W
2025/02/16 20:22:54.554, 72.69 W
2025/02/16 20:22:54.564, 72.69 W
2025/02/16 20:22:54.574, 72.69 W
2025/02/16 20:22:54.584, 72.69 W
2025/02/16 20:22:54.594, 72.69 W
2025/02/16 20:22:54.605, 72.69 W
2025/02/16 20:22:54.615, 72.69 W
2025/02/16 20:22:54.625, 72.69 W
2025/02/16 20:22:54.635, 72.69 W
2025/02/16 20:22:54.645, 72.69 W
2025/02/16 20:22:54.655, 72.69 W
2025/02/16 20:22:54.665, 72.69 W
2025/02/16 20:22:54.675, 72.69 W
2025/02/16 20:22:54.685, 72.69 W
2025/02/16 20:22:54.695, 72.69 W
2025/02/16 20:22:54.705, 72.69 W
2025/02/16 20:22:54.715, 72.69 W
2025/02/16 20:22:54.725, 72.69 W
2025/02/16 20:22:54.735, 72.69 W
2025/02/16 20:22:54.746, 72.69 W
2025/02/16 20:22:54.756, 72.69 W
2025/02/16 20:22:54.766, 72.69 W
2025/02/16 20:22:54.776, 72.69 W
2025/02/16 20:22:54.786, 72.69 W
2025/02/16 20:22:54.796, 72.69 W
2025/02/16 20:22:54.806, 72.69 W
2025/02/16 20:22:54.816, 72.39 W
2025/02/16 20:22:54.826, 72.39 W
2025/02/16 20:22:54.836, 72.39 W
2025/02/16 20:22:54.846, 72.39 W
2025/02/16 20:22:54.856, 72.39 W
2025/02/16 20:22:54.866, 72.39 W
2025/02/16 20:22:54.876, 72.39 W
2025/02/16 20:22:54.887, 72.39 W
2025/02/16 20:22:54.897, 72.39 W
2025/02/16 20:22:54.907, 72.39 W
2025/02/16 20:22:54.917, 72.69 W
2025/02/16 20:22:54.927, 72.69 W
2025/02/16 20:22:54.937, 72.69 W
2025/02/16 20:22:54.947, 72.69 W
2025/02/16 20:22:54.957, 72.69 W
2025/02/16 20:22:54.967, 72.69 W
2025/02/16 20:22:54.977, 72.69 W
2025/02/16 20:22:54.987, 72.69 W
2025/02/16 20:22:54.997, 72.69 W
2025/02/16 20:22:55.007, 72.69 W
2025/02/16 20:22:55.017, 72.69 W
2025/02/16 20:22:55.028, 72.69 W
2025/02/16 20:22:55.038, 72.69 W
2025/02/16 20:22:55.048, 72.69 W
2025/02/16 20:22:55.058, 72.69 W
2025/02/16 20:22:55.068, 72.69 W
2025/02/16 20:22:55.078, 72.69 W
2025/02/16 20:22:55.088, 72.69 W
2025/02/16 20:22:55.098, 72.69 W
2025/02/16 20:22:55.108, 72.69 W
2025/02/16 20:22:55.118, 72.69 W
2025/02/16 20:22:55.128, 72.69 W
2025/02/16 20:22:55.138, 72.69 W
2025/02/16 20:22:55.148, 72.69 W
2025/02/16 20:22:55.158, 72.69 W
2025/02/16 20:22:55.169, 72.69 W
2025/02/16 20:22:55.179, 72.69 W
2025/02/16 20:22:55.189, 72.69 W
2025/02/16 20:22:55.199, 72.69 W
2025/02/16 20:22:55.209, 72.69 W
2025/02/16 20:22:55.219, 72.69 W
2025/02/16 20:22:55.229, 72.69 W
2025/02/16 20:22:55.239, 72.69 W
2025/02/16 20:22:55.249, 72.69 W
2025/02/16 20:22:55.259, 72.69 W
2025/02/16 20:22:55.269, 72.69 W
2025/02/16 20:22:55.279, 72.69 W
2025/02/16 20:22:55.289, 72.69 W
2025/02/16 20:22:55.299, 72.69 W
2025/02/16 20:22:55.309, 72.69 W
2025/02/16 20:22:55.320, 72.69 W
2025/02/16 20:22:55.330, 72.69 W
2025/02/16 20:22:55.340, 72.69 W
2025/02/16 20:22:55.350, 72.69 W
2025/02/16 20:22:55.360, 72.69 W
2025/02/16 20:22:55.370, 72.69 W
2025/02/16 20:22:55.380, 72.69 W
2025/02/16 20:22:55.390, 72.69 W
2025/02/16 20:22:55.400, 72.69 W
2025/02/16 20:22:55.410, 72.69 W
2025/02/16 20:22:55.420, 72.69 W
2025/02/16 20:22:55.430, 72.69 W
2025/02/16 20:22:55.440, 72.69 W
2025/02/16 20:22:55.450, 72.69 W
2025/02/16 20:22:55.461, 72.69 W
2025/02/16 20:22:55.471, 72.69 W
2025/02/16 20:22:55.481, 72.69 W
2025/02/16 20:22:55.491, 72.69 W
2025/02/16 20:22:55.501, 72.69 W
2025/02/16 20:22:55.511, 72.69 W
2025/02/16 20:22:55.521, 72.69 W
2025/02/16 20:22:55.531, 72.39 W
2025/02/16 20:22:55.541, 72.39 W
2025/02/16 20:22:55.551, 72.39 W
2025/02/16 20:22:55.561, 72.39 W
2025/02/16 20:22:55.571, 72.39 W
2025/02/16 20:22:55.581, 72.39 W
2025/02/16 20:22:55.591, 72.39 W
2025/02/16 20:22:55.602, 72.39 W
2025/02/16 20:22:55.612, 72.39 W
2025/02/16 20:22:55.622, 72.39 W
2025/02/16 20:22:55.632, 72.39 W
2025/02/16 20:22:55.642, 72.39 W
2025/02/16 20:22:55.652, 72.69 W
2025/02/16 20:22:55.662, 72.69 W
2025/02/16 20:22:55.672, 72.69 W
2025/02/16 20:22:55.682, 72.69 W
2025/02/16 20:22:55.692, 72.69 W
2025/02/16 20:22:55.702, 72.69 W
2025/02/16 20:22:55.712, 72.69 W
2025/02/16 20:22:55.722, 72.69 W
2025/02/16 20:22:55.732, 72.69 W
2025/02/16 20:22:55.743, 72.69 W
2025/02/16 20:22:55.753, 72.69 W
2025/02/16 20:22:55.763, 72.69 W
2025/02/16 20:22:55.773, 72.69 W
2025/02/16 20:22:55.783, 72.69 W
2025/02/16 20:22:55.793, 72.69 W
2025/02/16 20:22:55.803, 72.69 W
2025/02/16 20:22:55.813, 72.69 W
2025/02/16 20:22:55.823, 72.69 W
2025/02/16 20:22:55.833, 72.69 W
2025/02/16 20:22:55.843, 72.69 W
2025/02/16 20:22:55.853, 72.69 W
2025/02/16 20:22:55.863, 73.76 W
2025/02/16 20:22:55.873, 73.76 W
2025/02/16 20:22:55.883, 73.76 W
2025/02/16 20:22:55.894, 73.76 W
2025/02/16 20:22:55.904, 73.76 W
2025/02/16 20:22:55.914, 73.76 W
2025/02/16 20:22:55.924, 73.76 W
2025/02/16 20:22:55.934, 73.76 W
2025/02/16 20:22:55.944, 73.22 W
2025/02/16 20:22:55.954, 73.22 W
2025/02/16 20:22:55.964, 73.22 W
2025/02/16 20:22:55.974, 73.22 W
2025/02/16 20:22:55.984, 73.22 W
2025/02/16 20:22:55.994, 73.22 W
2025/02/16 20:22:56.004, 73.22 W
2025/02/16 20:22:56.014, 73.22 W
2025/02/16 20:22:56.024, 73.22 W
2025/02/16 20:22:56.035, 73.22 W
2025/02/16 20:22:56.045, 73.22 W
2025/02/16 20:22:56.055, 73.22 W
2025/02/16 20:22:56.065, 72.39 W
2025/02/16 20:22:56.075, 72.39 W
2025/02/16 20:22:56.085, 72.39 W
2025/02/16 20:22:56.095, 72.39 W
2025/02/16 20:22:56.105, 72.39 W
2025/02/16 20:22:56.115, 72.39 W
2025/02/16 20:22:56.125, 72.39 W
2025/02/16 20:22:56.135, 72.39 W
2025/02/16 20:22:56.145, 72.39 W
2025/02/16 20:22:56.155, 72.39 W
2025/02/16 20:22:56.165, 72.39 W
2025/02/16 20:22:56.176, 72.39 W
2025/02/16 20:22:56.186, 72.39 W
2025/02/16 20:22:56.196, 72.39 W
2025/02/16 20:22:56.206, 72.39 W
2025/02/16 20:22:56.216, 72.39 W
2025/02/16 20:22:56.226, 72.39 W
2025/02/16 20:22:56.236, 72.39 W
2025/02/16 20:22:56.246, 72.39 W
2025/02/16 20:22:56.256, 72.39 W
2025/02/16 20:22:56.266, 72.69 W
2025/02/16 20:22:56.276, 72.69 W
2025/02/16 20:22:56.286, 72.69 W
2025/02/16 20:22:56.296, 72.69 W
2025/02/16 20:22:56.306, 72.69 W
2025/02/16 20:22:56.316, 72.69 W
2025/02/16 20:22:56.327, 72.69 W
2025/02/16 20:22:56.337, 72.69 W
2025/02/16 20:22:56.347, 72.69 W
2025/02/16 20:22:56.357, 72.69 W
2025/02/16 20:22:56.367, 72.69 W
2025/02/16 20:22:56.377, 72.69 W
2025/02/16 20:22:56.387, 72.69 W
2025/02/16 20:22:56.397, 72.69 W
2025/02/16 20:22:56.407, 72.69 W
2025/02/16 20:22:56.417, 72.69 W
2025/02/16 20:22:56.427, 72.69 W
2025/02/16 20:22:56.437, 72.69 W
2025/02/16 20:22:56.447, 72.69 W
2025/02/16 20:22:56.457, 72.69 W
2025/02/16 20:22:56.468, 72.69 W
2025/02/16 20:22:56.478, 72.69 W
2025/02/16 20:22:56.488, 72.69 W
2025/02/16 20:22:56.498, 72.69 W
2025/02/16 20:22:56.508, 72.69 W
2025/02/16 20:22:56.518, 72.69 W
2025/02/16 20:22:56.528, 72.69 W
2025/02/16 20:22:56.538, 72.69 W
2025/02/16 20:22:56.548, 72.69 W
2025/02/16 20:22:56.558, 72.69 W
2025/02/16 20:22:56.568, 72.69 W
2025/02/16 20:22:56.578, 72.69 W
2025/02/16 20:22:56.588, 72.69 W
2025/02/16 20:22:56.598, 72.69 W
2025/02/16 20:22:56.608, 72.69 W
2025/02/16 20:22:56.619, 72.69 W
2025/02/16 20:22:56.629, 72.69 W
2025/02/16 20:22:56.639, 72.69 W
2025/02/16 20:22:56.649, 72.69 W
2025/02/16 20:22:56.659, 72.69 W
2025/02/16 20:22:56.669, 72.69 W
2025/02/16 20:22:56.679, 72.39 W
2025/02/16 20:22:56.689, 72.39 W
2025/02/16 20:22:56.699, 72.39 W
2025/02/16 20:22:56.709, 72.39 W
2025/02/16 20:22:56.719, 72.39 W
2025/02/16 20:22:56.729, 72.39 W
2025/02/16 20:22:56.739, 72.39 W
2025/02/16 20:22:56.750, 72.39 W
2025/02/16 20:22:56.760, 72.39 W
2025/02/16 20:22:56.770, 72.39 W
2025/02/16 20:22:56.780, 72.39 W
2025/02/16 20:22:56.790, 72.39 W
2025/02/16 20:22:56.800, 72.39 W
2025/02/16 20:22:56.810, 72.39 W
2025/02/16 20:22:56.820, 72.39 W
2025/02/16 20:22:56.830, 72.39 W
2025/02/16 20:22:56.840, 72.39 W
2025/02/16 20:22:56.850, 72.39 W
2025/02/16 20:22:56.860, 72.39 W
2025/02/16 20:22:56.870, 72.39 W
2025/02/16 20:22:56.880, 72.39 W
2025/02/16 20:22:56.891, 72.39 W
2025/02/16 20:22:56.901, 72.39 W
2025/02/16 20:22:56.911, 72.39 W
2025/02/16 20:22:56.921, 72.39 W
2025/02/16 20:22:56.931, 72.39 W
2025/02/16 20:22:56.941, 72.39 W
2025/02/16 20:22:56.951, 72.39 W
2025/02/16 20:22:56.961, 72.39 W
2025/02/16 20:22:56.971, 72.69 W
2025/02/16 20:22:56.981, 72.69 W
2025/02/16 20:22:56.991, 72.69 W
2025/02/16 20:22:57.001, 72.69 W
2025/02/16 20:22:57.011, 72.69 W
2025/02/16 20:22:57.021, 72.69 W
2025/02/16 20:22:57.032, 72.69 W
2025/02/16 20:22:57.042, 72.69 W
2025/02/16 20:22:57.052, 72.69 W
2025/02/16 20:22:57.062, 72.69 W
2025/02/16 20:22:57.072, 72.69 W
2025/02/16 20:22:57.082, 72.69 W
2025/02/16 20:22:57.092, 72.39 W
2025/02/16 20:22:57.102, 72.39 W
2025/02/16 20:22:57.112, 72.39 W
2025/02/16 20:22:57.122, 72.39 W
2025/02/16 20:22:57.132, 72.39 W
2025/02/16 20:22:57.142, 72.39 W
2025/02/16 20:22:57.152, 72.39 W
2025/02/16 20:22:57.162, 72.39 W
2025/02/16 20:22:57.173, 72.39 W
2025/02/16 20:22:57.183, 72.39 W
2025/02/16 20:22:57.193, 72.39 W
2025/02/16 20:22:57.203, 72.39 W
2025/02/16 20:22:57.213, 72.39 W
2025/02/16 20:22:57.223, 72.39 W
2025/02/16 20:22:57.233, 72.39 W
2025/02/16 20:22:57.243, 72.39 W
2025/02/16 20:22:57.253, 72.39 W
2025/02/16 20:22:57.263, 72.39 W
2025/02/16 20:22:57.273, 72.39 W
2025/02/16 20:22:57.283, 72.39 W
2025/02/16 20:22:57.293, 72.39 W
2025/02/16 20:22:57.303, 72.39 W
2025/02/16 20:22:57.314, 72.39 W
2025/02/16 20:22:57.324, 72.39 W
2025/02/16 20:22:57.334, 72.39 W
2025/02/16 20:22:57.344, 72.39 W
2025/02/16 20:22:57.354, 72.39 W
2025/02/16 20:22:57.364, 72.39 W
2025/02/16 20:22:57.374, 72.39 W
2025/02/16 20:22:57.384, 72.39 W
2025/02/16 20:22:57.394, 72.39 W
2025/02/16 20:22:57.404, 72.39 W
2025/02/16 20:22:57.414, 72.39 W
2025/02/16 20:22:57.424, 72.39 W
2025/02/16 20:22:57.434, 72.39 W
2025/02/16 20:22:57.444, 72.39 W
2025/02/16 20:22:57.454, 72.39 W
2025/02/16 20:22:57.465, 72.39 W
2025/02/16 20:22:57.475, 72.39 W
2025/02/16 20:22:57.485, 72.39 W
2025/02/16 20:22:57.495, 72.69 W
2025/02/16 20:22:57.505, 72.69 W
2025/02/16 20:22:57.515, 72.69 W
2025/02/16 20:22:57.525, 72.69 W
2025/02/16 20:22:57.535, 72.69 W
2025/02/16 20:22:57.545, 72.69 W
2025/02/16 20:22:57.555, 72.69 W
2025/02/16 20:22:57.565, 72.69 W
2025/02/16 20:22:57.575, 72.69 W
2025/02/16 20:22:57.585, 72.69 W
2025/02/16 20:22:57.595, 72.69 W
2025/02/16 20:22:57.605, 72.69 W
2025/02/16 20:22:57.616, 72.69 W
2025/02/16 20:22:57.626, 72.69 W
2025/02/16 20:22:57.636, 72.69 W
2025/02/16 20:22:57.646, 72.69 W
2025/02/16 20:22:57.656, 72.69 W
2025/02/16 20:22:57.666, 72.69 W
2025/02/16 20:22:57.676, 72.69 W
2025/02/16 20:22:57.686, 72.69 W
2025/02/16 20:22:57.696, 72.39 W
2025/02/16 20:22:57.706, 72.39 W
2025/02/16 20:22:57.716, 72.39 W
2025/02/16 20:22:57.726, 72.39 W
2025/02/16 20:22:57.736, 72.39 W
2025/02/16 20:22:57.746, 72.39 W
2025/02/16 20:22:57.757, 72.39 W
2025/02/16 20:22:57.767, 72.39 W
2025/02/16 20:22:57.777, 72.39 W
2025/02/16 20:22:57.787, 62.11 W
2025/02/16 20:22:57.797, 62.11 W
2025/02/16 20:22:57.807, 62.11 W
2025/02/16 20:22:57.817, 62.11 W
2025/02/16 20:22:57.827, 62.11 W
2025/02/16 20:22:57.837, 62.11 W
2025/02/16 20:22:57.847, 62.11 W
2025/02/16 20:22:57.857, 62.11 W
2025/02/16 20:22:57.867, 62.11 W
2025/02/16 20:22:57.877, 62.11 W
2025/02/16 20:22:57.887, 62.11 W
2025/02/16 20:22:57.898, 61.82 W
2025/02/16 20:22:57.908, 61.82 W
2025/02/16 20:22:57.918, 61.82 W
2025/02/16 20:22:57.928, 61.82 W
2025/02/16 20:22:57.938, 61.82 W
2025/02/16 20:22:57.948, 61.82 W
2025/02/16 20:22:57.958, 61.82 W
2025/02/16 20:22:57.968, 61.82 W
2025/02/16 20:22:57.978, 61.82 W
2025/02/16 20:22:57.988, 61.82 W
2025/02/16 20:22:57.998, 61.82 W
2025/02/16 20:22:58.008, 61.82 W
2025/02/16 20:22:58.018, 61.82 W
2025/02/16 20:22:58.028, 61.82 W
2025/02/16 20:22:58.039, 61.82 W
2025/02/16 20:22:58.049, 61.82 W
2025/02/16 20:22:58.059, 61.82 W
2025/02/16 20:22:58.069, 61.82 W
2025/02/16 20:22:58.079, 61.82 W
2025/02/16 20:22:58.089, 61.82 W
2025/02/16 20:22:58.099, 61.82 W
2025/02/16 20:22:58.109, 61.82 W
2025/02/16 20:22:58.119, 61.82 W
2025/02/16 20:22:58.129, 61.82 W
2025/02/16 20:22:58.139, 61.82 W
2025/02/16 20:22:58.149, 61.82 W
2025/02/16 20:22:58.159, 61.82 W
2025/02/16 20:22:58.169, 61.82 W
2025/02/16 20:22:58.180, 61.82 W
2025/02/16 20:22:58.190, 61.82 W
2025/02/16 20:22:58.200, 61.53 W
2025/02/16 20:22:58.210, 61.53 W
2025/02/16 20:22:58.220, 61.53 W
2025/02/16 20:22:58.230, 61.53 W
2025/02/16 20:22:58.240, 61.53 W
2025/02/16 20:22:58.250, 61.53 W
2025/02/16 20:22:58.260, 61.53 W
2025/02/16 20:22:58.270, 61.53 W
2025/02/16 20:22:58.280, 61.53 W
2025/02/16 20:22:58.290, 61.53 W
2025/02/16 20:22:58.300, 61.53 W
2025/02/16 20:22:58.311, 61.53 W
2025/02/16 20:22:58.321, 61.53 W
2025/02/16 20:22:58.331, 61.53 W
2025/02/16 20:22:58.341, 61.53 W
2025/02/16 20:22:58.351, 61.53 W
2025/02/16 20:22:58.361, 61.53 W
2025/02/16 20:22:58.371, 61.53 W
2025/02/16 20:22:58.381, 61.53 W
2025/02/16 20:22:58.391, 61.53 W
2025/02/16 20:22:58.401, 61.53 W
2025/02/16 20:22:58.411, 61.53 W
2025/02/16 20:22:58.421, 61.53 W
2025/02/16 20:22:58.431, 61.53 W
2025/02/16 20:22:58.441, 61.53 W
2025/02/16 20:22:58.451, 61.53 W
2025/02/16 20:22:58.462, 61.53 W
2025/02/16 20:22:58.472, 61.53 W
2025/02/16 20:22:58.482, 61.53 W
2025/02/16 20:22:58.492, 61.53 W
2025/02/16 20:22:58.502, 61.53 W
2025/02/16 20:22:58.512, 61.53 W
2025/02/16 20:22:58.522, 61.53 W
2025/02/16 20:22:58.532, 61.53 W
2025/02/16 20:22:58.542, 61.53 W
2025/02/16 20:22:58.552, 61.53 W
2025/02/16 20:22:58.562, 61.53 W
2025/02/16 20:22:58.572, 61.53 W
2025/02/16 20:22:58.582, 61.53 W
2025/02/16 20:22:58.592, 61.53 W
2025/02/16 20:22:58.603, 61.53 W
2025/02/16 20:22:58.613, 61.53 W
2025/02/16 20:22:58.623, 61.53 W
2025/02/16 20:22:58.633, 61.53 W
2025/02/16 20:22:58.643, 61.53 W
2025/02/16 20:22:58.653, 61.53 W
2025/02/16 20:22:58.663, 61.53 W
2025/02/16 20:22:58.673, 61.53 W
2025/02/16 20:22:58.683, 61.53 W
2025/02/16 20:22:58.693, 61.53 W
2025/02/16 20:22:58.703, 61.53 W
2025/02/16 20:22:58.713, 61.53 W
2025/02/16 20:22:58.723, 61.53 W
2025/02/16 20:22:58.733, 61.53 W
2025/02/16 20:22:58.743, 61.53 W
2025/02/16 20:22:58.754, 61.53 W
2025/02/16 20:22:58.764, 61.53 W
2025/02/16 20:22:58.774, 61.53 W
2025/02/16 20:22:58.784, 61.53 W
2025/02/16 20:22:58.794, 61.53 W
2025/02/16 20:22:58.804, 61.53 W
2025/02/16 20:22:58.814, 61.53 W
2025/02/16 20:22:58.824, 61.53 W
2025/02/16 20:22:58.834, 61.53 W
2025/02/16 20:22:58.844, 61.28 W
2025/02/16 20:22:58.854, 61.28 W
2025/02/16 20:22:58.864, 61.28 W
2025/02/16 20:22:58.874, 61.28 W
2025/02/16 20:22:58.884, 61.28 W
2025/02/16 20:22:58.895, 61.28 W
2025/02/16 20:22:58.905, 61.28 W
2025/02/16 20:22:58.915, 61.28 W
2025/02/16 20:22:58.925, 61.53 W
2025/02/16 20:22:58.935, 61.53 W
2025/02/16 20:22:58.945, 61.53 W
2025/02/16 20:22:58.955, 61.53 W
2025/02/16 20:22:58.965, 61.53 W
2025/02/16 20:22:58.975, 61.53 W
2025/02/16 20:22:58.985, 61.53 W
2025/02/16 20:22:58.995, 61.53 W
2025/02/16 20:22:59.005, 61.53 W
2025/02/16 20:22:59.015, 61.53 W
2025/02/16 20:22:59.025, 61.28 W
2025/02/16 20:22:59.036, 61.28 W
2025/02/16 20:22:59.046, 61.28 W
2025/02/16 20:22:59.056, 61.28 W
2025/02/16 20:22:59.066, 61.28 W
2025/02/16 20:22:59.076, 61.28 W
2025/02/16 20:22:59.086, 61.28 W
2025/02/16 20:22:59.096, 61.28 W
2025/02/16 20:22:59.106, 61.28 W
2025/02/16 20:22:59.116, 61.28 W
2025/02/16 20:22:59.126, 61.28 W
2025/02/16 20:22:59.136, 61.28 W
2025/02/16 20:22:59.146, 61.28 W
2025/02/16 20:22:59.156, 61.28 W
2025/02/16 20:22:59.166, 61.28 W
2025/02/16 20:22:59.177, 61.28 W
2025/02/16 20:22:59.187, 61.28 W
2025/02/16 20:22:59.197, 61.28 W
2025/02/16 20:22:59.207, 61.28 W
2025/02/16 20:22:59.217, 61.28 W
2025/02/16 20:22:59.227, 61.28 W
2025/02/16 20:22:59.237, 61.28 W
2025/02/16 20:22:59.247, 61.28 W
2025/02/16 20:22:59.257, 61.28 W
2025/02/16 20:22:59.267, 61.28 W
2025/02/16 20:22:59.277, 61.28 W
2025/02/16 20:22:59.287, 61.28 W
2025/02/16 20:22:59.297, 61.28 W
2025/02/16 20:22:59.308, 61.28 W
